--
-- PostgreSQL database dump
--

SET statement_timeout = 0;
SET lock_timeout = 0;
SET client_encoding = 'UTF8';
SET standard_conforming_strings = on;
SET check_function_bodies = false;
SET client_min_messages = warning;

--
-- Name: plpgsql; Type: EXTENSION; Schema: -; Owner: -
--

CREATE EXTENSION IF NOT EXISTS plpgsql WITH SCHEMA pg_catalog;


--
-- Name: EXTENSION plpgsql; Type: COMMENT; Schema: -; Owner: -
--

COMMENT ON EXTENSION plpgsql IS 'PL/pgSQL procedural language';


SET search_path = public, pg_catalog;

--
-- Name: activities_type; Type: TYPE; Schema: public; Owner: -
--

CREATE TYPE activities_type AS ENUM (
    'ContestUser',
    'Contest',
    'Project',
    'QuoteBid',
    'Message'
);


--
-- Name: activity_type; Type: TYPE; Schema: public; Owner: -
--

CREATE TYPE activity_type AS ENUM (
    'StatusChanged',
    'NewEntryPosted',
    'RatingPosted',
    'MessagePosted'
);


--
-- Name: apns_devices_development; Type: TYPE; Schema: public; Owner: -
--

CREATE TYPE apns_devices_development AS ENUM (
    'production',
    'sandbox'
);


--
-- Name: apns_devices_pushalert; Type: TYPE; Schema: public; Owner: -
--

CREATE TYPE apns_devices_pushalert AS ENUM (
    'disabled',
    'enabled'
);


--
-- Name: apns_devices_pushbadge; Type: TYPE; Schema: public; Owner: -
--

CREATE TYPE apns_devices_pushbadge AS ENUM (
    'disabled',
    'enabled'
);


--
-- Name: apns_devices_pushsound; Type: TYPE; Schema: public; Owner: -
--

CREATE TYPE apns_devices_pushsound AS ENUM (
    'disabled',
    'enabled'
);


--
-- Name: apns_devices_status; Type: TYPE; Schema: public; Owner: -
--

CREATE TYPE apns_devices_status AS ENUM (
    'registered',
    'unregistered'
);


--
-- Name: flag_categories_type; Type: TYPE; Schema: public; Owner: -
--

CREATE TYPE flag_categories_type AS ENUM (
    'User',
    'Contest',
    'ContestUser',
    'Job',
    'Project',
    'QuoteService',
    'Portfolio'
);


--
-- Name: flags_type; Type: TYPE; Schema: public; Owner: -
--

CREATE TYPE flags_type AS ENUM (
    'User',
    'Contest',
    'ContestUser',
    'Job',
    'Project',
    'QuoteService',
    'Portfolio'
);


--
-- Name: followers_type; Type: TYPE; Schema: public; Owner: -
--

CREATE TYPE followers_type AS ENUM (
    'User',
    'Contest'
);


--
-- Name: jobs_apply_via; Type: TYPE; Schema: public; Owner: -
--

CREATE TYPE jobs_apply_via AS ENUM (
    'via_our_site',
    'via_company'
);


--
-- Name: jobs_skills_set; Type: TYPE; Schema: public; Owner: -
--

CREATE TYPE jobs_skills_set AS ENUM (
    '8',
    '5',
    '6',
    '9',
    '11',
    '12',
    '13',
    '14',
    '16',
    '17',
    '18',
    '19',
    '20',
    '21',
    '22',
    '23',
    '24',
    '26'
);


--
-- Name: message_contents_type; Type: TYPE; Schema: public; Owner: -
--

CREATE TYPE message_contents_type AS ENUM (
    'Contest',
    'ContestUser',
    'Project',
    'ProjectBid',
    'QuoteBid'
);


--
-- Name: messages_type; Type: TYPE; Schema: public; Owner: -
--

CREATE TYPE messages_type AS ENUM (
    'Contest',
    'ContestUser',
    'Project',
    'ProjectBid',
    'QuoteBid'
);


--
-- Name: payment_gateway_settings_type; Type: TYPE; Schema: public; Owner: -
--

CREATE TYPE payment_gateway_settings_type AS ENUM (
    'text',
    'textarea',
    'select',
    'checkbox',
    'radio',
    'password'
);


--
-- Name: projects_project_categories_set; Type: TYPE; Schema: public; Owner: -
--

CREATE TYPE projects_project_categories_set AS ENUM (
    '9',
    '8',
    '7',
    '6',
    '10',
    '11',
    '12',
    '13',
    '14'
);


--
-- Name: projects_skills_set; Type: TYPE; Schema: public; Owner: -
--

CREATE TYPE projects_skills_set AS ENUM (
    '8',
    '5',
    '6',
    '9',
    '11',
    '12',
    '13',
    '14',
    '16',
    '17',
    '18',
    '19',
    '20',
    '21',
    '22',
    '23',
    '24',
    '26',
    '27',
    '28',
    '29',
    '30',
    '31',
    '32',
    '33',
    '34',
    '35',
    '36',
    '37',
    '38'
);


--
-- Name: reviews_type; Type: TYPE; Schema: public; Owner: -
--

CREATE TYPE reviews_type AS ENUM (
    'ContestUser',
    'Project',
    'Request',
    'Service'
);


--
-- Name: settings_type; Type: TYPE; Schema: public; Owner: -
--

CREATE TYPE settings_type AS ENUM (
    'text',
    'textarea',
    'select',
    'checkbox',
    'radio',
    'password'
);


--
-- Name: transaction_type; Type: TYPE; Schema: public; Owner: -
--

CREATE TYPE transaction_type AS ENUM (
    'AmountAddedToWallet',
    'AdminAddedAmountToUserWallet',
    'AdminDeductedAmountToUserWallet',
    'ProjectListingFee',
    'AmountMovedToEscrow',
    'ProjectMilestonePayment',
    'ContestListingFee',
    'AmountRefundedToWalletForCanceledContest',
    'AmountRefundedToWalletForRejectedContest',
    'ContestFeaturesUpdatedFee',
    'ContestTimeExtendedFee',
    'AmountMovedToParticipant',
    'JobListingFee',
    'ServiceListingFee'
);


--
-- Name: transactions_type; Type: TYPE; Schema: public; Owner: -
--

CREATE TYPE transactions_type AS ENUM (
    'Wallet',
    'Contest',
    'Project',
    'Job',
    'Service',
    'QuoteCreditPurchasePlan'
);


--
-- Name: views_type; Type: TYPE; Schema: public; Owner: -
--

CREATE TYPE views_type AS ENUM (
    'User',
    'Contest',
    'ContestUser',
    'Job',
    'Project',
    'QuoteService',
    'Portfolio'
);


SET default_tablespace = '';

SET default_with_oids = false;

--
-- Name: activities; Type: TABLE; Schema: public; Owner: -; Tablespace: 
--

CREATE TABLE activities (
    id integer NOT NULL,
    created_at timestamp without time zone NOT NULL,
    updated_at timestamp without time zone NOT NULL,
    user_id bigint,
    other_user_id bigint,
    foreign_id bigint DEFAULT 0,
    class character varying(255) NOT NULL,
    from_status_id bigint DEFAULT 0 NOT NULL,
    to_status_id bigint DEFAULT 0 NOT NULL,
    activity_type character varying(255) NOT NULL,
    model_id bigint DEFAULT 0 NOT NULL,
    model_class character varying(255),
    amount double precision DEFAULT 0 NOT NULL
);


--
-- Name: COLUMN activities.activity_type; Type: COMMENT; Schema: public; Owner: -
--

COMMENT ON COLUMN activities.activity_type IS '1 - When message posted then changed to MessagePosted status 2 - when post the rating then changed to RatingPosted status 3 - Notification sent(Contest,Project,Job) 4 - Job Open status changed 5 - When apply the Job then changed to JobApply status 6 - when post the Portfolio then changed to PortfolioPosted 7 - when post the Follower then changed to FollowerPosted 8 - when post the Quote Request then changed to QuoteRequestPosted 9 - when post the QuoteBid then changed to QuoteBidPosted 10 - when post the QuoteBid then changed to QuoteBidPosted 11 - Amount changed then status should be AmountChanged(Quotebid) 12 - Project Open status changed 13 - Project status changed from new to old 14 - Select the project winner staus 15 - When post the Project Dispute then changed to ProjectDisputePosted 16 - When post the Project Bid Invoice then changed to ProjectBidInvoicePosted 17 - When completed the invoice 18 - When post the Milestone then changed to MilestonePosted 19 - Milestone status changed 20 - Contest status ';


--
-- Name: activities_id_seq; Type: SEQUENCE; Schema: public; Owner: -
--

CREATE SEQUENCE activities_id_seq
    START WITH 1
    INCREMENT BY 1
    NO MINVALUE
    NO MAXVALUE
    CACHE 1;


--
-- Name: activities_id_seq; Type: SEQUENCE OWNED BY; Schema: public; Owner: -
--

ALTER SEQUENCE activities_id_seq OWNED BY activities.id;


--
-- Name: apns_devices; Type: TABLE; Schema: public; Owner: -; Tablespace: 
--

CREATE TABLE apns_devices (
    pid integer NOT NULL,
    appname character varying(510) NOT NULL,
    appversion character varying(50),
    deviceuid character(40),
    devicetoken character(64),
    devicename character varying(510),
    devicemodel character varying(200),
    deviceversion character varying(50),
    pushbadge character varying(200) DEFAULT 'enabled'::character varying,
    pushalert character varying(200) DEFAULT 'enabled'::character varying,
    pushsound character varying(200) DEFAULT 'enabled'::character varying,
    development character varying(200) DEFAULT 'production'::character varying NOT NULL,
    status character varying(200) DEFAULT 'registered'::character varying NOT NULL,
    created_at timestamp without time zone NOT NULL,
    updated_at timestamp without time zone NOT NULL,
    user_id bigint NOT NULL
);


--
-- Name: attachments_id_seq; Type: SEQUENCE; Schema: public; Owner: -
--

CREATE SEQUENCE attachments_id_seq
    START WITH 1
    INCREMENT BY 1
    NO MINVALUE
    NO MAXVALUE
    CACHE 1;


--
-- Name: attachments; Type: TABLE; Schema: public; Owner: -; Tablespace: 
--

CREATE TABLE attachments (
    id bigint DEFAULT nextval('attachments_id_seq'::regclass) NOT NULL,
    created_at timestamp without time zone NOT NULL,
    updated_at timestamp without time zone NOT NULL,
    class character varying(200) NOT NULL,
    foreign_id bigint NOT NULL,
    filename character varying(510) NOT NULL,
    dir character varying(200) NOT NULL,
    mimetype character varying(200),
    filesize bigint,
    height bigint,
    width bigint,
    thumb boolean,
    description text
);


--
-- Name: bid_portfolios_id_seq; Type: SEQUENCE; Schema: public; Owner: -
--

CREATE SEQUENCE bid_portfolios_id_seq
    START WITH 1
    INCREMENT BY 1
    NO MINVALUE
    NO MAXVALUE
    CACHE 1;


--
-- Name: bid_statuses_id_seq; Type: SEQUENCE; Schema: public; Owner: -
--

CREATE SEQUENCE bid_statuses_id_seq
    START WITH 1
    INCREMENT BY 1
    NO MINVALUE
    NO MAXVALUE
    CACHE 1;


--
-- Name: bid_statuses; Type: TABLE; Schema: public; Owner: -; Tablespace: 
--

CREATE TABLE bid_statuses (
    id bigint DEFAULT nextval('bid_statuses_id_seq'::regclass) NOT NULL,
    created_at timestamp without time zone NOT NULL,
    updated_at timestamp without time zone NOT NULL,
    name character varying(510) NOT NULL,
    bid_count bigint NOT NULL
);


--
-- Name: bids_id_seq; Type: SEQUENCE; Schema: public; Owner: -
--

CREATE SEQUENCE bids_id_seq
    START WITH 1
    INCREMENT BY 1
    NO MINVALUE
    NO MAXVALUE
    CACHE 1;


--
-- Name: bids; Type: TABLE; Schema: public; Owner: -; Tablespace: 
--

CREATE TABLE bids (
    id bigint DEFAULT nextval('bids_id_seq'::regclass) NOT NULL,
    created_at timestamp without time zone NOT NULL,
    updated_at timestamp without time zone NOT NULL,
    user_id bigint,
    project_bid_id bigint NOT NULL,
    project_id bigint NOT NULL,
    amount double precision NOT NULL,
    description text,
    duration bigint NOT NULL,
    winner_selected_date timestamp without time zone,
    bid_status_id integer NOT NULL,
    is_notifiy boolean,
    is_withdrawn boolean DEFAULT false NOT NULL,
    is_freelancer_withdrawn boolean DEFAULT false NOT NULL,
    total_escrow_amount double precision DEFAULT 0 NOT NULL,
    amount_in_escrow double precision DEFAULT 0 NOT NULL,
    paid_escrow_amount double precision DEFAULT 0 NOT NULL,
    total_invoice_requested_amount double precision DEFAULT 0 NOT NULL,
    site_commission_from_employer double precision DEFAULT 0 NOT NULL,
    total_invoice_got_paid double precision DEFAULT 0 NOT NULL,
    site_commission_from_freelancer double precision DEFAULT 0 NOT NULL,
    development_start_date timestamp without time zone,
    development_end_date timestamp without time zone,
    is_offered_rejected boolean DEFAULT false NOT NULL,
    message_count bigint DEFAULT 0 NOT NULL,
    milestone_count bigint DEFAULT 0 NOT NULL,
    credit_purchase_log_id bigint DEFAULT 0 NOT NULL,
    is_reached_response_end_date_for_freelancer boolean DEFAULT false NOT NULL
);


--
-- Name: COLUMN bids.amount_in_escrow; Type: COMMENT; Schema: public; Owner: -
--

COMMENT ON COLUMN bids.amount_in_escrow IS 'Funded and not released yet';


--
-- Name: COLUMN bids.paid_escrow_amount; Type: COMMENT; Schema: public; Owner: -
--

COMMENT ON COLUMN bids.paid_escrow_amount IS 'escrow payment released';


--
-- Name: certifications_id_seq; Type: SEQUENCE; Schema: public; Owner: -
--

CREATE SEQUENCE certifications_id_seq
    START WITH 1
    INCREMENT BY 1
    NO MINVALUE
    NO MAXVALUE
    CACHE 1;


--
-- Name: certifications; Type: TABLE; Schema: public; Owner: -; Tablespace: 
--

CREATE TABLE certifications (
    id bigint DEFAULT nextval('certifications_id_seq'::regclass) NOT NULL,
    created_at timestamp without time zone NOT NULL,
    updated_at timestamp without time zone NOT NULL,
    user_id bigint,
    title character varying(510) NOT NULL,
    conferring_organization character varying(510) NOT NULL,
    description text NOT NULL,
    year character varying(510) NOT NULL
);


--
-- Name: cities_id_seq; Type: SEQUENCE; Schema: public; Owner: -
--

CREATE SEQUENCE cities_id_seq
    START WITH 1
    INCREMENT BY 1
    NO MINVALUE
    NO MAXVALUE
    CACHE 1;


--
-- Name: cities; Type: TABLE; Schema: public; Owner: -; Tablespace: 
--

CREATE TABLE cities (
    id bigint DEFAULT nextval('cities_id_seq'::regclass) NOT NULL,
    created_at timestamp without time zone NOT NULL,
    updated_at timestamp without time zone NOT NULL,
    country_id integer NOT NULL,
    state_id bigint NOT NULL,
    name character varying(90) NOT NULL,
    slug character varying(90) NOT NULL,
    latitude double precision,
    longitude double precision,
    timezone character varying(20),
    dma_id integer,
    county character varying(50),
    code character varying(8),
    is_active boolean DEFAULT false NOT NULL,
    project_count integer DEFAULT 0 NOT NULL,
    quote_service_count integer DEFAULT 0 NOT NULL,
    user_profile_count integer DEFAULT 0 NOT NULL,
    user_freelancer_count bigint DEFAULT 0 NOT NULL,
    language_id bigint
);


--
-- Name: contacts_id_seq; Type: SEQUENCE; Schema: public; Owner: -
--

CREATE SEQUENCE contacts_id_seq
    START WITH 1
    INCREMENT BY 1
    NO MINVALUE
    NO MAXVALUE
    CACHE 1;


--
-- Name: contacts; Type: TABLE; Schema: public; Owner: -; Tablespace: 
--

CREATE TABLE contacts (
    id bigint DEFAULT nextval('contacts_id_seq'::regclass) NOT NULL,
    created_at timestamp without time zone NOT NULL,
    updated_at timestamp without time zone NOT NULL,
    user_id bigint,
    first_name character varying(200) NOT NULL,
    last_name character varying(200),
    email character varying(510) NOT NULL,
    subject character varying(510),
    message text NOT NULL,
    phone character varying(40),
    ip_id bigint
);


--
-- Name: contest_followers_id_seq; Type: SEQUENCE; Schema: public; Owner: -
--

CREATE SEQUENCE contest_followers_id_seq
    START WITH 1
    INCREMENT BY 1
    NO MINVALUE
    NO MAXVALUE
    CACHE 1;


--
-- Name: contest_statuses_id_seq; Type: SEQUENCE; Schema: public; Owner: -
--

CREATE SEQUENCE contest_statuses_id_seq
    START WITH 16
    INCREMENT BY 1
    NO MINVALUE
    NO MAXVALUE
    CACHE 1;


--
-- Name: contest_statuses; Type: TABLE; Schema: public; Owner: -; Tablespace: 
--

CREATE TABLE contest_statuses (
    id integer DEFAULT nextval('contest_statuses_id_seq'::regclass) NOT NULL,
    created_at timestamp without time zone,
    updated_at timestamp without time zone,
    name character varying(255),
    slug character varying(255),
    message text,
    contest_count bigint DEFAULT 0 NOT NULL
);


--
-- Name: contest_types_id_seq; Type: SEQUENCE; Schema: public; Owner: -
--

CREATE SEQUENCE contest_types_id_seq
    START WITH 30
    INCREMENT BY 1
    NO MINVALUE
    NO MAXVALUE
    CACHE 1;


--
-- Name: contest_types; Type: TABLE; Schema: public; Owner: -; Tablespace: 
--

CREATE TABLE contest_types (
    id integer DEFAULT nextval('contest_types_id_seq'::regclass) NOT NULL,
    resource_id integer,
    name character varying(45),
    description text,
    next integer,
    contest_count bigint,
    form_field_count bigint,
    contest_user_count bigint,
    minimum_prize double precision DEFAULT 0,
    blind_fee integer DEFAULT 0,
    private_fee integer DEFAULT 0,
    featured_fee integer DEFAULT 0,
    highlight_fee double precision,
    site_revenue double precision,
    is_watermarked boolean DEFAULT true,
    is_active boolean DEFAULT true,
    is_template boolean DEFAULT false,
    is_blind boolean DEFAULT false,
    is_featured boolean DEFAULT false,
    is_highlight boolean,
    is_private boolean DEFAULT false,
    maximum_entries_allowed bigint DEFAULT 40,
    maximum_entries_allowed_per_user bigint DEFAULT 0,
    created_at timestamp without time zone,
    updated_at timestamp without time zone,
    CONSTRAINT contest_types_next_check CHECK ((next >= 0))
);


--
-- Name: contest_types_pricing_days_id_seq; Type: SEQUENCE; Schema: public; Owner: -
--

CREATE SEQUENCE contest_types_pricing_days_id_seq
    START WITH 1
    INCREMENT BY 1
    NO MINVALUE
    NO MAXVALUE
    CACHE 1;


--
-- Name: contest_types_pricing_days; Type: TABLE; Schema: public; Owner: -; Tablespace: 
--

CREATE TABLE contest_types_pricing_days (
    id integer DEFAULT nextval('contest_types_pricing_days_id_seq'::regclass) NOT NULL,
    created_at timestamp without time zone,
    updated_at timestamp without time zone,
    contest_type_id integer,
    pricing_day_id integer,
    price double precision
);


--
-- Name: contest_types_pricing_packages_id_seq; Type: SEQUENCE; Schema: public; Owner: -
--

CREATE SEQUENCE contest_types_pricing_packages_id_seq
    START WITH 1
    INCREMENT BY 1
    NO MINVALUE
    NO MAXVALUE
    CACHE 1;


--
-- Name: contest_types_pricing_packages; Type: TABLE; Schema: public; Owner: -; Tablespace: 
--

CREATE TABLE contest_types_pricing_packages (
    id integer DEFAULT nextval('contest_types_pricing_packages_id_seq'::regclass) NOT NULL,
    created_at timestamp without time zone,
    updated_at timestamp without time zone,
    contest_type_id integer,
    pricing_package_id integer,
    price double precision,
    participant_commision double precision,
    maximum_entry_allowed integer
);


--
-- Name: contest_user_downloads_id_seq; Type: SEQUENCE; Schema: public; Owner: -
--

CREATE SEQUENCE contest_user_downloads_id_seq
    START WITH 1
    INCREMENT BY 1
    NO MINVALUE
    NO MAXVALUE
    CACHE 1;


--
-- Name: contest_user_downloads; Type: TABLE; Schema: public; Owner: -; Tablespace: 
--

CREATE TABLE contest_user_downloads (
    id integer DEFAULT nextval('contest_user_downloads_id_seq'::regclass) NOT NULL,
    created_at timestamp without time zone,
    user_id bigint,
    contest_user_id bigint,
    ip_id bigint
);


--
-- Name: contest_user_flag_categories_id_seq; Type: SEQUENCE; Schema: public; Owner: -
--

CREATE SEQUENCE contest_user_flag_categories_id_seq
    START WITH 4
    INCREMENT BY 1
    NO MINVALUE
    NO MAXVALUE
    CACHE 1;


--
-- Name: contest_user_flags_id_seq; Type: SEQUENCE; Schema: public; Owner: -
--

CREATE SEQUENCE contest_user_flags_id_seq
    START WITH 1
    INCREMENT BY 1
    NO MINVALUE
    NO MAXVALUE
    CACHE 1;


--
-- Name: contest_user_ratings_id_seq; Type: SEQUENCE; Schema: public; Owner: -
--

CREATE SEQUENCE contest_user_ratings_id_seq
    START WITH 1
    INCREMENT BY 1
    NO MINVALUE
    NO MAXVALUE
    CACHE 1;


--
-- Name: contest_user_statuses_id_seq; Type: SEQUENCE; Schema: public; Owner: -
--

CREATE SEQUENCE contest_user_statuses_id_seq
    START WITH 6
    INCREMENT BY 1
    NO MINVALUE
    NO MAXVALUE
    CACHE 1;


--
-- Name: contest_user_statuses; Type: TABLE; Schema: public; Owner: -; Tablespace: 
--

CREATE TABLE contest_user_statuses (
    id integer DEFAULT nextval('contest_user_statuses_id_seq'::regclass) NOT NULL,
    created_at timestamp without time zone,
    updated_at timestamp without time zone,
    name character varying(255),
    description character varying(255),
    slug character varying(255),
    contest_user_count bigint DEFAULT 0 NOT NULL
);


--
-- Name: contest_users_id_seq; Type: SEQUENCE; Schema: public; Owner: -
--

CREATE SEQUENCE contest_users_id_seq
    START WITH 1
    INCREMENT BY 1
    NO MINVALUE
    NO MAXVALUE
    CACHE 1;


--
-- Name: contest_users; Type: TABLE; Schema: public; Owner: -; Tablespace: 
--

CREATE TABLE contest_users (
    id integer DEFAULT nextval('contest_users_id_seq'::regclass) NOT NULL,
    created_at timestamp without time zone,
    updated_at timestamp without time zone,
    user_id bigint,
    contest_owner_user_id bigint,
    contest_id bigint,
    description text,
    copyright_note text,
    entry_no bigint,
    contest_user_status_id bigint DEFAULT 1,
    contest_user_total_ratings integer DEFAULT 0,
    contest_user_rating_count integer DEFAULT 0,
    average_rating double precision DEFAULT 0,
    site_revenue double precision DEFAULT 0,
    zazpay_gateway_id bigint,
    view_count bigint DEFAULT 0 NOT NULL,
    flag_count bigint DEFAULT 0 NOT NULL,
    message_count bigint DEFAULT 0 NOT NULL
);


--
-- Name: contests_id_seq; Type: SEQUENCE; Schema: public; Owner: -
--

CREATE SEQUENCE contests_id_seq
    START WITH 1
    INCREMENT BY 1
    NO MINVALUE
    NO MAXVALUE
    CACHE 1;


--
-- Name: contests; Type: TABLE; Schema: public; Owner: -; Tablespace: 
--

CREATE TABLE contests (
    id integer DEFAULT nextval('contests_id_seq'::regclass) NOT NULL,
    created_at timestamp without time zone,
    updated_at timestamp without time zone,
    user_id bigint,
    referred_by_user_id bigint DEFAULT 0,
    contest_type_id integer,
    contest_status_id integer,
    is_send_payment_notification boolean DEFAULT false,
    resource_id integer,
    pricing_package_id integer,
    pricing_day_id integer,
    name character varying(255),
    slug character varying(255),
    description text,
    maximum_entry_allowed integer,
    maximum_entry_allowed_per_user bigint DEFAULT 0,
    reason_for_cancelation text,
    prize double precision DEFAULT 0,
    creation_cost double precision,
    actual_end_date timestamp without time zone,
    end_date timestamp without time zone,
    start_date timestamp without time zone,
    refund_request_date timestamp without time zone,
    canceled_by_admin_date timestamp without time zone,
    winner_selected_date timestamp without time zone,
    judging_date timestamp without time zone,
    pending_action_to_admin_date timestamp without time zone,
    change_requested_date timestamp without time zone,
    change_completed_date timestamp without time zone,
    paid_to_participant_date timestamp without time zone,
    completed_date timestamp without time zone,
    files_expectation_date timestamp without time zone,
    partcipant_count bigint DEFAULT 0,
    contest_user_count bigint DEFAULT 0,
    contest_user_won_count bigint DEFAULT 0,
    contest_user_eliminated_count bigint DEFAULT 0,
    contest_user_withdrawn_count bigint DEFAULT 0,
    contest_user_active_count bigint DEFAULT 0,
    message_count bigint DEFAULT 0,
    total_site_revenue bigint DEFAULT 0,
    winner_user_id bigint,
    payment_gateway_id integer,
    last_contest_user_entry_no bigint DEFAULT 0,
    is_system_flagged boolean DEFAULT false,
    is_user_flagged boolean DEFAULT false,
    is_admin_complete boolean DEFAULT false,
    admin_suspend boolean DEFAULT false,
    is_winner_selected_by_admin boolean DEFAULT false,
    is_pending_action_to_admin boolean DEFAULT false,
    is_blind boolean DEFAULT false,
    is_private boolean DEFAULT false,
    is_featured boolean DEFAULT false,
    is_highlight boolean,
    blind_contest_fee double precision DEFAULT 0,
    private_contest_fee double precision DEFAULT 0,
    featured_contest_fee double precision DEFAULT 0,
    highlight_contest_fee double precision DEFAULT 0,
    detected_suspicious_words text,
    reason_for_calcelation text,
    site_commision double precision DEFAULT 0,
    is_paid boolean DEFAULT false,
    is_uploaded_entry_design boolean DEFAULT false,
    admin_commission_amount double precision DEFAULT 0,
    affiliate_commission_amount double precision DEFAULT 0,
    zazpay_gateway_id bigint,
    zazpay_payment_id bigint,
    zazpay_pay_key character varying(250),
    zazpay_revised_amount double precision,
    upgrade text,
    participant_count bigint DEFAULT 0 NOT NULL,
    view_count bigint DEFAULT 0 NOT NULL,
    follower_count bigint DEFAULT 0 NOT NULL,
    flag_count bigint DEFAULT 0 NOT NULL,
    is_notification_sent boolean DEFAULT false NOT NULL,
    paypal_pay_key character varying(255)
);


--
-- Name: countries_id_seq; Type: SEQUENCE; Schema: public; Owner: -
--

CREATE SEQUENCE countries_id_seq
    START WITH 1
    INCREMENT BY 1
    NO MINVALUE
    NO MAXVALUE
    CACHE 1;


--
-- Name: countries; Type: TABLE; Schema: public; Owner: -; Tablespace: 
--

CREATE TABLE countries (
    id integer DEFAULT nextval('countries_id_seq'::regclass) NOT NULL,
    iso_alpha2 character varying(2),
    iso_alpha3 character varying(3),
    iso_numeric integer,
    fips_code character varying(6),
    name character varying(400),
    capital character varying(400),
    areainsqkm double precision,
    population integer,
    continent character varying(2),
    tld character varying(3),
    currency character varying(3),
    currencyname character varying(20),
    phone character varying(10),
    postalcodeformat character varying(20),
    postalcoderegex character varying(20),
    languages character varying(400),
    geonameid integer,
    neighbours character varying(20),
    equivalentfipscode character varying(10),
    created_at timestamp without time zone,
    updated_at timestamp without time zone
);


--
-- Name: coupons_id_seq; Type: SEQUENCE; Schema: public; Owner: -
--

CREATE SEQUENCE coupons_id_seq
    START WITH 1
    INCREMENT BY 1
    NO MINVALUE
    NO MAXVALUE
    CACHE 1;


--
-- Name: coupons; Type: TABLE; Schema: public; Owner: -; Tablespace: 
--

CREATE TABLE coupons (
    id bigint DEFAULT nextval('coupons_id_seq'::regclass) NOT NULL,
    created_at timestamp without time zone NOT NULL,
    updated_at timestamp without time zone NOT NULL,
    coupon_code character varying NOT NULL,
    max_number_of_time_can_use numeric DEFAULT 0 NOT NULL,
    max_number_of_time_can_use_per_user numeric DEFAULT 0 NOT NULL,
    coupon_used_count bigint DEFAULT 0 NOT NULL,
    discount double precision NOT NULL,
    discount_type_id bigint NOT NULL,
    min_amount double precision NOT NULL,
    coupon_expiry_date date NOT NULL,
    is_active boolean NOT NULL
);


--
-- Name: credit_purchase_logs; Type: TABLE; Schema: public; Owner: -; Tablespace: 
--

CREATE TABLE credit_purchase_logs (
    id bigint NOT NULL,
    created_at timestamp without time zone NOT NULL,
    updated_at timestamp without time zone NOT NULL,
    user_id bigint,
    credit_purchase_plan_id bigint NOT NULL,
    credit_count integer NOT NULL,
    price double precision NOT NULL,
    discount_percentage double precision NOT NULL,
    original_price double precision NOT NULL,
    payment_gateway_id bigint,
    gateway_id bigint,
    is_payment_completed boolean DEFAULT false NOT NULL,
    coupon_id smallint,
    is_active boolean DEFAULT false NOT NULL,
    used_credit_count bigint DEFAULT 0 NOT NULL,
    paypal_pay_key character varying(255),
    expiry_date timestamp without time zone
);


--
-- Name: credit_purchase_plans; Type: TABLE; Schema: public; Owner: -; Tablespace: 
--

CREATE TABLE credit_purchase_plans (
    id integer NOT NULL,
    created_at timestamp without time zone NOT NULL,
    updated_at timestamp without time zone NOT NULL,
    name character varying(255) NOT NULL,
    no_of_credits bigint DEFAULT 0 NOT NULL,
    price double precision NOT NULL,
    discount_percentage double precision NOT NULL,
    original_price double precision NOT NULL,
    is_active boolean DEFAULT true NOT NULL,
    day_limit bigint,
    is_welcome_plan boolean DEFAULT false NOT NULL
);


--
-- Name: discount_types_id_seq; Type: SEQUENCE; Schema: public; Owner: -
--

CREATE SEQUENCE discount_types_id_seq
    START WITH 1
    INCREMENT BY 1
    NO MINVALUE
    NO MAXVALUE
    CACHE 1;


--
-- Name: discount_types; Type: TABLE; Schema: public; Owner: -; Tablespace: 
--

CREATE TABLE discount_types (
    id bigint DEFAULT nextval('discount_types_id_seq'::regclass) NOT NULL,
    created_at timestamp without time zone NOT NULL,
    updated_at timestamp without time zone NOT NULL,
    name character varying NOT NULL
);


--
-- Name: dispute_closed_types_id_seq; Type: SEQUENCE; Schema: public; Owner: -
--

CREATE SEQUENCE dispute_closed_types_id_seq
    START WITH 1
    INCREMENT BY 1
    NO MINVALUE
    NO MAXVALUE
    CACHE 1;


--
-- Name: dispute_closed_types; Type: TABLE; Schema: public; Owner: -; Tablespace: 
--

CREATE TABLE dispute_closed_types (
    id bigint DEFAULT nextval('dispute_closed_types_id_seq'::regclass) NOT NULL,
    name character varying(510),
    dispute_open_type_id bigint,
    project_role_id bigint,
    reason character varying(510),
    resolve_type character varying(510),
    action_list text NOT NULL
);


--
-- Name: dispute_open_types_id_seq; Type: SEQUENCE; Schema: public; Owner: -
--

CREATE SEQUENCE dispute_open_types_id_seq
    START WITH 1
    INCREMENT BY 1
    NO MINVALUE
    NO MAXVALUE
    CACHE 1;


--
-- Name: dispute_open_types; Type: TABLE; Schema: public; Owner: -; Tablespace: 
--

CREATE TABLE dispute_open_types (
    id bigint DEFAULT nextval('dispute_open_types_id_seq'::regclass) NOT NULL,
    created_at timestamp without time zone,
    updated_at timestamp without time zone,
    name character varying(510),
    project_role_id bigint,
    is_active boolean
);


--
-- Name: dispute_statuses_id_seq; Type: SEQUENCE; Schema: public; Owner: -
--

CREATE SEQUENCE dispute_statuses_id_seq
    START WITH 1
    INCREMENT BY 1
    NO MINVALUE
    NO MAXVALUE
    CACHE 1;


--
-- Name: dispute_statuses; Type: TABLE; Schema: public; Owner: -; Tablespace: 
--

CREATE TABLE dispute_statuses (
    id bigint DEFAULT nextval('dispute_statuses_id_seq'::regclass) NOT NULL,
    created_at timestamp without time zone,
    updated_at timestamp without time zone,
    name character varying(510)
);


--
-- Name: educations_id_seq; Type: SEQUENCE; Schema: public; Owner: -
--

CREATE SEQUENCE educations_id_seq
    START WITH 1
    INCREMENT BY 1
    NO MINVALUE
    NO MAXVALUE
    CACHE 1;


--
-- Name: educations; Type: TABLE; Schema: public; Owner: -; Tablespace: 
--

CREATE TABLE educations (
    id bigint DEFAULT nextval('educations_id_seq'::regclass) NOT NULL,
    created_at timestamp without time zone NOT NULL,
    updated_at timestamp without time zone NOT NULL,
    user_id bigint,
    country_id bigint NOT NULL,
    title character varying(510) NOT NULL,
    from_year character varying NOT NULL,
    to_year character varying NOT NULL
);


--
-- Name: email_templates_id_seq; Type: SEQUENCE; Schema: public; Owner: -
--

CREATE SEQUENCE email_templates_id_seq
    START WITH 1
    INCREMENT BY 1
    NO MINVALUE
    NO MAXVALUE
    CACHE 1;


--
-- Name: email_templates; Type: TABLE; Schema: public; Owner: -; Tablespace: 
--

CREATE TABLE email_templates (
    id integer DEFAULT nextval('email_templates_id_seq'::regclass) NOT NULL,
    created_at timestamp without time zone NOT NULL,
    updated_at timestamp without time zone NOT NULL,
    "from" character varying(1000) NOT NULL,
    reply_to character varying(1000) NOT NULL,
    name character varying(300) NOT NULL,
    description text NOT NULL,
    subject character varying(510) NOT NULL,
    text_email_content text,
    html_email_content text,
    notification_content text,
    email_variables character varying(2000) NOT NULL,
    is_html boolean NOT NULL,
    is_notify boolean,
    display_name character varying(300)
);


--
-- Name: exam_answers_id_seq; Type: SEQUENCE; Schema: public; Owner: -
--

CREATE SEQUENCE exam_answers_id_seq
    START WITH 1
    INCREMENT BY 1
    NO MINVALUE
    NO MAXVALUE
    CACHE 1;


--
-- Name: exam_answers; Type: TABLE; Schema: public; Owner: -; Tablespace: 
--

CREATE TABLE exam_answers (
    id bigint DEFAULT nextval('exam_answers_id_seq'::regclass) NOT NULL,
    created_at timestamp without time zone NOT NULL,
    updated_at timestamp without time zone NOT NULL,
    user_id bigint,
    exam_id bigint,
    question_id bigint,
    exams_user_id bigint,
    user_answer text,
    total_mark double precision DEFAULT 0
);


--
-- Name: exam_attends_id_seq; Type: SEQUENCE; Schema: public; Owner: -
--

CREATE SEQUENCE exam_attends_id_seq
    START WITH 1
    INCREMENT BY 1
    NO MINVALUE
    NO MAXVALUE
    CACHE 1;


--
-- Name: exam_attends; Type: TABLE; Schema: public; Owner: -; Tablespace: 
--

CREATE TABLE exam_attends (
    id bigint DEFAULT nextval('exam_attends_id_seq'::regclass) NOT NULL,
    created_at timestamp without time zone NOT NULL,
    updated_at timestamp without time zone NOT NULL,
    exam_id bigint,
    user_id bigint,
    exams_user_id bigint,
    user_login_ip_id character varying(30)
);


--
-- Name: exam_categories_id_seq; Type: SEQUENCE; Schema: public; Owner: -
--

CREATE SEQUENCE exam_categories_id_seq
    START WITH 1
    INCREMENT BY 1
    NO MINVALUE
    NO MAXVALUE
    CACHE 1;


--
-- Name: exam_categories; Type: TABLE; Schema: public; Owner: -; Tablespace: 
--

CREATE TABLE exam_categories (
    id bigint DEFAULT nextval('exam_categories_id_seq'::regclass) NOT NULL,
    created_at timestamp without time zone NOT NULL,
    updated_at timestamp without time zone NOT NULL,
    name character varying(255) NOT NULL,
    exam_count bigint DEFAULT 0 NOT NULL
);


--
-- Name: exam_levels_id_seq; Type: SEQUENCE; Schema: public; Owner: -
--

CREATE SEQUENCE exam_levels_id_seq
    START WITH 1
    INCREMENT BY 1
    NO MINVALUE
    NO MAXVALUE
    CACHE 1;


--
-- Name: exam_levels; Type: TABLE; Schema: public; Owner: -; Tablespace: 
--

CREATE TABLE exam_levels (
    id bigint DEFAULT nextval('exam_levels_id_seq'::regclass) NOT NULL,
    created_at timestamp without time zone NOT NULL,
    updated_at timestamp without time zone NOT NULL,
    name character varying(510) NOT NULL,
    exam_count integer DEFAULT 0 NOT NULL
);


--
-- Name: exam_statuses_id_seq; Type: SEQUENCE; Schema: public; Owner: -
--

CREATE SEQUENCE exam_statuses_id_seq
    START WITH 1
    INCREMENT BY 1
    NO MINVALUE
    NO MAXVALUE
    CACHE 1;


--
-- Name: exam_statuses; Type: TABLE; Schema: public; Owner: -; Tablespace: 
--

CREATE TABLE exam_statuses (
    id bigint DEFAULT nextval('exam_statuses_id_seq'::regclass) NOT NULL,
    created_at timestamp without time zone NOT NULL,
    updated_at timestamp without time zone NOT NULL,
    name character varying(510) NOT NULL,
    exams_user_count integer DEFAULT 0 NOT NULL
);


--
-- Name: exam_views_id_seq; Type: SEQUENCE; Schema: public; Owner: -
--

CREATE SEQUENCE exam_views_id_seq
    START WITH 1
    INCREMENT BY 1
    NO MINVALUE
    NO MAXVALUE
    CACHE 1;


--
-- Name: exams_id_seq; Type: SEQUENCE; Schema: public; Owner: -
--

CREATE SEQUENCE exams_id_seq
    START WITH 1
    INCREMENT BY 1
    NO MINVALUE
    NO MAXVALUE
    CACHE 1;


--
-- Name: exams; Type: TABLE; Schema: public; Owner: -; Tablespace: 
--

CREATE TABLE exams (
    id bigint DEFAULT nextval('exams_id_seq'::regclass) NOT NULL,
    created_at timestamp without time zone NOT NULL,
    updated_at timestamp without time zone NOT NULL,
    question_display_type_id bigint NOT NULL,
    topics_covered text NOT NULL,
    instructions text NOT NULL,
    splash_content text,
    title character varying(100),
    slug character varying(100) NOT NULL,
    duration integer DEFAULT 0 NOT NULL,
    fee double precision DEFAULT 0 NOT NULL,
    pass_mark_percentage integer NOT NULL,
    exams_question_count integer DEFAULT 0,
    exams_user_count integer DEFAULT 0 NOT NULL,
    exam_level_id bigint,
    is_active boolean,
    is_recommended boolean NOT NULL,
    additional_time_to_expire integer,
    total_fee_received double precision DEFAULT 0 NOT NULL,
    exams_user_passed_count integer DEFAULT 0 NOT NULL,
    view_count bigint DEFAULT 0 NOT NULL,
    parent_exam_id bigint,
    exam_category_id bigint
);


--
-- Name: COLUMN exams.duration; Type: COMMENT; Schema: public; Owner: -
--

COMMENT ON COLUMN exams.duration IS 'in minutes';


--
-- Name: exams_questions_id_seq; Type: SEQUENCE; Schema: public; Owner: -
--

CREATE SEQUENCE exams_questions_id_seq
    START WITH 1
    INCREMENT BY 1
    NO MINVALUE
    NO MAXVALUE
    CACHE 1;


--
-- Name: exams_questions; Type: TABLE; Schema: public; Owner: -; Tablespace: 
--

CREATE TABLE exams_questions (
    id bigint DEFAULT nextval('exams_questions_id_seq'::regclass) NOT NULL,
    created_at timestamp without time zone NOT NULL,
    updated_at timestamp without time zone NOT NULL,
    exam_id bigint NOT NULL,
    question_id bigint NOT NULL,
    display_order integer DEFAULT 0
);


--
-- Name: exams_users_id_seq; Type: SEQUENCE; Schema: public; Owner: -
--

CREATE SEQUENCE exams_users_id_seq
    START WITH 1
    INCREMENT BY 1
    NO MINVALUE
    NO MAXVALUE
    CACHE 1;


--
-- Name: exams_users; Type: TABLE; Schema: public; Owner: -; Tablespace: 
--

CREATE TABLE exams_users (
    id bigint DEFAULT nextval('exams_users_id_seq'::regclass) NOT NULL,
    created_at timestamp without time zone NOT NULL,
    updated_at timestamp without time zone NOT NULL,
    exam_id bigint,
    user_id bigint,
    fee_paid double precision,
    total_mark double precision DEFAULT 0,
    total_mark_mean double precision DEFAULT 0,
    total_mark_standard_deviation double precision DEFAULT 0,
    exam_status_id integer DEFAULT 1 NOT NULL,
    no_of_times integer,
    exam_started_date timestamp without time zone,
    exam_end_date timestamp without time zone,
    exam_level_id bigint,
    allow_duration integer DEFAULT 0 NOT NULL,
    total_question_count integer DEFAULT 0 NOT NULL,
    pass_mark_percentage double precision DEFAULT 0 NOT NULL,
    payment_gateway_id bigint,
    zazpay_gateway_id bigint,
    zazpay_payment_id bigint,
    zazpay_pay_key character varying(510),
    zazpay_revised_amount double precision,
    taken_time double precision DEFAULT 0 NOT NULL,
    percentile_rank integer,
    paypal_pay_key character varying(255)
);


--
-- Name: faq_categories_id_seq; Type: SEQUENCE; Schema: public; Owner: -
--

CREATE SEQUENCE faq_categories_id_seq
    START WITH 1
    INCREMENT BY 1
    NO MINVALUE
    NO MAXVALUE
    CACHE 1;


--
-- Name: faqs_id_seq; Type: SEQUENCE; Schema: public; Owner: -
--

CREATE SEQUENCE faqs_id_seq
    START WITH 1
    INCREMENT BY 1
    NO MINVALUE
    NO MAXVALUE
    CACHE 1;


--
-- Name: flag_categories_id_seq; Type: SEQUENCE; Schema: public; Owner: -
--

CREATE SEQUENCE flag_categories_id_seq
    START WITH 1
    INCREMENT BY 1
    NO MINVALUE
    NO MAXVALUE
    CACHE 1;


--
-- Name: flag_categories; Type: TABLE; Schema: public; Owner: -; Tablespace: 
--

CREATE TABLE flag_categories (
    id bigint DEFAULT nextval('flag_categories_id_seq'::regclass) NOT NULL,
    created_at date NOT NULL,
    updated_at date NOT NULL,
    name character varying(255) NOT NULL,
    class character varying(255),
    flag_count bigint DEFAULT 0 NOT NULL,
    is_active boolean NOT NULL
);


--
-- Name: flags_id_seq; Type: SEQUENCE; Schema: public; Owner: -
--

CREATE SEQUENCE flags_id_seq
    START WITH 1
    INCREMENT BY 1
    NO MINVALUE
    NO MAXVALUE
    CACHE 1;


--
-- Name: flags; Type: TABLE; Schema: public; Owner: -; Tablespace: 
--

CREATE TABLE flags (
    id bigint DEFAULT nextval('flags_id_seq'::regclass) NOT NULL,
    created_at timestamp without time zone NOT NULL,
    updated_at timestamp without time zone NOT NULL,
    user_id bigint,
    class character varying(255) NOT NULL,
    foreign_id bigint NOT NULL,
    flag_category_id bigint NOT NULL,
    message text NOT NULL,
    ip_id bigint DEFAULT 0 NOT NULL
);


--
-- Name: followers; Type: TABLE; Schema: public; Owner: -; Tablespace: 
--

CREATE TABLE followers (
    id integer NOT NULL,
    created_at timestamp without time zone NOT NULL,
    updated_at timestamp without time zone NOT NULL,
    user_id bigint,
    foreign_id bigint,
    class character varying(255) NOT NULL,
    ip_id bigint DEFAULT 0 NOT NULL
);


--
-- Name: followers_id_seq; Type: SEQUENCE; Schema: public; Owner: -
--

CREATE SEQUENCE followers_id_seq
    START WITH 1
    INCREMENT BY 1
    NO MINVALUE
    NO MAXVALUE
    CACHE 1;


--
-- Name: followers_id_seq; Type: SEQUENCE OWNED BY; Schema: public; Owner: -
--

ALTER SEQUENCE followers_id_seq OWNED BY followers.id;


--
-- Name: form_field_groups_id_seq; Type: SEQUENCE; Schema: public; Owner: -
--

CREATE SEQUENCE form_field_groups_id_seq
    START WITH 31
    INCREMENT BY 1
    NO MINVALUE
    NO MAXVALUE
    CACHE 1;


--
-- Name: form_field_groups; Type: TABLE; Schema: public; Owner: -; Tablespace: 
--

CREATE TABLE form_field_groups (
    id integer DEFAULT nextval('form_field_groups_id_seq'::regclass) NOT NULL,
    created_at timestamp without time zone,
    updated_at timestamp without time zone,
    name character varying(255),
    slug character varying(255),
    foreign_id bigint,
    info text,
    "order" bigint,
    class character varying(255),
    is_deletable boolean DEFAULT true,
    is_editable boolean DEFAULT true
);


--
-- Name: form_field_submissions; Type: TABLE; Schema: public; Owner: -; Tablespace: 
--

CREATE TABLE form_field_submissions (
    id integer NOT NULL,
    created_at timestamp without time zone NOT NULL,
    updated_at timestamp without time zone NOT NULL,
    form_field_id bigint NOT NULL,
    foreign_id integer NOT NULL,
    class character varying NOT NULL,
    response text
);


--
-- Name: form_field_submissions_id_seq; Type: SEQUENCE; Schema: public; Owner: -
--

CREATE SEQUENCE form_field_submissions_id_seq
    START WITH 1
    INCREMENT BY 1
    NO MINVALUE
    NO MAXVALUE
    CACHE 1;


--
-- Name: form_field_submissions_id_seq; Type: SEQUENCE OWNED BY; Schema: public; Owner: -
--

ALTER SEQUENCE form_field_submissions_id_seq OWNED BY form_field_submissions.id;


--
-- Name: form_fields_id_seq; Type: SEQUENCE; Schema: public; Owner: -
--

CREATE SEQUENCE form_fields_id_seq
    START WITH 1
    INCREMENT BY 1
    NO MINVALUE
    NO MAXVALUE
    CACHE 1;


--
-- Name: form_fields; Type: TABLE; Schema: public; Owner: -; Tablespace: 
--

CREATE TABLE form_fields (
    id bigint DEFAULT nextval('form_fields_id_seq'::regclass) NOT NULL,
    created_at timestamp without time zone,
    updated_at timestamp without time zone,
    name character varying(510),
    label character varying(510),
    info character varying(510),
    length bigint,
    options text,
    class character varying,
    input_type_id integer DEFAULT 0 NOT NULL,
    foreign_id integer,
    form_field_group_id bigint,
    is_required boolean NOT NULL,
    is_active boolean NOT NULL,
    display_order integer NOT NULL,
    depends_on character varying(45),
    depends_value character varying(45)
);


--
-- Name: COLUMN form_fields.options; Type: COMMENT; Schema: public; Owner: -
--

COMMENT ON COLUMN form_fields.options IS 'Comma separated';


--
-- Name: COLUMN form_fields.class; Type: COMMENT; Schema: public; Owner: -
--

COMMENT ON COLUMN form_fields.class IS 'quote_category / contest_type';


--
-- Name: hire_requests_id_seq; Type: SEQUENCE; Schema: public; Owner: -
--

CREATE SEQUENCE hire_requests_id_seq
    START WITH 1
    INCREMENT BY 1
    NO MINVALUE
    NO MAXVALUE
    CACHE 1;


--
-- Name: hire_requests; Type: TABLE; Schema: public; Owner: -; Tablespace: 
--

CREATE TABLE hire_requests (
    id bigint DEFAULT nextval('hire_requests_id_seq'::regclass) NOT NULL,
    created_at timestamp without time zone NOT NULL,
    updated_at timestamp without time zone NOT NULL,
    user_id bigint,
    requested_user_id bigint,
    foreign_id bigint,
    class character varying(200) NOT NULL,
    message text NOT NULL
);


--
-- Name: input_types_id_seq; Type: SEQUENCE; Schema: public; Owner: -
--

CREATE SEQUENCE input_types_id_seq
    START WITH 1
    INCREMENT BY 1
    NO MINVALUE
    NO MAXVALUE
    CACHE 1;


--
-- Name: input_types; Type: TABLE; Schema: public; Owner: -; Tablespace: 
--

CREATE TABLE input_types (
    id bigint DEFAULT nextval('input_types_id_seq'::regclass) NOT NULL,
    created_at timestamp without time zone NOT NULL,
    updated_at timestamp without time zone NOT NULL,
    name character varying(200),
    value character varying(200)
);


--
-- Name: ips_id_seq; Type: SEQUENCE; Schema: public; Owner: -
--

CREATE SEQUENCE ips_id_seq
    START WITH 1
    INCREMENT BY 1
    NO MINVALUE
    NO MAXVALUE
    CACHE 1;


--
-- Name: ips; Type: TABLE; Schema: public; Owner: -; Tablespace: 
--

CREATE TABLE ips (
    id bigint DEFAULT nextval('ips_id_seq'::regclass) NOT NULL,
    created_at timestamp without time zone NOT NULL,
    updated_at timestamp without time zone NOT NULL,
    ip character varying(510),
    host character varying(200) NOT NULL,
    city_id bigint,
    state_id bigint,
    country_id bigint,
    timezone_id bigint,
    latitude double precision,
    longitude double precision
);


--
-- Name: job_applies_id_seq; Type: SEQUENCE; Schema: public; Owner: -
--

CREATE SEQUENCE job_applies_id_seq
    START WITH 1
    INCREMENT BY 1
    NO MINVALUE
    NO MAXVALUE
    CACHE 1;


--
-- Name: job_applies; Type: TABLE; Schema: public; Owner: -; Tablespace: 
--

CREATE TABLE job_applies (
    id bigint DEFAULT nextval('job_applies_id_seq'::regclass) NOT NULL,
    created_at timestamp without time zone NOT NULL,
    updated_at timestamp without time zone NOT NULL,
    job_id bigint,
    user_id bigint,
    job_apply_status_id integer DEFAULT 1 NOT NULL,
    cover_letter text NOT NULL,
    total_resume_rating integer DEFAULT 0 NOT NULL,
    resume_rating_count integer DEFAULT 0 NOT NULL,
    ip_id bigint
);


--
-- Name: job_applies_portfolios_id_seq; Type: SEQUENCE; Schema: public; Owner: -
--

CREATE SEQUENCE job_applies_portfolios_id_seq
    START WITH 1
    INCREMENT BY 1
    NO MINVALUE
    NO MAXVALUE
    CACHE 1;


--
-- Name: job_applies_portfolios; Type: TABLE; Schema: public; Owner: -; Tablespace: 
--

CREATE TABLE job_applies_portfolios (
    id bigint DEFAULT nextval('job_applies_portfolios_id_seq'::regclass) NOT NULL,
    job_apply_id bigint NOT NULL,
    portfolio_id bigint NOT NULL
);


--
-- Name: job_apply_clicks_id_seq; Type: SEQUENCE; Schema: public; Owner: -
--

CREATE SEQUENCE job_apply_clicks_id_seq
    START WITH 1
    INCREMENT BY 1
    NO MINVALUE
    NO MAXVALUE
    CACHE 1;


--
-- Name: job_apply_clicks; Type: TABLE; Schema: public; Owner: -; Tablespace: 
--

CREATE TABLE job_apply_clicks (
    id bigint DEFAULT nextval('job_apply_clicks_id_seq'::regclass) NOT NULL,
    created_at timestamp without time zone NOT NULL,
    updated_at timestamp without time zone NOT NULL,
    user_id bigint,
    job_id bigint NOT NULL,
    ip_id bigint
);


--
-- Name: job_apply_statuses_id_seq; Type: SEQUENCE; Schema: public; Owner: -
--

CREATE SEQUENCE job_apply_statuses_id_seq
    START WITH 1
    INCREMENT BY 1
    NO MINVALUE
    NO MAXVALUE
    CACHE 1;


--
-- Name: job_apply_statuses; Type: TABLE; Schema: public; Owner: -; Tablespace: 
--

CREATE TABLE job_apply_statuses (
    id integer DEFAULT nextval('job_apply_statuses_id_seq'::regclass) NOT NULL,
    created_at timestamp without time zone NOT NULL,
    updated_at timestamp without time zone NOT NULL,
    name character varying(510) NOT NULL,
    slug character varying(510) NOT NULL
);


--
-- Name: job_categories_id_seq; Type: SEQUENCE; Schema: public; Owner: -
--

CREATE SEQUENCE job_categories_id_seq
    START WITH 1
    INCREMENT BY 1
    NO MINVALUE
    NO MAXVALUE
    CACHE 1;


--
-- Name: job_categories; Type: TABLE; Schema: public; Owner: -; Tablespace: 
--

CREATE TABLE job_categories (
    id bigint DEFAULT nextval('job_categories_id_seq'::regclass) NOT NULL,
    created_at timestamp without time zone NOT NULL,
    updated_at timestamp without time zone NOT NULL,
    name character varying(510) NOT NULL,
    slug character varying(510) NOT NULL,
    job_count bigint DEFAULT 0 NOT NULL,
    is_active boolean NOT NULL,
    active_job_count bigint DEFAULT 0 NOT NULL
);


--
-- Name: job_statuses_id_seq; Type: SEQUENCE; Schema: public; Owner: -
--

CREATE SEQUENCE job_statuses_id_seq
    START WITH 1
    INCREMENT BY 1
    NO MINVALUE
    NO MAXVALUE
    CACHE 1;


--
-- Name: job_statuses; Type: TABLE; Schema: public; Owner: -; Tablespace: 
--

CREATE TABLE job_statuses (
    id integer DEFAULT nextval('job_statuses_id_seq'::regclass) NOT NULL,
    created_at timestamp without time zone NOT NULL,
    updated_at timestamp without time zone NOT NULL,
    name character varying(510) NOT NULL,
    slug character varying(510) NOT NULL,
    job_count bigint DEFAULT 0 NOT NULL
);


--
-- Name: job_types_id_seq; Type: SEQUENCE; Schema: public; Owner: -
--

CREATE SEQUENCE job_types_id_seq
    START WITH 1
    INCREMENT BY 1
    NO MINVALUE
    NO MAXVALUE
    CACHE 1;


--
-- Name: job_types; Type: TABLE; Schema: public; Owner: -; Tablespace: 
--

CREATE TABLE job_types (
    id integer DEFAULT nextval('job_types_id_seq'::regclass) NOT NULL,
    created_at timestamp without time zone NOT NULL,
    updated_at timestamp without time zone NOT NULL,
    name character varying(510) NOT NULL,
    slug character varying(510) NOT NULL,
    is_active boolean NOT NULL
);


--
-- Name: jobs_id_seq; Type: SEQUENCE; Schema: public; Owner: -
--

CREATE SEQUENCE jobs_id_seq
    START WITH 1
    INCREMENT BY 1
    NO MINVALUE
    NO MAXVALUE
    CACHE 1;


--
-- Name: jobs; Type: TABLE; Schema: public; Owner: -; Tablespace: 
--

CREATE TABLE jobs (
    id bigint DEFAULT nextval('jobs_id_seq'::regclass) NOT NULL,
    created_at timestamp without time zone NOT NULL,
    updated_at timestamp without time zone NOT NULL,
    user_id bigint,
    job_status_id bigint,
    job_type_id integer,
    job_category_id bigint,
    title character varying(510) NOT NULL,
    slug character varying(510) NOT NULL,
    description text NOT NULL,
    address character varying(510) NOT NULL,
    address1 character varying(510),
    city_id bigint,
    state_id bigint,
    country_id bigint,
    zip_code character varying(100),
    latitude double precision,
    longitude double precision,
    salary_from double precision,
    salary_to double precision,
    salary_type_id integer,
    is_show_salary boolean NOT NULL,
    last_date_to_apply date,
    no_of_opening integer,
    company_name character varying(255) NOT NULL,
    ip_id bigint,
    apply_via character varying(100) NOT NULL,
    job_url character varying(510),
    featured_fee numeric(5,2) DEFAULT 0.00 NOT NULL,
    urgent_fee numeric(5,2) DEFAULT 0.00 NOT NULL,
    zazpay_revised_amount double precision,
    payment_gateway_id bigint,
    zazpay_gateway_id bigint,
    zazpay_payment_id bigint,
    zazpay_pay_key character varying(510) DEFAULT ''::character varying,
    job_apply_click_count bigint DEFAULT 0 NOT NULL,
    job_apply_count bigint DEFAULT 0 NOT NULL,
    is_featured boolean DEFAULT false NOT NULL,
    is_urgent boolean DEFAULT false NOT NULL,
    is_paid boolean,
    company_website character varying(510),
    view_count bigint DEFAULT 0 NOT NULL,
    flag_count bigint DEFAULT 0 NOT NULL,
    full_address text,
    total_listing_fee double precision DEFAULT 0 NOT NULL,
    is_notification_sent boolean DEFAULT false NOT NULL,
    paypal_pay_key character varying(255),
    job_open_date timestamp without time zone,
    minimum_experience smallint,
    maximum_experience smallint
);


--
-- Name: jobs_skills_id_seq; Type: SEQUENCE; Schema: public; Owner: -
--

CREATE SEQUENCE jobs_skills_id_seq
    START WITH 1
    INCREMENT BY 1
    NO MINVALUE
    NO MAXVALUE
    CACHE 1;


--
-- Name: jobs_skills; Type: TABLE; Schema: public; Owner: -; Tablespace: 
--

CREATE TABLE jobs_skills (
    id bigint DEFAULT nextval('jobs_skills_id_seq'::regclass) NOT NULL,
    job_id bigint NOT NULL,
    skill_id bigint NOT NULL,
    created_at timestamp without time zone,
    updated_at timestamp without time zone
);


--
-- Name: languages_id_seq; Type: SEQUENCE; Schema: public; Owner: -
--

CREATE SEQUENCE languages_id_seq
    START WITH 1
    INCREMENT BY 1
    NO MINVALUE
    NO MAXVALUE
    CACHE 1;


--
-- Name: languages; Type: TABLE; Schema: public; Owner: -; Tablespace: 
--

CREATE TABLE languages (
    id bigint DEFAULT nextval('languages_id_seq'::regclass) NOT NULL,
    created_at timestamp without time zone NOT NULL,
    updated_at timestamp without time zone NOT NULL,
    name character varying(160) NOT NULL,
    iso2 character(2) NOT NULL,
    iso3 character(3) NOT NULL,
    is_active boolean NOT NULL
);


--
-- Name: message_contents_id_seq; Type: SEQUENCE; Schema: public; Owner: -
--

CREATE SEQUENCE message_contents_id_seq
    START WITH 1
    INCREMENT BY 1
    NO MINVALUE
    NO MAXVALUE
    CACHE 1;


--
-- Name: message_contents; Type: TABLE; Schema: public; Owner: -; Tablespace: 
--

CREATE TABLE message_contents (
    id bigint DEFAULT nextval('message_contents_id_seq'::regclass) NOT NULL,
    created_at timestamp without time zone NOT NULL,
    updated_at timestamp without time zone NOT NULL,
    subject text NOT NULL,
    message text NOT NULL
);


--
-- Name: message_types_id_seq; Type: SEQUENCE; Schema: public; Owner: -
--

CREATE SEQUENCE message_types_id_seq
    START WITH 1
    INCREMENT BY 1
    NO MINVALUE
    NO MAXVALUE
    CACHE 1;


--
-- Name: messages_id_seq; Type: SEQUENCE; Schema: public; Owner: -
--

CREATE SEQUENCE messages_id_seq
    START WITH 1
    INCREMENT BY 1
    NO MINVALUE
    NO MAXVALUE
    CACHE 1;


--
-- Name: messages; Type: TABLE; Schema: public; Owner: -; Tablespace: 
--

CREATE TABLE messages (
    id bigint DEFAULT nextval('messages_id_seq'::regclass) NOT NULL,
    created_at timestamp without time zone,
    updated_at timestamp without time zone,
    user_id bigint,
    other_user_id bigint,
    parent_id bigint,
    message_content_id bigint NOT NULL,
    foreign_id bigint NOT NULL,
    class character varying(255) NOT NULL,
    root character varying(255),
    freshness_ts character varying(255),
    depth bigint NOT NULL,
    materialized_path character varying(255),
    path character varying(255),
    size bigint,
    is_sender boolean NOT NULL,
    is_read boolean,
    is_deleted boolean,
    is_private boolean,
    is_child_replied boolean,
    model_id bigint DEFAULT 0 NOT NULL
);


--
-- Name: milestone_statuses_id_seq; Type: SEQUENCE; Schema: public; Owner: -
--

CREATE SEQUENCE milestone_statuses_id_seq
    START WITH 1
    INCREMENT BY 1
    NO MINVALUE
    NO MAXVALUE
    CACHE 1;


--
-- Name: milestone_statuses; Type: TABLE; Schema: public; Owner: -; Tablespace: 
--

CREATE TABLE milestone_statuses (
    id bigint DEFAULT nextval('milestone_statuses_id_seq'::regclass) NOT NULL,
    created_at timestamp without time zone NOT NULL,
    updated_at timestamp without time zone NOT NULL,
    name character varying(510) NOT NULL,
    slug character varying(510) NOT NULL,
    is_active character varying(2) NOT NULL,
    milestone_count bigint NOT NULL,
    "order" bigint NOT NULL
);


--
-- Name: milestones_id_seq; Type: SEQUENCE; Schema: public; Owner: -
--

CREATE SEQUENCE milestones_id_seq
    START WITH 1
    INCREMENT BY 1
    NO MINVALUE
    NO MAXVALUE
    CACHE 1;


--
-- Name: milestones; Type: TABLE; Schema: public; Owner: -; Tablespace: 
--

CREATE TABLE milestones (
    id bigint DEFAULT nextval('milestones_id_seq'::regclass) NOT NULL,
    created_at timestamp without time zone NOT NULL,
    updated_at timestamp without time zone NOT NULL,
    project_id bigint,
    user_id bigint,
    amount double precision,
    description text,
    milestone_status_id bigint,
    bid_id bigint,
    completed_date date,
    escrow_amount_requested_date date,
    escrow_amount_released_date date,
    escrow_amount_paid_date date,
    site_commission_from_employer double precision DEFAULT 0 NOT NULL,
    site_commission_from_freelancer double precision DEFAULT 0 NOT NULL,
    payment_gateway_id bigint,
    paypal_pay_key character varying(255),
    deadline_date date,
    zazpay_gateway_id bigint
);


--
-- Name: money_transfer_accounts_id_seq; Type: SEQUENCE; Schema: public; Owner: -
--

CREATE SEQUENCE money_transfer_accounts_id_seq
    START WITH 1
    INCREMENT BY 1
    NO MINVALUE
    NO MAXVALUE
    CACHE 1;


--
-- Name: money_transfer_accounts; Type: TABLE; Schema: public; Owner: -; Tablespace: 
--

CREATE TABLE money_transfer_accounts (
    id bigint DEFAULT nextval('money_transfer_accounts_id_seq'::regclass) NOT NULL,
    created_at timestamp without time zone NOT NULL,
    updated_at timestamp without time zone NOT NULL,
    user_id bigint,
    account text NOT NULL,
    is_active boolean DEFAULT true NOT NULL,
    is_primary boolean DEFAULT false NOT NULL
);


--
-- Name: oauth_access_tokens; Type: TABLE; Schema: public; Owner: -; Tablespace: 
--

CREATE TABLE oauth_access_tokens (
    access_token character varying(40) NOT NULL,
    client_id character varying(80),
    user_id character varying(255),
    expires timestamp without time zone,
    scope text
);


--
-- Name: oauth_authorization_codes; Type: TABLE; Schema: public; Owner: -; Tablespace: 
--

CREATE TABLE oauth_authorization_codes (
    authorization_code character varying(40) NOT NULL,
    client_id character varying(80),
    user_id character varying(255),
    redirect_uri character varying(2000),
    expires timestamp without time zone,
    scope character varying(2000)
);


--
-- Name: oauth_clients_id_seq; Type: SEQUENCE; Schema: public; Owner: -
--

CREATE SEQUENCE oauth_clients_id_seq
    START WITH 1
    INCREMENT BY 1
    NO MINVALUE
    NO MAXVALUE
    CACHE 1;


--
-- Name: oauth_clients; Type: TABLE; Schema: public; Owner: -; Tablespace: 
--

CREATE TABLE oauth_clients (
    id integer DEFAULT nextval('oauth_clients_id_seq'::regclass) NOT NULL,
    created_at timestamp without time zone NOT NULL,
    updated_at timestamp without time zone NOT NULL,
    user_id character varying(80) NOT NULL,
    client_name character varying(255) NOT NULL,
    client_id character varying(80) NOT NULL,
    client_secret character varying(80) NOT NULL,
    redirect_uri character varying(2000),
    grant_types character varying(80) NOT NULL,
    scope character varying(100),
    client_url character varying(255),
    logo_url character varying(255),
    tos_url character varying(255),
    policy_url character varying(2000)
);


--
-- Name: oauth_jwt; Type: TABLE; Schema: public; Owner: -; Tablespace: 
--

CREATE TABLE oauth_jwt (
    client_id character varying(80) NOT NULL,
    subject character varying(80),
    public_key character varying(2000)
);


--
-- Name: oauth_refresh_tokens; Type: TABLE; Schema: public; Owner: -; Tablespace: 
--

CREATE TABLE oauth_refresh_tokens (
    refresh_token character varying(40) NOT NULL,
    client_id character varying(80),
    user_id character varying(255),
    expires timestamp without time zone,
    scope text
);


--
-- Name: oauth_scopes; Type: TABLE; Schema: public; Owner: -; Tablespace: 
--

CREATE TABLE oauth_scopes (
    scope text NOT NULL,
    is_default boolean
);


--
-- Name: pages_id_seq; Type: SEQUENCE; Schema: public; Owner: -
--

CREATE SEQUENCE pages_id_seq
    START WITH 1
    INCREMENT BY 1
    NO MINVALUE
    NO MAXVALUE
    CACHE 1;


--
-- Name: pages; Type: TABLE; Schema: public; Owner: -; Tablespace: 
--

CREATE TABLE pages (
    id bigint DEFAULT nextval('pages_id_seq'::regclass) NOT NULL,
    created_at timestamp without time zone NOT NULL,
    updated_at timestamp without time zone NOT NULL,
    parent_id bigint,
    title character varying(510) NOT NULL,
    title_es character varying(510),
    content text,
    content_es text,
    template character varying(510),
    draft boolean,
    lft bigint,
    rght bigint,
    level integer DEFAULT 0 NOT NULL,
    meta_keywords character varying(510),
    description_meta_tag text,
    url text,
    slug character varying(510) NOT NULL,
    is_default boolean NOT NULL
);


--
-- Name: payment_gateway_settings_id_seq; Type: SEQUENCE; Schema: public; Owner: -
--

CREATE SEQUENCE payment_gateway_settings_id_seq
    START WITH 1
    INCREMENT BY 1
    NO MINVALUE
    NO MAXVALUE
    CACHE 1;


--
-- Name: payment_gateway_settings; Type: TABLE; Schema: public; Owner: -; Tablespace: 
--

CREATE TABLE payment_gateway_settings (
    id bigint DEFAULT nextval('payment_gateway_settings_id_seq'::regclass) NOT NULL,
    created_at timestamp without time zone NOT NULL,
    updated_at timestamp without time zone NOT NULL,
    payment_gateway_id bigint NOT NULL,
    name character varying(512) NOT NULL,
    type character varying(512) NOT NULL,
    options text NOT NULL,
    test_mode_value text,
    live_mode_value text,
    label character varying(1024) NOT NULL,
    description text NOT NULL
);


--
-- Name: payment_gateways_id_seq; Type: SEQUENCE; Schema: public; Owner: -
--

CREATE SEQUENCE payment_gateways_id_seq
    START WITH 1
    INCREMENT BY 1
    NO MINVALUE
    NO MAXVALUE
    CACHE 1;


--
-- Name: payment_gateways; Type: TABLE; Schema: public; Owner: -; Tablespace: 
--

CREATE TABLE payment_gateways (
    id integer DEFAULT nextval('payment_gateways_id_seq'::regclass) NOT NULL,
    created_at timestamp without time zone,
    updated_at timestamp without time zone,
    name character varying(510) NOT NULL,
    slug character varying(510),
    description text NOT NULL,
    is_test_mode boolean NOT NULL,
    is_active boolean NOT NULL,
    display_name character varying(510) NOT NULL
);


--
-- Name: portfolio_reviews_id_seq; Type: SEQUENCE; Schema: public; Owner: -
--

CREATE SEQUENCE portfolio_reviews_id_seq
    START WITH 1
    INCREMENT BY 1
    NO MINVALUE
    NO MAXVALUE
    CACHE 1;


--
-- Name: portfolio_tags_id_seq; Type: SEQUENCE; Schema: public; Owner: -
--

CREATE SEQUENCE portfolio_tags_id_seq
    START WITH 1
    INCREMENT BY 1
    NO MINVALUE
    NO MAXVALUE
    CACHE 1;


--
-- Name: portfolio_thumbs_id_seq; Type: SEQUENCE; Schema: public; Owner: -
--

CREATE SEQUENCE portfolio_thumbs_id_seq
    START WITH 1
    INCREMENT BY 1
    NO MINVALUE
    NO MAXVALUE
    CACHE 1;


--
-- Name: portfolio_views_id_seq; Type: SEQUENCE; Schema: public; Owner: -
--

CREATE SEQUENCE portfolio_views_id_seq
    START WITH 1
    INCREMENT BY 1
    NO MINVALUE
    NO MAXVALUE
    CACHE 1;


--
-- Name: portfolios_id_seq; Type: SEQUENCE; Schema: public; Owner: -
--

CREATE SEQUENCE portfolios_id_seq
    START WITH 1
    INCREMENT BY 1
    NO MINVALUE
    NO MAXVALUE
    CACHE 1;


--
-- Name: portfolios; Type: TABLE; Schema: public; Owner: -; Tablespace: 
--

CREATE TABLE portfolios (
    id bigint DEFAULT nextval('portfolios_id_seq'::regclass) NOT NULL,
    created_at timestamp without time zone,
    updated_at timestamp without time zone,
    user_id bigint,
    description text NOT NULL,
    message_count smallint DEFAULT 0,
    follower_count smallint DEFAULT 0,
    view_count bigint DEFAULT 0 NOT NULL,
    flag_count bigint DEFAULT 0 NOT NULL,
    title character varying(255) NOT NULL,
    is_admin_suspend boolean DEFAULT false NOT NULL,
    is_notification_sent boolean DEFAULT false NOT NULL
);


--
-- Name: portfolios_tags_id_seq; Type: SEQUENCE; Schema: public; Owner: -
--

CREATE SEQUENCE portfolios_tags_id_seq
    START WITH 1
    INCREMENT BY 1
    NO MINVALUE
    NO MAXVALUE
    CACHE 1;


--
-- Name: pricing_days_id_seq; Type: SEQUENCE; Schema: public; Owner: -
--

CREATE SEQUENCE pricing_days_id_seq
    START WITH 1
    INCREMENT BY 1
    NO MINVALUE
    NO MAXVALUE
    CACHE 1;


--
-- Name: pricing_days; Type: TABLE; Schema: public; Owner: -; Tablespace: 
--

CREATE TABLE pricing_days (
    id integer DEFAULT nextval('pricing_days_id_seq'::regclass) NOT NULL,
    created_at timestamp without time zone,
    updated_at timestamp without time zone,
    no_of_days integer,
    global_price double precision DEFAULT 0,
    is_active boolean DEFAULT false
);


--
-- Name: pricing_packages_id_seq; Type: SEQUENCE; Schema: public; Owner: -
--

CREATE SEQUENCE pricing_packages_id_seq
    START WITH 1
    INCREMENT BY 1
    NO MINVALUE
    NO MAXVALUE
    CACHE 1;


--
-- Name: pricing_packages; Type: TABLE; Schema: public; Owner: -; Tablespace: 
--

CREATE TABLE pricing_packages (
    id integer DEFAULT nextval('pricing_packages_id_seq'::regclass) NOT NULL,
    created_at timestamp without time zone,
    updated_at timestamp without time zone,
    name character varying(100),
    description text,
    global_price double precision DEFAULT 0,
    participant_commision double precision DEFAULT 0,
    maximum_entry_allowed integer,
    features text,
    is_active boolean DEFAULT true
);


--
-- Name: project_bid_invoice_items_id_seq; Type: SEQUENCE; Schema: public; Owner: -
--

CREATE SEQUENCE project_bid_invoice_items_id_seq
    START WITH 1
    INCREMENT BY 1
    NO MINVALUE
    NO MAXVALUE
    CACHE 1;


--
-- Name: project_bid_invoice_items; Type: TABLE; Schema: public; Owner: -; Tablespace: 
--

CREATE TABLE project_bid_invoice_items (
    id bigint DEFAULT nextval('project_bid_invoice_items_id_seq'::regclass) NOT NULL,
    created_at timestamp without time zone NOT NULL,
    updated_at timestamp without time zone NOT NULL,
    project_bid_invoice_id bigint NOT NULL,
    description text NOT NULL,
    amount double precision NOT NULL
);


--
-- Name: project_bid_invoices_id_seq; Type: SEQUENCE; Schema: public; Owner: -
--

CREATE SEQUENCE project_bid_invoices_id_seq
    START WITH 1
    INCREMENT BY 1
    NO MINVALUE
    NO MAXVALUE
    CACHE 1;


--
-- Name: project_bid_invoices; Type: TABLE; Schema: public; Owner: -; Tablespace: 
--

CREATE TABLE project_bid_invoices (
    id bigint DEFAULT nextval('project_bid_invoices_id_seq'::regclass) NOT NULL,
    created_at timestamp without time zone NOT NULL,
    updated_at timestamp without time zone NOT NULL,
    project_id bigint,
    bid_id bigint,
    amount double precision NOT NULL,
    site_fee double precision DEFAULT 0 NOT NULL,
    paid_on timestamp without time zone,
    pay_key character varying(255),
    zazpay_pay_key character varying(255),
    zazpay_payment_id bigint,
    zazpay_gateway_id bigint,
    zazpay_revised_amount double precision,
    site_commission_from_employer double precision,
    site_commission_from_freelancer double precision,
    user_id bigint,
    is_paid boolean DEFAULT false NOT NULL,
    payment_gateway_id bigint,
    paypal_pay_key character varying(255)
);


--
-- Name: project_bids_id_seq; Type: SEQUENCE; Schema: public; Owner: -
--

CREATE SEQUENCE project_bids_id_seq
    START WITH 1
    INCREMENT BY 1
    NO MINVALUE
    NO MAXVALUE
    CACHE 1;


--
-- Name: project_bids; Type: TABLE; Schema: public; Owner: -; Tablespace: 
--

CREATE TABLE project_bids (
    id bigint DEFAULT nextval('project_bids_id_seq'::regclass) NOT NULL,
    created_at timestamp without time zone NOT NULL,
    updated_at timestamp without time zone NOT NULL,
    user_id bigint,
    project_id bigint,
    amount double precision NOT NULL,
    duration bigint,
    total_bid_amount double precision,
    closed_date timestamp without time zone,
    is_closed boolean DEFAULT false NOT NULL,
    is_active boolean DEFAULT true NOT NULL,
    bidding_start_date timestamp without time zone,
    bidding_end_date timestamp without time zone,
    site_commission_from_employer double precision DEFAULT 0 NOT NULL,
    site_commission_from_freelancer double precision DEFAULT 0 NOT NULL,
    total_paid_amount double precision DEFAULT 0 NOT NULL,
    lowest_bid_amount double precision DEFAULT 0 NOT NULL,
    bid_count bigint DEFAULT 0 NOT NULL
);


--
-- Name: project_categories_id_seq; Type: SEQUENCE; Schema: public; Owner: -
--

CREATE SEQUENCE project_categories_id_seq
    START WITH 1
    INCREMENT BY 1
    NO MINVALUE
    NO MAXVALUE
    CACHE 1;


--
-- Name: project_categories; Type: TABLE; Schema: public; Owner: -; Tablespace: 
--

CREATE TABLE project_categories (
    id bigint DEFAULT nextval('project_categories_id_seq'::regclass) NOT NULL,
    created_at timestamp without time zone NOT NULL,
    updated_at timestamp without time zone NOT NULL,
    name character varying(510) NOT NULL,
    project_count bigint,
    is_active boolean NOT NULL,
    active_project_count bigint DEFAULT 0 NOT NULL,
    icon_class character varying(255)
);


--
-- Name: project_disputes_id_seq; Type: SEQUENCE; Schema: public; Owner: -
--

CREATE SEQUENCE project_disputes_id_seq
    START WITH 1
    INCREMENT BY 1
    NO MINVALUE
    NO MAXVALUE
    CACHE 1;


--
-- Name: project_disputes; Type: TABLE; Schema: public; Owner: -; Tablespace: 
--

CREATE TABLE project_disputes (
    id bigint DEFAULT nextval('project_disputes_id_seq'::regclass) NOT NULL,
    created_at timestamp without time zone,
    updated_at timestamp without time zone,
    user_id bigint,
    project_id bigint,
    dispute_open_type_id bigint,
    reason text,
    dispute_status_id bigint,
    resolved_date timestamp without time zone,
    favour_role_id bigint,
    last_replied_user_id bigint,
    last_replied_date timestamp without time zone,
    dispute_closed_type_id bigint,
    message_count bigint,
    expected_rating integer,
    bid_id bigint NOT NULL
);


--
-- Name: project_ranges_id_seq; Type: SEQUENCE; Schema: public; Owner: -
--

CREATE SEQUENCE project_ranges_id_seq
    START WITH 1
    INCREMENT BY 1
    NO MINVALUE
    NO MAXVALUE
    CACHE 1;


--
-- Name: project_ranges; Type: TABLE; Schema: public; Owner: -; Tablespace: 
--

CREATE TABLE project_ranges (
    id bigint DEFAULT nextval('project_ranges_id_seq'::regclass) NOT NULL,
    created_at timestamp without time zone NOT NULL,
    updated_at timestamp without time zone NOT NULL,
    name character varying(40) NOT NULL,
    min_amount double precision NOT NULL,
    max_amount double precision NOT NULL,
    is_active boolean NOT NULL,
    project_count bigint DEFAULT 0 NOT NULL,
    active_project_count bigint DEFAULT 0 NOT NULL,
    user_id bigint DEFAULT 0 NOT NULL
);


--
-- Name: project_statuses_id_seq; Type: SEQUENCE; Schema: public; Owner: -
--

CREATE SEQUENCE project_statuses_id_seq
    START WITH 1
    INCREMENT BY 1
    NO MINVALUE
    NO MAXVALUE
    CACHE 1;


--
-- Name: project_statuses; Type: TABLE; Schema: public; Owner: -; Tablespace: 
--

CREATE TABLE project_statuses (
    id bigint DEFAULT nextval('project_statuses_id_seq'::regclass) NOT NULL,
    created_at timestamp without time zone NOT NULL,
    updated_at timestamp without time zone NOT NULL,
    name character varying(510) NOT NULL,
    project_count bigint NOT NULL,
    is_active boolean NOT NULL
);


--
-- Name: projects_id_seq; Type: SEQUENCE; Schema: public; Owner: -
--

CREATE SEQUENCE projects_id_seq
    START WITH 1
    INCREMENT BY 1
    NO MINVALUE
    NO MAXVALUE
    CACHE 1;


--
-- Name: projects; Type: TABLE; Schema: public; Owner: -; Tablespace: 
--

CREATE TABLE projects (
    id bigint DEFAULT nextval('projects_id_seq'::regclass) NOT NULL,
    created_at timestamp without time zone NOT NULL,
    updated_at timestamp without time zone NOT NULL,
    user_id bigint,
    project_status_id bigint NOT NULL,
    project_range_id bigint NOT NULL,
    name character varying(510) NOT NULL,
    slug character varying(510) NOT NULL,
    description text,
    total_listing_fee double precision NOT NULL,
    cancelled_date timestamp without time zone,
    ip_id bigint,
    freelancer_user_id bigint,
    bid_duration bigint DEFAULT 0 NOT NULL,
    is_featured boolean DEFAULT false NOT NULL,
    is_private boolean DEFAULT false NOT NULL,
    is_hidded_bid boolean DEFAULT false NOT NULL,
    is_pre_paid boolean DEFAULT false NOT NULL,
    is_urgent boolean DEFAULT false NOT NULL,
    is_active boolean DEFAULT true NOT NULL,
    is_dispute boolean DEFAULT false NOT NULL,
    is_cancel_request_freelancer boolean DEFAULT false NOT NULL,
    is_cancel_request_employer boolean DEFAULT false NOT NULL,
    funded_date timestamp without time zone,
    last_reopened_date timestamp without time zone,
    payment_completed_date timestamp without time zone,
    listing_fee double precision DEFAULT 0 NOT NULL,
    is_paid boolean DEFAULT false NOT NULL,
    is_reopened boolean DEFAULT false NOT NULL,
    zazpay_gateway_id bigint,
    zazpay_payment_id bigint,
    zazpay_pay_key character varying(255),
    zazpay_revised_amount double precision,
    is_notification_sent boolean DEFAULT false NOT NULL,
    project_type_id bigint DEFAULT 1 NOT NULL,
    site_commission_from_employer double precision DEFAULT 0 NOT NULL,
    site_commission_from_freelancer double precision DEFAULT 0 NOT NULL,
    total_paid_amount double precision DEFAULT 0 NOT NULL,
    additional_descriptions text,
    mutual_cancel_note text,
    project_rating_count bigint DEFAULT 0 NOT NULL,
    flag_count bigint DEFAULT 0 NOT NULL,
    message_count bigint DEFAULT 0 NOT NULL,
    follower_count bigint DEFAULT 0 NOT NULL,
    total_ratings bigint DEFAULT 0 NOT NULL,
    milestone_count bigint DEFAULT 0 NOT NULL,
    view_count bigint DEFAULT 0 NOT NULL,
    project_bid_invoice_count bigint DEFAULT 0 NOT NULL,
    payment_gateway_id bigint,
    paypal_pay_key character varying(255)
);


--
-- Name: COLUMN projects.project_type_id; Type: COMMENT; Schema: public; Owner: -
--

COMMENT ON COLUMN projects.project_type_id IS '1. FIXED PRICE 2. HOURLY RATE';


--
-- Name: projects_project_categories_id_seq; Type: SEQUENCE; Schema: public; Owner: -
--

CREATE SEQUENCE projects_project_categories_id_seq
    START WITH 1
    INCREMENT BY 1
    NO MINVALUE
    NO MAXVALUE
    CACHE 1;


--
-- Name: projects_project_categories; Type: TABLE; Schema: public; Owner: -; Tablespace: 
--

CREATE TABLE projects_project_categories (
    id bigint DEFAULT nextval('projects_project_categories_id_seq'::regclass) NOT NULL,
    created_at timestamp without time zone NOT NULL,
    updated_at timestamp without time zone NOT NULL,
    project_category_id bigint NOT NULL,
    project_id bigint NOT NULL
);


--
-- Name: projects_users_id_seq; Type: SEQUENCE; Schema: public; Owner: -
--

CREATE SEQUENCE projects_users_id_seq
    START WITH 1
    INCREMENT BY 1
    NO MINVALUE
    NO MAXVALUE
    CACHE 1;


--
-- Name: provider_users_id_seq; Type: SEQUENCE; Schema: public; Owner: -
--

CREATE SEQUENCE provider_users_id_seq
    START WITH 1
    INCREMENT BY 1
    NO MINVALUE
    NO MAXVALUE
    CACHE 1;


--
-- Name: provider_users; Type: TABLE; Schema: public; Owner: -; Tablespace: 
--

CREATE TABLE provider_users (
    id bigint DEFAULT nextval('provider_users_id_seq'::regclass) NOT NULL,
    created_at timestamp without time zone NOT NULL,
    updated_at timestamp without time zone NOT NULL,
    user_id bigint,
    provider_id bigint NOT NULL,
    foreign_id character varying(255),
    access_token character varying(255) NOT NULL,
    access_token_secret character varying(255),
    is_connected boolean DEFAULT true NOT NULL,
    profile_picture_url character varying(255)
);


--
-- Name: providers_id_seq; Type: SEQUENCE; Schema: public; Owner: -
--

CREATE SEQUENCE providers_id_seq
    START WITH 1
    INCREMENT BY 1
    NO MINVALUE
    NO MAXVALUE
    CACHE 1;


--
-- Name: providers; Type: TABLE; Schema: public; Owner: -; Tablespace: 
--

CREATE TABLE providers (
    id bigint DEFAULT nextval('providers_id_seq'::regclass) NOT NULL,
    created_at timestamp without time zone NOT NULL,
    updated_at timestamp without time zone NOT NULL,
    name character varying(255),
    slug character varying(265) NOT NULL,
    secret_key character varying(255),
    api_key character varying(255),
    icon_class character varying(255),
    button_class character varying(255),
    is_active boolean DEFAULT true NOT NULL,
    "position" bigint
);


--
-- Name: publications_id_seq; Type: SEQUENCE; Schema: public; Owner: -
--

CREATE SEQUENCE publications_id_seq
    START WITH 1
    INCREMENT BY 1
    NO MINVALUE
    NO MAXVALUE
    CACHE 1;


--
-- Name: publications; Type: TABLE; Schema: public; Owner: -; Tablespace: 
--

CREATE TABLE publications (
    id bigint DEFAULT nextval('publications_id_seq'::regclass) NOT NULL,
    created_at timestamp without time zone NOT NULL,
    updated_at timestamp without time zone NOT NULL,
    user_id bigint,
    title character varying(510) NOT NULL,
    publisher character varying(510) NOT NULL,
    description text NOT NULL
);


--
-- Name: question_answer_options_id_seq; Type: SEQUENCE; Schema: public; Owner: -
--

CREATE SEQUENCE question_answer_options_id_seq
    START WITH 1
    INCREMENT BY 1
    NO MINVALUE
    NO MAXVALUE
    CACHE 1;


--
-- Name: question_answer_options; Type: TABLE; Schema: public; Owner: -; Tablespace: 
--

CREATE TABLE question_answer_options (
    id bigint DEFAULT nextval('question_answer_options_id_seq'::regclass) NOT NULL,
    created_at timestamp without time zone NOT NULL,
    updated_at timestamp without time zone NOT NULL,
    question_id bigint NOT NULL,
    option text NOT NULL,
    is_correct_answer boolean
);


--
-- Name: question_categories_id_seq; Type: SEQUENCE; Schema: public; Owner: -
--

CREATE SEQUENCE question_categories_id_seq
    START WITH 1
    INCREMENT BY 1
    NO MINVALUE
    NO MAXVALUE
    CACHE 1;


--
-- Name: question_categories; Type: TABLE; Schema: public; Owner: -; Tablespace: 
--

CREATE TABLE question_categories (
    id bigint DEFAULT nextval('question_categories_id_seq'::regclass) NOT NULL,
    created_at timestamp without time zone NOT NULL,
    updated_at timestamp without time zone NOT NULL,
    name character varying(500),
    question_count integer DEFAULT 0 NOT NULL
);


--
-- Name: question_display_types_id_seq; Type: SEQUENCE; Schema: public; Owner: -
--

CREATE SEQUENCE question_display_types_id_seq
    START WITH 1
    INCREMENT BY 1
    NO MINVALUE
    NO MAXVALUE
    CACHE 1;


--
-- Name: question_display_types; Type: TABLE; Schema: public; Owner: -; Tablespace: 
--

CREATE TABLE question_display_types (
    id integer DEFAULT nextval('question_display_types_id_seq'::regclass) NOT NULL,
    created_at timestamp without time zone NOT NULL,
    updated_at timestamp without time zone NOT NULL,
    name character varying(510)
);


--
-- Name: questions_id_seq; Type: SEQUENCE; Schema: public; Owner: -
--

CREATE SEQUENCE questions_id_seq
    START WITH 1
    INCREMENT BY 1
    NO MINVALUE
    NO MAXVALUE
    CACHE 1;


--
-- Name: questions; Type: TABLE; Schema: public; Owner: -; Tablespace: 
--

CREATE TABLE questions (
    id bigint DEFAULT nextval('questions_id_seq'::regclass) NOT NULL,
    created_at timestamp without time zone NOT NULL,
    updated_at timestamp without time zone NOT NULL,
    question_category_id bigint NOT NULL,
    question text NOT NULL,
    info_tip character varying(510),
    is_active boolean,
    exams_question_count bigint DEFAULT 0
);


--
-- Name: quote_activities_id_seq; Type: SEQUENCE; Schema: public; Owner: -
--

CREATE SEQUENCE quote_activities_id_seq
    START WITH 1
    INCREMENT BY 1
    NO MINVALUE
    NO MAXVALUE
    CACHE 1;


--
-- Name: quote_activity_types_id_seq; Type: SEQUENCE; Schema: public; Owner: -
--

CREATE SEQUENCE quote_activity_types_id_seq
    START WITH 1
    INCREMENT BY 1
    NO MINVALUE
    NO MAXVALUE
    CACHE 1;


--
-- Name: quote_bid_statuses_id_seq; Type: SEQUENCE; Schema: public; Owner: -
--

CREATE SEQUENCE quote_bid_statuses_id_seq
    START WITH 1
    INCREMENT BY 1
    NO MINVALUE
    NO MAXVALUE
    CACHE 1;


--
-- Name: quote_bids_id_seq; Type: SEQUENCE; Schema: public; Owner: -
--

CREATE SEQUENCE quote_bids_id_seq
    START WITH 1
    INCREMENT BY 1
    NO MINVALUE
    NO MAXVALUE
    CACHE 1;


--
-- Name: quote_bids; Type: TABLE; Schema: public; Owner: -; Tablespace: 
--

CREATE TABLE quote_bids (
    id bigint DEFAULT nextval('quote_bids_id_seq'::regclass) NOT NULL,
    created_at timestamp without time zone NOT NULL,
    updated_at timestamp without time zone NOT NULL,
    quote_request_id bigint NOT NULL,
    quote_service_id bigint,
    quote_status_id bigint DEFAULT 1 NOT NULL,
    is_direct_send boolean DEFAULT false NOT NULL,
    quote_amount double precision,
    quote_type character varying(100),
    price_note text,
    quote_last_update_on timestamp without time zone,
    hired_on timestamp without time zone,
    completed_on timestamp without time zone,
    requestor_received_message_count bigint DEFAULT 0 NOT NULL,
    provider_received_message_count bigint DEFAULT 0 NOT NULL,
    requestor_unread_message_count bigint DEFAULT 0 NOT NULL,
    provider_unread_message_count bigint DEFAULT 0 NOT NULL,
    is_provider_readed boolean DEFAULT false NOT NULL,
    is_requestor_readed boolean DEFAULT false NOT NULL,
    used_credit_count integer DEFAULT 0 NOT NULL,
    user_id bigint,
    service_provider_user_id bigint,
    escrow_amount double precision DEFAULT 0 NOT NULL,
    site_commission double precision DEFAULT 0 NOT NULL,
    is_paid_to_escrow boolean DEFAULT false NOT NULL,
    is_escrow_amount_released boolean DEFAULT false NOT NULL,
    coupon_id bigint DEFAULT 0 NOT NULL,
    last_new_quote_remainder_notify_date_to_freelancer timestamp without time zone,
    credit_purchase_log_id bigint,
    private_note_of_incomplete text,
    is_first_level_quote_request boolean DEFAULT true NOT NULL,
    is_show_bid_to_requestor boolean DEFAULT true NOT NULL,
    closed_on timestamp without time zone
);


--
-- Name: COLUMN quote_bids.quote_type; Type: COMMENT; Schema: public; Owner: -
--

COMMENT ON COLUMN quote_bids.quote_type IS '1. Flat Rate 2. Hourly Rate 3. More Information Required';


--
-- Name: COLUMN quote_bids.user_id; Type: COMMENT; Schema: public; Owner: -
--

COMMENT ON COLUMN quote_bids.user_id IS 'Request owner user Id';


--
-- Name: COLUMN quote_bids.service_provider_user_id; Type: COMMENT; Schema: public; Owner: -
--

COMMENT ON COLUMN quote_bids.service_provider_user_id IS 'Service owner user Id';


--
-- Name: quote_categories_id_seq; Type: SEQUENCE; Schema: public; Owner: -
--

CREATE SEQUENCE quote_categories_id_seq
    START WITH 1
    INCREMENT BY 1
    NO MINVALUE
    NO MAXVALUE
    CACHE 1;


--
-- Name: quote_categories; Type: TABLE; Schema: public; Owner: -; Tablespace: 
--

CREATE TABLE quote_categories (
    id bigint DEFAULT nextval('quote_categories_id_seq'::regclass) NOT NULL,
    created_at timestamp without time zone,
    updated_at timestamp without time zone,
    parent_category_id bigint,
    name character varying(510) NOT NULL,
    slug character varying(510) NOT NULL,
    form_field_count bigint DEFAULT 0 NOT NULL,
    quote_request_count bigint DEFAULT 0 NOT NULL,
    is_active boolean DEFAULT true NOT NULL,
    credit_point_for_sending_quote bigint DEFAULT 0 NOT NULL,
    description text,
    is_featured boolean DEFAULT true NOT NULL
);


--
-- Name: quote_categories_quote_services_id_seq; Type: SEQUENCE; Schema: public; Owner: -
--

CREATE SEQUENCE quote_categories_quote_services_id_seq
    START WITH 1
    INCREMENT BY 1
    NO MINVALUE
    NO MAXVALUE
    CACHE 1;


--
-- Name: quote_categories_quote_services; Type: TABLE; Schema: public; Owner: -; Tablespace: 
--

CREATE TABLE quote_categories_quote_services (
    id bigint DEFAULT nextval('quote_categories_quote_services_id_seq'::regclass) NOT NULL,
    created_at timestamp without time zone NOT NULL,
    updated_at timestamp without time zone NOT NULL,
    quote_category_id bigint NOT NULL,
    quote_service_id bigint NOT NULL
);


--
-- Name: quote_credit_purchase_logs_id_seq; Type: SEQUENCE; Schema: public; Owner: -
--

CREATE SEQUENCE quote_credit_purchase_logs_id_seq
    START WITH 1
    INCREMENT BY 1
    NO MINVALUE
    NO MAXVALUE
    CACHE 1;


--
-- Name: quote_credit_purchase_logs_id_seq; Type: SEQUENCE OWNED BY; Schema: public; Owner: -
--

ALTER SEQUENCE quote_credit_purchase_logs_id_seq OWNED BY credit_purchase_logs.id;


--
-- Name: quote_credit_purchase_plans_id_seq; Type: SEQUENCE; Schema: public; Owner: -
--

CREATE SEQUENCE quote_credit_purchase_plans_id_seq
    START WITH 1
    INCREMENT BY 1
    NO MINVALUE
    NO MAXVALUE
    CACHE 1;


--
-- Name: quote_credit_purchase_plans_id_seq; Type: SEQUENCE OWNED BY; Schema: public; Owner: -
--

ALTER SEQUENCE quote_credit_purchase_plans_id_seq OWNED BY credit_purchase_plans.id;


--
-- Name: quote_faq_answers_id_seq; Type: SEQUENCE; Schema: public; Owner: -
--

CREATE SEQUENCE quote_faq_answers_id_seq
    START WITH 1
    INCREMENT BY 1
    NO MINVALUE
    NO MAXVALUE
    CACHE 1;


--
-- Name: quote_faq_answers; Type: TABLE; Schema: public; Owner: -; Tablespace: 
--

CREATE TABLE quote_faq_answers (
    id bigint DEFAULT nextval('quote_faq_answers_id_seq'::regclass) NOT NULL,
    created_at timestamp without time zone NOT NULL,
    updated_at timestamp without time zone NOT NULL,
    quote_service_id bigint NOT NULL,
    quote_faq_question_template_id bigint,
    quote_user_faq_question_id bigint,
    answer text NOT NULL
);


--
-- Name: quote_faq_question_templates_id_seq; Type: SEQUENCE; Schema: public; Owner: -
--

CREATE SEQUENCE quote_faq_question_templates_id_seq
    START WITH 1
    INCREMENT BY 1
    NO MINVALUE
    NO MAXVALUE
    CACHE 1;


--
-- Name: quote_faq_question_templates; Type: TABLE; Schema: public; Owner: -; Tablespace: 
--

CREATE TABLE quote_faq_question_templates (
    id bigint DEFAULT nextval('quote_faq_question_templates_id_seq'::regclass) NOT NULL,
    created_at timestamp without time zone NOT NULL,
    updated_at timestamp without time zone NOT NULL,
    question text NOT NULL,
    is_active boolean
);


--
-- Name: quote_form_submission_fields_id_seq; Type: SEQUENCE; Schema: public; Owner: -
--

CREATE SEQUENCE quote_form_submission_fields_id_seq
    START WITH 1
    INCREMENT BY 1
    NO MINVALUE
    NO MAXVALUE
    CACHE 1;


--
-- Name: quote_request_form_fields; Type: TABLE; Schema: public; Owner: -; Tablespace: 
--

CREATE TABLE quote_request_form_fields (
    id bigint DEFAULT nextval('quote_form_submission_fields_id_seq'::regclass) NOT NULL,
    created_at timestamp without time zone,
    updated_at timestamp without time zone,
    quote_form_field_id bigint NOT NULL,
    quote_request_id bigint NOT NULL,
    response text
);


--
-- Name: quote_requests_id_seq; Type: SEQUENCE; Schema: public; Owner: -
--

CREATE SEQUENCE quote_requests_id_seq
    START WITH 1
    INCREMENT BY 1
    NO MINVALUE
    NO MAXVALUE
    CACHE 1;


--
-- Name: quote_requests; Type: TABLE; Schema: public; Owner: -; Tablespace: 
--

CREATE TABLE quote_requests (
    id bigint DEFAULT nextval('quote_requests_id_seq'::regclass) NOT NULL,
    created_at timestamp without time zone NOT NULL,
    updated_at timestamp without time zone NOT NULL,
    quote_category_id bigint,
    user_id bigint,
    quote_service_id bigint,
    title character varying(510) NOT NULL,
    description text NOT NULL,
    best_day_time_for_work character varying(510) NOT NULL,
    full_address character varying(510),
    address character varying(510),
    city_id bigint,
    state_id bigint,
    country_id bigint,
    zip_code character varying(510),
    latitude double precision,
    longitude double precision,
    phone_no character varying(100),
    quote_bid_count integer DEFAULT 0 NOT NULL,
    is_archived boolean DEFAULT false NOT NULL,
    is_send_request_to_other_service_providers boolean DEFAULT false NOT NULL,
    quote_bid_new_count bigint DEFAULT 0 NOT NULL,
    quote_bid_discussion_count bigint DEFAULT 0 NOT NULL,
    quote_bid_hired_count bigint DEFAULT 0 NOT NULL,
    quote_bid_completed_count bigint DEFAULT 0 NOT NULL,
    is_request_for_buy boolean DEFAULT false NOT NULL,
    last_new_quote_remainder_notify_date timestamp without time zone,
    is_quote_bid_sent boolean DEFAULT false NOT NULL,
    radius character varying(50),
    is_first_level_quote_request_sent boolean DEFAULT false NOT NULL,
    is_updated_bid_visibility_to_requestor boolean DEFAULT true NOT NULL,
    quote_bid_pending_discussion_count bigint DEFAULT 0 NOT NULL,
    quote_bid_closed_count bigint DEFAULT 0 NOT NULL,
    quote_bid_not_completed_count bigint
);


--
-- Name: quote_service_audios_id_seq; Type: SEQUENCE; Schema: public; Owner: -
--

CREATE SEQUENCE quote_service_audios_id_seq
    START WITH 1
    INCREMENT BY 1
    NO MINVALUE
    NO MAXVALUE
    CACHE 1;


--
-- Name: quote_service_audios; Type: TABLE; Schema: public; Owner: -; Tablespace: 
--

CREATE TABLE quote_service_audios (
    id bigint DEFAULT nextval('quote_service_audios_id_seq'::regclass) NOT NULL,
    created_at timestamp without time zone NOT NULL,
    updated_at timestamp without time zone NOT NULL,
    quote_service_id bigint NOT NULL,
    embed_code text NOT NULL
);


--
-- Name: quote_service_photos_id_seq; Type: SEQUENCE; Schema: public; Owner: -
--

CREATE SEQUENCE quote_service_photos_id_seq
    START WITH 1
    INCREMENT BY 1
    NO MINVALUE
    NO MAXVALUE
    CACHE 1;


--
-- Name: quote_service_photos; Type: TABLE; Schema: public; Owner: -; Tablespace: 
--

CREATE TABLE quote_service_photos (
    id bigint DEFAULT nextval('quote_service_photos_id_seq'::regclass) NOT NULL,
    created_at timestamp without time zone NOT NULL,
    updated_at timestamp without time zone NOT NULL,
    quote_service_id bigint NOT NULL,
    caption character varying(255)
);


--
-- Name: quote_service_videos_id_seq; Type: SEQUENCE; Schema: public; Owner: -
--

CREATE SEQUENCE quote_service_videos_id_seq
    START WITH 1
    INCREMENT BY 1
    NO MINVALUE
    NO MAXVALUE
    CACHE 1;


--
-- Name: quote_service_videos; Type: TABLE; Schema: public; Owner: -; Tablespace: 
--

CREATE TABLE quote_service_videos (
    id bigint DEFAULT nextval('quote_service_videos_id_seq'::regclass) NOT NULL,
    created_at timestamp without time zone NOT NULL,
    updated_at timestamp without time zone NOT NULL,
    quote_service_id bigint NOT NULL,
    embed_code text NOT NULL,
    video_url text
);


--
-- Name: quote_services_id_seq; Type: SEQUENCE; Schema: public; Owner: -
--

CREATE SEQUENCE quote_services_id_seq
    START WITH 1
    INCREMENT BY 1
    NO MINVALUE
    NO MAXVALUE
    CACHE 1;


--
-- Name: quote_services; Type: TABLE; Schema: public; Owner: -; Tablespace: 
--

CREATE TABLE quote_services (
    id bigint DEFAULT nextval('quote_services_id_seq'::regclass) NOT NULL,
    created_at timestamp without time zone NOT NULL,
    updated_at timestamp without time zone NOT NULL,
    user_id bigint,
    business_name character varying(510) NOT NULL,
    slug character varying(510) NOT NULL,
    how_does_your_service_stand_out text NOT NULL,
    full_address character varying(510) NOT NULL,
    address character varying(200) NOT NULL,
    city_id bigint,
    state_id bigint NOT NULL,
    country_id bigint NOT NULL,
    zip_code character varying(510),
    latitude double precision NOT NULL,
    longitude double precision NOT NULL,
    website_url character varying(200),
    phone_number character varying(40) NOT NULL,
    is_service_provider_travel_to_customer_place boolean NOT NULL,
    service_provider_travels_upto integer,
    is_customer_travel_to_me boolean NOT NULL,
    is_over_phone_or_internet boolean NOT NULL,
    is_active boolean NOT NULL,
    quote_service_photo_count bigint DEFAULT 0 NOT NULL,
    quote_service_audio_count bigint DEFAULT 0 NOT NULL,
    quote_service_video_count bigint DEFAULT 0 NOT NULL,
    quote_faq_answer_count integer DEFAULT 0,
    quote_bid_count bigint DEFAULT 0 NOT NULL,
    quote_service_flag_count bigint DEFAULT 0 NOT NULL,
    under_discussion_count bigint DEFAULT 0 NOT NULL,
    hired_count bigint DEFAULT 0 NOT NULL,
    completed_count bigint DEFAULT 0 NOT NULL,
    year_founded bigint,
    number_of_employees bigint,
    what_do_you_enjoy_about_the_work_you_do text NOT NULL,
    view_count bigint DEFAULT 0 NOT NULL,
    flag_count bigint DEFAULT 0 NOT NULL,
    total_rating integer DEFAULT 0 NOT NULL,
    review_count bigint DEFAULT 0 NOT NULL,
    quote_bid_new_count bigint DEFAULT 0 NOT NULL,
    quote_bid_discussion_count bigint DEFAULT 0 NOT NULL,
    quote_bid_hired_count bigint DEFAULT 0 NOT NULL,
    quote_bid_completed_count bigint DEFAULT 0 NOT NULL,
    is_admin_suspend boolean DEFAULT false NOT NULL,
    quote_bid_not_completed_count bigint DEFAULT 0 NOT NULL,
    quote_bid_closed_count bigint DEFAULT 0 NOT NULL
);


--
-- Name: quote_statuses_id_seq; Type: SEQUENCE; Schema: public; Owner: -
--

CREATE SEQUENCE quote_statuses_id_seq
    START WITH 1
    INCREMENT BY 1
    NO MINVALUE
    NO MAXVALUE
    CACHE 1;


--
-- Name: quote_statuses; Type: TABLE; Schema: public; Owner: -; Tablespace: 
--

CREATE TABLE quote_statuses (
    id bigint DEFAULT nextval('quote_statuses_id_seq'::regclass) NOT NULL,
    created_at timestamp without time zone NOT NULL,
    updated_at timestamp without time zone NOT NULL,
    name character varying(510) NOT NULL
);


--
-- Name: quote_user_faq_questions_id_seq; Type: SEQUENCE; Schema: public; Owner: -
--

CREATE SEQUENCE quote_user_faq_questions_id_seq
    START WITH 1
    INCREMENT BY 1
    NO MINVALUE
    NO MAXVALUE
    CACHE 1;


--
-- Name: quote_user_faq_questions; Type: TABLE; Schema: public; Owner: -; Tablespace: 
--

CREATE TABLE quote_user_faq_questions (
    id bigint DEFAULT nextval('quote_user_faq_questions_id_seq'::regclass) NOT NULL,
    created_at timestamp without time zone,
    updated_at timestamp without time zone,
    user_id bigint,
    question text
);


--
-- Name: resources_id_seq; Type: SEQUENCE; Schema: public; Owner: -
--

CREATE SEQUENCE resources_id_seq
    START WITH 3
    INCREMENT BY 1
    NO MINVALUE
    NO MAXVALUE
    CACHE 1;


--
-- Name: resources; Type: TABLE; Schema: public; Owner: -; Tablespace: 
--

CREATE TABLE resources (
    id integer DEFAULT nextval('resources_id_seq'::regclass) NOT NULL,
    created_at timestamp without time zone,
    updated_at timestamp without time zone,
    name character varying(255),
    description text,
    folder_name character varying(255),
    contest_count bigint,
    contest_user_count bigint,
    revenue double precision,
    class_name character varying
);


--
-- Name: resume_downloads_id_seq; Type: SEQUENCE; Schema: public; Owner: -
--

CREATE SEQUENCE resume_downloads_id_seq
    START WITH 1
    INCREMENT BY 1
    NO MINVALUE
    NO MAXVALUE
    CACHE 1;


--
-- Name: resume_downloads; Type: TABLE; Schema: public; Owner: -; Tablespace: 
--

CREATE TABLE resume_downloads (
    id bigint DEFAULT nextval('resume_downloads_id_seq'::regclass) NOT NULL,
    created_at timestamp without time zone NOT NULL,
    updated_at timestamp without time zone NOT NULL,
    user_id bigint,
    job_apply_id bigint,
    ip_id bigint
);


--
-- Name: resume_ratings_id_seq; Type: SEQUENCE; Schema: public; Owner: -
--

CREATE SEQUENCE resume_ratings_id_seq
    START WITH 1
    INCREMENT BY 1
    NO MINVALUE
    NO MAXVALUE
    CACHE 1;


--
-- Name: resume_ratings; Type: TABLE; Schema: public; Owner: -; Tablespace: 
--

CREATE TABLE resume_ratings (
    id bigint DEFAULT nextval('resume_ratings_id_seq'::regclass) NOT NULL,
    created_at timestamp without time zone NOT NULL,
    updated_at timestamp without time zone NOT NULL,
    user_id bigint,
    job_id bigint NOT NULL,
    job_apply_id bigint NOT NULL,
    rating integer DEFAULT 0 NOT NULL,
    comment text NOT NULL
);


--
-- Name: reviews; Type: TABLE; Schema: public; Owner: -; Tablespace: 
--

CREATE TABLE reviews (
    id integer NOT NULL,
    created_at timestamp without time zone NOT NULL,
    updated_at timestamp without time zone NOT NULL,
    user_id bigint,
    to_user_id bigint,
    foreign_id bigint NOT NULL,
    class character varying(255) NOT NULL,
    rating integer DEFAULT 0 NOT NULL,
    message text,
    ip_id bigint DEFAULT 0 NOT NULL,
    is_freelancer boolean DEFAULT true,
    model_id bigint,
    model_class character varying(255)
);


--
-- Name: COLUMN reviews.user_id; Type: COMMENT; Schema: public; Owner: -
--

COMMENT ON COLUMN reviews.user_id IS 'Reviewed By';


--
-- Name: COLUMN reviews.class; Type: COMMENT; Schema: public; Owner: -
--

COMMENT ON COLUMN reviews.class IS 'ContestUser, QuoteService, QuoteBid, Contest, Project, Bid';


--
-- Name: reviews_id_seq; Type: SEQUENCE; Schema: public; Owner: -
--

CREATE SEQUENCE reviews_id_seq
    START WITH 1
    INCREMENT BY 1
    NO MINVALUE
    NO MAXVALUE
    CACHE 1;


--
-- Name: reviews_id_seq; Type: SEQUENCE OWNED BY; Schema: public; Owner: -
--

ALTER SEQUENCE reviews_id_seq OWNED BY reviews.id;


--
-- Name: roles; Type: TABLE; Schema: public; Owner: -; Tablespace: 
--

CREATE TABLE roles (
    id integer NOT NULL,
    created_at timestamp without time zone NOT NULL,
    updated_at timestamp without time zone NOT NULL,
    name character varying(50) NOT NULL,
    is_active boolean DEFAULT true NOT NULL
);


--
-- Name: roles_id_seq; Type: SEQUENCE; Schema: public; Owner: -
--

CREATE SEQUENCE roles_id_seq
    START WITH 1
    INCREMENT BY 1
    NO MINVALUE
    NO MAXVALUE
    CACHE 1;


--
-- Name: roles_id_seq; Type: SEQUENCE OWNED BY; Schema: public; Owner: -
--

ALTER SEQUENCE roles_id_seq OWNED BY roles.id;


--
-- Name: salary_types_id_seq; Type: SEQUENCE; Schema: public; Owner: -
--

CREATE SEQUENCE salary_types_id_seq
    START WITH 1
    INCREMENT BY 1
    NO MINVALUE
    NO MAXVALUE
    CACHE 1;


--
-- Name: salary_types; Type: TABLE; Schema: public; Owner: -; Tablespace: 
--

CREATE TABLE salary_types (
    id integer DEFAULT nextval('salary_types_id_seq'::regclass) NOT NULL,
    created_at timestamp without time zone NOT NULL,
    updated_at timestamp without time zone NOT NULL,
    name character varying(510) NOT NULL,
    is_active boolean NOT NULL
);


--
-- Name: setting_categories_id_seq; Type: SEQUENCE; Schema: public; Owner: -
--

CREATE SEQUENCE setting_categories_id_seq
    START WITH 1
    INCREMENT BY 1
    NO MINVALUE
    NO MAXVALUE
    CACHE 1;


--
-- Name: setting_categories; Type: TABLE; Schema: public; Owner: -; Tablespace: 
--

CREATE TABLE setting_categories (
    id bigint DEFAULT nextval('setting_categories_id_seq'::regclass) NOT NULL,
    created_at timestamp without time zone NOT NULL,
    updated_at timestamp without time zone NOT NULL,
    name character varying(200) NOT NULL,
    description text NOT NULL
);


--
-- Name: settings_id_seq; Type: SEQUENCE; Schema: public; Owner: -
--

CREATE SEQUENCE settings_id_seq
    START WITH 1
    INCREMENT BY 1
    NO MINVALUE
    NO MAXVALUE
    CACHE 1;


--
-- Name: settings; Type: TABLE; Schema: public; Owner: -; Tablespace: 
--

CREATE TABLE settings (
    id bigint DEFAULT nextval('settings_id_seq'::regclass) NOT NULL,
    created_at timestamp without time zone NOT NULL,
    updated_at timestamp without time zone NOT NULL,
    setting_category_id bigint NOT NULL,
    name character varying(255) NOT NULL,
    value text,
    description text,
    type character varying(8) NOT NULL,
    label character varying(255) NOT NULL,
    "position" integer NOT NULL,
    option_values text,
    is_send_to_frontend boolean DEFAULT true NOT NULL
);


--
-- Name: skills_id_seq; Type: SEQUENCE; Schema: public; Owner: -
--

CREATE SEQUENCE skills_id_seq
    START WITH 1
    INCREMENT BY 1
    NO MINVALUE
    NO MAXVALUE
    CACHE 1;


--
-- Name: skills; Type: TABLE; Schema: public; Owner: -; Tablespace: 
--

CREATE TABLE skills (
    id integer DEFAULT nextval('skills_id_seq'::regclass) NOT NULL,
    created_at timestamp without time zone NOT NULL,
    updated_at timestamp without time zone NOT NULL,
    name character varying(510) NOT NULL,
    slug character varying(510) NOT NULL,
    project_count bigint DEFAULT 0 NOT NULL,
    user_count bigint DEFAULT 0 NOT NULL,
    open_project_count bigint DEFAULT 0 NOT NULL,
    is_active boolean DEFAULT false NOT NULL,
    active_job_count bigint DEFAULT 0 NOT NULL,
    job_count bigint DEFAULT 0 NOT NULL
);


--
-- Name: skills_portfolios_id_seq; Type: SEQUENCE; Schema: public; Owner: -
--

CREATE SEQUENCE skills_portfolios_id_seq
    START WITH 1
    INCREMENT BY 1
    NO MINVALUE
    NO MAXVALUE
    CACHE 1;


--
-- Name: skills_portfolios; Type: TABLE; Schema: public; Owner: -; Tablespace: 
--

CREATE TABLE skills_portfolios (
    id integer DEFAULT nextval('skills_portfolios_id_seq'::regclass) NOT NULL,
    portfolio_id bigint NOT NULL,
    skill_id bigint NOT NULL,
    created_at timestamp without time zone,
    updated_at timestamp without time zone
);


--
-- Name: skills_projects_id_seq; Type: SEQUENCE; Schema: public; Owner: -
--

CREATE SEQUENCE skills_projects_id_seq
    START WITH 1
    INCREMENT BY 1
    NO MINVALUE
    NO MAXVALUE
    CACHE 1;


--
-- Name: skills_projects; Type: TABLE; Schema: public; Owner: -; Tablespace: 
--

CREATE TABLE skills_projects (
    id integer DEFAULT nextval('skills_projects_id_seq'::regclass) NOT NULL,
    project_id bigint NOT NULL,
    skill_id bigint NOT NULL
);


--
-- Name: skills_users_id_seq; Type: SEQUENCE; Schema: public; Owner: -
--

CREATE SEQUENCE skills_users_id_seq
    START WITH 1
    INCREMENT BY 1
    NO MINVALUE
    NO MAXVALUE
    CACHE 1;


--
-- Name: skills_users; Type: TABLE; Schema: public; Owner: -; Tablespace: 
--

CREATE TABLE skills_users (
    id integer DEFAULT nextval('skills_users_id_seq'::regclass) NOT NULL,
    user_id bigint,
    skill_id bigint,
    created_at timestamp without time zone,
    updated_at timestamp without time zone
);


--
-- Name: states_id_seq; Type: SEQUENCE; Schema: public; Owner: -
--

CREATE SEQUENCE states_id_seq
    START WITH 1
    INCREMENT BY 1
    NO MINVALUE
    NO MAXVALUE
    CACHE 1;


--
-- Name: states; Type: TABLE; Schema: public; Owner: -; Tablespace: 
--

CREATE TABLE states (
    id bigint DEFAULT nextval('states_id_seq'::regclass) NOT NULL,
    country_id bigint NOT NULL,
    name character varying(90) NOT NULL,
    code character varying(16),
    adm1code character(4),
    is_active boolean DEFAULT true NOT NULL,
    created_at timestamp without time zone,
    updated_at timestamp without time zone
);


--
-- Name: tags_id_seq; Type: SEQUENCE; Schema: public; Owner: -
--

CREATE SEQUENCE tags_id_seq
    START WITH 1
    INCREMENT BY 1
    NO MINVALUE
    NO MAXVALUE
    CACHE 1;


--
-- Name: timezones_id_seq; Type: SEQUENCE; Schema: public; Owner: -
--

CREATE SEQUENCE timezones_id_seq
    START WITH 1
    INCREMENT BY 1
    NO MINVALUE
    NO MAXVALUE
    CACHE 1;


--
-- Name: timezones; Type: TABLE; Schema: public; Owner: -; Tablespace: 
--

CREATE TABLE timezones (
    id bigint DEFAULT nextval('timezones_id_seq'::regclass) NOT NULL,
    created_at timestamp without time zone NOT NULL,
    updated_at timestamp without time zone NOT NULL,
    code character varying(510) NOT NULL,
    name character varying(510) NOT NULL,
    gmt_offset character varying(20) NOT NULL,
    dst_offset character varying(20) NOT NULL,
    raw_offset character varying(20) NOT NULL,
    hasdst boolean NOT NULL
);


--
-- Name: transaction_types_id_seq; Type: SEQUENCE; Schema: public; Owner: -
--

CREATE SEQUENCE transaction_types_id_seq
    START WITH 1
    INCREMENT BY 1
    NO MINVALUE
    NO MAXVALUE
    CACHE 1;


--
-- Name: transactions_id_seq; Type: SEQUENCE; Schema: public; Owner: -
--

CREATE SEQUENCE transactions_id_seq
    START WITH 1
    INCREMENT BY 1
    NO MINVALUE
    NO MAXVALUE
    CACHE 1;


--
-- Name: transactions; Type: TABLE; Schema: public; Owner: -; Tablespace: 
--

CREATE TABLE transactions (
    id bigint DEFAULT nextval('transactions_id_seq'::regclass) NOT NULL,
    created_at timestamp without time zone NOT NULL,
    updated_at timestamp without time zone NOT NULL,
    user_id bigint,
    to_user_id bigint,
    foreign_id bigint NOT NULL,
    class character varying(255) NOT NULL,
    transaction_type character varying(255) NOT NULL,
    payment_gateway_id bigint,
    amount double precision NOT NULL,
    site_revenue_from_freelancer double precision DEFAULT 0,
    coupon_id smallint,
    site_revenue_from_employer double precision DEFAULT 0 NOT NULL,
    model_id bigint,
    model_class character varying(255),
    zazpay_gateway_id bigint
);


--
-- Name: COLUMN transactions.class; Type: COMMENT; Schema: public; Owner: -
--

COMMENT ON COLUMN transactions.class IS 'Contest,Job,QuoteService,Wallet,QuoteBid,CreditPurchaseLog,Project,Milestone,ProjectBidInvoice,ExamsUser,UserCashWithdrawal';


--
-- Name: COLUMN transactions.transaction_type; Type: COMMENT; Schema: public; Owner: -
--

COMMENT ON COLUMN transactions.transaction_type IS '1. Amount added to wallet when post the wallet 2. Amount added to user wallet 3. Amount deduct to user wallet 4. When post the projects 5. The milestone is status changed to EscrowFunded 7. When post the contests 8. Contest status changed to cancelled 9. Contest status changed to rejected 10. When update the features functions 12. When contest completed the amount move to Participant 13. When post the jobs 14. When post the services 15. While credit_purchase_logs then added this type 16. While commision added the employer 17. While commision added the freelancer 18. While project withdraw then changed';


--
-- Name: upload_hosters_id_seq; Type: SEQUENCE; Schema: public; Owner: -
--

CREATE SEQUENCE upload_hosters_id_seq
    START WITH 5
    INCREMENT BY 1
    NO MINVALUE
    NO MAXVALUE
    CACHE 1;


--
-- Name: upload_hosters; Type: TABLE; Schema: public; Owner: -; Tablespace: 
--

CREATE TABLE upload_hosters (
    id integer DEFAULT nextval('upload_hosters_id_seq'::regclass) NOT NULL,
    created_at timestamp without time zone,
    updated_at timestamp without time zone,
    upload_service_id integer,
    upload_service_type_id integer,
    total_upload_count bigint,
    total_upload_error_count bigint,
    total_upload_filesize bigint,
    is_active boolean
);


--
-- Name: upload_service_settings_id_seq; Type: SEQUENCE; Schema: public; Owner: -
--

CREATE SEQUENCE upload_service_settings_id_seq
    START WITH 12
    INCREMENT BY 1
    NO MINVALUE
    NO MAXVALUE
    CACHE 1;


--
-- Name: upload_service_settings; Type: TABLE; Schema: public; Owner: -; Tablespace: 
--

CREATE TABLE upload_service_settings (
    id integer DEFAULT nextval('upload_service_settings_id_seq'::regclass) NOT NULL,
    created_at timestamp without time zone,
    updated_at timestamp without time zone,
    upload_service_id integer,
    name character varying(255),
    value character varying(255)
);


--
-- Name: upload_service_types_id_seq; Type: SEQUENCE; Schema: public; Owner: -
--

CREATE SEQUENCE upload_service_types_id_seq
    START WITH 3
    INCREMENT BY 1
    NO MINVALUE
    NO MAXVALUE
    CACHE 1;


--
-- Name: upload_service_types; Type: TABLE; Schema: public; Owner: -; Tablespace: 
--

CREATE TABLE upload_service_types (
    id integer DEFAULT nextval('upload_service_types_id_seq'::regclass) NOT NULL,
    created_at timestamp without time zone,
    updated_at timestamp without time zone,
    name character varying(20),
    slug character varying(20)
);


--
-- Name: upload_services_id_seq; Type: SEQUENCE; Schema: public; Owner: -
--

CREATE SEQUENCE upload_services_id_seq
    START WITH 3
    INCREMENT BY 1
    NO MINVALUE
    NO MAXVALUE
    CACHE 1;


--
-- Name: upload_services; Type: TABLE; Schema: public; Owner: -; Tablespace: 
--

CREATE TABLE upload_services (
    id integer DEFAULT nextval('upload_services_id_seq'::regclass) NOT NULL,
    created_at timestamp without time zone,
    updated_at timestamp without time zone,
    name character varying(20),
    slug character varying(20),
    total_quota bigint DEFAULT 0,
    total_upload_count bigint,
    total_upload_filesize bigint,
    total_upload_error_count bigint
);


--
-- Name: upload_statuses_id_seq; Type: SEQUENCE; Schema: public; Owner: -
--

CREATE SEQUENCE upload_statuses_id_seq
    START WITH 4
    INCREMENT BY 1
    NO MINVALUE
    NO MAXVALUE
    CACHE 1;


--
-- Name: upload_statuses; Type: TABLE; Schema: public; Owner: -; Tablespace: 
--

CREATE TABLE upload_statuses (
    id integer DEFAULT nextval('upload_statuses_id_seq'::regclass) NOT NULL,
    created_at timestamp without time zone,
    updated_at timestamp without time zone,
    name character varying(255)
);


--
-- Name: uploads_id_seq; Type: SEQUENCE; Schema: public; Owner: -
--

CREATE SEQUENCE uploads_id_seq
    START WITH 1
    INCREMENT BY 1
    NO MINVALUE
    NO MAXVALUE
    CACHE 1;


--
-- Name: uploads; Type: TABLE; Schema: public; Owner: -; Tablespace: 
--

CREATE TABLE uploads (
    id integer DEFAULT nextval('uploads_id_seq'::regclass) NOT NULL,
    created_at timestamp without time zone,
    updated_at timestamp without time zone,
    upload_service_type_id integer,
    upload_service_id integer,
    user_id bigint,
    contest_user_id bigint,
    upload_status_id integer,
    video_url character varying(255),
    vimeo_video_id character varying(255),
    youtube_video_id character varying(255),
    vimeo_thumbnail_url character varying(255),
    youtube_thumbnail_url character varying(255),
    video_title character varying(255),
    filesize bigint,
    failure_message character varying(255),
    soundcloud_audio_id character varying(255),
    audio_url character varying(255)
);


--
-- Name: user_add_wallet_amounts_id_seq; Type: SEQUENCE; Schema: public; Owner: -
--

CREATE SEQUENCE user_add_wallet_amounts_id_seq
    START WITH 1
    INCREMENT BY 1
    NO MINVALUE
    NO MAXVALUE
    CACHE 1;


--
-- Name: user_cash_withdrawals_id_seq; Type: SEQUENCE; Schema: public; Owner: -
--

CREATE SEQUENCE user_cash_withdrawals_id_seq
    START WITH 1
    INCREMENT BY 1
    NO MINVALUE
    NO MAXVALUE
    CACHE 1;


--
-- Name: user_cash_withdrawals; Type: TABLE; Schema: public; Owner: -; Tablespace: 
--

CREATE TABLE user_cash_withdrawals (
    id bigint DEFAULT nextval('user_cash_withdrawals_id_seq'::regclass) NOT NULL,
    created_at timestamp without time zone NOT NULL,
    updated_at timestamp without time zone NOT NULL,
    user_id bigint,
    withdrawal_status_id bigint DEFAULT 1 NOT NULL,
    amount double precision NOT NULL,
    remark text,
    money_transfer_account_id bigint,
    withdrawal_fee double precision DEFAULT 0 NOT NULL
);


--
-- Name: COLUMN user_cash_withdrawals.withdrawal_status_id; Type: COMMENT; Schema: public; Owner: -
--

COMMENT ON COLUMN user_cash_withdrawals.withdrawal_status_id IS '1. Pending 2. Under Process 3. Rejected 4. Success';


--
-- Name: user_logins_id_seq; Type: SEQUENCE; Schema: public; Owner: -
--

CREATE SEQUENCE user_logins_id_seq
    START WITH 1
    INCREMENT BY 1
    NO MINVALUE
    NO MAXVALUE
    CACHE 1;


--
-- Name: user_logins; Type: TABLE; Schema: public; Owner: -; Tablespace: 
--

CREATE TABLE user_logins (
    id bigint DEFAULT nextval('user_logins_id_seq'::regclass) NOT NULL,
    created_at timestamp without time zone NOT NULL,
    updated_at timestamp without time zone NOT NULL,
    user_id bigint,
    ip_id bigint,
    user_agent character varying(1000) NOT NULL
);


--
-- Name: users_id_seq; Type: SEQUENCE; Schema: public; Owner: -
--

CREATE SEQUENCE users_id_seq
    START WITH 1
    INCREMENT BY 1
    NO MINVALUE
    NO MAXVALUE
    CACHE 1;


--
-- Name: users; Type: TABLE; Schema: public; Owner: -; Tablespace: 
--

CREATE TABLE users (
    id bigint DEFAULT nextval('users_id_seq'::regclass) NOT NULL,
    created_at timestamp without time zone NOT NULL,
    updated_at timestamp without time zone NOT NULL,
    role_id integer DEFAULT 2 NOT NULL,
    username character varying(510) NOT NULL,
    email character varying(510) NOT NULL,
    password character varying(200) NOT NULL,
    bid_count bigint DEFAULT 0 NOT NULL,
    won_bid_count bigint DEFAULT 0 NOT NULL,
    user_login_count bigint DEFAULT 0 NOT NULL,
    project_count bigint DEFAULT 0 NOT NULL,
    project_flag_count bigint DEFAULT 0 NOT NULL,
    job_flag_count bigint DEFAULT 0 NOT NULL,
    quote_service_flag_count bigint DEFAULT 0 NOT NULL,
    portfolio_flag_count bigint DEFAULT 0 NOT NULL,
    available_wallet_amount double precision DEFAULT 0,
    ip_id bigint,
    last_login_ip_id bigint,
    last_logged_in_time timestamp without time zone,
    is_agree_terms_conditions boolean DEFAULT false NOT NULL,
    is_active boolean DEFAULT false NOT NULL,
    is_email_confirmed boolean DEFAULT false NOT NULL,
    total_amount_withdrawn double precision DEFAULT 0 NOT NULL,
    job_count bigint DEFAULT 0 NOT NULL,
    job_apply_count bigint DEFAULT 0 NOT NULL,
    portfolio_count bigint DEFAULT 0 NOT NULL,
    portfolio_favorite_count bigint DEFAULT 0 NOT NULL,
    quote_service_count bigint DEFAULT 0 NOT NULL,
    quote_request_count bigint DEFAULT 0 NOT NULL,
    quote_bid_count bigint DEFAULT 0 NOT NULL,
    exams_user_count integer DEFAULT 0 NOT NULL,
    exams_user_passed_count integer DEFAULT 0 NOT NULL,
    zazpay_receiver_account_id bigint,
    available_credit_count bigint DEFAULT 0 NOT NULL,
    total_credit_bought bigint DEFAULT 0 NOT NULL,
    first_name character varying(255),
    last_name character varying(255),
    gender_id integer,
    quote_credit_purchase_log_count bigint DEFAULT 0 NOT NULL,
    contest_count bigint DEFAULT 0 NOT NULL,
    contest_user_count bigint DEFAULT 0 NOT NULL,
    total_site_revenue_as_employer double precision DEFAULT 0 NOT NULL,
    total_site_revenue_as_freelancer double precision DEFAULT 0 NOT NULL,
    total_earned_amount_as_freelancer double precision DEFAULT 0 NOT NULL,
    view_count bigint DEFAULT 0 NOT NULL,
    follower_count bigint DEFAULT 0 NOT NULL,
    flag_count bigint DEFAULT 0 NOT NULL,
    total_rating_as_employer integer DEFAULT 0 NOT NULL,
    review_count_as_employer bigint DEFAULT 0 NOT NULL,
    total_rating_as_freelancer integer DEFAULT 0 NOT NULL,
    review_count_as_freelancer bigint DEFAULT 0 NOT NULL,
    education_count bigint DEFAULT 0 NOT NULL,
    work_profile_count bigint DEFAULT 0 NOT NULL,
    certificate_count bigint DEFAULT 0 NOT NULL,
    publication_count bigint DEFAULT 0 NOT NULL,
    address character varying,
    address1 character varying,
    city_id bigint,
    state_id bigint,
    country_id bigint,
    zip_code character varying,
    latitude double precision,
    longitude double precision,
    full_address text,
    expired_balance_credit_points bigint DEFAULT 0 NOT NULL,
    is_made_deposite boolean DEFAULT false NOT NULL,
    hourly_rate double precision,
    total_spend_amount_as_employer double precision DEFAULT 0 NOT NULL,
    project_completed_count bigint DEFAULT 0 NOT NULL,
    project_failed_count bigint DEFAULT 0 NOT NULL,
    designation character varying,
    about_me text,
    blocked_amount double precision DEFAULT 0,
    is_have_unreaded_activity boolean DEFAULT false NOT NULL
);


--
-- Name: vaults; Type: TABLE; Schema: public; Owner: -; Tablespace: 
--

CREATE TABLE vaults (
    id integer NOT NULL,
    created_at timestamp without time zone NOT NULL,
    updated_at timestamp without time zone NOT NULL,
    masked_cc character varying(100) NOT NULL,
    credit_card_type character varying(100) NOT NULL,
    vault_key character varying(100),
    vault_id bigint,
    user_id bigint,
    email character varying(200),
    address text,
    city character varying(100),
    state character varying(100),
    country character varying(100),
    zip_code character varying(100),
    phone character varying(100),
    is_primary boolean DEFAULT true,
    credit_card_expire character varying(100),
    expire_month integer,
    expire_year integer,
    cvv2 character varying(10),
    first_name character varying(100),
    last_name character varying(100),
    payment_type smallint DEFAULT 1 NOT NULL
);


--
-- Name: vaults_id_seq; Type: SEQUENCE; Schema: public; Owner: -
--

CREATE SEQUENCE vaults_id_seq
    START WITH 1
    INCREMENT BY 1
    NO MINVALUE
    NO MAXVALUE
    CACHE 1;


--
-- Name: vaults_id_seq; Type: SEQUENCE OWNED BY; Schema: public; Owner: -
--

ALTER SEQUENCE vaults_id_seq OWNED BY vaults.id;


--
-- Name: views; Type: TABLE; Schema: public; Owner: -; Tablespace: 
--

CREATE TABLE views (
    id integer NOT NULL,
    created_at timestamp without time zone NOT NULL,
    updated_at timestamp without time zone NOT NULL,
    user_id bigint,
    foreign_id bigint NOT NULL,
    class character varying(255) NOT NULL,
    ip_id bigint DEFAULT 0 NOT NULL
);


--
-- Name: views_id_seq; Type: SEQUENCE; Schema: public; Owner: -
--

CREATE SEQUENCE views_id_seq
    START WITH 1
    INCREMENT BY 1
    NO MINVALUE
    NO MAXVALUE
    CACHE 1;


--
-- Name: views_id_seq; Type: SEQUENCE OWNED BY; Schema: public; Owner: -
--

ALTER SEQUENCE views_id_seq OWNED BY views.id;


--
-- Name: wallet_transaction_logs; Type: TABLE; Schema: public; Owner: -; Tablespace: 
--

CREATE TABLE wallet_transaction_logs (
    id integer NOT NULL,
    created_at timestamp without time zone NOT NULL,
    updated_at timestamp without time zone NOT NULL,
    foreign_id bigint DEFAULT 0 NOT NULL,
    class character varying(100) NOT NULL,
    amount double precision DEFAULT 0 NOT NULL,
    status character varying(100) DEFAULT ''::character varying,
    payment_type character varying(100) DEFAULT ''::character varying
);


--
-- Name: wallet_transaction_logs_id_seq; Type: SEQUENCE; Schema: public; Owner: -
--

CREATE SEQUENCE wallet_transaction_logs_id_seq
    START WITH 1
    INCREMENT BY 1
    NO MINVALUE
    NO MAXVALUE
    CACHE 1;


--
-- Name: wallet_transaction_logs_id_seq; Type: SEQUENCE OWNED BY; Schema: public; Owner: -
--

ALTER SEQUENCE wallet_transaction_logs_id_seq OWNED BY wallet_transaction_logs.id;


--
-- Name: wallets; Type: TABLE; Schema: public; Owner: -; Tablespace: 
--

CREATE TABLE wallets (
    id integer NOT NULL,
    created_at timestamp without time zone NOT NULL,
    updated_at timestamp without time zone NOT NULL,
    user_id bigint,
    amount double precision NOT NULL,
    payment_gateway_id smallint DEFAULT 0 NOT NULL,
    gateway_id bigint,
    is_payment_completed boolean DEFAULT false NOT NULL,
    paypal_pay_key character varying(250)
);


--
-- Name: wallets_id_seq; Type: SEQUENCE; Schema: public; Owner: -
--

CREATE SEQUENCE wallets_id_seq
    START WITH 1
    INCREMENT BY 1
    NO MINVALUE
    NO MAXVALUE
    CACHE 1;


--
-- Name: wallets_id_seq; Type: SEQUENCE OWNED BY; Schema: public; Owner: -
--

ALTER SEQUENCE wallets_id_seq OWNED BY wallets.id;


--
-- Name: work_profiles_id_seq; Type: SEQUENCE; Schema: public; Owner: -
--

CREATE SEQUENCE work_profiles_id_seq
    START WITH 1
    INCREMENT BY 1
    NO MINVALUE
    NO MAXVALUE
    CACHE 1;


--
-- Name: work_profiles; Type: TABLE; Schema: public; Owner: -; Tablespace: 
--

CREATE TABLE work_profiles (
    id bigint DEFAULT nextval('work_profiles_id_seq'::regclass) NOT NULL,
    created_at timestamp without time zone NOT NULL,
    updated_at timestamp without time zone NOT NULL,
    user_id bigint,
    title character varying(510) NOT NULL,
    description text,
    from_month_year character varying NOT NULL,
    to_month_year character varying,
    company character varying,
    currently_working character varying
);


--
-- Name: zazpay_ipn_logs_id_seq; Type: SEQUENCE; Schema: public; Owner: -
--

CREATE SEQUENCE zazpay_ipn_logs_id_seq
    START WITH 1
    INCREMENT BY 1
    NO MINVALUE
    NO MAXVALUE
    CACHE 1;


--
-- Name: zazpay_ipn_logs; Type: TABLE; Schema: public; Owner: -; Tablespace: 
--

CREATE TABLE zazpay_ipn_logs (
    id bigint DEFAULT nextval('zazpay_ipn_logs_id_seq'::regclass) NOT NULL,
    created_at timestamp without time zone NOT NULL,
    updated_at timestamp without time zone NOT NULL,
    ip bigint,
    post_variable text
);


--
-- Name: zazpay_payment_gateways_id_seq; Type: SEQUENCE; Schema: public; Owner: -
--

CREATE SEQUENCE zazpay_payment_gateways_id_seq
    START WITH 1
    INCREMENT BY 1
    NO MINVALUE
    NO MAXVALUE
    CACHE 1;


--
-- Name: zazpay_payment_gateways; Type: TABLE; Schema: public; Owner: -; Tablespace: 
--

CREATE TABLE zazpay_payment_gateways (
    id bigint DEFAULT nextval('zazpay_payment_gateways_id_seq'::regclass) NOT NULL,
    created_at timestamp without time zone NOT NULL,
    updated_at timestamp without time zone NOT NULL,
    zazpay_gateway_name character varying(510),
    zazpay_gateway_id bigint,
    zazpay_payment_group_id bigint NOT NULL,
    zazpay_gateway_details text,
    days_after_amount_paid bigint,
    is_marketplace_supported boolean
);


--
-- Name: zazpay_payment_gateways_users_id_seq; Type: SEQUENCE; Schema: public; Owner: -
--

CREATE SEQUENCE zazpay_payment_gateways_users_id_seq
    START WITH 1
    INCREMENT BY 1
    NO MINVALUE
    NO MAXVALUE
    CACHE 1;


--
-- Name: zazpay_payment_gateways_users; Type: TABLE; Schema: public; Owner: -; Tablespace: 
--

CREATE TABLE zazpay_payment_gateways_users (
    id bigint DEFAULT nextval('zazpay_payment_gateways_users_id_seq'::regclass) NOT NULL,
    created_at timestamp without time zone NOT NULL,
    updated_at timestamp without time zone NOT NULL,
    user_id bigint,
    zazpay_payment_gateway_id bigint NOT NULL
);


--
-- Name: zazpay_payment_groups_id_seq; Type: SEQUENCE; Schema: public; Owner: -
--

CREATE SEQUENCE zazpay_payment_groups_id_seq
    START WITH 1
    INCREMENT BY 1
    NO MINVALUE
    NO MAXVALUE
    CACHE 1;


--
-- Name: zazpay_payment_groups; Type: TABLE; Schema: public; Owner: -; Tablespace: 
--

CREATE TABLE zazpay_payment_groups (
    id integer DEFAULT nextval('zazpay_payment_groups_id_seq'::regclass) NOT NULL,
    created_at timestamp without time zone NOT NULL,
    updated_at timestamp without time zone NOT NULL,
    zazpay_group_id bigint NOT NULL,
    name character varying(400),
    thumb_url text
);


--
-- Name: zazpay_transaction_logs_id_seq; Type: SEQUENCE; Schema: public; Owner: -
--

CREATE SEQUENCE zazpay_transaction_logs_id_seq
    START WITH 1
    INCREMENT BY 1
    NO MINVALUE
    NO MAXVALUE
    CACHE 1;


--
-- Name: zazpay_transaction_logs; Type: TABLE; Schema: public; Owner: -; Tablespace: 
--

CREATE TABLE zazpay_transaction_logs (
    id bigint DEFAULT nextval('zazpay_transaction_logs_id_seq'::regclass) NOT NULL,
    created_at timestamp without time zone NOT NULL,
    updated_at timestamp without time zone NOT NULL,
    user_id bigint,
    amount double precision NOT NULL,
    payment_id bigint,
    class character varying(100),
    foreign_id bigint,
    zazpay_pay_key character varying(510),
    merchant_id bigint,
    gateway_id integer,
    gateway_name character varying(510),
    status character varying(100),
    payment_type character varying(100),
    buyer_id bigint,
    buyer_email character varying(510),
    buyer_address character varying(510)
);


--
-- Name: id; Type: DEFAULT; Schema: public; Owner: -
--

ALTER TABLE ONLY activities ALTER COLUMN id SET DEFAULT nextval('activities_id_seq'::regclass);


--
-- Name: id; Type: DEFAULT; Schema: public; Owner: -
--

ALTER TABLE ONLY credit_purchase_logs ALTER COLUMN id SET DEFAULT nextval('quote_credit_purchase_logs_id_seq'::regclass);


--
-- Name: id; Type: DEFAULT; Schema: public; Owner: -
--

ALTER TABLE ONLY credit_purchase_plans ALTER COLUMN id SET DEFAULT nextval('quote_credit_purchase_plans_id_seq'::regclass);


--
-- Name: id; Type: DEFAULT; Schema: public; Owner: -
--

ALTER TABLE ONLY followers ALTER COLUMN id SET DEFAULT nextval('followers_id_seq'::regclass);


--
-- Name: id; Type: DEFAULT; Schema: public; Owner: -
--

ALTER TABLE ONLY form_field_submissions ALTER COLUMN id SET DEFAULT nextval('form_field_submissions_id_seq'::regclass);


--
-- Name: id; Type: DEFAULT; Schema: public; Owner: -
--

ALTER TABLE ONLY reviews ALTER COLUMN id SET DEFAULT nextval('reviews_id_seq'::regclass);


--
-- Name: id; Type: DEFAULT; Schema: public; Owner: -
--

ALTER TABLE ONLY roles ALTER COLUMN id SET DEFAULT nextval('roles_id_seq'::regclass);


--
-- Name: id; Type: DEFAULT; Schema: public; Owner: -
--

ALTER TABLE ONLY vaults ALTER COLUMN id SET DEFAULT nextval('vaults_id_seq'::regclass);


--
-- Name: id; Type: DEFAULT; Schema: public; Owner: -
--

ALTER TABLE ONLY views ALTER COLUMN id SET DEFAULT nextval('views_id_seq'::regclass);


--
-- Name: id; Type: DEFAULT; Schema: public; Owner: -
--

ALTER TABLE ONLY wallet_transaction_logs ALTER COLUMN id SET DEFAULT nextval('wallet_transaction_logs_id_seq'::regclass);


--
-- Name: id; Type: DEFAULT; Schema: public; Owner: -
--

ALTER TABLE ONLY wallets ALTER COLUMN id SET DEFAULT nextval('wallets_id_seq'::regclass);


--
-- Data for Name: activities; Type: TABLE DATA; Schema: public; Owner: -
--

COPY activities (id, created_at, updated_at, user_id, other_user_id, foreign_id, class, from_status_id, to_status_id, activity_type, model_id, model_class, amount) FROM stdin;
\.


--
-- Name: activities_id_seq; Type: SEQUENCE SET; Schema: public; Owner: -
--

SELECT pg_catalog.setval('activities_id_seq', 130, true);


--
-- Data for Name: apns_devices; Type: TABLE DATA; Schema: public; Owner: -
--

COPY apns_devices (pid, appname, appversion, deviceuid, devicetoken, devicename, devicemodel, deviceversion, pushbadge, pushalert, pushsound, development, status, created_at, updated_at, user_id) FROM stdin;
\.


--
-- Data for Name: attachments; Type: TABLE DATA; Schema: public; Owner: -
--

COPY attachments (id, created_at, updated_at, class, foreign_id, filename, dir, mimetype, filesize, height, width, thumb, description) FROM stdin;
1	2012-02-16 08:16:35	2012-02-16 08:16:35	UserAvatar	0	default_avatar.png	UserAvatar/0	image/png	3606	286	256	\N	\N
2	2012-02-16 08:16:35	2012-02-16 08:16:35	Portfolio	0	portfolio-no-image.png	Portfolio/0	image/png	7383	398	500	\N	\N
4	2014-04-10 08:16:35	2014-04-10 08:16:35	Job	0	default.png	Job/0	image/png	7383	398	500	\N	\N
3	2012-02-16 08:16:35	2012-02-16 08:16:35	QuoteServicePhoto	0	service-img.png	QuoteServicePhoto/0	image/png	3606	286	256	\N	\N
5	2016-10-27 12:15:31	2016-10-27 12:15:31	QuoteService	2	379df3c1ea064ede4a91e5f8f8cdaefc.jpeg	QuoteService/2	image/jpeg	\N	610	1450	\N	\N
6	2016-10-27 12:27:15	2016-10-27 12:27:15	QuoteService	3	eff49db21d59094b58272569048db1a9.jpeg	QuoteService/3	image/jpeg	\N	480	640	\N	\N
7	2016-10-27 12:32:19	2016-10-27 12:32:19	QuoteService	4	63688d1568fdd5b748e2df92bb78109a.jpeg	QuoteService/4	image/jpeg	\N	555	1450	\N	\N
8	2016-10-27 12:42:02	2016-10-27 12:42:02	QuoteService	5	764b0b4c8187980a1d2b04edb8878e70.jpeg	QuoteService/5	image/jpeg	\N	610	1450	\N	\N
9	2016-10-27 12:46:39	2016-10-27 12:46:39	QuoteService	6	0a22e2e740f7cab008f249d8e0df4047.jpeg	QuoteService/6	image/jpeg	\N	359	478	\N	\N
10	2016-10-27 12:54:35	2016-10-27 12:54:35	QuoteService	7	59b74407d148499be9ba86f702b138d8.jpeg	QuoteService/7	image/jpeg	\N	555	1450	\N	\N
11	2016-10-27 12:59:37	2016-10-27 12:59:37	QuoteService	8	b0b16476786971edcc90cd7d895e56f8.jpeg	QuoteService/8	image/jpeg	\N	160	240	\N	\N
12	2016-10-27 13:04:57	2016-10-27 13:04:57	QuoteService	9	bceb15049d7e352411f1625c83559f6f.jpeg	QuoteService/9	image/jpeg	\N	300	300	\N	\N
13	2016-10-27 13:09:41	2016-10-27 13:09:41	QuoteService	10	162c0b3d3bd9ef802395fcb9da19bc05.jpeg	QuoteService/10	image/jpeg	\N	120	244	\N	\N
14	2016-10-27 13:15:57	2016-10-27 13:15:57	QuoteService	11	a587efbca5bca90b9c66b932c06a1229.jpeg	QuoteService/11	image/jpeg	\N	507	338	\N	\N
15	2016-10-27 13:52:57	2016-10-27 13:52:57	QuoteServicePhoto	1	9a9f2544d2e2c271c58960e44e4e8fc3.jpeg	QuoteServicePhoto/1	image/jpeg	\N	478	359	\N	\N
16	2016-10-27 13:53:18	2016-10-27 13:53:18	QuoteServicePhoto	2	7c3b9805c4177501431b096a9c1304fb.jpeg	QuoteServicePhoto/2	image/jpeg	\N	480	640	\N	\N
17	2016-10-27 13:53:31	2016-10-27 13:53:31	QuoteServicePhoto	3	246b5c8cb6e555e4c67c750ee4a02797.jpeg	QuoteServicePhoto/3	image/jpeg	\N	507	337	\N	\N
18	2016-10-27 13:58:53	2016-10-27 13:58:53	QuoteServicePhoto	4	a627969b39ab65d5755da68dd50d40cd.jpeg	QuoteServicePhoto/4	image/jpeg	\N	480	640	\N	\N
19	2016-10-27 13:59:07	2016-10-27 13:59:07	QuoteServicePhoto	5	aee650c619926576d1f621c48d96b45d.jpeg	QuoteServicePhoto/5	image/jpeg	\N	480	640	\N	\N
20	2016-10-27 14:04:32	2016-10-27 14:04:32	QuoteServicePhoto	6	44e60b0cffe1cccad365b89b6d1cc988.jpeg	QuoteServicePhoto/6	image/jpeg	\N	123	172	\N	\N
21	2016-10-27 14:04:48	2016-10-27 14:04:48	QuoteServicePhoto	7	9ce9a8b22e04103e47625e5873632396.jpeg	QuoteServicePhoto/7	image/jpeg	\N	506	336	\N	\N
22	2016-10-27 14:05:04	2016-10-27 14:05:04	QuoteServicePhoto	8	7bbd458f7d885be29ee3dbdeca49564b.jpeg	QuoteServicePhoto/8	image/jpeg	\N	555	1450	\N	\N
23	2016-10-27 14:25:48	2016-10-27 14:25:48	QuoteServicePhoto	9	0182138c09f7746e443352197567f0ed.jpeg	QuoteServicePhoto/9	image/jpeg	\N	610	1450	\N	\N
24	2016-10-27 14:26:03	2016-10-27 14:26:03	QuoteServicePhoto	10	6ab181ee19804b3876f664690b83ce5b.jpeg	QuoteServicePhoto/10	image/jpeg	\N	610	1450	\N	\N
25	2016-10-27 14:29:19	2016-10-27 14:29:19	QuoteServicePhoto	11	c2f852566cc4d6df683c1a5d03517d1a.jpeg	QuoteServicePhoto/11	image/jpeg	\N	338	507	\N	\N
26	2016-10-27 14:29:36	2016-10-27 14:29:36	QuoteServicePhoto	12	0b8335d7c5336fa916e71641bffcbaf1.jpeg	QuoteServicePhoto/12	image/jpeg	\N	359	478	\N	\N
27	2016-10-27 14:35:57	2016-10-27 14:35:57	QuoteServicePhoto	13	2be35b0bcbda551d241fcf6f042650a1.jpeg	QuoteServicePhoto/13	image/jpeg	\N	555	1450	\N	\N
28	2016-10-27 14:42:30	2016-10-27 14:42:30	QuoteServicePhoto	14	241912df046af9b6d224a3ada67c8474.jpeg	QuoteServicePhoto/14	image/jpeg	\N	555	1450	\N	\N
29	2016-10-27 14:42:46	2016-10-27 14:42:46	QuoteServicePhoto	15	a42dd29f41e7e0a890f8061c0a206141.jpeg	QuoteServicePhoto/15	image/jpeg	\N	555	1450	\N	\N
30	2016-10-27 14:44:09	2016-10-27 14:44:09	QuoteServicePhoto	16	ebe725f9bec3201f5309dd2fafa52aa0.jpeg	QuoteServicePhoto/16	image/jpeg	\N	610	1450	\N	\N
31	2016-10-27 14:44:27	2016-10-27 14:44:27	QuoteServicePhoto	17	96f59d4095ca74036d1dd0573edd264d.jpeg	QuoteServicePhoto/17	image/jpeg	\N	610	1450	\N	\N
32	2016-10-27 14:46:11	2016-10-27 14:46:11	QuoteServicePhoto	18	3c6ae1678aec48854ee02aa63575c1cb.jpeg	QuoteServicePhoto/18	image/jpeg	\N	480	640	\N	\N
33	2016-10-27 14:46:27	2016-10-27 14:46:27	QuoteServicePhoto	19	14c7765ae3347cd706dc45fd8a404f04.jpeg	QuoteServicePhoto/19	image/jpeg	\N	480	640	\N	\N
34	2016-10-27 14:47:46	2016-10-27 14:47:46	QuoteServicePhoto	20	a4c781f1db0354b12e3491a3b9191534.jpeg	QuoteServicePhoto/20	image/jpeg	\N	130	195	\N	\N
35	2016-10-27 14:48:00	2016-10-27 14:48:00	QuoteServicePhoto	21	079843cc3404d409ffa05fe35390c896.jpeg	QuoteServicePhoto/21	image/jpeg	\N	120	244	\N	\N
36	2016-10-27 14:48:35	2016-10-27 14:48:35	QuoteServicePhoto	22	b72b9fe9a54b7513c86d3940cc16c243.jpeg	QuoteServicePhoto/22	image/jpeg	\N	610	1450	\N	\N
37	2017-04-29 08:04:53	2017-04-29 08:04:53	ProjectDocument	1	fb1a2ab1e2106f6f1e0247b174ce2b56.txt	ProjectDocument/1	\N	\N	\N	\N	\N	\N
38	2017-04-29 08:06:32	2017-04-29 08:06:32	ProjectDocument	1	9088a4e2f1c2ce614fc01c6278889dac.txt	ProjectDocument/1	\N	\N	\N	\N	\N	\N
39	2017-04-29 12:55:07	2017-04-29 12:55:07	Job	2	84cadd058934ab0dbf2462ee205e2529.png	Job/2	image/png	\N	128	128	\N	\N
40	2017-04-29 12:58:07	2017-04-29 12:58:07	Job	3	e714a753541aeab52cdce7ff50995c46.png	Job/3	image/png	\N	128	128	\N	\N
41	2017-04-29 13:01:31	2017-04-29 13:01:31	Job	4	1ccf6f781c912514697db4c127683c5e.png	Job/4	image/png	\N	128	128	\N	\N
42	2017-04-29 13:08:56	2017-04-29 13:08:56	Job	6	bb28db216dd790549f193c0e3aeb3463.png	Job/6	image/png	\N	128	128	\N	\N
43	2017-04-29 13:13:29	2017-04-29 13:13:29	Job	7	2f70b7104ff53d1014d3576afbf07243.png	Job/7	image/png	\N	128	128	\N	\N
44	2017-04-29 13:19:26	2017-04-29 13:19:26	JobApply	1	36333e781f101a3e8aa27d7af00f0911.txt	JobApply/1	\N	\N	\N	\N	\N	\N
45	2017-04-29 13:20:14	2017-04-29 13:20:14	JobApply	2	d0bbc924593eb1beb25ff7fb7213ceab.txt	JobApply/2	\N	\N	\N	\N	\N	\N
46	2017-04-29 13:20:36	2017-04-29 13:20:36	JobApply	3	aba179d6647a38d380edcb866ba3bec4.txt	JobApply/3	\N	\N	\N	\N	\N	\N
47	2017-04-29 13:21:09	2017-04-29 13:21:09	JobApply	4	92d2a7d2f3ca5d94cf8c3e0619c71a4b.txt	JobApply/4	\N	\N	\N	\N	\N	\N
48	2017-04-29 13:23:38	2017-04-29 13:23:38	Portfolio	1	a366889bfba7c53711fef18bfee0c330.jpg	Portfolio/1	\N	\N	388	442	\N	\N
49	2017-04-29 13:24:45	2017-04-29 13:24:45	Portfolio	2	47fe97167a2b0f7fb0932e69c3f4a0c4.jpg	Portfolio/2	\N	\N	351	486	\N	\N
50	2017-04-29 13:25:14	2017-04-29 13:25:14	Portfolio	3	2bef50812803fb1e1b394f7cce4bcd1d.jpg	Portfolio/3	\N	\N	348	491	\N	\N
51	2017-04-29 13:25:48	2017-04-29 13:25:48	Portfolio	4	ab736509645899c5752c11f010ec9e5b.jpg	Portfolio/4	\N	\N	493	347	\N	\N
52	2017-04-29 13:27:38	2017-04-29 13:27:38	Portfolio	5	31b059dcbca74297689d93b36f41da4a.jpg	Portfolio/5	\N	\N	414	414	\N	\N
53	2017-04-29 13:28:19	2017-04-29 13:28:19	Portfolio	6	e468089ed4b8f1ab80860d17e4217591.jpg	Portfolio/6	\N	\N	338	508	\N	\N
54	2017-04-29 13:28:43	2017-04-29 13:28:43	Portfolio	7	0e04ff6181f25b12d495fd0db1840fcd.jpg	Portfolio/7	\N	\N	414	414	\N	\N
55	2017-04-29 13:29:04	2017-04-29 13:29:04	Portfolio	8	c424f4d57f38b24b11185232b1f70707.jpg	Portfolio/8	\N	\N	337	509	\N	\N
56	2017-04-29 13:30:53	2017-04-29 13:30:53	Portfolio	9	1f7706122dd56b60dff069bebcf5273c.jpg	Portfolio/9	\N	\N	388	442	\N	\N
57	2017-04-29 13:31:18	2017-04-29 13:31:18	Portfolio	10	ae3253114a697a02a610887839ae9e38.jpg	Portfolio/10	\N	\N	413	413	\N	\N
58	2017-04-29 13:31:53	2017-04-29 13:31:53	Portfolio	11	b8e7cb8e301eb575f3ee181199330406.jpg	Portfolio/11	\N	\N	348	491	\N	\N
59	2017-04-29 13:32:27	2017-04-29 13:32:27	Portfolio	12	0fe83c7d083893fdaacec85f75a51a81.jpg	Portfolio/12	\N	\N	287	318	\N	\N
\.


--
-- Name: attachments_id_seq; Type: SEQUENCE SET; Schema: public; Owner: -
--

SELECT pg_catalog.setval('attachments_id_seq', 59, true);


--
-- Name: bid_portfolios_id_seq; Type: SEQUENCE SET; Schema: public; Owner: -
--

SELECT pg_catalog.setval('bid_portfolios_id_seq', 1, false);


--
-- Data for Name: bid_statuses; Type: TABLE DATA; Schema: public; Owner: -
--

COPY bid_statuses (id, created_at, updated_at, name, bid_count) FROM stdin;
1	2011-03-31 18:06:20	2011-03-31 18:06:20	Pending	0
2	2011-03-31 18:06:50	2011-03-31 18:06:50	Won	0
3	2011-03-31 18:06:50	2011-03-31 18:06:50	Lost	0
\.


--
-- Name: bid_statuses_id_seq; Type: SEQUENCE SET; Schema: public; Owner: -
--

SELECT pg_catalog.setval('bid_statuses_id_seq', 3, true);


--
-- Data for Name: bids; Type: TABLE DATA; Schema: public; Owner: -
--

COPY bids (id, created_at, updated_at, user_id, project_bid_id, project_id, amount, description, duration, winner_selected_date, bid_status_id, is_notifiy, is_withdrawn, is_freelancer_withdrawn, total_escrow_amount, amount_in_escrow, paid_escrow_amount, total_invoice_requested_amount, site_commission_from_employer, total_invoice_got_paid, site_commission_from_freelancer, development_start_date, development_end_date, is_offered_rejected, message_count, milestone_count, credit_purchase_log_id, is_reached_response_end_date_for_freelancer) FROM stdin;
1	2017-04-28 07:55:25	2017-04-28 07:55:25	3	3	3	150	Need full requirement	90	\N	1	\N	f	f	0	0	0	0	0	0	0	\N	\N	f	0	0	1	f
4	2017-04-28 08:38:20	2017-04-28 08:38:20	4	3	3	80	\N	90	\N	1	\N	f	f	0	0	0	0	0	0	0	\N	\N	f	0	0	2	f
2	2017-04-28 07:55:54	2017-04-28 09:00:12	3	2	2	1000	\N	100	2017-04-28 09:00:12	2	\N	f	f	0	0	0	0	0	0	0	\N	\N	f	0	0	1	f
5	2017-04-28 08:38:38	2017-04-28 09:00:12	4	2	2	900	\N	90	2017-04-28 09:00:12	3	\N	f	f	0	0	0	0	0	0	0	\N	\N	f	0	0	2	f
6	2017-04-28 08:39:01	2017-04-28 09:00:34	4	1	1	155	Need full detail of the project	90	2017-04-28 09:00:34	3	\N	f	f	0	0	0	0	0	0	0	\N	\N	f	0	0	2	f
7	2017-04-29 07:47:49	2017-04-29 07:47:49	4	4	4	250	\N	90	\N	1	\N	f	f	0	0	0	0	0	0	0	\N	\N	f	0	0	2	f
8	2017-04-29 07:48:55	2017-04-29 07:48:55	4	9	9	400	\N	10	\N	1	\N	f	f	0	0	0	0	0	0	0	\N	\N	f	0	0	2	f
9	2017-04-29 07:49:12	2017-04-29 07:49:12	4	10	10	200	\N	10	\N	1	\N	f	f	0	0	0	0	0	0	0	\N	\N	f	0	0	2	f
10	2017-04-29 07:52:01	2017-04-29 07:52:01	6	9	9	500	\N	8	\N	1	\N	f	f	0	0	0	0	0	0	0	\N	\N	f	0	0	3	f
11	2017-04-29 07:52:24	2017-04-29 07:52:24	6	8	8	200	\N	5	\N	1	\N	f	f	0	0	0	0	0	0	0	\N	\N	f	0	0	3	f
12	2017-04-29 07:52:46	2017-04-29 07:52:46	6	7	7	200	\N	50	\N	1	\N	f	f	0	0	0	0	0	0	0	\N	\N	f	0	0	3	f
13	2017-04-29 07:53:27	2017-04-29 07:53:27	6	4	4	500	\N	10	\N	1	\N	f	f	0	0	0	0	0	0	0	\N	\N	f	0	0	3	f
14	2017-04-29 07:55:16	2017-04-29 07:55:16	6	3	3	200	\N	90	\N	1	\N	f	f	0	0	0	0	0	0	0	\N	\N	f	0	0	3	f
15	2017-04-29 07:55:34	2017-04-29 07:55:34	6	10	10	100	\N	15	\N	1	\N	f	f	0	0	0	0	0	0	0	\N	\N	f	0	0	3	f
16	2017-04-29 08:01:06	2017-04-29 08:01:06	2	8	8	180	\N	5	\N	1	\N	f	f	0	0	0	0	0	0	0	\N	\N	f	0	0	4	f
17	2017-04-29 08:01:31	2017-04-29 08:01:31	2	9	9	400	\N	15	\N	1	\N	f	f	0	0	0	0	0	0	0	\N	\N	f	0	0	4	f
3	2017-04-28 07:56:22	2017-04-29 09:01:06	3	1	1	200	\N	90	2017-04-28 09:00:34	2	\N	f	f	0	200	-200	0	0	0	0	\N	2017-04-29 09:01:06	f	3	2	1	f
18	2017-04-29 09:33:40	2017-04-29 09:33:40	3	4	4	400	\N	50	\N	1	\N	f	f	0	0	0	0	0	0	0	\N	\N	f	0	0	1	f
\.


--
-- Name: bids_id_seq; Type: SEQUENCE SET; Schema: public; Owner: -
--

SELECT pg_catalog.setval('bids_id_seq', 18, true);


--
-- Data for Name: certifications; Type: TABLE DATA; Schema: public; Owner: -
--

COPY certifications (id, created_at, updated_at, user_id, title, conferring_organization, description, year) FROM stdin;
1	2017-04-28 08:44:59	2017-04-28 08:44:59	4	Zend Certification	Zend	Got Zend Certificate for PHP begginer	2014
2	2017-04-28 08:50:48	2017-04-28 08:50:48	2	Escuela Superior de Creativos Publicitarios	Creativity	I done Escuela Superior de Creativos Publicitarios	2016
\.


--
-- Name: certifications_id_seq; Type: SEQUENCE SET; Schema: public; Owner: -
--

SELECT pg_catalog.setval('certifications_id_seq', 2, true);


--
-- Data for Name: cities; Type: TABLE DATA; Schema: public; Owner: -
--

COPY cities (id, created_at, updated_at, country_id, state_id, name, slug, latitude, longitude, timezone, dma_id, county, code, is_active, project_count, quote_service_count, user_profile_count, user_freelancer_count, language_id) FROM stdin;
1	2012-05-07 05:11:00	2012-05-07 05:11:00	102	2191	Madras	madras	13.0832999999999995	80.283299999999997	\N	\N	\N	\N	t	0	0	0	0	\N
2	2012-05-07 05:51:25	2012-05-07 05:51:25	102	2191	Chennai	chennai	\N	\N	\N	\N	\N	\N	t	0	0	0	0	\N
3	2012-05-07 05:58:14	2012-05-07 06:00:02	102	2182	Mumbai	mumbai	\N	\N	\N	\N	\N	\N	t	0	0	0	0	\N
4	2012-05-07 06:30:45	2012-05-07 06:30:45	253	126	Morgan Hill	morgan-hill	\N	\N	\N	\N	\N	\N	t	0	0	0	0	\N
5	2012-05-07 07:05:32	2012-05-07 07:05:32	88	1918	K	kln	50.9333000000000027	6.95000000000000018	\N	\N	\N	\N	t	0	0	0	0	\N
6	2012-05-07 07:11:41	2012-05-07 07:11:41	252	5406	London	london	51.5142000000000024	-0.0931000000000000022	\N	\N	\N	\N	t	0	0	0	0	\N
7	2012-05-07 07:25:56	2012-05-07 07:25:56	253	142	Street	street	\N	\N	\N	\N	\N	\N	t	0	0	0	0	\N
9	2012-05-07 07:27:07	2012-05-07 07:27:07	14	4	Double Bay	double-bay	\N	\N	\N	\N	\N	\N	t	0	0	0	0	\N
10	2012-05-07 07:27:41	2012-05-07 07:27:41	245	4225	Istanbul	istanbul	\N	\N	\N	\N	\N	\N	t	0	0	0	0	\N
11	2012-05-07 07:29:24	2012-05-07 07:29:24	47	1358	Chengdu	chengdu	\N	\N	\N	\N	\N	\N	t	0	0	0	0	\N
12	2012-05-07 07:30:30	2012-05-07 07:30:30	224	3908	Madrid	madrid	\N	\N	\N	\N	\N	\N	t	0	0	0	0	\N
13	2012-05-07 07:31:08	2012-05-07 07:31:08	115	2257	Venice	venice	\N	\N	\N	\N	\N	\N	t	0	0	0	0	\N
14	2012-05-07 07:31:40	2013-09-25 13:02:32	252	5392	Bristol	bristol	\N	\N		\N			t	0	0	0	0	\N
15	2012-05-07 07:32:21	2012-05-07 07:32:21	181	3000	Oslo	oslo	\N	\N	\N	\N	\N	\N	t	0	0	0	0	\N
16	2012-05-07 07:37:57	2012-05-07 07:37:57	253	135	Panama	panama	\N	\N	\N	\N	\N	\N	t	0	0	0	0	\N
17	2012-05-07 07:38:46	2012-05-07 07:38:46	10	1063	Mendoza	mendoza	\N	\N	\N	\N	\N	\N	t	0	0	0	0	\N
18	2013-09-24 10:09:05	2013-09-24 10:09:05	83	5431	Trier	trier	\N	\N	\N	\N	\N	\N	t	0	0	0	0	\N
19	2013-09-24 13:02:41	2013-09-24 13:02:41	240	145	Medford	medford	\N	\N	\N	\N	\N	\N	t	0	0	0	0	\N
20	2013-09-28 14:47:37	2013-09-28 14:47:37	102	2191	Salem	salem	\N	\N	\N	\N	\N	\N	t	0	0	0	0	\N
22	2013-10-01 09:47:12	2013-10-01 09:47:12	102	2191	Andipatti Jakkampatti	andipatti-jakkampatti	\N	\N	\N	\N	\N	\N	t	0	0	0	0	\N
21	2013-09-30 11:53:12	2013-09-30 11:53:12	76	1799	Vouziers	vouziers	\N	\N	\N	\N	\N	\N	t	0	0	0	0	\N
23	2013-10-01 09:49:04	2013-10-01 09:49:04	102	2191	Coimbatore	coimbatore	\N	\N	\N	\N	\N	\N	t	0	0	0	0	\N
24	2013-10-01 09:56:14	2013-10-01 09:56:14	102	2170	Goalpara	goalpara	\N	\N	\N	\N	\N	\N	t	0	0	0	0	\N
25	2013-10-01 09:59:30	2013-10-01 09:59:30	14	4	Brookvale	brookvale	\N	\N	\N	\N	\N	\N	t	0	0	0	0	\N
26	2013-10-01 10:01:58	2013-10-01 10:01:58	240	155	Cary	cary	\N	\N	\N	\N	\N	\N	t	0	0	0	0	\N
27	2013-10-01 10:12:30	2013-10-01 10:12:30	240	155	Winston-Salem	winston-salem	\N	\N	\N	\N	\N	\N	t	0	0	0	0	\N
28	2013-10-01 10:15:29	2013-10-01 10:15:29	240	172	Burke	burke	\N	\N	\N	\N	\N	\N	t	0	0	0	0	\N
29	2013-10-01 10:18:47	2013-10-01 10:18:47	174	5435	Chaco	chaco	\N	\N	\N	\N	\N	\N	t	0	0	0	0	\N
30	2013-10-01 10:21:56	2013-10-01 10:21:56	102	2191	Tirunelveli	tirunelveli	\N	\N	\N	\N	\N	\N	t	0	0	0	0	\N
31	2013-10-01 10:32:53	2013-10-01 10:32:53	240	126	San Francisco	san-francisco	\N	\N	\N	\N	\N	\N	t	0	0	0	0	\N
32	2013-10-01 11:33:12	2013-10-01 11:33:12	240	167	Annandale	annandale	\N	\N	\N	\N	\N	\N	t	0	0	0	0	\N
33	2013-10-01 11:33:56	2013-10-01 11:33:56	209	3685	Middelburg - MP	middelburg-mp	\N	\N	\N	\N	\N	\N	t	0	0	0	0	\N
45	2013-10-01 13:08:14	2013-10-01 13:08:14	41	37	Stormont, Dundas and Glengarry United Countie	stormont-dundas-and-glengarry-united-counties	\N	\N	\N	\N	\N	\N	t	0	0	0	0	\N
34	2013-10-01 11:35:18	2013-10-01 11:35:18	102	2191	Salavakkam	salavakkam	\N	\N	\N	\N	\N	\N	t	0	0	0	0	\N
35	2013-10-01 11:38:43	2013-10-01 11:38:43	76	1812	Nice	nice	\N	\N	\N	\N	\N	\N	t	0	0	0	0	\N
36	2013-10-01 11:39:42	2013-10-01 11:39:42	102	2185	Bangalore	bangalore	\N	\N	\N	\N	\N	\N	t	0	0	0	0	\N
37	2013-10-01 11:41:25	2013-10-01 11:41:25	112	5436	Ginowan	ginowan	\N	\N	\N	\N	\N	\N	t	0	0	0	0	\N
38	2013-10-01 11:41:39	2013-10-01 11:41:39	213	3937	A Baxe	a-baxe	\N	\N	\N	\N	\N	\N	t	0	0	0	0	\N
39	2013-10-01 11:42:59	2013-10-01 11:42:59	239	5392	Barway	barway	\N	\N	\N	\N	\N	\N	t	0	0	0	0	\N
40	2013-10-01 11:44:21	2013-10-01 11:44:21	102	2185	Subrahmanya	subrahmanya	\N	\N	\N	\N	\N	\N	t	0	0	0	0	\N
53	2013-10-01 13:34:36	2013-10-01 13:34:36	240	153	Clovis	clovis	\N	\N	\N	\N	\N	\N	t	0	0	0	0	\N
41	2013-10-01 11:45:12	2013-10-01 11:45:12	112	5437	Nara	nara	\N	\N	\N	\N	\N	\N	t	0	0	0	0	\N
42	2013-10-01 11:46:19	2013-10-01 11:46:19	83	5438	Erftstadt	erftstadt	\N	\N	\N	\N	\N	\N	t	0	0	0	0	\N
44	2013-10-01 13:07:52	2013-10-01 13:07:52	104	5440	Tabriz	tabriz	\N	\N	\N	\N	\N	\N	t	0	0	0	0	\N
43	2013-10-01 11:46:56	2013-10-01 11:46:56	58	5439	Brasy	brasy	\N	\N	\N	\N	\N	\N	t	0	0	0	0	\N
46	2013-10-01 13:09:13	2013-10-01 13:09:13	76	5441	Normanville	normanville	\N	\N	\N	\N	\N	\N	t	0	0	0	0	\N
47	2013-10-01 13:09:19	2013-10-01 13:09:19	102	2193	Ghaziabad	ghaziabad	\N	\N	\N	\N	\N	\N	t	0	0	0	0	\N
48	2013-10-01 13:10:28	2013-10-01 13:10:28	160	5442	Bonanza	bonanza	\N	\N	\N	\N	\N	\N	t	0	0	0	0	\N
49	2013-10-01 13:10:37	2013-10-01 13:10:37	58	5443	Casy	casy	\N	\N	\N	\N	\N	\N	t	0	0	0	0	\N
50	2013-10-01 13:12:24	2013-10-01 13:12:24	240	163	Easter	easter	\N	\N	\N	\N	\N	\N	t	0	0	0	0	\N
51	2013-10-01 13:12:38	2013-10-01 13:12:38	240	172	South Burlington	south-burlington	\N	\N	\N	\N	\N	\N	t	0	0	0	0	\N
52	2013-10-01 13:15:25	2013-10-01 13:15:25	240	153	San Jose	san-jose	\N	\N	\N	\N	\N	\N	t	0	0	0	0	\N
54	2013-10-01 13:35:24	2013-10-01 13:35:24	53	1437	Parrita Canton	parrita-canton	\N	\N	\N	\N	\N	\N	t	0	0	0	0	\N
55	2013-10-01 13:36:56	2013-10-01 13:36:56	143	66	Chilpancingo	chilpancingo	\N	\N	\N	\N	\N	\N	t	0	0	0	0	\N
56	2013-10-01 13:37:20	2013-10-01 13:37:20	240	168	Lakewood	lakewood	\N	\N	\N	\N	\N	\N	t	0	0	0	0	\N
57	2013-10-01 13:38:53	2013-10-01 13:38:53	240	141	Augusta	augusta	\N	\N	\N	\N	\N	\N	t	0	0	0	0	\N
58	2013-10-01 13:39:05	2013-10-01 13:39:05	240	126	Corcoran	corcoran	\N	\N	\N	\N	\N	\N	t	0	0	0	0	\N
59	2013-10-01 13:39:44	2013-10-01 13:39:44	240	126	Anaheim	anaheim	\N	\N	\N	\N	\N	\N	t	0	0	0	0	\N
60	2013-10-01 13:41:25	2013-10-01 13:41:25	102	2193	Khada	khada	\N	\N	\N	\N	\N	\N	t	0	0	0	0	\N
61	2013-10-01 13:41:33	2013-10-01 13:41:33	213	5444	Murcia	murcia	\N	\N	\N	\N	\N	\N	t	0	0	0	0	\N
62	2013-10-01 13:41:44	2013-10-01 13:41:44	240	150	Sparks	sparks	\N	\N	\N	\N	\N	\N	t	0	0	0	0	\N
63	2013-10-01 13:44:05	2013-10-01 13:44:05	240	143	Newton	newton	\N	\N	\N	\N	\N	\N	t	0	0	0	0	\N
64	2013-10-01 13:44:48	2013-10-01 13:44:48	53	1432	Alajuela	alajuela	\N	\N	\N	\N	\N	\N	t	0	0	0	0	\N
65	2013-11-09 13:09:39	2013-11-09 13:09:39	239	3001	Greater London	greater-london	\N	\N	\N	\N	\N	\N	t	0	0	0	0	\N
66	2013-11-09 13:11:51	2013-11-09 13:11:51	41	37	McDonalds Corners	mcdonalds-corners	\N	\N	\N	\N	\N	\N	t	0	0	0	0	\N
67	2013-11-09 13:12:44	2013-11-09 13:12:44	83	1921	Noer	noer	\N	\N	\N	\N	\N	\N	t	0	0	0	0	\N
68	2013-11-09 13:14:02	2013-11-09 13:14:02	112	5445	Shingu	shingu	\N	\N	\N	\N	\N	\N	t	0	0	0	0	\N
69	2013-11-09 13:14:56	2013-11-09 13:14:56	109	5446	Bettola-Zeloforamagno	bettola-zeloforamagno	\N	\N	\N	\N	\N	\N	t	0	0	0	0	\N
70	2013-11-09 13:16:29	2013-11-09 13:16:29	178	5447	Szczecin	szczecin	\N	\N	\N	\N	\N	\N	t	0	0	0	0	\N
71	2013-11-11 06:07:35	2013-11-11 06:07:35	112	5449	Tochigi	tochigi	\N	\N	\N	\N	\N	\N	t	0	0	0	0	\N
72	2013-11-11 06:12:35	2013-11-11 06:12:35	240	124	Tempe	tempe	\N	\N	\N	\N	\N	\N	t	0	0	0	0	\N
73	2013-11-11 06:20:08	2013-11-11 06:20:08	76	1805	Saint-Pierre-de-Fursac	saint-pierre-de-fursac	\N	\N	\N	\N	\N	\N	t	0	0	0	0	\N
74	2013-11-11 06:28:26	2013-11-11 06:28:26	14	6	Moonyoonooka	moonyoonooka	\N	\N	\N	\N	\N	\N	t	0	0	0	0	\N
75	2013-11-11 06:45:10	2013-11-11 06:45:10	76	1804	H	h	\N	\N	\N	\N	\N	\N	t	0	0	0	0	\N
76	2013-11-11 06:46:40	2013-11-11 06:46:40	240	132	Plains	plains	\N	\N	\N	\N	\N	\N	t	0	0	0	0	\N
90	2013-11-12 08:39:30	2013-11-12 08:39:30	176	5460	Manila	manila	\N	\N	\N	\N	\N	\N	t	0	0	0	0	\N
77	2013-11-11 06:47:18	2013-11-11 06:47:18	240	150	Austin	austin	\N	\N	\N	\N	\N	\N	t	0	0	0	0	\N
78	2013-11-11 06:48:52	2013-11-11 06:48:52	240	165	New Braunfels	new-braunfels	\N	\N	\N	\N	\N	\N	t	0	0	0	0	\N
79	2013-11-11 06:50:38	2013-11-11 06:50:38	221	5451	Palmyra	palmyra	\N	\N	\N	\N	\N	\N	t	0	0	0	0	\N
80	2013-11-11 06:51:25	2013-11-11 06:51:25	168	2848	Duqm	duqm	\N	\N	\N	\N	\N	\N	t	0	0	0	0	\N
81	2013-11-11 06:56:21	2013-11-11 06:56:21	27	5452	Santiago de Machaca	santiago-de-machaca	\N	\N	\N	\N	\N	\N	t	0	0	0	0	\N
82	2013-11-11 06:57:37	2013-11-11 06:57:37	104	2203	Chabahar	chabahar	\N	\N	\N	\N	\N	\N	t	0	0	0	0	\N
83	2013-11-11 06:58:30	2013-11-11 06:58:30	104	5453	Sabzevar	sabzevar	\N	\N	\N	\N	\N	\N	t	0	0	0	0	\N
84	2013-11-11 07:26:12	2013-11-11 07:26:12	76	1803	Yvelines	yvelines	\N	\N	\N	\N	\N	\N	t	0	0	0	0	\N
85	2013-11-11 07:31:06	2013-11-11 07:31:06	76	5441	Seine-Maritime	seine-maritime	\N	\N	\N	\N	\N	\N	t	0	0	0	0	\N
89	2013-11-11 13:34:55	2013-11-11 13:34:55	240	122	Russellville	russellville	\N	\N	\N	\N	\N	\N	t	0	0	0	0	\N
86	2013-11-11 07:31:41	2013-11-11 07:31:41	247	4590	Bien Hoa	bien-hoa	\N	\N	\N	\N	\N	\N	t	0	0	0	0	\N
87	2013-11-11 07:33:29	2013-11-11 07:33:29	175	5458	Palpa	palpa	\N	\N	\N	\N	\N	\N	t	0	0	0	0	\N
88	2013-11-11 07:34:41	2013-11-11 07:34:41	222	3001	Linnei Township	linnei-township	\N	\N	\N	\N	\N	\N	t	0	0	0	0	\N
91	2013-11-13 14:12:53	2013-11-13 14:12:53	102	2179	Kochi	kochi	\N	\N	\N	\N	\N	\N	t	0	0	0	0	\N
92	2013-11-13 14:15:41	2013-11-13 14:15:41	19	5461	Chittagong	chittagong	\N	\N	\N	\N	\N	\N	t	0	0	0	0	\N
93	2013-11-14 10:27:35	2013-11-14 10:27:35	151	2916	Inhaminga	inhaminga	\N	\N	\N	\N	\N	\N	t	0	0	0	0	\N
94	2013-11-14 14:13:44	2013-11-14 14:13:44	76	1809	Loire-Atlantique	loire-atlantique	\N	\N	\N	\N	\N	\N	t	0	0	0	0	\N
95	2014-04-17 15:33:51	2014-04-17 15:33:51	219	5463	Lund	lund	\N	\N	\N	\N	\N	\N	t	0	0	0	0	\N
96	2014-04-17 15:41:45	2014-04-17 15:41:45	153	4639	Aus	aus	\N	\N	\N	\N	\N	\N	t	0	0	0	0	\N
97	2014-04-17 15:46:57	2014-04-17 15:46:57	112	2331	Echizen	echizen	\N	\N	\N	\N	\N	\N	t	0	0	0	0	\N
98	2014-04-17 15:55:05	2014-04-17 15:55:05	83	5464	Munich	munich	\N	\N	\N	\N	\N	\N	t	0	0	0	0	\N
99	2014-04-17 16:00:16	2014-04-17 16:00:16	102	2191	Thimmaiyanpettai	thimmaiyanpettai	\N	\N	\N	\N	\N	\N	t	0	0	0	0	\N
100	2014-04-17 16:13:10	2014-04-17 16:13:10	178	5465	Nuny	nuny	\N	\N	\N	\N	\N	\N	t	0	0	0	0	\N
101	2014-04-17 16:20:28	2014-04-17 16:20:28	240	126	Los Angeles	los-angeles	\N	\N	\N	\N	\N	\N	t	0	0	0	0	\N
310	2015-09-24 15:42:09	2015-09-24 15:42:09	0	0	Washington	washington	\N	\N	\N	\N	\N	\N	t	0	0	0	0	\N
311	2015-09-24 16:17:44	2015-09-24 16:17:44	0	0	Mamballam	mamballam	\N	\N	\N	\N	\N	\N	t	0	0	0	0	\N
312	2015-09-24 16:20:59	2015-09-24 16:20:59	0	0	Kaatsheuvel	kaatsheuvel	\N	\N	\N	\N	\N	\N	t	0	0	0	0	\N
313	2015-09-24 16:44:43	2015-09-24 16:44:43	0	0	O'Fallon	o-fallon	\N	\N	\N	\N	\N	\N	t	0	0	0	0	\N
314	2015-09-24 17:00:57	2015-09-24 17:00:57	0	0	Hilton Head Island	hilton-head-island	\N	\N	\N	\N	\N	\N	t	0	0	0	0	\N
315	2015-09-25 07:48:05	2015-09-25 07:48:05	0	0	Pimpri-Chinchwad	pimpri-chinchwad	\N	\N	\N	\N	\N	\N	t	0	0	0	0	\N
316	2015-09-25 08:15:44	2015-09-25 08:15:44	0	0	Eluru	eluru	\N	\N	\N	\N	\N	\N	t	0	0	0	0	\N
317	2015-09-25 08:21:15	2015-09-25 08:21:15	0	0	Klina Sela	klina-sela	\N	\N	\N	\N	\N	\N	t	0	0	0	0	\N
318	2015-09-25 08:28:11	2015-09-25 08:28:11	0	0	Haixi	haixi	\N	\N	\N	\N	\N	\N	t	0	0	0	0	\N
319	2015-09-25 08:50:30	2015-09-25 08:50:30	0	0	Kolkata	kolkata	\N	\N	\N	\N	\N	\N	t	0	0	0	0	\N
320	2015-09-25 09:19:52	2015-09-25 09:19:52	0	0	Wyomissing	wyomissing	\N	\N	\N	\N	\N	\N	t	0	0	0	0	\N
321	2015-09-25 09:37:44	2015-09-25 09:37:44	0	0	Obwalden	obwalden	\N	\N	\N	\N	\N	\N	t	0	0	0	0	\N
322	2015-09-25 09:39:24	2015-09-25 09:39:24	0	0	Province of Sassari	province-of-sassari	\N	\N	\N	\N	\N	\N	t	0	0	0	0	\N
323	2015-09-25 09:41:08	2015-09-25 09:41:08	0	0	Delhi	delhi	\N	\N	\N	\N	\N	\N	t	0	0	0	0	\N
324	2015-09-25 09:42:40	2015-09-25 09:42:40	0	0	Kasaragod	kasaragod	\N	\N	\N	\N	\N	\N	t	0	0	0	0	\N
325	2015-09-25 09:44:50	2015-09-25 09:44:50	0	0	Queen Creek	queen-creek	\N	\N	\N	\N	\N	\N	t	0	0	0	0	\N
326	2015-09-25 09:52:56	2015-09-25 09:52:56	0	0	Pickerel	pickerel	\N	\N	\N	\N	\N	\N	t	0	0	0	0	\N
327	2015-09-25 09:55:38	2015-09-25 09:55:38	0	0	Corning	corning	\N	\N	\N	\N	\N	\N	t	0	0	0	0	\N
328	2015-09-25 10:27:50	2015-09-25 10:27:50	0	0	Thiruvaly	thiruvaly	\N	\N	\N	\N	\N	\N	t	0	0	0	0	\N
329	2015-09-25 10:32:04	2015-09-25 10:32:04	0	0	Racine	racine	\N	\N	\N	\N	\N	\N	t	0	0	0	0	\N
330	2015-09-25 10:33:58	2015-09-25 10:33:58	0	0	Cachoeiras de Macacu	cachoeiras-de-macacu	\N	\N	\N	\N	\N	\N	t	0	0	0	0	\N
331	2015-09-25 10:40:35	2015-09-25 10:40:35	0	0	Bratislava	bratislava	\N	\N	\N	\N	\N	\N	t	0	0	0	0	\N
332	2015-09-25 13:15:03	2015-09-25 13:15:03	0	0	Zrich	zrich	\N	\N	\N	\N	\N	\N	t	0	0	0	0	\N
333	2015-09-25 13:20:47	2015-09-25 13:20:47	0	0	Eslamabad-e-Gharb	eslamabad-e-gharb	\N	\N	\N	\N	\N	\N	t	0	0	0	0	\N
334	2015-09-25 14:14:27	2015-09-25 14:14:27	0	0	South Kingstown	south-kingstown	\N	\N	\N	\N	\N	\N	t	0	0	0	0	\N
335	2015-09-26 14:26:51	2015-09-26 14:26:51	0	0	Cipondoh	cipondoh	\N	\N	\N	\N	\N	\N	t	0	0	0	0	\N
336	2015-09-26 14:41:51	2015-09-26 14:41:51	0	0	Burma	burma	\N	\N	\N	\N	\N	\N	t	0	0	0	0	\N
337	2015-09-26 14:48:57	2015-09-26 14:48:57	0	0	Tha Kat	tha-kat	\N	\N	\N	\N	\N	\N	t	0	0	0	0	\N
338	2015-09-26 14:54:32	2015-09-26 14:54:32	0	0	Cuito Cuanavale	cuito-cuanavale	\N	\N	\N	\N	\N	\N	t	0	0	0	0	\N
339	2015-09-28 07:36:54	2015-09-28 07:36:54	0	0	Dhaka	dhaka	\N	\N	\N	\N	\N	\N	t	0	0	0	0	\N
341	2015-09-29 08:10:23	2015-09-29 08:10:23	60	5448			\N	\N	\N	\N	\N	\N	f	0	0	1	0	\N
340	2015-09-28 07:58:32	2015-09-28 07:58:32	0	0	Taos County	taos-county	\N	\N	\N	\N	\N	\N	t	0	0	0	0	\N
342	2016-10-27 12:00:18	2016-10-27 12:00:18	102	5480	er	er	\N	\N	\N	\N	\N	\N	f	0	0	0	0	\N
343	2016-10-27 12:13:03	2016-10-27 12:13:03	240	5482	Washington	washington	\N	\N	\N	\N	\N	\N	f	0	0	0	0	\N
344	2016-10-27 12:27:15	2016-10-27 12:27:15	102	5483	Chennai	chennai	\N	\N	\N	\N	\N	\N	f	0	0	0	0	\N
345	2016-10-27 12:32:19	2016-10-27 12:32:19	240	5485	O'Fallon	o-fallon	\N	\N	\N	\N	\N	\N	f	0	0	0	0	\N
346	2016-10-27 12:42:02	2016-10-27 12:42:02	156	5488	Kaatsheuvel	kaatsheuvel	\N	\N	\N	\N	\N	\N	f	0	0	0	0	\N
347	2016-10-27 12:54:35	2016-10-27 12:54:35	156	5489	Kaatsheuvel	kaatsheuvel	\N	\N	\N	\N	\N	\N	f	0	0	0	0	\N
348	2016-10-27 12:59:37	2016-10-27 12:59:37	102	5490	Mumbai	mumbai	\N	\N	\N	\N	\N	\N	f	0	0	0	0	\N
349	2016-10-27 13:09:41	2016-10-27 13:09:41	240	5492	Wyomissing	wyomissing	\N	\N	\N	\N	\N	\N	f	0	0	0	0	\N
350	2016-10-27 13:15:57	2016-10-27 13:15:57	102	5490	Pimpri-Chinchwad	pimpri-chinchwad	\N	\N	\N	\N	\N	\N	f	0	0	0	0	\N
351	2017-04-28 07:11:05	2017-04-28 07:11:05	240	5493	New York	new-york	\N	\N	\N	\N	\N	\N	f	0	0	0	0	\N
352	2017-04-28 07:52:11	2017-04-28 07:52:11	240	5494	New Jersey	new-jersey	\N	\N	\N	\N	\N	\N	f	0	0	0	0	\N
353	2017-04-28 08:41:01	2017-04-28 08:41:01	41	5495	Ontario	ontario	\N	\N	\N	\N	\N	\N	f	0	0	0	0	\N
354	2017-04-29 10:26:23	2017-04-29 10:26:23	240	5496	Santa Monica	santa-monica	\N	\N	\N	\N	\N	\N	f	0	0	0	0	\N
355	2017-04-29 10:28:21	2017-04-29 10:28:21	240	5497	Orlando	orlando	\N	\N	\N	\N	\N	\N	f	0	0	0	0	\N
356	2017-04-29 12:50:36	2017-04-29 12:50:36	109	5499	Lombardia	lombardia	\N	\N	\N	\N	\N	\N	f	0	0	0	0	\N
357	2017-04-29 12:58:07	2017-04-29 12:58:07	209	5500	Western Cape	western-cape	\N	\N	\N	\N	\N	\N	f	0	0	0	0	\N
358	2017-04-29 13:01:31	2017-04-29 13:01:31	103	5501	Special Region of Yogyakarta	special-region-of-yogyakarta	\N	\N	\N	\N	\N	\N	f	0	0	0	0	\N
359	2017-04-29 13:08:56	2017-04-29 13:08:56	102	5483	Tamil Nadu	tamil-nadu	\N	\N	\N	\N	\N	\N	f	0	0	0	0	\N
360	2017-04-29 13:13:29	2017-04-29 13:13:29	169	5502	Punjab	punjab	\N	\N	\N	\N	\N	\N	f	0	0	0	0	\N
361	2017-05-08 08:53:57	2017-05-08 08:53:57	240	5503	Las Vegas	las-vegas	\N	\N	\N	\N	\N	\N	f	0	0	0	0	\N
362	2017-05-08 08:56:53	2017-05-08 08:56:53	103	5504	Sidoarjo Regency	sidoarjo-regency	\N	\N	\N	\N	\N	\N	f	0	0	0	0	\N
363	2017-05-08 09:05:48	2017-05-08 09:05:48	238	5505	Sharjah	sharjah	\N	\N	\N	\N	\N	\N	f	0	0	0	0	\N
365	2017-05-08 09:31:08	2017-05-08 09:31:08	102	5483	Erode	erode	\N	\N	\N	\N	\N	\N	f	0	0	0	0	\N
366	2017-05-08 09:33:58	2017-05-08 09:33:58	209	5500	Cape Town	cape-town	\N	\N	\N	\N	\N	\N	f	0	0	0	0	\N
367	2017-05-08 09:48:46	2017-05-08 09:48:46	32	5506	Belo Horizonte	belo-horizonte	\N	\N	\N	\N	\N	\N	f	0	0	0	0	\N
374	2017-05-08 10:00:06	2017-05-08 10:00:06	109	5507	Metropolitan City of Rome	metropolitan-city-of-rome	\N	\N	\N	\N	\N	\N	f	0	0	0	0	\N
\.


--
-- Name: cities_id_seq; Type: SEQUENCE SET; Schema: public; Owner: -
--

SELECT pg_catalog.setval('cities_id_seq', 374, true);


--
-- Data for Name: contacts; Type: TABLE DATA; Schema: public; Owner: -
--

COPY contacts (id, created_at, updated_at, user_id, first_name, last_name, email, subject, message, phone, ip_id) FROM stdin;
\.


--
-- Name: contacts_id_seq; Type: SEQUENCE SET; Schema: public; Owner: -
--

SELECT pg_catalog.setval('contacts_id_seq', 1, false);


--
-- Name: contest_followers_id_seq; Type: SEQUENCE SET; Schema: public; Owner: -
--

SELECT pg_catalog.setval('contest_followers_id_seq', 1, false);


--
-- Data for Name: contest_statuses; Type: TABLE DATA; Schema: public; Owner: -
--

COPY contest_statuses (id, created_at, updated_at, name, slug, message, contest_count) FROM stdin;
1	1970-01-01 00:00:00	2012-12-22 17:35:10	Payment Pending	payment-pending	Contest payment is not completed.	0
2	1970-01-01 00:00:00	1970-01-01 00:00:00	Pending Approval	pending-approval	Contest waiting for admin approval.	0
3	1970-01-01 00:00:00	1970-01-01 00:00:00	Open	open	New ##CONTEST## posted by ##HOLDER_NAME##	0
4	1970-01-01 00:00:00	1970-01-01 00:00:00	Rejected	rejected 	##CONTEST## rejected by Admin	0
5	1970-01-01 00:00:00	2012-04-27 09:25:29	Request for Cancellation	request-for-refund	##HOLDER_NAME## requested for refund and cancellation for ##CONTEST##	0
6	1970-01-01 00:00:00	1970-01-01 00:00:00	Canceled By Admin	canceled-by-admin	##CONTEST##  canceled by admin	0
7	1970-01-01 00:00:00	1970-01-01 00:00:00	Judging	judging	Stopped receiving entries for  ##CONTEST## and waiting for ##HOLDER_NAME##'s judgment. 	0
8	1970-01-01 00:00:00	1970-01-01 00:00:00	Winner Selected	winner-selected	##HOLDER_NAME## selected ##WINNER_USER## as winner for ##CONTEST## for entry ##ENTRY_NO##.	0
9	1970-01-01 00:00:00	1970-01-01 00:00:00	Winner Selected By Admin	winner-selected-by-admin	##WINNER_USER## selected as winner by Admin for entry ##ENTRY_NO##.	0
10	1970-01-01 00:00:00	1970-01-01 00:00:00	Change Requested	change-requested	Contest holder ##HOLDER_NAME## requested for changes in ##CONTEST##.	0
11	1970-01-01 00:00:00	1970-01-01 00:00:00	Change Completed	change-completed	##WINNER_USER## completed the changes requested by ##HOLDER_NAME## in ##CONTEST##	0
16	2017-01-03 12:17:27	2017-01-03 12:17:27	Pending Action to Admin	pending-action-to-admin	##CONTEST## status changed to Pending Action to Admin	0
13	2017-01-03 12:17:27	2017-01-03 12:17:27	Delivery Files Uploaded	delivery-files-uploaded	Delivery Files Uploaded	0
14	2017-01-03 12:17:27	2017-01-03 12:17:27	Completed	completed	##CONTEST##  completed.	0
15	2017-01-03 12:17:27	2017-01-03 12:17:27	Paid to Participant	paid-to-participant	Contest prize ##CONTEST_AMOUNT## for the contest ##CONTEST## is paid to ##WINNER_USER##	0
12	2017-01-03 12:17:27	2017-01-03 12:17:27	Expecting Deliverables	expectingdeliverables	##CONTEST##  ExpectingDeliverables.	0
\.


--
-- Name: contest_statuses_id_seq; Type: SEQUENCE SET; Schema: public; Owner: -
--

SELECT pg_catalog.setval('contest_statuses_id_seq', 16, true);


--
-- Data for Name: contest_types; Type: TABLE DATA; Schema: public; Owner: -
--

COPY contest_types (id, resource_id, name, description, next, contest_count, form_field_count, contest_user_count, minimum_prize, blind_fee, private_fee, featured_fee, highlight_fee, site_revenue, is_watermarked, is_active, is_template, is_blind, is_featured, is_highlight, is_private, maximum_entries_allowed, maximum_entries_allowed_per_user, created_at, updated_at) FROM stdin;
9	1	Design Contest - Logo Design	Design Contest - Logo Design	\N	0	5	0	70	0	0	0	0	0	t	t	t	f	f	f	f	0	100	\N	\N
10	1	Design Contest - T-shirt Design	Design Contest - T-shirt Design	\N	0	6	0	70	0	0	0	0	0	t	t	t	f	f	f	f	0	100	\N	\N
11	1	Design Contest - Banner Design	Design Contest - Banner Design	\N	0	9	0	70	0	0	0	0	0	t	t	t	f	f	f	f	0	100	\N	\N
12	1	Design Contest - Website Desing	Design Contest - Website, Webpage or Landing Page Design	\N	0	9	0	70	0	0	0	0	0	t	t	t	f	f	f	f	0	100	\N	\N
13	1	Design Contest - Mobile App Design	Design Contest - Mobile App Design	\N	0	5	0	70	0	0	0	0	0	t	t	t	f	f	f	f	0	100	\N	\N
14	1	Creativeallies - Small Poster	Creativeallies - Small Poster	\N	0	6	0	70	0	0	0	0	0	t	t	t	f	f	f	f	3	100	\N	\N
18	1	Hatchwise - Website	Hatchwise - Website	\N	0	12	0	70	0	0	0	0	0	t	t	t	f	f	f	f	0	100	\N	\N
15	1	Creativeallies - Large Poster	Creativeallies - Large Poster	\N	0	10	0	70	0	0	0	0	0	t	t	t	f	f	f	f	0	100	\N	\N
16	1	Creativeallies - T-shirt	Creativeallies - T-shirt	\N	0	6	0	70	0	0	0	0	0	t	t	t	f	f	f	f	3	100	\N	\N
17	1	Hatchwise - Logo	Hatchwise - Logo	\N	0	9	0	70	0	0	0	0	0	t	t	t	f	f	f	f	3	100	\N	\N
19	1	Hatchwise - T-shirt	Hatchwise - T-shirt	\N	0	7	0	70	0	0	0	0	0	t	t	t	f	f	f	f	3	100	\N	\N
20	1	Hatchwise - Banner Ad	Hatchwise - Banner Ad	\N	0	12	0	70	0	0	0	0	0	t	t	t	f	f	f	f	0	100	\N	\N
21	1	Logobids - Logo	Logobids - Logo	\N	0	8	0	70	0	0	0	0	0	t	t	t	f	f	f	f	0	100	\N	\N
22	1	Logo Contest - Logo	Logo Contest - Logo	\N	0	8	0	70	0	0	0	0	0	t	t	t	f	f	f	f	3	100	\N	\N
23	1	Logoarena - Logo	Logoarena - Logo	\N	0	11	0	70	0	0	0	0	0	t	t	t	f	f	f	f	3	100	\N	\N
24	1	Design Crowd - Logo	Design Crowd - Logo	\N	0	7	0	70	0	0	0	0	0	t	t	t	f	f	f	f	3	100	\N	\N
25	1	Design Crowd - Web	Design Crowd - Web	\N	0	6	0	70	0	0	0	0	0	t	t	t	f	f	f	f	3	100	\N	\N
26	1	Design Crowd - Banner Ad	Design Crowd - Banner Ad	\N	0	6	0	70	0	0	0	0	0	t	t	t	f	f	f	f	0	100	\N	\N
27	1	Design Crowd - Graphic	Design Crowd - Graphic	\N	0	9	0	70	0	0	0	0	0	t	t	t	f	f	f	f	3	100	\N	\N
28	1	Design Crowd - App	Design Crowd - App	\N	0	6	0	70	0	0	0	0	0	t	t	t	f	f	f	f	3	100	\N	\N
29	2	Wooshi	Wooshi	\N	0	5	0	70	0	0	0	0	0	t	t	t	f	f	f	f	3	100	\N	\N
30	1	Design Contest- Stationery Design	Design Contest- Stationery Design	\N	\N	\N	\N	199	0	0	0	0	0	t	t	f	f	f	\N	f	10	10	2016-12-10 11:48:12	2016-12-10 11:48:12
31	1	99designs - Logo design	Logo design	\N	\N	\N	\N	99	0	0	0	0	0	t	t	f	f	f	\N	f	10	10	2016-12-10 13:12:01	2016-12-10 13:12:01
32	1	99designs - Business card design	Business card design	\N	\N	\N	\N	199	0	0	0	0	0	t	t	f	f	f	\N	f	30	30	2016-12-10 13:13:16	2016-12-10 13:13:16
33	1	99designs - T-shirt design	T-shirt design	\N	\N	\N	\N	199	0	0	0	0	0	t	t	f	f	f	\N	f	20	30	2016-12-10 13:13:57	2016-12-10 13:13:57
34	1	99designs - Brochure design	Brochure design	\N	\N	\N	\N	299	0	0	0	0	0	t	t	f	f	f	\N	f	15	30	2016-12-10 13:14:40	2016-12-10 13:14:40
35	1	99designs - Banner Ad Design	Banner Ad Design	\N	\N	\N	\N	49	0	0	0	0	0	t	t	f	f	f	\N	f	17	30	2016-12-10 13:15:32	2016-12-10 13:15:32
36	1	99designs - Landing page design	Landing page design	\N	\N	\N	\N	349	0	0	0	0	0	t	t	f	f	f	\N	f	27	10	2016-12-10 13:16:48	2016-12-10 13:16:48
\.


--
-- Name: contest_types_id_seq; Type: SEQUENCE SET; Schema: public; Owner: -
--

SELECT pg_catalog.setval('contest_types_id_seq', 36, true);


--
-- Data for Name: contest_types_pricing_days; Type: TABLE DATA; Schema: public; Owner: -
--

COPY contest_types_pricing_days (id, created_at, updated_at, contest_type_id, pricing_day_id, price) FROM stdin;
1	2016-12-10 11:53:41	2016-12-10 11:53:41	30	1	70
2	2016-12-10 13:25:15	2016-12-10 13:25:15	31	1	80
3	2016-12-10 13:26:51	2016-12-10 13:26:51	32	2	50
4	2016-12-10 13:28:18	2016-12-10 13:28:18	35	4	50
\.


--
-- Name: contest_types_pricing_days_id_seq; Type: SEQUENCE SET; Schema: public; Owner: -
--

SELECT pg_catalog.setval('contest_types_pricing_days_id_seq', 4, true);


--
-- Data for Name: contest_types_pricing_packages; Type: TABLE DATA; Schema: public; Owner: -
--

COPY contest_types_pricing_packages (id, created_at, updated_at, contest_type_id, pricing_package_id, price, participant_commision, maximum_entry_allowed) FROM stdin;
1	2016-12-10 11:54:12	2016-12-10 11:54:12	30	1	70	6	25
2	2016-12-10 13:25:34	2016-12-10 13:25:34	31	1	70	6	20
3	2016-12-10 13:27:18	2016-12-10 13:27:18	33	3	70	6	20
4	2016-12-10 13:29:02	2016-12-10 13:29:02	36	4	90	6	10
\.


--
-- Name: contest_types_pricing_packages_id_seq; Type: SEQUENCE SET; Schema: public; Owner: -
--

SELECT pg_catalog.setval('contest_types_pricing_packages_id_seq', 4, true);


--
-- Data for Name: contest_user_downloads; Type: TABLE DATA; Schema: public; Owner: -
--

COPY contest_user_downloads (id, created_at, user_id, contest_user_id, ip_id) FROM stdin;
\.


--
-- Name: contest_user_downloads_id_seq; Type: SEQUENCE SET; Schema: public; Owner: -
--

SELECT pg_catalog.setval('contest_user_downloads_id_seq', 1, false);


--
-- Name: contest_user_flag_categories_id_seq; Type: SEQUENCE SET; Schema: public; Owner: -
--

SELECT pg_catalog.setval('contest_user_flag_categories_id_seq', 4, false);


--
-- Name: contest_user_flags_id_seq; Type: SEQUENCE SET; Schema: public; Owner: -
--

SELECT pg_catalog.setval('contest_user_flags_id_seq', 1, false);


--
-- Name: contest_user_ratings_id_seq; Type: SEQUENCE SET; Schema: public; Owner: -
--

SELECT pg_catalog.setval('contest_user_ratings_id_seq', 1, false);


--
-- Data for Name: contest_user_statuses; Type: TABLE DATA; Schema: public; Owner: -
--

COPY contest_user_statuses (id, created_at, updated_at, name, description, slug, contest_user_count) FROM stdin;
1	2011-10-01 10:44:30	2011-10-01 10:44:30	Active	This entry is in active status	active	0
2	2011-10-01 10:44:30	2011-10-01 10:44:30	Won	This entry won!	won	0
3	1970-01-01 00:00:00	1970-01-01 00:00:00	Lost	Entry is in lost status	lost	0
4	2011-10-01 10:44:30	2011-10-01 10:44:30	Withdrawn	This entry has been withdrawn	withdrawn	0
5	2011-10-01 10:44:30	2011-10-01 10:44:30	Eliminated	This entry has been eliminated	eliminated	0
\.


--
-- Name: contest_user_statuses_id_seq; Type: SEQUENCE SET; Schema: public; Owner: -
--

SELECT pg_catalog.setval('contest_user_statuses_id_seq', 6, false);


--
-- Data for Name: contest_users; Type: TABLE DATA; Schema: public; Owner: -
--

COPY contest_users (id, created_at, updated_at, user_id, contest_owner_user_id, contest_id, description, copyright_note, entry_no, contest_user_status_id, contest_user_total_ratings, contest_user_rating_count, average_rating, site_revenue, zazpay_gateway_id, view_count, flag_count, message_count) FROM stdin;
2	2016-12-14 06:41:25	2016-12-14 06:41:25	3	1	4	Logo design	string	\N	2	0	0	0	0	\N	0	0	0
1	2016-12-14 06:40:01	2016-12-14 06:40:01	1	1	4	Logo design	string	\N	3	0	0	0	0	\N	0	0	0
3	2016-12-14 06:51:00	2016-12-14 07:16:32	4	1	5	Demo user for Business cards designcontest	Demo user for Business cards designcontest	\N	2	0	0	0	0	\N	0	0	0
4	2016-12-14 06:53:50	2016-12-14 07:16:47	5	1	5	Demo user for Business cards designcontest	Demo user for Business cards designcontest	\N	3	0	0	0	0	\N	0	0	0
6	2016-12-14 06:58:10	2016-12-14 07:18:05	4	1	6	Demo user for Business cards designcontest	Demo user for Business cards designcontest	\N	3	0	0	0	0	\N	0	0	0
7	2016-12-14 06:58:30	2016-12-14 07:18:19	6	1	6	Demo user for Business cards designcontest	Demo user for Business cards designcontest	\N	5	0	0	0	0	\N	0	0	0
8	2016-12-14 07:01:23	2016-12-14 07:18:35	3	1	6	Demo user for Business cards designcontest	Demo user for Business cards designcontest	\N	5	0	0	0	0	\N	0	0	0
14	2016-12-14 07:05:40	2016-12-14 07:19:14	8	1	7	Demo user for Business cards designcontest	Demo user for Business cards designcontest	\N	2	0	0	0	0	\N	0	0	0
9	2016-12-14 07:02:49	2016-12-14 07:19:14	7	1	7	Demo user for Business cards designcontest	Demo user for Business cards designcontest	\N	3	0	0	0	0	\N	0	0	0
15	2016-12-14 07:08:36	2016-12-14 07:19:23	6	1	7	Demo user for Business cards designcontest	Demo user for Business cards designcontest	\N	3	0	0	0	0	\N	0	0	0
13	2016-12-14 07:05:18	2016-12-14 07:19:54	8	1	8	Demo user for Business cards designcontest	Demo user for Business cards designcontest	\N	2	0	0	0	0	\N	0	0	0
10	2016-12-14 07:03:24	2016-12-14 07:19:54	7	1	8	Demo user for Business cards designcontest	Demo user for Business cards designcontest	\N	3	0	0	0	0	\N	0	0	0
16	2016-12-14 07:08:57	2016-12-14 07:20:05	6	1	8	Demo user for Business cards designcontest	Demo user for Business cards designcontest	\N	5	0	0	0	0	\N	0	0	0
12	2016-12-14 07:04:52	2016-12-14 07:20:51	8	1	9	Demo user for Business cards designcontest	Demo user for Business cards designcontest	\N	2	0	0	0	0	\N	0	0	0
11	2016-12-14 07:04:21	2016-12-14 07:20:51	7	1	9	Demo user for Business cards designcontest	Demo user for Business cards designcontest	\N	3	0	0	0	0	\N	0	0	0
\.


--
-- Name: contest_users_id_seq; Type: SEQUENCE SET; Schema: public; Owner: -
--

SELECT pg_catalog.setval('contest_users_id_seq', 16, true);


--
-- Data for Name: contests; Type: TABLE DATA; Schema: public; Owner: -
--

COPY contests (id, created_at, updated_at, user_id, referred_by_user_id, contest_type_id, contest_status_id, is_send_payment_notification, resource_id, pricing_package_id, pricing_day_id, name, slug, description, maximum_entry_allowed, maximum_entry_allowed_per_user, reason_for_cancelation, prize, creation_cost, actual_end_date, end_date, start_date, refund_request_date, canceled_by_admin_date, winner_selected_date, judging_date, pending_action_to_admin_date, change_requested_date, change_completed_date, paid_to_participant_date, completed_date, files_expectation_date, partcipant_count, contest_user_count, contest_user_won_count, contest_user_eliminated_count, contest_user_withdrawn_count, contest_user_active_count, message_count, total_site_revenue, winner_user_id, payment_gateway_id, last_contest_user_entry_no, is_system_flagged, is_user_flagged, is_admin_complete, admin_suspend, is_winner_selected_by_admin, is_pending_action_to_admin, is_blind, is_private, is_featured, is_highlight, blind_contest_fee, private_contest_fee, featured_contest_fee, highlight_contest_fee, detected_suspicious_words, reason_for_calcelation, site_commision, is_paid, is_uploaded_entry_design, admin_commission_amount, affiliate_commission_amount, zazpay_gateway_id, zazpay_payment_id, zazpay_pay_key, zazpay_revised_amount, upgrade, participant_count, view_count, follower_count, flag_count, is_notification_sent, paypal_pay_key) FROM stdin;
5	2016-12-13 09:19:23	2016-12-14 06:32:33	1	0	32	6	f	\N	\N	\N	string	\N	string	30	30	\N	0	0	\N	\N	\N	\N	\N	\N	\N	\N	\N	\N	\N	\N	\N	0	\N	0	0	0	0	0	0	\N	\N	0	f	f	f	f	f	f	f	f	f	f	0	0	0	0	\N	\N	0	f	f	0	0	0	0	\N	\N	\N	0	0	0	0	t	\N
1	2016-12-10 12:19:51	2016-12-14 06:41:25	1	0	30	1	f	\N	\N	\N	Stationery	\N	Invoices, letterhead, envelopes...	10	10	\N	10	140	\N	\N	\N	\N	\N	\N	\N	\N	\N	\N	\N	\N	\N	0	\N	0	0	0	0	0	0	\N	\N	0	f	f	f	f	f	f	f	f	f	f	0	0	0	0	\N	\N	0	f	f	0	0	1	3410	\N	\N	\N	2	0	0	0	t	\N
4	2016-12-13 08:44:52	2016-12-14 07:01:23	1	0	31	3	f	\N	\N	\N	string	\N	string	10	10	\N	0	0	\N	\N	\N	\N	\N	\N	\N	\N	\N	\N	\N	\N	\N	0	\N	0	0	0	0	0	0	\N	\N	0	f	f	f	f	f	f	f	f	f	f	0	0	0	0	\N	\N	0	f	f	0	0	0	0	\N	\N	\N	0	0	0	0	t	\N
7	2016-12-13 10:20:44	2016-12-14 07:08:36	1	0	34	9	f	\N	\N	\N	string	\N	string	15	30	\N	0	0	\N	\N	\N	\N	\N	\N	\N	\N	\N	\N	\N	\N	\N	0	\N	0	0	0	0	0	0	\N	\N	0	f	f	f	f	f	f	f	f	f	f	0	0	0	0	\N	\N	0	f	f	0	0	0	0	\N	\N	\N	2	0	0	0	t	\N
6	2016-12-13 09:22:55	2016-12-14 06:33:21	1	0	33	10	f	\N	\N	\N	string	\N	string	20	30	\N	0	0	\N	\N	\N	\N	\N	\N	\N	\N	\N	\N	\N	\N	\N	0	\N	0	0	0	0	0	0	\N	\N	0	f	f	f	f	f	f	f	f	f	f	0	0	0	0	\N	\N	0	f	f	0	0	0	0	\N	\N	\N	0	0	0	0	t	\N
8	2016-12-13 10:25:15	2016-12-14 07:08:57	1	0	35	\N	f	\N	\N	\N	string	\N	string	17	30	\N	0	0	\N	\N	\N	\N	\N	\N	\N	\N	\N	\N	2016-12-14 06:34:56	2016-12-14 06:34:56	\N	0	\N	0	0	0	0	0	0	\N	\N	0	f	f	f	f	f	f	f	f	f	f	0	0	0	0	\N	\N	0	f	f	0	0	0	0	\N	\N	\N	3	0	0	0	t	\N
9	2016-12-13 10:38:52	2016-12-14 07:04:52	1	0	36	\N	f	\N	\N	\N	string	\N	string	27	10	\N	0	0	\N	\N	\N	\N	\N	\N	\N	\N	\N	\N	\N	\N	\N	0	\N	0	0	0	0	0	0	\N	\N	0	f	f	f	f	f	f	f	f	f	f	0	0	0	0	\N	\N	0	f	f	0	0	0	0	\N	\N	\N	2	0	0	0	t	\N
\.


--
-- Name: contests_id_seq; Type: SEQUENCE SET; Schema: public; Owner: -
--

SELECT pg_catalog.setval('contests_id_seq', 9, true);


--
-- Data for Name: countries; Type: TABLE DATA; Schema: public; Owner: -
--

COPY countries (id, iso_alpha2, iso_alpha3, iso_numeric, fips_code, name, capital, areainsqkm, population, continent, tld, currency, currencyname, phone, postalcodeformat, postalcoderegex, languages, geonameid, neighbours, equivalentfipscode, created_at, updated_at) FROM stdin;
1	AF	AFG	4	AF	Afghanistan	Kabul	647500	29121286	AS	.af	AFN	Afghani	93			fa-AF,ps,uz-AF,tk	1149361	TM,CN,IR,TJ,PK,UZ	\r	\N	\N
2	AX	ALA	248		Aland Islands	Mariehamn	0	26711	EU	.ax	EUR	Euro	+358-18			sv-AX	661882		FI\r	\N	\N
3	AL	ALB	8	AL	Albania	Tirana	28748	2986952	EU	.al	ALL	Lek	355			sq,el	783754	MK,GR,CS,ME,RS,XK	\r	\N	\N
4	DZ	DZA	12	AG	Algeria	Algiers	2381740	34586184	AF	.dz	DZD	Dinar	213	#####	^(d{5})$	ar-DZ	2589581	NE,EH,LY,MR,TN,MA,ML	\r	\N	\N
5	AS	ASM	16	AQ	American Samoa	Pago Pago	199	57881	OC	.as	USD	Dollar	+1-684			en-AS,sm,to	5880801		\r	\N	\N
6	AD	AND	20	AN	Andorra	Andorra la Vella	468	84000	EU	.ad	EUR	Euro	376	AD###	^(?:AD)*(d{3})$	ca	3041565	ES,FR	\r	\N	\N
7	AO	AGO	24	AO	Angola	Luanda	1246700	13068161	AF	.ao	AOA	Kwanza	244			pt-AO	3351879	CD,NA,ZM,CG	\r	\N	\N
8	AI	AIA	660	AV	Anguilla	The Valley	102	13254	NA	.ai	XCD	Dollar	+1-264			en-AI	3573511		\r	\N	\N
9	AQ	ATA	10	AY	Antarctica		14000000	0	AN	.aq							6697173		\r	\N	\N
10	AG	ATG	28	AC	Antigua and Barbuda	St. John's	443	86754	NA	.ag	XCD	Dollar	+1-268			en-AG	3576396		\r	\N	\N
11	AR	ARG	32	AR	Argentina	Buenos Aires	2766890	41343201	SA	.ar	ARS	Peso	54	@####@@@	^([A-Z]d{4}[A-Z]{3})	es-AR,en,it,de,fr,gn	3865483	CL,BO,UY,PY,BR	\r	\N	\N
12	AM	ARM	51	AM	Armenia	Yerevan	29800	2968000	AS	.am	AMD	Dram	374	######	^(d{6})$	hy	174982	GE,IR,AZ,TR	\r	\N	\N
13	AW	ABW	533	AA	Aruba	Oranjestad	193	71566	NA	.aw	AWG	Guilder	297			nl-AW,es,en	3577279		\r	\N	\N
14	AU	AUS	36	AS	Australia	Canberra	7686850	21515754	OC	.au	AUD	Dollar	61	####	^(d{4})$	en-AU	2077456		\r	\N	\N
15	AT	AUT	40	AU	Austria	Vienna	83858	8205000	EU	.at	EUR	Euro	43	####	^(d{4})$	de-AT,hr,hu,sl	2782113	CH,DE,HU,SK,CZ,IT,SI	\r	\N	\N
16	AZ	AZE	31	AJ	Azerbaijan	Baku	86600	8303512	AS	.az	AZN	Manat	994	AZ ####	^(?:AZ)*(d{4})$	az,ru,hy	587116	GE,IR,AM,TR,RU	\r	\N	\N
17	BS	BHS	44	BF	Bahamas	Nassau	13940	301790	NA	.bs	BSD	Dollar	+1-242			en-BS	3572887		\r	\N	\N
18	BH	BHR	48	BA	Bahrain	Manama	665	738004	AS	.bh	BHD	Dinar	973	####|###	^(d{3}d?)$	ar-BH,en,fa,ur	290291		\r	\N	\N
19	BD	BGD	50	BG	Bangladesh	Dhaka	144000	156118464	AS	.bd	BDT	Taka	880	####	^(d{4})$	bn-BD,en	1210997	MM,IN	\r	\N	\N
20	BB	BRB	52	BB	Barbados	Bridgetown	431	285653	NA	.bb	BBD	Dollar	+1-246	BB#####	^(?:BB)*(d{5})$	en-BB	3374084		\r	\N	\N
21	BY	BLR	112	BO	Belarus	Minsk	207600	9685000	EU	.by	BYR	Ruble	375	######	^(d{6})$	be,ru	630336	PL,LT,UA,RU,LV	\r	\N	\N
22	BE	BEL	56	BE	Belgium	Brussels	30510	10403000	EU	.be	EUR	Euro	32	####	^(d{4})$	nl-BE,fr-BE,de-BE	2802361	DE,NL,LU,FR	\r	\N	\N
23	BZ	BLZ	84	BH	Belize	Belmopan	22966	314522	NA	.bz	BZD	Dollar	501			en-BZ,es	3582678	GT,MX	\r	\N	\N
24	BJ	BEN	204	BN	Benin	Porto-Novo	112620	9056010	AF	.bj	XOF	Franc	229			fr-BJ	2395170	NE,TG,BF,NG	\r	\N	\N
25	BM	BMU	60	BD	Bermuda	Hamilton	53	65365	NA	.bm	BMD	Dollar	+1-441	@@ ##	^([A-Z]{2}d{2})$	en-BM,pt	3573345		\r	\N	\N
26	BT	BTN	64	BT	Bhutan	Thimphu	47000	699847	AS	.bt	BTN	Ngultrum	975			dz	1252634	CN,IN	\r	\N	\N
27	BO	BOL	68	BL	Bolivia	Sucre	1098580	9947418	SA	.bo	BOB	Boliviano	591			es-BO,qu,ay	3923057	PE,CL,PY,BR,AR	\r	\N	\N
28	BQ	BES	535		Bonaire, Saint Eustatius and Saba 		0	18012	NA	.bq	USD	Dollar	599			nl,pap,en	7626844		\r	\N	\N
29	BA	BIH	70	BK	Bosnia and Herzegovina	Sarajevo	51129	4590000	EU	.ba	BAM	Marka	387	#####	^(d{5})$	bs,hr-BA,sr-BA	3277605	CS,HR,ME,RS	\r	\N	\N
30	BW	BWA	72	BC	Botswana	Gaborone	600370	2029307	AF	.bw	BWP	Pula	267			en-BW,tn-BW	933860	ZW,ZA,NA	\r	\N	\N
31	BV	BVT	74	BV	Bouvet Island		0	0	AN	.bv	NOK	Krone					3371123		\r	\N	\N
32	BR	BRA	76	BR	Brazil	Brasilia	8511965	201103330	SA	.br	BRL	Real	55	#####-###	^(d{8})$	pt-BR,es,en,fr	3469034	SR,PE,BO,UY,GY,PY,GF	\r	\N	\N
33	IO	IOT	86	IO	British Indian Ocean Territory	Diego Garcia	60	4000	AS	.io	USD	Dollar	246			en-IO	1282588		\r	\N	\N
34	VG	VGB	92	VI	British Virgin Islands	Road Town	153	21730	NA	.vg	USD	Dollar	+1-284			en-VG	3577718		\r	\N	\N
35	BN	BRN	96	BX	Brunei	Bandar Seri Begawan	5770	395027	AS	.bn	BND	Dollar	673	@@####	^([A-Z]{2}d{4})$	ms-BN,en-BN	1820814	MY	\r	\N	\N
36	BG	BGR	100	BU	Bulgaria	Sofia	110910	7148785	EU	.bg	BGN	Lev	359	####	^(d{4})$	bg,tr-BG	732800	MK,GR,RO,CS,TR,RS	\r	\N	\N
37	BF	BFA	854	UV	Burkina Faso	Ouagadougou	274200	16241811	AF	.bf	XOF	Franc	226			fr-BF	2361809	NE,BJ,GH,CI,TG,ML	\r	\N	\N
38	BI	BDI	108	BY	Burundi	Bujumbura	27830	9863117	AF	.bi	BIF	Franc	257			fr-BI,rn	433561	TZ,CD,RW	\r	\N	\N
39	KH	KHM	116	CB	Cambodia	Phnom Penh	181040	14453680	AS	.kh	KHR	Riels	855	#####	^(d{5})$	km,fr,en	1831722	LA,TH,VN	\r	\N	\N
40	CM	CMR	120	CM	Cameroon	Yaounde	475440	19294149	AF	.cm	XAF	Franc	237			en-CM,fr-CM	2233387	TD,CF,GA,GQ,CG,NG	\r	\N	\N
41	CA	CAN	124	CA	Canada	Ottawa	9984670	33679000	NA	.ca	CAD	Dollar	1	@#@ #@#	^([a-zA-Z]d[a-zA-Z]d	en-CA,fr-CA,iu	6251999	US	\r	\N	\N
42	CV	CPV	132	CV	Cape Verde	Praia	4033	508659	AF	.cv	CVE	Escudo	238	####	^(d{4})$	pt-CV	3374766		\r	\N	\N
43	KY	CYM	136	CJ	Cayman Islands	George Town	262	44270	NA	.ky	KYD	Dollar	+1-345			en-KY	3580718		\r	\N	\N
44	CF	CAF	140	CT	Central African Republic	Bangui	622984	4844927	AF	.cf	XAF	Franc	236			fr-CF,sg,ln,kg	239880	TD,SD,CD,SS,CM,CG	\r	\N	\N
45	TD	TCD	148	CD	Chad	N'Djamena	1284000	10543464	AF	.td	XAF	Franc	235			fr-TD,ar-TD,sre	2434508	NE,LY,CF,SD,CM,NG	\r	\N	\N
46	CL	CHL	152	CI	Chile	Santiago	756950	16746491	SA	.cl	CLP	Peso	56	#######	^(d{7})$	es-CL	3895114	PE,BO,AR	\r	\N	\N
47	CN	CHN	156	CH	China	Beijing	9596960	1330044000	AS	.cn	CNY	Yuan Renminbi	86	######	^(d{6})$	zh-CN,yue,wuu,dta,ug,za	1814991	LA,BT,TJ,KZ,MN,AF,NP	\r	\N	\N
48	CX	CXR	162	KT	Christmas Island	Flying Fish Cove	135	1500	AS	.cx	AUD	Dollar	61	####	^(d{4})$	en,zh,ms-CC	2078138		\r	\N	\N
49	CC	CCK	166	CK	Cocos Islands	West Island	14	628	AS	.cc	AUD	Dollar	61			ms-CC,en	1547376		\r	\N	\N
50	CO	COL	170	CO	Colombia	Bogota	1138910	44205293	SA	.co	COP	Peso	57			es-CO	3686110	EC,PE,PA,BR,VE	\r	\N	\N
51	KM	COM	174	CN	Comoros	Moroni	2170	773407	AF	.km	KMF	Franc	269			ar,fr-KM	921929		\r	\N	\N
52	CK	COK	184	CW	Cook Islands	Avarua	240	21388	OC	.ck	NZD	Dollar	682			en-CK,mi	1899402		\r	\N	\N
53	CR	CRI	188	CS	Costa Rica	San Jose	51100	4516220	NA	.cr	CRC	Colon	506	####	^(d{4})$	es-CR,en	3624060	PA,NI	\r	\N	\N
54	HR	HRV	191	HR	Croatia	Zagreb	56542	4491000	EU	.hr	HRK	Kuna	385	HR-#####	^(?:HR)*(d{5})$	hr-HR,sr	3202326	HU,SI,CS,BA,ME,RS	\r	\N	\N
55	CU	CUB	192	CU	Cuba	Havana	110860	11423000	NA	.cu	CUP	Peso	53	CP #####	^(?:CP)*(d{5})$	es-CU	3562981	US	\r	\N	\N
56	CW	CUW	531	UC	Curacao	 Willemstad	0	141766	NA	.cw	ANG	Guilder	599			nl,pap	7626836		\r	\N	\N
57	CY	CYP	196	CY	Cyprus	Nicosia	9250	1102677	EU	.cy	EUR	Euro	357	####	^(d{4})$	el-CY,tr-CY,en	146669		\r	\N	\N
58	CZ	CZE	203	EZ	Czech Republic	Prague	78866	10476000	EU	.cz	CZK	Koruna	420	### ##	^(d{5})$	cs,sk	3077311	PL,DE,SK,AT	\r	\N	\N
59	CD	COD	180	CG	Democratic Republic of the Congo	Kinshasa	2345410	70916439	AF	.cd	CDF	Franc	243			fr-CD,ln,kg	203312	TZ,CF,SS,RW,ZM,BI,UG	\r	\N	\N
60	DK	DNK	208	DA	Denmark	Copenhagen	43094	5484000	EU	.dk	DKK	Krone	45	####	^(d{4})$	da-DK,en,fo,de-DK	2623032	DE	\r	\N	\N
61	DJ	DJI	262	DJ	Djibouti	Djibouti	23000	740528	AF	.dj	DJF	Franc	253			fr-DJ,ar,so-DJ,aa	223816	ER,ET,SO	\r	\N	\N
62	DM	DMA	212	DO	Dominica	Roseau	754	72813	NA	.dm	XCD	Dollar	+1-767			en-DM	3575830		\r	\N	\N
63	DO	DOM	214	DR	Dominican Republic	Santo Domingo	48730	9823821	NA	.do	DOP	Peso	+1-809 and	#####	^(d{5})$	es-DO	3508796	HT	\r	\N	\N
64	TL	TLS	626	TT	East Timor	Dili	15007	1154625	OC	.tl	USD	Dollar	670			tet,pt-TL,id,en	1966436	ID	\r	\N	\N
65	EC	ECU	218	EC	Ecuador	Quito	283560	14790608	SA	.ec	USD	Dollar	593	@####@	^([a-zA-Z]d{4}[a-zA-	es-EC	3658394	PE,CO	\r	\N	\N
66	EG	EGY	818	EG	Egypt	Cairo	1001450	80471869	AF	.eg	EGP	Pound	20	#####	^(d{5})$	ar-EG,en,fr	357994	LY,SD,IL	\r	\N	\N
67	SV	SLV	222	ES	El Salvador	San Salvador	21040	6052064	NA	.sv	USD	Dollar	503	CP ####	^(?:CP)*(d{4})$	es-SV	3585968	GT,HN	\r	\N	\N
68	GQ	GNQ	226	EK	Equatorial Guinea	Malabo	28051	1014999	AF	.gq	XAF	Franc	240			es-GQ,fr	2309096	GA,CM	\r	\N	\N
69	ER	ERI	232	ER	Eritrea	Asmara	121320	5792984	AF	.er	ERN	Nakfa	291			aa-ER,ar,tig,kun,ti-ER	338010	ET,SD,DJ	\r	\N	\N
70	EE	EST	233	EN	Estonia	Tallinn	45226	1291170	EU	.ee	EUR	Euro	372	#####	^(d{5})$	et,ru	453733	RU,LV	\r	\N	\N
71	ET	ETH	231	ET	Ethiopia	Addis Ababa	1127127	88013491	AF	.et	ETB	Birr	251	####	^(d{4})$	am,en-ET,om-ET,ti-ET,so-ET,sid	337996	ER,KE,SD,SS,SO,DJ	\r	\N	\N
72	FK	FLK	238	FK	Falkland Islands	Stanley	12173	2638	SA	.fk	FKP	Pound	500			en-FK	3474414		\r	\N	\N
73	FO	FRO	234	FO	Faroe Islands	Torshavn	1399	48228	EU	.fo	DKK	Krone	298	FO-###	^(?:FO)*(d{3})$	fo,da-FO	2622320		\r	\N	\N
74	FJ	FJI	242	FJ	Fiji	Suva	18270	875983	OC	.fj	FJD	Dollar	679			en-FJ,fj	2205218		\r	\N	\N
75	FI	FIN	246	FI	Finland	Helsinki	337030	5244000	EU	.fi	EUR	Euro	358	#####	^(?:FI)*(d{5})$	fi-FI,sv-FI,smn	660013	NO,RU,SE	\r	\N	\N
76	FR	FRA	250	FR	France	Paris	547030	64768389	EU	.fr	EUR	Euro	33	#####	^(d{5})$	fr-FR,frp,br,co,ca,eu,oc	3017382	CH,DE,BE,LU,IT,AD,MC	\r	\N	\N
77	GF	GUF	254	FG	French Guiana	Cayenne	91000	195506	SA	.gf	EUR	Euro	594	#####	^((97)|(98)3d{2})$	fr-GF	3381670	SR,BR	\r	\N	\N
78	PF	PYF	258	FP	French Polynesia	Papeete	4167	270485	OC	.pf	XPF	Franc	689	#####	^((97)|(98)7d{2})$	fr-PF,ty	4030656		\r	\N	\N
79	TF	ATF	260	FS	French Southern Territories	Port-aux-Francais	7829	140	AN	.tf	EUR	Euro				fr	1546748		\r	\N	\N
80	GA	GAB	266	GB	Gabon	Libreville	267667	1545255	AF	.ga	XAF	Franc	241			fr-GA	2400553	CM,GQ,CG	\r	\N	\N
81	GM	GMB	270	GA	Gambia	Banjul	11300	1593256	AF	.gm	GMD	Dalasi	220			en-GM,mnk,wof,wo,ff	2413451	SN	\r	\N	\N
82	GE	GEO	268	GG	Georgia	Tbilisi	69700	4630000	AS	.ge	GEL	Lari	995	####	^(d{4})$	ka,ru,hy,az	614540	AM,AZ,TR,RU	\r	\N	\N
83	DE	DEU	276	GM	Germany	Berlin	357021	81802257	EU	.de	EUR	Euro	49	#####	^(d{5})$	de	2921044	CH,PL,NL,DK,BE,CZ,LU	\r	\N	\N
84	GH	GHA	288	GH	Ghana	Accra	239460	24339838	AF	.gh	GHS	Cedi	233			en-GH,ak,ee,tw	2300660	CI,TG,BF	\r	\N	\N
85	GI	GIB	292	GI	Gibraltar	Gibraltar	6.5	27884	EU	.gi	GIP	Pound	350			en-GI,es,it,pt	2411586	ES	\r	\N	\N
86	GR	GRC	300	GR	Greece	Athens	131940	11000000	EU	.gr	EUR	Euro	30	### ##	^(d{5})$	el-GR,en,fr	390903	AL,MK,TR,BG	\r	\N	\N
87	GL	GRL	304	GL	Greenland	Nuuk	2166086	56375	NA	.gl	DKK	Krone	299	####	^(d{4})$	kl,da-GL,en	3425505		\r	\N	\N
88	GD	GRD	308	GJ	Grenada	St. George's	344	107818	NA	.gd	XCD	Dollar	+1-473			en-GD	3580239		\r	\N	\N
89	GP	GLP	312	GP	Guadeloupe	Basse-Terre	1780	443000	NA	.gp	EUR	Euro	590	#####	^((97)|(98)d{3})$	fr-GP	3579143	AN	\r	\N	\N
90	GU	GUM	316	GQ	Guam	Hagatna	549	159358	OC	.gu	USD	Dollar	+1-671	969##	^(969d{2})$	en-GU,ch-GU	4043988		\r	\N	\N
91	GT	GTM	320	GT	Guatemala	Guatemala City	108890	13550440	NA	.gt	GTQ	Quetzal	502	#####	^(d{5})$	es-GT	3595528	MX,HN,BZ,SV	\r	\N	\N
92	GG	GGY	831	GK	Guernsey	St Peter Port	78	65228	EU	.gg	GBP	Pound	+44-1481	@# #@@|@## #@@|@@# #	^(([A-Z]d{2}[A-Z]{2}	en,fr	3042362		\r	\N	\N
93	GN	GIN	324	GV	Guinea	Conakry	245857	10324025	AF	.gn	GNF	Franc	224			fr-GN	2420477	LR,SN,SL,CI,GW,ML	\r	\N	\N
94	GW	GNB	624	PU	Guinea-Bissau	Bissau	36120	1565126	AF	.gw	XOF	Franc	245	####	^(d{4})$	pt-GW,pov	2372248	SN,GN	\r	\N	\N
95	GY	GUY	328	GY	Guyana	Georgetown	214970	748486	SA	.gy	GYD	Dollar	592			en-GY	3378535	SR,BR,VE	\r	\N	\N
96	HT	HTI	332	HA	Haiti	Port-au-Prince	27750	9648924	NA	.ht	HTG	Gourde	509	HT####	^(?:HT)*(d{4})$	ht,fr-HT	3723988	DO	\r	\N	\N
97	HM	HMD	334	HM	Heard Island and McDonald Islands		412	0	AN	.hm	AUD	Dollar					1547314		\r	\N	\N
98	HN	HND	340	HO	Honduras	Tegucigalpa	112090	7989415	NA	.hn	HNL	Lempira	504	@@####	^([A-Z]{2}d{4})$	es-HN	3608932	GT,NI,SV	\r	\N	\N
99	HK	HKG	344	HK	Hong Kong	Hong Kong	1092	6898686	AS	.hk	HKD	Dollar	852			zh-HK,yue,zh,en	1819730		\r	\N	\N
100	HU	HUN	348	HU	Hungary	Budapest	93030	9930000	EU	.hu	HUF	Forint	36	####	^(d{4})$	hu-HU	719819	SK,SI,RO,UA,CS,HR,AT	\r	\N	\N
101	IS	ISL	352	IC	Iceland	Reykjavik	103000	308910	EU	.is	ISK	Krona	354	###	^(d{3})$	is,en,de,da,sv,no	2629691		\r	\N	\N
102	IN	IND	356	IN	India	New Delhi	3287590	1173108018	AS	.in	INR	Rupee	91	######	^(d{6})$	en-IN,hi,bn,te,mr,ta,ur,gu,kn,ml,or,pa,as,bh,sat,ks,ne,sd,kok,doi,mni,sit,sa,fr,lus,inc	1269750	CN,NP,MM,BT,PK,BD	\r	\N	\N
103	ID	IDN	360	ID	Indonesia	Jakarta	1919440	242968342	AS	.id	IDR	Rupiah	62	#####	^(d{5})$	id,en,nl,jv	1643084	PG,TL,MY	\r	\N	\N
104	IR	IRN	364	IR	Iran	Tehran	1648000	76923300	AS	.ir	IRR	Rial	98	##########	^(d{10})$	fa-IR,ku	130758	TM,AF,IQ,AM,PK,AZ,TR	\r	\N	\N
105	IQ	IRQ	368	IZ	Iraq	Baghdad	437072	29671605	AS	.iq	IQD	Dinar	964	#####	^(d{5})$	ar-IQ,ku,hy	99237	SY,SA,IR,JO,TR,KW	\r	\N	\N
106	IE	IRL	372	EI	Ireland	Dublin	70280	4622917	EU	.ie	EUR	Euro	353			en-IE,ga-IE	2963597	GB	\r	\N	\N
143	MX	MEX	484	MX	Mexico	Mexico City	1972550	112468855	NA	.mx	MXN	Peso	52	#####	^(d{5})$	es-MX	3996063	GT,US,BZ	\r	\N	\N
107	IM	IMN	833	IM	Isle of Man	Douglas, Isle of Man	572	75049	EU	.im	GBP	Pound	+44-1624	@# #@@|@## #@@|@@# #	^(([A-Z]d{2}[A-Z]{2}	en,gv	3042225		\r	\N	\N
108	IL	ISR	376	IS	Israel	Jerusalem	20770	7353985	AS	.il	ILS	Shekel	972	#####	^(d{5})$	he,ar-IL,en-IL,	294640	SY,JO,LB,EG,PS	\r	\N	\N
109	IT	ITA	380	IT	Italy	Rome	301230	60340328	EU	.it	EUR	Euro	39	#####	^(d{5})$	it-IT,de-IT,fr-IT,sc,ca,co,sl	3175395	CH,VA,SI,SM,FR,AT	\r	\N	\N
110	CI	CIV	384	IV	Ivory Coast	Yamoussoukro	322460	21058798	AF	.ci	XOF	Franc	225			fr-CI	2287781	LR,GH,GN,BF,ML	\r	\N	\N
111	JM	JAM	388	JM	Jamaica	Kingston	10991	2847232	NA	.jm	JMD	Dollar	+1-876			en-JM	3489940		\r	\N	\N
112	JP	JPN	392	JA	Japan	Tokyo	377835	127288000	AS	.jp	JPY	Yen	81	###-####	^(d{7})$	ja	1861060		\r	\N	\N
113	JE	JEY	832	JE	Jersey	Saint Helier	116	90812	EU	.je	GBP	Pound	+44-1534	@# #@@|@## #@@|@@# #	^(([A-Z]d{2}[A-Z]{2}	en,pt	3042142		\r	\N	\N
114	JO	JOR	400	JO	Jordan	Amman	92300	6407085	AS	.jo	JOD	Dinar	962	#####	^(d{5})$	ar-JO,en	248816	SY,SA,IQ,IL,PS	\r	\N	\N
115	KZ	KAZ	398	KZ	Kazakhstan	Astana	2717300	15340000	AS	.kz	KZT	Tenge	7	######	^(d{6})$	kk,ru	1522867	TM,CN,KG,UZ,RU	\r	\N	\N
116	KE	KEN	404	KE	Kenya	Nairobi	582650	40046566	AF	.ke	KES	Shilling	254	#####	^(d{5})$	en-KE,sw-KE	192950	ET,TZ,SS,SO,UG	\r	\N	\N
117	KI	KIR	296	KR	Kiribati	Tarawa	811	92533	OC	.ki	AUD	Dollar	686			en-KI,gil	4030945		\r	\N	\N
118	XK	XKX	0	KV	Kosovo	Pristina	0	1800000	EU		EUR	Euro				sq,sr	831053	RS,AL,MK,ME	\r	\N	\N
119	KW	KWT	414	KU	Kuwait	Kuwait City	17820	2789132	AS	.kw	KWD	Dinar	965	#####	^(d{5})$	ar-KW,en	285570	SA,IQ	\r	\N	\N
120	KG	KGZ	417	KG	Kyrgyzstan	Bishkek	198500	5508626	AS	.kg	KGS	Som	996	######	^(d{6})$	ky,uz,ru	1527747	CN,TJ,UZ,KZ	\r	\N	\N
121	LA	LAO	418	LA	Laos	Vientiane	236800	6368162	AS	.la	LAK	Kip	856	#####	^(d{5})$	lo,fr,en	1655842	CN,MM,KH,TH,VN	\r	\N	\N
122	LV	LVA	428	LG	Latvia	Riga	64589	2217969	EU	.lv	LVL	Lat	371	LV-####	^(?:LV)*(d{4})$	lv,ru,lt	458258	LT,EE,BY,RU	\r	\N	\N
123	LB	LBN	422	LE	Lebanon	Beirut	10400	4125247	AS	.lb	LBP	Pound	961	#### ####|####	^(d{4}(d{4})?)$	ar-LB,fr-LB,en,hy	272103	SY,IL	\r	\N	\N
124	LS	LSO	426	LT	Lesotho	Maseru	30355	1919552	AF	.ls	LSL	Loti	266	###	^(d{3})$	en-LS,st,zu,xh	932692	ZA	\r	\N	\N
125	LR	LBR	430	LI	Liberia	Monrovia	111370	3685076	AF	.lr	LRD	Dollar	231	####	^(d{4})$	en-LR	2275384	SL,CI,GN	\r	\N	\N
126	LY	LBY	434	LY	Libya	Tripolis	1759540	6461454	AF	.ly	LYD	Dinar	218			ar-LY,it,en	2215636	TD,NE,DZ,SD,TN,EG	\r	\N	\N
127	LI	LIE	438	LS	Liechtenstein	Vaduz	160	35000	EU	.li	CHF	Franc	423	####	^(d{4})$	de-LI	3042058	CH,AT	\r	\N	\N
128	LT	LTU	440	LH	Lithuania	Vilnius	65200	3565000	EU	.lt	LTL	Litas	370	LT-#####	^(?:LT)*(d{5})$	lt,ru,pl	597427	PL,BY,RU,LV	\r	\N	\N
129	LU	LUX	442	LU	Luxembourg	Luxembourg	2586	497538	EU	.lu	EUR	Euro	352	####	^(d{4})$	lb,de-LU,fr-LU	2960313	DE,BE,FR	\r	\N	\N
130	MO	MAC	446	MC	Macao	Macao	254	449198	AS	.mo	MOP	Pataca	853			zh,zh-MO,pt	1821275		\r	\N	\N
131	MK	MKD	807	MK	Macedonia	Skopje	25333	2061000	EU	.mk	MKD	Denar	389	####	^(d{4})$	mk,sq,tr,rmm,sr	718075	AL,GR,CS,BG,RS,XK	\r	\N	\N
132	MG	MDG	450	MA	Madagascar	Antananarivo	587040	21281844	AF	.mg	MGA	Ariary	261	###	^(d{3})$	fr-MG,mg	1062947		\r	\N	\N
133	MW	MWI	454	MI	Malawi	Lilongwe	118480	15447500	AF	.mw	MWK	Kwacha	265			ny,yao,tum,swk	927384	TZ,MZ,ZM	\r	\N	\N
134	MY	MYS	458	MY	Malaysia	Kuala Lumpur	329750	28274729	AS	.my	MYR	Ringgit	60	#####	^(d{5})$	ms-MY,en,zh,ta,te,ml,pa,th	1733045	BN,TH,ID	\r	\N	\N
135	MV	MDV	462	MV	Maldives	Male	300	395650	AS	.mv	MVR	Rufiyaa	960	#####	^(d{5})$	dv,en	1282028		\r	\N	\N
136	ML	MLI	466	ML	Mali	Bamako	1240000	13796354	AF	.ml	XOF	Franc	223			fr-ML,bm	2453866	SN,NE,DZ,CI,GN,MR,BF	\r	\N	\N
137	MT	MLT	470	MT	Malta	Valletta	316	403000	EU	.mt	EUR	Euro	356	@@@ ###|@@@ ##	^([A-Z]{3}d{2}d?)$	mt,en-MT	2562770		\r	\N	\N
138	MH	MHL	584	RM	Marshall Islands	Majuro	181.300000000000011	65859	OC	.mh	USD	Dollar	692			mh,en-MH	2080185		\r	\N	\N
139	MQ	MTQ	474	MB	Martinique	Fort-de-France	1100	432900	NA	.mq	EUR	Euro	596	#####	^(d{5})$	fr-MQ	3570311		\r	\N	\N
140	MR	MRT	478	MR	Mauritania	Nouakchott	1030700	3205060	AF	.mr	MRO	Ouguiya	222			ar-MR,fuc,snk,fr,mey,wo	2378080	SN,DZ,EH,ML	\r	\N	\N
141	MU	MUS	480	MP	Mauritius	Port Louis	2040	1294104	AF	.mu	MUR	Rupee	230			en-MU,bho,fr	934292		\r	\N	\N
142	YT	MYT	175	MF	Mayotte	Mamoudzou	374	159042	AF	.yt	EUR	Euro	262	#####	^(d{5})$	fr-YT	1024031		\r	\N	\N
144	FM	FSM	583	FM	Micronesia	Palikir	702	107708	OC	.fm	USD	Dollar	691	#####	^(d{5})$	en-FM,chk,pon,yap,kos,uli,woe,nkr,kpg	2081918		\r	\N	\N
145	MD	MDA	498	MD	Moldova	Chisinau	33843	4324000	EU	.md	MDL	Leu	373	MD-####	^(?:MD)*(d{4})$	ro,ru,gag,tr	617790	RO,UA	\r	\N	\N
146	MC	MCO	492	MN	Monaco	Monaco	1.94999999999999996	32965	EU	.mc	EUR	Euro	377	#####	^(d{5})$	fr-MC,en,it	2993457	FR	\r	\N	\N
147	MN	MNG	496	MG	Mongolia	Ulan Bator	1565000	3086918	AS	.mn	MNT	Tugrik	976	######	^(d{6})$	mn,ru	2029969	CN,RU	\r	\N	\N
148	ME	MNE	499	MJ	Montenegro	Podgorica	14026	666730	EU	.me	EUR	Euro	382	#####	^(d{5})$	sr,hu,bs,sq,hr,rom	3194884	AL,HR,BA,RS,XK	\r	\N	\N
149	MS	MSR	500	MH	Montserrat	Plymouth	102	9341	NA	.ms	XCD	Dollar	+1-664			en-MS	3578097		\r	\N	\N
150	MA	MAR	504	MO	Morocco	Rabat	446550	31627428	AF	.ma	MAD	Dirham	212	#####	^(d{5})$	ar-MA,fr	2542007	DZ,EH,ES	\r	\N	\N
151	MZ	MOZ	508	MZ	Mozambique	Maputo	801590	22061451	AF	.mz	MZN	Metical	258	####	^(d{4})$	pt-MZ,vmw	1036973	ZW,TZ,SZ,ZA,ZM,MW	\r	\N	\N
152	MM	MMR	104	BM	Myanmar	Nay Pyi Taw	678500	53414374	AS	.mm	MMK	Kyat	95	#####	^(d{5})$	my	1327865	CN,LA,TH,BD,IN	\r	\N	\N
153	NA	NAM	516	WA	Namibia	Windhoek	825418	2128471	AF	.na	NAD	Dollar	264			en-NA,af,de,hz,naq	3355338	ZA,BW,ZM,AO	\r	\N	\N
154	NR	NRU	520	NR	Nauru	Yaren	21	10065	OC	.nr	AUD	Dollar	674			na,en-NR	2110425		\r	\N	\N
155	NP	NPL	524	NP	Nepal	Kathmandu	140800	28951852	AS	.np	NPR	Rupee	977	#####	^(d{5})$	ne,en	1282988	CN,IN	\r	\N	\N
156	NL	NLD	528	NL	Netherlands	Amsterdam	41526	16645000	EU	.nl	EUR	Euro	31	#### @@	^(d{4}[A-Z]{2})$	nl-NL,fy-NL	2750405	DE,BE	\r	\N	\N
157	AN	ANT	530	NT	Netherlands Antilles	Willemstad	960	136197	NA	.an	ANG	Guilder	599			nl-AN,en,es	0	GP	\r	\N	\N
158	NC	NCL	540	NC	New Caledonia	Noumea	19060	216494	OC	.nc	XPF	Franc	687	#####	^(d{5})$	fr-NC	2139685		\r	\N	\N
159	NZ	NZL	554	NZ	New Zealand	Wellington	268680	4252277	OC	.nz	NZD	Dollar	64	####	^(d{4})$	en-NZ,mi	2186224		\r	\N	\N
160	NI	NIC	558	NU	Nicaragua	Managua	129494	5995928	NA	.ni	NIO	Cordoba	505	###-###-#	^(d{7})$	es-NI,en	3617476	CR,HN	\r	\N	\N
161	NE	NER	562	NG	Niger	Niamey	1267000	15878271	AF	.ne	XOF	Franc	227	####	^(d{4})$	fr-NE,ha,kr,dje	2440476	TD,BJ,DZ,LY,BF,NG,ML	\r	\N	\N
162	NG	NGA	566	NI	Nigeria	Abuja	923768	154000000	AF	.ng	NGN	Naira	234	######	^(d{6})$	en-NG,ha,yo,ig,ff	2328926	TD,NE,BJ,CM	\r	\N	\N
163	NU	NIU	570	NE	Niue	Alofi	260	2166	OC	.nu	NZD	Dollar	683			niu,en-NU	4036232		\r	\N	\N
164	NF	NFK	574	NF	Norfolk Island	Kingston	34.6000000000000014	1828	OC	.nf	AUD	Dollar	672			en-NF	2155115		\r	\N	\N
165	KP	PRK	408	KN	North Korea	Pyongyang	120540	22912177	AS	.kp	KPW	Won	850	###-###	^(d{6})$	ko-KP	1873107	CN,KR,RU	\r	\N	\N
166	MP	MNP	580	CQ	Northern Mariana Islands	Saipan	477	53883	OC	.mp	USD	Dollar	+1-670			fil,tl,zh,ch-MP,en-MP	4041468		\r	\N	\N
167	NO	NOR	578	NO	Norway	Oslo	324220	4985870	EU	.no	NOK	Krone	47	####	^(d{4})$	no,nb,nn,se,fi	3144096	FI,RU,SE	\r	\N	\N
168	OM	OMN	512	MU	Oman	Muscat	212460	2967717	AS	.om	OMR	Rial	968	###	^(d{3})$	ar-OM,en,bal,ur	286963	SA,YE,AE	\r	\N	\N
169	PK	PAK	586	PK	Pakistan	Islamabad	803940	184404791	AS	.pk	PKR	Rupee	92	#####	^(d{5})$	ur-PK,en-PK,pa,sd,ps,brh	1168579	CN,AF,IR,IN	\r	\N	\N
170	PW	PLW	585	PS	Palau	Melekeok	458	19907	OC	.pw	USD	Dollar	680	96940	^(96940)$	pau,sov,en-PW,tox,ja,fil,zh	1559582		\r	\N	\N
171	PS	PSE	275	WE	Palestinian Territory	East Jerusalem	5970	3800000	AS	.ps	ILS	Shekel	970			ar-PS	6254930	JO,IL	\r	\N	\N
172	PA	PAN	591	PM	Panama	Panama City	78200	3410676	NA	.pa	PAB	Balboa	507			es-PA,en	3703430	CR,CO	\r	\N	\N
173	PG	PNG	598	PP	Papua New Guinea	Port Moresby	462840	6064515	OC	.pg	PGK	Kina	675	###	^(d{3})$	en-PG,ho,meu,tpi	2088628	ID	\r	\N	\N
174	PY	PRY	600	PA	Paraguay	Asuncion	406750	6375830	SA	.py	PYG	Guarani	595	####	^(d{4})$	es-PY,gn	3437598	BO,BR,AR	\r	\N	\N
175	PE	PER	604	PE	Peru	Lima	1285220	29907003	SA	.pe	PEN	Sol	51			es-PE,qu,ay	3932488	EC,CL,BO,BR,CO	\r	\N	\N
176	PH	PHL	608	RP	Philippines	Manila	300000	99900177	AS	.ph	PHP	Peso	63	####	^(d{4})$	tl,en-PH,fil	1694008		\r	\N	\N
177	PN	PCN	612	PC	Pitcairn	Adamstown	47	46	OC	.pn	NZD	Dollar	870			en-PN	4030699		\r	\N	\N
178	PL	POL	616	PL	Poland	Warsaw	312685	38500000	EU	.pl	PLN	Zloty	48	##-###	^(d{5})$	pl	798544	DE,LT,SK,CZ,BY,UA,RU	\r	\N	\N
179	PT	PRT	620	PO	Portugal	Lisbon	92391	10676000	EU	.pt	EUR	Euro	351	####-###	^(d{7})$	pt-PT,mwl	2264397	ES	\r	\N	\N
180	PR	PRI	630	RQ	Puerto Rico	San Juan	9104	3916632	NA	.pr	USD	Dollar	+1-787 and	#####-####	^(d{9})$	en-PR,es-PR	4566966		\r	\N	\N
181	QA	QAT	634	QA	Qatar	Doha	11437	840926	AS	.qa	QAR	Rial	974			ar-QA,es	289688	SA	\r	\N	\N
182	CG	COG	178	CF	Republic of the Congo	Brazzaville	342000	3039126	AF	.cg	XAF	Franc	242			fr-CG,kg,ln-CG	2260494	CF,GA,CD,CM,AO	\r	\N	\N
183	RE	REU	638	RE	Reunion	Saint-Denis	2517	776948	AF	.re	EUR	Euro	262	#####	^((97)|(98)(4|7|8)d{	fr-RE	935317		\r	\N	\N
184	RO	ROU	642	RO	Romania	Bucharest	237500	21959278	EU	.ro	RON	Leu	40	######	^(d{6})$	ro,hu,rom	798549	MD,HU,UA,CS,BG,RS	\r	\N	\N
185	RU	RUS	643	RS	Russia	Moscow	17100000	140702000	EU	.ru	RUB	Ruble	7	######	^(d{6})$	ru,tt,xal,cau,ady,kv,ce,tyv,cv,udm,tut,mns,bua,myv,mdf,chm,ba,inh,tut,kbd,krc,ava,sah,nog	2017370	GE,CN,BY,UA,KZ,LV,PL	\r	\N	\N
186	RW	RWA	646	RW	Rwanda	Kigali	26338	11055976	AF	.rw	RWF	Franc	250			rw,en-RW,fr-RW,sw	49518	TZ,CD,BI,UG	\r	\N	\N
187	BL	BLM	652	TB	Saint Barthelemy	Gustavia	21	8450	NA	.gp	EUR	Euro	590	### ###		fr	3578476		\r	\N	\N
188	SH	SHN	654	SH	Saint Helena	Jamestown	410	7460	AF	.sh	SHP	Pound	290	STHL 1ZZ	^(STHL1ZZ)$	en-SH	3370751		\r	\N	\N
189	KN	KNA	659	SC	Saint Kitts and Nevis	Basseterre	261	49898	NA	.kn	XCD	Dollar	+1-869			en-KN	3575174		\r	\N	\N
190	LC	LCA	662	ST	Saint Lucia	Castries	616	160922	NA	.lc	XCD	Dollar	+1-758			en-LC	3576468		\r	\N	\N
191	MF	MAF	663	RN	Saint Martin	Marigot	53	35925	NA	.gp	EUR	Euro	590	### ###		fr	3578421	SX	\r	\N	\N
192	PM	SPM	666	SB	Saint Pierre and Miquelon	Saint-Pierre	242	7012	NA	.pm	EUR	Euro	508	#####	^(97500)$	fr-PM	3424932		\r	\N	\N
193	VC	VCT	670	VC	Saint Vincent and the Grenadines	Kingstown	389	104217	NA	.vc	XCD	Dollar	+1-784			en-VC,fr	3577815		\r	\N	\N
194	WS	WSM	882	WS	Samoa	Apia	2944	192001	OC	.ws	WST	Tala	685			sm,en-WS	4034894		\r	\N	\N
195	SM	SMR	674	SM	San Marino	San Marino	61.2000000000000028	31477	EU	.sm	EUR	Euro	378	4789#	^(4789d)$	it-SM	3168068	IT	\r	\N	\N
196	ST	STP	678	TP	Sao Tome and Principe	Sao Tome	1001	175808	AF	.st	STD	Dobra	239			pt-ST	2410758		\r	\N	\N
197	SA	SAU	682	SA	Saudi Arabia	Riyadh	1960582	25731776	AS	.sa	SAR	Rial	966	#####	^(d{5})$	ar-SA	102358	QA,OM,IQ,YE,JO,AE,KW	\r	\N	\N
198	SN	SEN	686	SG	Senegal	Dakar	196190	12323252	AF	.sn	XOF	Franc	221	#####	^(d{5})$	fr-SN,wo,fuc,mnk	2245662	GN,MR,GW,GM,ML	\r	\N	\N
199	RS	SRB	688	RI	Serbia	Belgrade	88361	7344847	EU	.rs	RSD	Dinar	381	######	^(d{6})$	sr,hu,bs,rom	6290252	AL,HU,MK,RO,HR,BA,BG	\r	\N	\N
200	CS	SCG	891	YI	Serbia and Montenegro	Belgrade	102350	10829175	EU	.cs	RSD	Dinar	381	#####	^(d{5})$	cu,hu,sq,sr	0	AL,HU,MK,RO,HR,BA,BG	\r	\N	\N
201	SC	SYC	690	SE	Seychelles	Victoria	455	88340	AF	.sc	SCR	Rupee	248			en-SC,fr-SC	241170		\r	\N	\N
202	SL	SLE	694	SL	Sierra Leone	Freetown	71740	5245695	AF	.sl	SLL	Leone	232			en-SL,men,tem	2403846	LR,GN	\r	\N	\N
203	SG	SGP	702	SN	Singapore	Singapur	692.700000000000045	4701069	AS	.sg	SGD	Dollar	65	######	^(d{6})$	cmn,en-SG,ms-SG,ta-SG,zh-SG	1880251		\r	\N	\N
204	SX	SXM	534	NN	Sint Maarten	Philipsburg	0	37429	NA	.sx	ANG	Guilder	599			nl,en	7609695	MF	\r	\N	\N
205	SK	SVK	703	LO	Slovakia	Bratislava	48845	5455000	EU	.sk	EUR	Euro	421	###  ##	^(d{5})$	sk,hu	3057568	PL,HU,CZ,UA,AT	\r	\N	\N
206	SI	SVN	705	SI	Slovenia	Ljubljana	20273	2007000	EU	.si	EUR	Euro	386	SI- ####	^(?:SI)*(d{4})$	sl,sh	3190538	HU,IT,HR,AT	\r	\N	\N
207	SB	SLB	90	BP	Solomon Islands	Honiara	28450	559198	OC	.sb	SBD	Dollar	677			en-SB,tpi	2103350		\r	\N	\N
208	SO	SOM	706	SO	Somalia	Mogadishu	637657	10112453	AF	.so	SOS	Shilling	252	@@  #####	^([A-Z]{2}d{5})$	so-SO,ar-SO,it,en-SO	51537	ET,KE,DJ	\r	\N	\N
209	ZA	ZAF	710	SF	South Africa	Pretoria	1219912	49000000	AF	.za	ZAR	Rand	27	####	^(d{4})$	zu,xh,af,nso,en-ZA,tn,st,ts,ss,ve,nr	953987	ZW,SZ,MZ,BW,NA,LS	\r	\N	\N
210	GS	SGS	239	SX	South Georgia and the South Sandwich Islands	Grytviken	3903	30	AN	.gs	GBP	Pound				en	3474415		\r	\N	\N
211	KR	KOR	410	KS	South Korea	Seoul	98480	48422644	AS	.kr	KRW	Won	82	SEOUL ###-###	^(?:SEOUL)*(d{6})$	ko-KR,en	1835841	KP	\r	\N	\N
212	SS	SSD	728	OD	South Sudan	Juba	644329	8260490	AF		SSP	Pound	211			en	7909807	CD,CF,ET,KE,SD,UG,	\r	\N	\N
213	ES	ESP	724	SP	Spain	Madrid	504782	46505963	EU	.es	EUR	Euro	34	#####	^(d{5})$	es-ES,ca,gl,eu,oc	2510769	AD,PT,GI,FR,MA	\r	\N	\N
214	LK	LKA	144	CE	Sri Lanka	Colombo	65610	21513990	AS	.lk	LKR	Rupee	94	#####	^(d{5})$	si,ta,en	1227603		\r	\N	\N
215	SD	SDN	729	SU	Sudan	Khartoum	1861484	35000000	AF	.sd	SDG	Pound	249	#####	^(d{5})$	ar-SD,en,fia	366755	SS,TD,EG,ET,ER,LY,CF	\r	\N	\N
216	SR	SUR	740	NS	Suriname	Paramaribo	163270	492829	SA	.sr	SRD	Dollar	597			nl-SR,en,srn,hns,jv	3382998	GY,BR,GF	\r	\N	\N
217	SJ	SJM	744	SV	Svalbard and Jan Mayen	Longyearbyen	62049	2550	EU	.sj	NOK	Krone	47			no,ru	607072		\r	\N	\N
218	SZ	SWZ	748	WZ	Swaziland	Mbabane	17363	1354051	AF	.sz	SZL	Lilangeni	268	@###	^([A-Z]d{3})$	en-SZ,ss-SZ	934841	ZA,MZ	\r	\N	\N
219	SE	SWE	752	SW	Sweden	Stockholm	449964	9045000	EU	.se	SEK	Krona	46	SE-### ##	^(?:SE)*(d{5})$	sv-SE,se,sma,fi-SE	2661886	NO,FI	\r	\N	\N
220	CH	CHE	756	SZ	Switzerland	Berne	41290	7581000	EU	.ch	CHF	Franc	41	####	^(d{4})$	de-CH,fr-CH,it-CH,rm	2658434	DE,IT,LI,FR,AT	\r	\N	\N
221	SY	SYR	760	SY	Syria	Damascus	185180	22198110	AS	.sy	SYP	Pound	963			ar-SY,ku,hy,arc,fr,en	163843	IQ,JO,IL,TR,LB	\r	\N	\N
222	TW	TWN	158	TW	Taiwan	Taipei	35980	22894384	AS	.tw	TWD	Dollar	886	#####	^(d{5})$	zh-TW,zh,nan,hak	1668284		\r	\N	\N
223	TJ	TJK	762	TI	Tajikistan	Dushanbe	143100	7487489	AS	.tj	TJS	Somoni	992	######	^(d{6})$	tg,ru	1220409	CN,AF,KG,UZ	\r	\N	\N
224	TZ	TZA	834	TZ	Tanzania	Dodoma	945087	41892895	AF	.tz	TZS	Shilling	255			sw-TZ,en,ar	149590	MZ,KE,CD,RW,ZM,BI,UG	\r	\N	\N
225	TH	THA	764	TH	Thailand	Bangkok	514000	67089500	AS	.th	THB	Baht	66	#####	^(d{5})$	th,en	1605651	LA,MM,KH,MY	\r	\N	\N
226	TG	TGO	768	TO	Togo	Lome	56785	6587239	AF	.tg	XOF	Franc	228			fr-TG,ee,hna,kbp,dag,ha	2363686	BJ,GH,BF	\r	\N	\N
227	TK	TKL	772	TL	Tokelau		10	1466	OC	.tk	NZD	Dollar	690			tkl,en-TK	4031074		\r	\N	\N
228	TO	TON	776	TN	Tonga	Nuku'alofa	748	122580	OC	.to	TOP	Pa'anga	676			to,en-TO	4032283		\r	\N	\N
229	TT	TTO	780	TD	Trinidad and Tobago	Port of Spain	5128	1228691	NA	.tt	TTD	Dollar	+1-868			en-TT,hns,fr,es,zh	3573591		\r	\N	\N
230	TN	TUN	788	TS	Tunisia	Tunis	163610	10589025	AF	.tn	TND	Dinar	216	####	^(d{4})$	ar-TN,fr	2464461	DZ,LY	\r	\N	\N
231	TR	TUR	792	TU	Turkey	Ankara	780580	77804122	AS	.tr	TRY	Lira	90	#####	^(d{5})$	tr-TR,ku,diq,az,av	298795	SY,GE,IQ,IR,GR,AM,AZ	\r	\N	\N
232	TM	TKM	795	TX	Turkmenistan	Ashgabat	488100	4940916	AS	.tm	TMT	Manat	993	######	^(d{6})$	tk,ru,uz	1218197	AF,IR,UZ,KZ	\r	\N	\N
233	TC	TCA	796	TK	Turks and Caicos Islands	Cockburn Town	430	20556	NA	.tc	USD	Dollar	+1-649	TKCA 1ZZ	^(TKCA 1ZZ)$	en-TC	3576916		\r	\N	\N
234	TV	TUV	798	TV	Tuvalu	Funafuti	26	10472	OC	.tv	AUD	Dollar	688			tvl,en,sm,gil	2110297		\r	\N	\N
235	VI	VIR	850	VQ	U.S. Virgin Islands	Charlotte Amalie	352	108708	NA	.vi	USD	Dollar	+1-340			en-VI	4796775		\r	\N	\N
236	UG	UGA	800	UG	Uganda	Kampala	236040	33398682	AF	.ug	UGX	Shilling	256			en-UG,lg,sw,ar	226074	TZ,KE,SS,CD,RW	\r	\N	\N
237	UA	UKR	804	UP	Ukraine	Kiev	603700	45415596	EU	.ua	UAH	Hryvnia	380	#####	^(d{5})$	uk,ru-UA,rom,pl,hu	690791	PL,MD,HU,SK,BY,RO,RU	\r	\N	\N
238	AE	ARE	784	AE	United Arab Emirates	Abu Dhabi	82880	4975593	AS	.ae	AED	Dirham	971			ar-AE,fa,en,hi,ur	290557	SA,OM	\r	\N	\N
239	GB	GBR	826	UK	United Kingdom	London	244820	62348447	EU	.uk	GBP	Pound	44	@# #@@|@## #@@|@@# #	^(([A-Z]d{2}[A-Z]{2}	en-GB,cy-GB,gd	2635167	IE	\r	\N	\N
240	US	USA	840	US	United States	Washington	9629091	310232863	NA	.us	USD	Dollar	1	#####-####	^(d{9})$	en-US,es-US,haw,fr	6252001	CA,MX,CU	\r	\N	\N
241	UM	UMI	581		United States Minor Outlying Islands		0	0	OC	.um	USD	Dollar	1			en-UM	5854968		\r	\N	\N
242	UY	URY	858	UY	Uruguay	Montevideo	176220	3477000	SA	.uy	UYU	Peso	598	#####	^(d{5})$	es-UY	3439705	BR,AR	\r	\N	\N
243	UZ	UZB	860	UZ	Uzbekistan	Tashkent	447400	27865738	AS	.uz	UZS	Som	998	######	^(d{6})$	uz,ru,tg	1512440	TM,AF,KG,TJ,KZ	\r	\N	\N
244	VU	VUT	548	NH	Vanuatu	Port Vila	12200	221552	OC	.vu	VUV	Vatu	678			bi,en-VU,fr-VU	2134431		\r	\N	\N
245	VA	VAT	336	VT	Vatican	Vatican City	0.440000000000000002	921	EU	.va	EUR	Euro	379			la,it,fr	3164670	IT	\r	\N	\N
246	VE	VEN	862	VE	Venezuela	Caracas	912050	27223228	SA	.ve	VEF	Bolivar	58	####	^(d{4})$	es-VE	3625428	GY,BR,CO	\r	\N	\N
247	VN	VNM	704	VM	Vietnam	Hanoi	329560	89571130	AS	.vn	VND	Dong	84	######	^(d{6})$	vi,en,fr,zh,km	1562822	CN,LA,KH	\r	\N	\N
248	WF	WLF	876	WF	Wallis and Futuna	Mata Utu	274	16025	OC	.wf	XPF	Franc	681	#####	^(986d{2})$	wls,fud,fr-WF	4034749		\r	\N	\N
249	EH	ESH	732	WI	Western Sahara	El-Aaiun	266000	273008	AF	.eh	MAD	Dirham	212			ar,mey	2461445	DZ,MR,MA	\r	\N	\N
250	YE	YEM	887	YM	Yemen	Sanaa	527970	23495361	AS	.ye	YER	Rial	967			ar-YE	69543	SA,OM	\r	\N	\N
251	ZM	ZMB	894	ZA	Zambia	Lusaka	752614	13460305	AF	.zm	ZMK	Kwacha	260	#####	^(d{5})$	en-ZM,bem,loz,lun,lue,ny,toi	895949	ZW,TZ,MZ,CD,NA,MW,AO	\r	\N	\N
252	ZW	ZWE	716	ZI	Zimbabwe	Harare	390580	11651858	AF	.zw	ZWL	Dollar	263			en-ZW,sn,nr,nd	878675	ZA,MZ,BW,ZM	\r	\N	\N
\.


--
-- Name: countries_id_seq; Type: SEQUENCE SET; Schema: public; Owner: -
--

SELECT pg_catalog.setval('countries_id_seq', 252, true);


--
-- Data for Name: coupons; Type: TABLE DATA; Schema: public; Owner: -
--

COPY coupons (id, created_at, updated_at, coupon_code, max_number_of_time_can_use, max_number_of_time_can_use_per_user, coupon_used_count, discount, discount_type_id, min_amount, coupon_expiry_date, is_active) FROM stdin;
\.


--
-- Name: coupons_id_seq; Type: SEQUENCE SET; Schema: public; Owner: -
--

SELECT pg_catalog.setval('coupons_id_seq', 1, false);


--
-- Data for Name: credit_purchase_logs; Type: TABLE DATA; Schema: public; Owner: -
--

COPY credit_purchase_logs (id, created_at, updated_at, user_id, credit_purchase_plan_id, credit_count, price, discount_percentage, original_price, payment_gateway_id, gateway_id, is_payment_completed, coupon_id, is_active, used_credit_count, paypal_pay_key, expiry_date) FROM stdin;
2	2017-04-28 08:37:24	2017-04-29 07:49:12	4	1	100	45	10	50	2	3140	t	\N	t	6	\N	\N
3	2017-04-29 07:51:21	2017-04-29 07:55:34	6	1	100	45	10	50	2	3140	t	\N	t	6	\N	\N
1	2017-04-28 07:54:37	2017-04-29 09:33:40	3	3	500	170	15	200	2	3140	t	\N	t	4	\N	\N
4	2017-04-29 08:00:18	2017-04-29 10:32:58	2	3	500	170	15	200	2	3140	t	\N	t	6	\N	\N
\.


--
-- Data for Name: credit_purchase_plans; Type: TABLE DATA; Schema: public; Owner: -
--

COPY credit_purchase_plans (id, created_at, updated_at, name, no_of_credits, price, discount_percentage, original_price, is_active, day_limit, is_welcome_plan) FROM stdin;
1	2016-12-14 15:13:42	2016-12-14 15:13:42	Premium	100	45	10	50	t	\N	f
2	2016-12-14 15:15:47	2016-12-14 15:15:47	Gold	250	90	10	100	t	\N	f
3	2016-12-14 15:17:51	2016-12-14 15:17:51	Platinum	500	170	15	200	t	\N	f
5	2017-05-25 17:17:51	2017-05-25 17:17:51	Welcome Plan	10	0	0	0	t	14	t
\.


--
-- Data for Name: discount_types; Type: TABLE DATA; Schema: public; Owner: -
--

COPY discount_types (id, created_at, updated_at, name) FROM stdin;
1	2017-01-06 12:11:52	2017-01-06 12:11:52	Percentage
2	2017-01-06 12:11:52	2017-01-06 12:11:52	Amount
\.


--
-- Name: discount_types_id_seq; Type: SEQUENCE SET; Schema: public; Owner: -
--

SELECT pg_catalog.setval('discount_types_id_seq', 2, true);


--
-- Data for Name: dispute_closed_types; Type: TABLE DATA; Schema: public; Owner: -
--

COPY dispute_closed_types (id, name, dispute_open_type_id, project_role_id, reason, resolve_type, action_list) FROM stdin;
3	\N	2	4	Employer given poor feedback	Rating will be updated	<li>Freelancer rating will be updated with expected one.</li>
4	\N	2	3	Employer given proper feedback	Resolved without any change	<li>Resolved without any change.</li>
5	\N	3	4	Project matched the project requirements	Project will be closed and funds moved to freelancer	<li>Remaining escrow amount move to freelancer.</li><li>Project status moved to "Final Review Pending" or "Completed".</li>
6	\N	3	3	Project does not match the project requirements	Refunded & Canceled Project	<li>Remaining escrow amount move to employer wallet.</li><li>Project status moved to "Canceled by Admin".</li>
7	\N	4	4	Freelancer given proper feedback	Resolved without any change	<li>Remaining escrow amount move to freelancer.</li><li>Project status moved to "Final Review Pending" or "Completed".</li>
8	\N	4	3	Freelancer given poor feedback	Rating will be updated	<li>Employer rating will be updated with expected one.</li>
1	\N	1	3	Employer giving more work without reason	Refunded & Canceled Project	<li>Remaining escrow amount move to employer wallet.</li><li>Project status move to "Canceled by Admin".</li>
2	\N	1	4	The work given as per project description and the work need to be completed	Project moved to development again	<li>Project status move to "Under Development" for rework.</li>
\.


--
-- Name: dispute_closed_types_id_seq; Type: SEQUENCE SET; Schema: public; Owner: -
--

SELECT pg_catalog.setval('dispute_closed_types_id_seq', 8, true);


--
-- Data for Name: dispute_open_types; Type: TABLE DATA; Schema: public; Owner: -
--

COPY dispute_open_types (id, created_at, updated_at, name, project_role_id, is_active) FROM stdin;
1	2011-09-19 11:17:43	2011-09-19 11:17:43	Employer giving more work without reason	4	t
2	2011-09-19 11:17:43	2011-09-19 11:17:43	Employer given poor feedback	4	t
3	2011-09-19 11:18:50	2011-09-19 11:18:50	Project does not match the project requirements	3	t
4	2011-09-19 11:18:50	2011-09-19 11:18:50	Freelancer given poor feedback	3	t
\.


--
-- Name: dispute_open_types_id_seq; Type: SEQUENCE SET; Schema: public; Owner: -
--

SELECT pg_catalog.setval('dispute_open_types_id_seq', 4, true);


--
-- Data for Name: dispute_statuses; Type: TABLE DATA; Schema: public; Owner: -
--

COPY dispute_statuses (id, created_at, updated_at, name) FROM stdin;
1	2010-12-22 10:46:41	2010-12-22 10:46:41	Open
2	2010-12-22 10:46:41	2010-12-22 10:46:41	Under Discussion
3	2010-12-22 10:46:41	2010-12-22 10:46:41	Waiting for Administrator Decision
4	2010-12-22 10:46:41	2010-12-22 10:46:41	Closed
\.


--
-- Name: dispute_statuses_id_seq; Type: SEQUENCE SET; Schema: public; Owner: -
--

SELECT pg_catalog.setval('dispute_statuses_id_seq', 4, true);


--
-- Data for Name: educations; Type: TABLE DATA; Schema: public; Owner: -
--

COPY educations (id, created_at, updated_at, user_id, country_id, title, from_year, to_year) FROM stdin;
1	2017-04-28 08:44:17	2017-04-28 08:44:17	4	41	Bachelor of Engineering	2011	2013
2	2017-04-28 08:50:21	2017-04-28 08:50:21	2	240	Bachelor of Arts	2013	2014
3	2017-04-28 08:55:45	2017-04-28 08:55:45	3	240	Bachelor's degree in public relations	1998	2001
\.


--
-- Name: educations_id_seq; Type: SEQUENCE SET; Schema: public; Owner: -
--

SELECT pg_catalog.setval('educations_id_seq', 3, true);


--
-- Data for Name: email_templates; Type: TABLE DATA; Schema: public; Owner: -
--

COPY email_templates (id, created_at, updated_at, "from", reply_to, name, description, subject, text_email_content, html_email_content, notification_content, email_variables, is_html, is_notify, display_name) FROM stdin;
12	2009-10-14 19:20:59	2015-04-10 14:35:19	##FROM_EMAIL##		Contact Us Auto Reply	we will send this mail ti user, when user submit the contact us form.	[##SITE_NAME##] RE: ##SUBJECT##	Hi ##FIRST_NAME####LAST_NAME##,\n\n   Thanks for contacting us. We'll get back to you shortly.\n\n   Please do not reply to this automated response. If you have not contacted us and if you feel this is an error, please contact us through our site ##CONTACT_URL##\n\n------ On ##POST_DATE## you wrote from ##IP## -----\n\n##MESSAGE##\n\n\nThanks,\n##SITE_NAME##\n##SITE_URL##		\N	MESSAGE, POST_DATE, SITE_NAME, CONTACT_URL, FIRST_NAME, LAST_NAME, SUBJECT, SITE_URL	f	f	Contact Us Auto Reply
77	2015-07-02 16:11:45	2015-07-02 16:11:45	##FROM_EMAIL##		Work Completed Notification	we will send this mail, when the work get completed.	"##REQUEST_NAME##" has completed by ##FREELANCER##	Hi ##EMPLOYER##,\n\n"##REQUEST_NAME##" has completed by ##FREELANCER##.\nClick below link to send response.\n##RESPONSE_URL##\n\nThanks,\n##SITE_NAME##\n##SITE_URL##		\N	SITE_NAME, SITE_URL,FREELANCER,EMPLOYER,RESPONSE_URL,BUSINESSNAME,RESPONSE_URL	f	f	Work Completed Notification
8	2009-05-22 16:48:38	2015-04-10 14:21:46	##FROM_EMAIL##		Admin User Deactivate	We will send this mail to user, when user deactive by administator.	[##SITE_NAME##] Your ##SITE_NAME## account has been deactivated	Hi ##USERNAME##,\n\nYour ##SITE_NAME## account has been deactivated.\n\nThanks,\n##SITE_NAME##\n##SITE_URL##		\N	SITE_NAME,USERNAME	f	f	Admin User Deactivate
60	2014-05-20 15:36:00	2015-04-11 08:51:37	##FROM_EMAIL##	##REPLY_TO_EMAIL##	Portfolio Review Added	When a review added for a portfolio we will send this to the portfolio owner.	[##SITE_NAME##][##PORTFOLIO_NAME##] New review has been added	Dear ##USERNAME##,\n\t\n##REVIEW_USER## has added review on portfolio ##PORTFOLIO_NAME##.\n\nPlease click the following link to view the portfolio,\n##PORTFOLIO_LINK##\n\nThanks,\n##SITE_NAME##\n##SITE_URL##		##REVIEW_USER## has added review on portfolio ##PORTFOLIO_NAME##.		f	t	Portfolio Review Added
76	2015-07-02 16:11:45	2015-07-02 16:11:45	##FROM_EMAIL##		Work Closed Notification	we will send this mail, when the work closed.	##EMPLOYER## marked as closed for "##REQUEST_NAME##"	Hi ##FREELANCER##,\n\n##EMPLOYER## marked as closed for "##REQUEST_NAME##"\nClick below link for more information.\n##RESPONSE_URL##\n\nThanks,\n##SITE_NAME##\n##SITE_URL##		\N	SITE_NAME, SITE_URL,FREELANCER,CUSTOMERNAME,RESPONSE_URL,BUSINESSNAME,RESPONSE_URL	f	f	Work Closed Notification
78	2016-01-20 16:11:45	2016-01-20 16:11:45	##FROM_EMAIL##		Start Skill Test Notification	we will send this mail, when freelancer paid fee for skill test.	Start your skill test - ##EXAM##	Hi ##USERNAME##,\r\n\r\nYour payment of skill test "##EXAM##" is received. \r\n\nPlease follow the below link to start skill test now. \r\n\n##EXAM_LINK##\r\n\nIf you already taken this exam please ignore this mail.\r\n\n\r\nThanks,\r\n##SITE_NAME##\r\n##SITE_URL##		\N	SITE_NAME, SITE_URL, USERNAME, EXAM, EXAM_LINK	f	f	Start Skill Test Notification
58	2014-05-12 19:39:00	2015-04-11 08:50:04	##FROM_EMAIL##	##REPLY_TO_EMAIL##	Portfolio Favorite Added	This is sent to portfolio owner when portfolio is favorited.	[##SITE_NAME##][##PORTFOLIO_NAME##] Portfolio has been favorited	Dear ##USERNAME##,\n\nThe portfolio ##PORTFOLIO_NAME## has been favorited by ##FAV_USERNAME##.\n\nPlease click the following link to view the portfolio,\n##PORTFOLIO_LINK##\n\nThanks,\n##SITE_NAME##\n##SITE_URL##		##FAV_USERNAME## favorited portfolio ##PORTFOLIO_NAME##.	USERNAME, PORTFOLIO_NAME, SITE_NAME, SITE_URL, FAV_USERNAME, PORTFOLIO_LINK	f	t	Portfolio Favorite Added
81	2017-01-05 12:16:22	2017-01-05 12:16:22	##FROM_EMAIL##	##REPLY_TO_EMAIL##	newcontestentry	We will send this mail to\ncontest owner, when a user posts a new entry.	There is a new entry for your contest!!!	Hi ##USERNAME##,\n\nYour contest ##CONTEST## got a new entry!!!\n\nClick the below link to check it out..\n\n##CONTEST##\nEntry Details:\nEntry No: ###ENTRY_ID##\nPosted User: #OTHER_USERNAME##\n\nThanks,\n##SITE_NAME##\n##SITE_URL##		\N	USERNAME,CONTEST_NAME,SITE_NAME,CONTEST_HOLDER,CONTEST_URL	f	t	New Contest Entry
82	2017-01-05 12:16:22	2017-01-05 12:16:22	##FROM_EMAIL##	##REPLY_TO_EMAIL##	newcontest	we will send this when a new contest is added.	New contest added - ##CONTEST_NAME##	Dear Admin,\n\nNew contest added.\n\nContest Name: ##CONTEST_NAME##\nContest Holder: ##CONTEST_HOLDER##\nURL: ##CONTEST_URL##\n\nThanks,\n##SITE_NAME##\n##SITE_URL##		\N	USERNAME,CONTEST_NAME,SITE_NAME,CONTEST_HOLDER,CONTEST_URL	f	t	New Contest
83	2017-01-05 12:16:22	2017-01-05 12:16:22	##FROM_EMAIL##	##REPLY_TO_EMAIL##	newcontestforparticipants	we will send this when a new contest is added to all previous participants.	New contest added - ##CONTEST_NAME##	Dear ##USER_NAME##,\n\nNew contest was added in ##SITE_NAME## by ##CONTEST_HOLDER##. To view the contest click the below URL, ##CONTEST_URL##\n\nThanks,\n##SITE_NAME##\n##SITE_URL##		\N	USERNAME,CONTEST_NAME,SITE_NAME,CONTEST_HOLDER,CONTEST_URL	f	t	New Contest For Participants
84	2017-01-05 12:16:22	2017-01-05 12:16:22	##FROM_EMAIL##	##REPLY_TO_EMAIL##	conteststatuschangealert	we will send this mail, when we change the contest status.	[##CONTEST_NAME##] Status changed	Dear ##PARTICIPANT##,\n\nThe "##CONTEST_NAME##" contest was ##CONTEST_STATUS## in ##SITE_NAME##.\n\nThanks,\n##SITE_NAME##\n##SITE_URL##		\N	USERNAME,CONTEST_NAME,SITE_NAME,CONTEST_HOLDER,CONTEST_URL,CONTEST_STATUS	f	t	Contest Status Change Alert
85	2017-01-05 12:16:22	2017-01-05 12:16:22	##FROM_EMAIL##	##REPLY_TO_EMAIL##	entrystatuschangealert	we will send this mail, when we change the contest entry status.	[##CONTEST_NAME##] Entry Status changed	Dear ##USERNAME##,\n\nThe status of the contest "##CONTEST_NAME##" entry is changed from "##PREVIOUS_STATUS##" to "##CURRENT_STATUS##".\n\n##CONTEST_URL##\n\nThanks,\n##SITE_NAME##\n##SITE_URL##		\N	USERNAME,CONTEST_NAME,SITE_NAME,CONTEST_HOLDER,CONTEST_URL	f	t	Entry Status Change Alert
66	2015-07-02 16:11:45	2015-07-02 16:11:45	##FROM_EMAIL##		Quote - Feedback Updated Notification	we will send this mail, when user update the feedback.	Feedback updated for "##REQUEST_NAME##"	Hi ##FREELANCER##,\n\nFeedback updated for "##REQUEST_NAME##" from ##EMPLOYER##\nClick below link for more information.\n##RESPONSE_URL##\n\nThanks,\n##SITE_NAME##\n##SITE_URL##		\N	SITE_NAME, SITE_URL,FREELANCER,EMPLOYER,RESPONSE_URL,BUSINESSNAME,RESPONSE_URL	f	f	Quote - Feedback Updated Notification
86	2017-01-05 12:16:22	2017-01-05 12:16:22	##FROM_EMAIL##	##REPLY_TO_EMAIL##	contestactivityalert	we will send this mail, when we change the contest status.	[##CONTEST_NAME##] Status changed: ##PREVIOUS_STATUS## -> ##CURRENT_STATUS##	Dear ##USERNAME##,\n\nThe status of the contest "##CONTEST_NAME##" is changed from "##PREVIOUS_STATUS##" to "##CURRENT_STATUS##".\n\n##CONTEST_URL##\n\nThanks,\n##SITE_NAME##\n##SITE_URL##		\N		f	t	Activity Alert Mail
67	2015-07-02 16:11:45	2015-07-02 16:11:45	##FROM_EMAIL##		Hired Notification	we will send this mail, when provider hired by the requestor.	##REQUESTOR## hired you for "##REQUEST_NAME##"	Hi ##FREELANCER##,\n\n##EMPLOYER## hired you for "##REQUEST_NAME##"\nClick below link for more information.\n##RESPONSE_URL##\n\nThanks,\n##SITE_NAME##\n##SITE_URL##		\N	SITE_NAME, SITE_URL,FREELANCER,EMPLOYER,RESPONSE_URL,BUSINESSNAME,RESPONSE_URL	f	f	Hired Notification
1	2009-02-20 10:24:49	2015-04-17 12:40:54	##FROM_EMAIL##		forgotpassword	we will send this mail, when user submit the forgot password form.	[##SITE_NAME##] Forgot password	Hi ##USERNAME##, \n\nWe have changed new password as per your requested.\n\nNew password: \n\n##PASSWORD##\n\nThanks, \n##SITE_NAME## \n##SITE_URL##		\N	USERNAME,RESET_URL,SITE_NAME	f	f	Forgot Password
69	2015-07-02 16:11:45	2015-07-02 16:11:45	##FROM_EMAIL##		New Quote Request Received Notification	System will send this mail to freelancer when new quote request received.	[##SITE_NAME##] Quote request received for ##CATEGORY_NAME##	Hi ##FREELANCER##,\n\n##EMPLOYER## requested quote for ##CATEGORY_NAME##.\n\nRequest: ##REQUEST_TITLE##\nDescription: ##REQUEST_DESCRIPTION##\nTime: ##PREFERRED_TIME##\nLocation: ##WORK_LOCATION##\n\nManage quote requests and works: ##MY_WORK_PAGE_LINK##\n\nThanks,\n##SITE_NAME##\n##SITE_URL##		\N	SITE_NAME, SITE_URL,FREELANCER,EMPLOYER,RESPONSE_URL,BUSINESSNAME,RESPONSE_URL	f	f	New Quote Request Received Notification
56	2014-05-12 19:39:00	2015-04-11 08:48:06	##FROM_EMAIL##	##REPLY_TO_EMAIL##	Project Favorite Added	This is sent to project owner when project is favorited.	[##SITE_NAME##][##PROJECT_NAME##] Project has been favorited	Dear ##USERNAME##,\n\nThe project ##PROJECT_NAME## has been favorited by ##FAV_USERNAME##.\n\nPlease click the following link to view the project,\n##PROJECT_LINK##\n\nThanks,\n##SITE_NAME##\n##SITE_URL##		##FAV_USERNAME## favorited project ##PROJECT_NAME##.	USERNAME, PROJECT_NAME, SITE_NAME, SITE_URL, FAV_USERNAME, PROJECT_LINK	f	t	Project Favorite Added
55	2014-05-12 19:28:00	2015-04-11 08:47:12	##FROM_EMAIL##	##REPLY_TO_EMAIL##	Job Expired Alert	This is sent to admin, job employer when job is expired.	[##SITE_NAME##][##JOB_NAME##] Job has been expired	Dear ##USERNAME##,\n\nThe job ##JOB_NAME## has been expired on ##SITE_NAME##.\n\nPlease click the following link to view the job,\n##JOB_LINK##\n\nThanks,\n##SITE_NAME##\n##SITE_URL##		The job ##JOB_NAME## has been expired.	USERNAME, JOB_NAME, SITE_NAME, SITE_URL	f	t	Job Expired Alert
54	2014-05-12 19:23:00	2015-04-11 08:45:53	##FROM_EMAIL##	##REPLY_TO_EMAIL##	Job Cancelled Alert	we will send this mail, when cancelled a job	[##SITE_NAME##][##JOB_NAME##] Job Cancelled	Dear ##USERNAME##,\n \nThe "##JOB_NAME##" job was cancelled in ##SITE_NAME##. \n\nThanks,\n##SITE_NAME##\n##SITE_URL##		The "##JOB_NAME##" job was cancelled.	JOB_NAME,SITE_NAME,SITE_URL,USER_NAME	f	t	Job Cancelled Alert
53	2014-05-12 18:32:00	2015-04-11 08:45:08	##FROM_EMAIL##	##REPLY_TO_EMAIL##	New portfolio opened	When new a new portfolio of favorite user opened.	[##SITE_NAME##] ##FAV_USERNAME##'s Portfolio Opened	Dear ##USERNAME##, \n\n##FAV_USERNAME## has added new portfolio [##PORTFOLIO_NAME##]. \n\nPlease click the following link to place your bid. \n##PORTFOLIO_LINK## \n\nThanks,\n##SITE_NAME##\n##SITE_URL##		##FAV_USERNAME## has added new portfolio ##PORTFOLIO_NAME##.	USERNAME,PORTFOLIO_NAME,PORTFOLIO_LINK,FAV_USERNAME	f	t	New portfolio opened
51	2010-11-12 19:54:29	2015-04-11 08:43:16	##FROM_EMAIL##	##REPLY_TO_EMAIL##	New job opened	When new a new job of favorite user opened.	[##SITE_NAME##] ##FAV_USERNAME##'s Job Opened	Dear ##USERNAME##,\n\n##FAV_USERNAME## has added new job [##JOB_NAME##]. \n\nPlease click the following link to place your bid.\n##JOB_LINK##\n\nThanks,\n##SITE_NAME##\n##SITE_URL##		##FAV_USERNAME## has added new job [##JOB_NAME##].	USERNAME,JOB_NAME,JOB_LINK,FAV_USERNAME	f	t	New job opened
52	2015-07-02 16:11:45	2015-04-11 08:44:14	##FROM_EMAIL##	##REPLY_TO_EMAIL##	Admin Job Status Alert	we will send this when a job status change.	[##SITE_NAME##][##JOB_NAME##] Status: ##OLD_STATUS## -> ##NEW_STATUS##	Hi,\n\nStatus was changed for job "##JOB_NAME##".\n\nStatus: ##OLD_STATUS## -> ##NEW_STATUS##\n\nPlease click the following link to view the job,\n##JOB_URL##\n\nThanks,\n##SITE_NAME##\n##SITE_URL##\n		\N	OLD_STATUS,NEW_STATUS,JOB_NAME,JOB_URL,SITE_NAME,SITE_URL	f	f	Admin Job Status Alert
50	2014-04-23 00:00:00	2015-04-11 08:42:11	##FROM_EMAIL##	##REPLY_TO_EMAIL##	New Resume Notification	When new job apply was made, an internal message will be sent to the employer of the job notifiying an new resume.	[##SITE_NAME##][##JOB_TITLE##] New application has been received	Dear ##USERNAME##,\n\t\nNew application has been received.\nApplicant: ##APPLY_USERNAME##\n\nPlease click the following link to view the resume,\n##RESUMES_LINK##\n\nThanks,\n##SITE_NAME##\n##SITE_URL##		New application has been received from ##APPLY_USERNAME## for the Job ##JOB_TITLE##. ##RESUMES_LINK##	USERNAME,APPLY_USERNAME,JOB_TITLE,RESUMES_LINK	f	t	New Resume Notification
49	2014-03-10 11:19:26	2015-04-11 08:41:08	##FROM_EMAIL##		Admin Deduct Fund	we will send this mail to user, when a admin deduct fund from user wallet.	[##SITE_NAME##] Welcome to ##SITE_NAME##	Hi ##USERNAME##,\n\nAdmin deducted fund from your wallet. \n\nThanks, \n##SITE_NAME## \n##SITE_URL##		\N	SITE_NAME,USERNAME,SITE_URL	f	f	Admin Deduct Fund
48	2014-03-11 17:31:55	2015-04-11 08:40:35	##FROM_EMAIL##		Admin Add Fund	we will send this mail to user, when a admin add fund to user wallet.	[##SITE_NAME##] Welcome to ##SITE_NAME##	Hi ##USERNAME##, \n\nAdmin added fund to your wallet. \n\nThanks, \n##SITE_NAME## \n##SITE_URL##		\N	SITE_NAME,USERNAME,SITE_URL	f	f	Admin Add Fund
10	2009-07-07 15:47:09	2015-04-10 14:23:09	##FROM_EMAIL##		adminchangepassword	we will send this mail to user, when admin change user's password.	[##SITE_NAME##] Password changed	Hi ##USERNAME##,\n\nAdmin reset your password for your  ##SITE_NAME## account.\n\nYour new password: ##PASSWORD##\n\nThanks,\n##SITE_NAME##\n##SITE_URL##		\N	SITE_NAME,PASSWORD,USERNAME	f	f	Admin Change Password
41	2012-04-27 11:54:22	2015-04-11 08:34:02	##FROM_EMAIL##	##REPLY_TO_EMAIL##	Work Completed Alert For Project Owner	when work marked as completed by freelancer, alert mail goes to employer	[##SITE_NAME##][##PROJECT_NAME##] work has been completed	Dear ##USERNAME##,\n\n##BUYER_USERNAME## has completed work for the project "##PROJECT_NAME##".\n\nPlease click the following link to view the project, ##PROJECT_LINK## \n\nThanks, \n##SITE_NAME##\n##SITE_URL##		\N	USERNAME,BUYER_USERNAME,PROJECT_NAME,PROJECT_LINK	f	f	Work Completed Alert For Project Owner
38	2012-04-27 12:14:27	2015-04-11 08:32:06	##FROM_EMAIL##	##REPLY_TO_EMAIL##	Update Project Notification	When project updated, an internal message will be sent to the bidded freelancer.	[##SITE_NAME##][##PROJECT_NAME##] Project has been updated	Dear ##BUYER_USERNAME##,\n\t\n##USERNAME## has updated the project "##PROJECT_NAME##".\n\nPlease click the following link to view the project, ##PROJECT_LINK##\n\nThanks,\n##SITE_NAME##\n##SITE_URL##		##USERNAME## has updated the project "##PROJECT_NAME##".	USERNAME,BUYER_USERNAME,PROJECT_NAME,PROJECT_LINK,AMOUNT,DURATION	f	t	Update Project Notification
35	2015-07-02 16:11:45	2015-04-11 08:28:58	##FROM_EMAIL##	##REPLY_TO_EMAIL##	Reject Mutual Cancel	we will send this when a user reject mutual cancel.	[##SITE_NAME##][##PROJECT_NAME##] "##PROJECT_NAME##" mutual cancel has been rejected	Hi ##USER##, \n\n"##PROJECT_NAME##" mutual cancel has been rejected. \n\nPlease click the following link to view details, ##PROJECT_LINK## \n\nThanks, \n##SITE_NAME## \n##SITE_URL##		\N	##USER##, ##PROJECT_NAME##, ##PROJECT_LINK##, ##SITE_NAME##, ##SITE_URL##	f	f	Reject Mutual Cancel
34	2015-07-02 16:11:45	2015-04-11 08:27:57	##FROM_EMAIL##	##REPLY_TO_EMAIL##	Accept Mutual Cancel	we will send this when a user accept mutual cancel.	[##SITE_NAME##][##PROJECT_NAME##] "##PROJECT_NAME##" has been mutually cancelled	Hi ##USER##, \n\n"##PROJECT_NAME##" has been mutually cancelled. \n\nPlease click the following link to view details, ##PROJECT_LINK## \n\nThanks, \n##SITE_NAME## \n##SITE_URL##		\N	##USER##, ##PROJECT_NAME##, ##PROJECT_LINK##, ##SITE_NAME##, ##SITE_URL##	f	f	Accept Mutual Cancel
29	2015-07-02 16:11:45	2015-04-10 15:46:43	##FROM_EMAIL##	##REPLY_TO_EMAIL##	Mutual Cancel Alert	we will send this when a project owner or developer request for mutual cancel.	[##SITE_NAME##][##PROJECT_NAME##]##USER## has requested for mutual cancel	Hi ##TO_USER##, \n\n##USER## has requested for mutual cancel for the project "##PROJECT_NAME##". \n\nPlease click the following link to view details, ##PROJECT_LINK## \n\nThanks, \n##SITE_NAME## \n##SITE_URL## 		\N	##TO_USER##, ##USER##, ##PROJECT_NAME##, ##PROJECT_URL##, ##SITE_NAME##, ##SITE_URL##	f	f	Mutual Cancel Alert
9	2009-05-22 16:50:25	2015-04-10 14:22:10	##FROM_EMAIL##		adminuserdelete	We will send this mail to user, when user delete by administrator.	[##SITE_NAME##] Your ##SITE_NAME## account has been removed	Hi ##USERNAME##,\n\nYour ##SITE_NAME## account has been removed.\n\nThanks,\n##SITE_NAME##\n##SITE_URL##		\N	SITE_NAME,USERNAME	f	f	Admin User Delete
21	2015-07-02 16:11:45	2015-04-10 15:01:05	##FROM_EMAIL##	##REPLY_TO_EMAIL##	Admin Project Status Alert	we will send this when a project status change.	[##SITE_NAME##][##PROJECT_NAME##] Status: ##OLD_STATUS## -> ##NEW_STATUS##	Hi,\n\nStatus was changed for project "##PROJECT_NAME##".\n\nStatus: ##OLD_STATUS## -> ##NEW_STATUS##\n\nPlease click the following link to view the project,\n##PROJECT_URL##\n\nThanks,\n##SITE_NAME##\n##SITE_URL##\n		\N	OLD_STATUS,NEW_STATUS,PROJECT_NAME,PROJECT_URL,SITE_NAME,SITE_URL	f	f	Admin Project Status Alert
39	2012-04-27 11:54:22	2015-04-11 08:32:50	##FROM_EMAIL##	##REPLY_TO_EMAIL##	Winner Acceptance Notification	when bidder accept the winner selected request.	[##SITE_NAME##][##PROJECT_NAME##] ##BUYER_USERNAME## has accepted your winner selected request	Dear ##USERNAME##, \n\n##BUYER_USERNAME## has accepted your winner selected request for the project "##PROJECT_NAME##".\n\nPlease click the following link to view the project, ##PROJECT_LINK## \n\nThanks, \n##SITE_NAME## \n##SITE_URL##		##BUYER_USERNAME## has accepted your winner selected request for the project "##PROJECT_NAME##".	USERNAME,BUYER_USERNAME,PROJECT_NAME,PROJECT_LINK	f	t	Winner Acceptance Notification
37	2012-04-27 11:54:22	2015-04-11 08:31:24	##FROM_EMAIL##	##REPLY_TO_EMAIL##	Update Bid Notification	When bid was updated, an internal message will be sent to the employer of the project notifying an update bid.	[##SITE_NAME##] ##BUYER_USERNAME##	Dear ##USERNAME##,\n##FREELANCER_USERNAME## updated bid amount for ##PROJECT_NAME##\nAmount: ##AMOUNT##\nDuration: ##DURATION##\nPlease click the following link to view the project ##PROJECT_LINK##\nThanks,\n##SITE_NAME##\n##SITE_URL##		##BUYER_USERNAME## has been updated his/her bid on ##PROJECT_NAME##.	USERNAME,BUYER_USERNAME,PROJECT_NAME,PROJECT_LINK,AMOUNT,DURATION	f	t	Update Bid Notification
18	2010-12-06 18:20:07	2015-04-10 14:59:15	##FROM_EMAIL##	##REPLY_TO_EMAIL##	Project Cancelled Alert	we will send this mail, when cancelled a project	[##SITE_NAME##][##PROJECT_NAME##] Project Cancelled	Dear ##USERNAME##,\n \nThe "##PROJECT_NAME##" project was cancelled in ##SITE_NAME##. \n\nThanks,\n##SITE_NAME##\n##SITE_URL##		The "##PROJECT_NAME##" project was cancelled.	PROJECT_NAME,SITE_NAME,SITE_URL,USER_NAME	f	t	Project Cancelled Alert
17	2010-11-12 19:54:29	2015-04-10 14:42:11	##FROM_EMAIL##	##REPLY_TO_EMAIL##	New project opened for bidding	When new a new project of favorite user opened for bidding.	[##SITE_NAME##][##PROJECT_NAME##] ##FAV_USERNAME##'s Project for Bidding	Dear ##USERNAME##,\n\n##FAV_USERNAME## has added new project for bidding. Please click the following link to place your bid.\n##PROJECT_LINK##\n\nThanks,\n##SITE_NAME##\n##SITE_URL##		##FAV_USERNAME## has added new project ##PROJECT_NAME##	USERNAME,PROJECT_NAME,PROJECT_LINK,FAV_USERNAME	f	t	New project opened for bidding
79	2017-01-05 12:16:22	2017-01-05 12:16:22	##FROM_EMAIL##	##REPLY_TO_EMAIL##	contestpaymentpendingalert	if the contest is in payment pending status mail send to contest\nholder.	[##CONTEST_NAME##] Payment pending	Dear ##USERNAME##,\n\n  Your contest "##CONTEST_NAME##" is currently under Inactive status due to pending payment.  You can pay the contest payment using the following URL, ##PENDING_PAYMENT_URL##.\n             If you fails to make a payment within ##PENDING_PAYMENT_DAYS## days, the contest leads to auto delete.\n\nThanks,\n ##SITE_NAME##\n ##SITE_URL##		\N	USERNAME, CONTEST_NAME, PENDING_PAYMENT_URL, PENDING_PAYMENT_DAYS, SITE_NAME, SITE_URL	f	t	Contest Payment Pending Alert
16	2010-11-12 19:54:29	2015-04-10 14:41:19	##FROM_EMAIL##	##REPLY_TO_EMAIL##	Bid Notification	When new min bid was closed, an email message will be sent to all bidder of the project notifiying ther bid status.	[##SITE_NAME##][##PROJECT_NAME##] You have ##BID_STATUS## the bid	Dear ##USERNAME##,\n\t\nYou have ##BID_STATUS## the bid for the ##PROJECT_NAME##. Please click the following link to view the project,\n##PROJECT_LINK##\n\nThanks,\n##SITE_NAME##\n##SITE_URL##		You have ##BID_STATUS## the bid for the ##PROJECT_NAME##	USERNAME,PROJECT_NAME,PROJECT_LINK,BID_STATUS	f	t	Bid Notification
11	2009-10-14 18:31:14	2015-04-10 14:25:08	##FROM_EMAIL##	##REPLY_TO_EMAIL##	Contact Us 	We will send this mail to admin, when user submit any contact form.	[##SITE_NAME##] ##SUBJECT##	##MESSAGE##\n\n----------------------------------------------------\nTelephone    : ##TELEPHONE##\nIP           : ##IP##, ##SITE_ADDR##\nWhois        : http://whois.sc/##IP##\nURL          : ##FROM_URL##\n----------------------------------------------------		\N	FROM_URL, IP, TELEPHONE, MESSAGE, SITE_NAME, SUBJECT, FROM_EMAIL, LAST_NAME, FIRST_NAME	f	f	Contact Us 
7	2009-05-22 16:45:38	2015-04-10 14:21:20	##FROM_EMAIL##		Admin User Active 	We will send this mail to user, when user active   \r\nby administator.	[##SITE_NAME##] Your ##SITE_NAME## account has been activated	Hi ##USERNAME##,\n\nYour account has been activated.\n\nThanks,\n##SITE_NAME##\n##SITE_URL##\n		\N	SITE_NAME,USERNAME	f	f	Admin User Active 
4	2009-03-02 00:00:00	2015-04-10 14:18:22	##FROM_EMAIL##		Admin User Add	we will send this mail to user, when a admin add a new user.	[##SITE_NAME##] Welcome to ##SITE_NAME##	Hi ##USERNAME##,\n\n##SITE_NAME## team added you as a user in ##SITE_NAME##.\n\nYour account details.\n##LOGINLABEL##: ##USEDTOLOGIN##\nPassword: ##PASSWORD##\n\nThanks,\n##SITE_NAME##\n##SITE_URL##		\N	SITE_NAME,USERNAME,PASSWORD, LOGINLABEL, USEDTOLOGIN	f	f	Admin User Add
3	2009-02-20 10:15:19	2015-04-10 14:14:02	##FROM_EMAIL##		newuserjoin	we will send this mail to admin, when a new user registered in the site. For this you have to enable "admin mail after register" in the settings page.	[##SITE_NAME##] New user joined in ##SITE_NAME## account	Hi, \n\nA new user named "##USERNAME##" has joined in ##SITE_NAME## account. \n\nUsername: ##USERNAME##\nEmail: ##USEREMAIL##\nSignup IP: ##SIGNUPIP##\n\n\nThanks,\n##SITE_NAME##\n##SITE_URL##		\N	SITE_NAME,USERNAME	f	f	New User Join
2	2009-02-20 10:15:57	2015-05-07 08:29:31	##FROM_EMAIL##		activationrequest	we will send this mail, when user registering an account he/she will get an activation request.	[##SITE_NAME##] Please activate your ##SITE_NAME## account	Hi ##USERNAME##,\n\nYour account has been created. \nPlease visit the following URL to activate your account.\n##ACTIVATION_URL##\n\nThanks,\n##SITE_NAME##\n##SITE_URL##		\N	SITE_NAME,USERNAME,ACTIVATION_URL	f	f	Activation Request
24	2015-07-02 16:11:45	2015-04-10 15:41:37	##FROM_EMAIL##	##REPLY_TO_EMAIL##	Admin Dispute Alert	we will send this when a project dispute opened.	[##SITE_NAME##][##PROJECT_NAME##] Dispute opened 	Hi,\n\nNew dispute opened for project "##PROJECT_NAME##".\nDisputer: ##DISPUTER## (##DISPUTERTYPE##)\nDisputed: ##DISPUTED## (##DISPUTEDTYPE##)\nDispute Reason: ##DISPUTETYPE##\nReason/Comments: ##REASON## \n\nPlease click the following link to view the project,\n##PROJECT_URL## \n\nThanks,\n##SITE_NAME##\n##SITE_URL## 		\N		f	f	Admin Dispute Alert
5	2009-05-22 16:51:14	2015-04-10 14:19:22	##FROM_EMAIL##		welcomemail	we will send this mail, when user register in this site and get activate.	[##SITE_NAME##] Welcome to ##SITE_NAME##	Hi ##USERNAME##,\n\nWe wish to say a quick hello and thanks for registering at ##SITE_NAME##.\n\nIf you did not request this account and feel this is in error, please\ncontact us at ##CONTACT_MAIL##\n\nThanks,\n##SITE_NAME##\n##SITE_URL##		\N	SITE_NAME, USERNAME, SUPPORT_EMAIL	f	f	Welcome Email
73	2015-07-02 16:11:45	2015-07-02 16:11:45	##FROM_EMAIL##		Quote Updated Notification	we will send this mail, when user update the quote.	[##SITE_NAME##] Updated quote received for ##REQUEST_NAME##	Hi ##EMPLOYER##,\n\nYou have received updated quote for ##REQUEST_NAME## sent by ##FREELANCER##.\nClick below link to send response.\n##RESPONSE_URL##\n\nService Provider: ##BUSINESS_NAME##\nQuote: ##QUOTE_AMOUNT## / ##PRICE_TYPE##\n\nThanks,\n##SITE_NAME##\n##SITE_URL##		\N	SITE_NAME, SITE_URL,FREELANCER,EMPLOYER,RESPONSE_URL,BUSINESSNAME,RESPONSE_URL	f	f	Quote Updated Notification
99	2017-05-25 12:16:22	2017-05-25 12:16:22	##FROM_EMAIL##	##REPLY_TO_EMAIL##	New Invoice Received Notification	 System will send this mail to employer when new invoice created by freelancer	[##SITE_NAME##][##PROJECT_NAME##] New invoice received	Hi ##EMPLOYER##,\n\nNew invoice raised by ##FREELANCER## for the ##PROJECT_NAME##.\n\nDetail: ##DESCRIPTION## (ID: ##INVOICE_ID##)\nAmount: ##CURRENCY####AMOUNT##\n\nManage this project: ##PROJECT_URL##\n\nThanks,\n##SITE_NAME##\n##SITE_URL##	\N	\N	SITE_NAME,SITE_URL,EMPLOYER	f	f	New Invoice Received Notification
100	2017-05-25 12:16:22	2017-05-25 12:16:22	##FROM_EMAIL##	##REPLY_TO_EMAIL##	Invoice Paid Notification	System will send this mail to freelancer when new invoice paid by employer	 [##SITE_NAME##][##PROJECT_NAME##] Payment received for invoice	Hi ##FREELANCER##,\n\n##EMPLOYER## paid invoice for the ##PROJECT_NAME##.\n\nDetail: ##DESCRIPTION## (ID: ##INVOICE_ID##)\nAmount: ##CURRENCY####AMOUNT##\n\nManage this project: ##PROJECT_URL##\n\nThanks,\n##SITE_NAME##\n##SITE_URL##	\N	\N	SITE_NAME,SITE_URL,EMPLOYER	f	f	Invoice Paid Notification
22	2011-04-19 13:40:47	2015-04-10 15:02:03	##FROM_EMAIL##	##REPLY_TO_EMAIL##	New Milestone Notification	 System will send this mail to freelancer when new milestone created by employer	[##SITE_NAME##][##PROJECT_NAME##] New milestone added	Hi ##FREELANCER##,\n\nNew milestone added by ##EMPLOYER## for the ##PROJECT_NAME##.\n\nDetail: ##DESCRIPTION## (ID: ##MILESTONE_ID##)\nAmount: ##CURRENCY####AMOUNT##\nDeadline: ##DEADLINE##\n\nManage this project: ##PROJECT_URL##\n\nThanks,\n##SITE_NAME##\n##SITE_URL##			SITE_NAME,SITE_URL,FREELANCER,EMPLOYER	f	f	New Milestone Notification
101	2017-05-25 12:16:22	2017-05-25 12:16:22	##FROM_EMAIL##	##REPLY_TO_EMAIL##	New Milestone Requested Notification	System will send this mail to employer when new milestone requested by employer	[##SITE_NAME##][##PROJECT_NAME##] New milestone requested	Hi ##EMPLOYER##,\n\nNew milestone requested by ##USERNAME## for the ##PROJECT_NAME##.\n\nDetail: ##DESCRIPTION## (ID: ##MILESTONE_ID##)\nAmount: ##CURRENCY####AMOUNT##\nDeadline: ##DEADLINE##\n\nManage this project: ##PROJECT_URL##\n\nThanks,\n##SITE_NAME##\n##SITE_URL##	\N	\N	SITE_NAME,SITE_URL,EMPLOYER	f	f	New Milestone Requested Notification
102	2017-05-25 12:16:22	2017-05-25 12:16:22	##FROM_EMAIL##	##REPLY_TO_EMAIL##	Milestone - Escrow Requested Notification	System will send this mail to employer when new requested escrow amount by freelancer	[##SITE_NAME##][##PROJECT_NAME##] Escrow amount requested for milestone	Hi ##EMPLOYER##,\n\nEscrow amount requested by ##USERNAME## for the ##PROJECT_NAME##.\n\nDetail: ##DESCRIPTION## (ID: ##MILESTONE_ID##)\nAmount: ##CURRENCY####AMOUNT##\nDeadline: ##DEADLINE##\n\nManage this project: ##PROJECT_URL##\n\nThanks,\n##SITE_NAME##\n##SITE_URL##	\N	\N	SITE_NAME,SITE_URL,EMPLOYER	f	f	Milestone - Escrow Requested Notification
103	2017-05-25 12:16:22	2017-05-25 12:16:22	##FROM_EMAIL##	##REPLY_TO_EMAIL##	Milestone - Escrow Amount Paid Notification	System will send this mail to freelancer when new escrow amount paid by employer	[##SITE_NAME##][##PROJECT_NAME##] Escrow amount paid for milestone	Hi ##FREELANCER##,\n\nEscrow amount paid by ##USERNAME## for the ##PROJECT_NAME##.\n\nDetail: ##DESCRIPTION## (ID: ##MILESTONE_ID##)\nAmount: ##CURRENCY####AMOUNT##\nDeadline: ##DEADLINE##\n\nManage this project: ##PROJECT_URL##\n\nThanks,\n##SITE_NAME##\n##SITE_URL##	\N	\N	SITE_NAME,SITE_URL,EMPLOYER	f	f	Milestone - Escrow Amount Paid Notification
104	2017-05-25 12:16:22	2017-05-25 12:16:22	##FROM_EMAIL##	##REPLY_TO_EMAIL##	Milestone - Milestone Completed Notification	System will send this mail to employer when new milestone completed by freelancer	 [##SITE_NAME##][##PROJECT_NAME##] Milestone completed	Hi ##FREELANCER##,\n\nMilestone work completed by ##USERNAME## for the ##PROJECT_NAME##.\n\nDetail: ##DESCRIPTION## (ID: ##MILESTONE_ID##)\nAmount: ##CURRENCY####AMOUNT##\nDeadline: ##DEADLINE##\n\nManage this project: ##PROJECT_URL##\n\nThanks,\n##SITE_NAME##\n##SITE_URL##	\N	\N	SITE_NAME,SITE_URL,EMPLOYER	f	f	Milestone - Milestone Completed Notification
105	2017-05-25 12:16:22	2017-05-25 12:16:22	##FROM_EMAIL##	##REPLY_TO_EMAIL##	Milestone - Requested Escrow Amount Release Notification	System will send this mail to employer when new requested to release escrow amount by freelancer	[##SITE_NAME##][##PROJECT_NAME##] Requested to release escrow amount for milestone	Hi ##EMPLOYER##,\n\n##USERNAME## requested to release escrow amount for milestone of ##PROJECT_NAME##.\n\nDetail: ##DESCRIPTION## (ID: ##MILESTONE_ID##)\nAmount: ##CURRENCY####AMOUNT##\nDeadline: ##DEADLINE##\n\nManage this project: ##PROJECT_URL##\n\nThanks,\n##SITE_NAME##\n##SITE_URL##	\N	\N	SITE_NAME,SITE_URL,EMPLOYER	f	f	Milestone - Requested Escrow Amount Release Notification
106	2017-05-25 12:16:22	2017-05-25 12:16:22	##FROM_EMAIL##	##REPLY_TO_EMAIL##	Milestone - Escrow Released Notification	System will send this mail to freelancer when escrow amount released by employer	[##SITE_NAME##][##PROJECT_NAME##] Escrow amount released	Hi ##FREELANCER##,\n\n##USERNAME## released escrow amount for milestone of ##PROJECT_NAME##.\n\nDetail: ##DESCRIPTION## (ID: ##MILESTONE_ID##)\nAmount: ##CURRENCY####AMOUNT##\nDeadline: ##DEADLINE##\n\nManage this project: ##PROJECT_URL##\n\nThanks,\n##SITE_NAME##\n##SITE_URL##	\N	\N	SITE_NAME,SITE_URL,EMPLOYER	f	f	Milestone - Escrow Released Notification
96	2017-01-05 12:16:22	2017-01-05 12:16:22	##FROM_EMAIL##	##REPLY_TO_EMAIL##	projectopenstatus	we will send this mail, when a\nuser get new message	New Project "##PROJECT_NAME##" Open for Bidding on ##SITE_NAME##...	Hi ##CUSTOMER_NAME## ,\n\nNew project "##PROJECT_NAME##".\n\n##PROJECT_DESCRIPTION## \n\nPlease click the following link to view the project,\n##PROJECT_URL##\n\nThanks,\n##SITE_NAME##\n##SITE_URL##		\N	CUSTOMER_NAME,PROJECT_NAME,PROJECT_URL,SITE_NAME,SITE_URL,PROJECT_DESCRIPTION	f	f	Project Open Status Alert Follower
107	2017-05-25 12:16:22	2017-05-25 12:16:22	##FROM_EMAIL##	##REPLY_TO_EMAIL##	Milestone Cancelled Notification	System will send this mail to opsite party when milestone cancelled by anyone.	[##SITE_NAME##][##PROJECT_NAME##] Milestone Cancelled	Hi ##USERNAME##,\n\n##ACTION_TAKER_USERNAME## cancelled the milestone of ##PROJECT_NAME##.\n\nDetail: ##DESCRIPTION## (ID: ##MILESTONE_ID##)\nAmount: ##CURRENCY####AMOUNT##\nDeadline: ##DEADLINE##\n\nManage this project: ##PROJECT_URL##\n\nThanks,\n##SITE_NAME##\n##SITE_URL##	\N	\N	SITE_NAME,SITE_URL,EMPLOYER	f	f	Milestone Cancelled Notification
65	2015-07-02 16:11:45	2015-07-02 16:11:45	##FROM_EMAIL##		Quote - Feedback Received Notification	we will send this mail, when user received the feedback.	Feedback received for "##REQUEST_NAME##"	Hi ##EMPLOYER##,\n\nFeedback received for "##REQUEST_NAME##" from ##FREELANCER##\nClick below link for more information.\n##RESPONSE_URL##\n\nThanks,\n##SITE_NAME##\n##SITE_URL##		\N	SITE_NAME, SITE_URL,FREELANCER,CUSTOMERNAME,RESPONSE_URL,BUSINESSNAME,RESPONSE_URL	f	f	Quote - Feedback Received Notification
109	2017-06-16 16:11:45	2017-06-16 18:44:14	##FROM_EMAIL##	##REPLY_TO_EMAIL##	Hired Me Notification	we will send this mail ti user, when user submit the contact us form.	[##SITE_NAME##][##PROJECT_NAME##] ##EMPLOYER##	Hi ##FREELANCER##,\n##EMPLOYER## sent interest about your profile and invite you to bid his/her project.\nProject: ##PROJECT_NAME##\nPrivate Message: ##MESSAGE##\nProject Link: ##PROJECT_LINK##\nThanks,\n##SITE_NAME##\n##SITE_URL##	\N	\N	MESSAGE, POST_DATE, SITE_NAME, CONTACT_URL, FIRST_NAME, LAST_NAME, SUBJECT, SITE_URL	f	f	Hired Me Notification
110	2017-06-16 16:11:45	2017-06-16 18:44:14	##FROM_EMAIL##	##REPLY_TO_EMAIL##	Job Published Notification	System will sent this mail to employer when job was opened in site.\n	[##SITE_NAME##][##JOB_NAME##] Your job published in ##SITE_NAME##	Hi ##USERNAME##\n\n"##JOB_NAME##" was published in ##SITE_NAME##\n\nSee your job: ##JOB_URL##\n\nThanks,\n##SITE_NAME##\n##SITE_URL##	\N	\N	OLD_STATUS,NEW_STATUS,JOB_NAME,JOB_URL,SITE_NAME,SITE_URL	f	f	Job Published Notification
36	2010-10-08 14:39:38	2015-04-11 08:30:07	##FROM_EMAIL##	##REPLY_TO_EMAIL##	Project Bidding Closed Alert	System will send to employer, when the project bidding getting closed.	[##SITE_NAME##][##PROJECT_NAME##] Project has been closed 	Dear ##USERNAME##, \n\nThe bidding for project ##PROJECT_NAME## has been closed on ##SITE_NAME##. \n\nPlease click the following link to view the project, ##PROJECT_LINK## \n\nThanks, \n##SITE_NAME## \n##SITE_URL##		The bidding for project ##PROJECT_NAME## has been closed.	USERNAME, PROJECT_NAME, SITE_NAME, SITE_URL	f	t	Project Closed Alert
112	2017-06-19 12:14:27	2017-06-19 12:44:27	##FROM_EMAIL##	##REPLY_TO_EMAIL##	Bid Withdraw Notification	System will send a notify email to employer when bid withdraw by freelancer	[##SITE_NAME##] ##BUYER_USERNAME## withdraw his bidding	Dear ##USERNAME##,\n\n##FREELANCER_USERNAME## uwithdraw his/herbidding for ##PROJECT_NAME##\n\nPlease click the following link to view the project ##PROJECT_LINK##\n\nThanks,\n##SITE_NAME##\n##SITE_URL##	\N	\N	USERNAME,BUYER_USERNAME,PROJECT_NAME,PROJECT_LINK,AMOUNT,DURATION	f	t	Bid Withdraw Notification
113	2017-06-19 11:54:22	2017-06-19 12:54:22	##FROM_EMAIL##	##REPLY_TO_EMAIL##	Winner Reject Notification	when bidder reject the winner selected request	[##SITE_NAME##][##PROJECT_NAME##] ##BUYER_USERNAME## has rejected your winner selected request	\nDear ##USERNAME##, \n\n##BUYER_USERNAME## has reject your project "##PROJECT_NAME##".\n\nPlease click the following link to view the project, ##PROJECT_LINK## \n\nThanks, \n##SITE_NAME## \n##SITE_URL##	\N	\N	USERNAME,BUYER_USERNAME,PROJECT_NAME,PROJECT_LINK	f	t	Winner Reject Notification
114	2017-06-19 11:54:22	2017-06-19 12:54:22	##FROM_EMAIL##	##REPLY_TO_EMAIL##	Work Completion Reject Notification	System will sent this mail to freelancer when work completion request rejected by employer	[##SITE_NAME##][##PROJECT_NAME##] ##EMPLOYER## rejected your work completion	Hi ##FREELANCER##,\n\n##EMPLOYER## rejected your work completion for ##PROJECT_NAME##.\n\nManage this project: ##PROJECT_URL##\n\nThanks,\n##SITE_NAME##\n##SITE_URL##\n	\N	\N	USERNAME,BUYER_USERNAME,PROJECT_NAME,PROJECT_LINK	f	t	Work Completion Reject Notification
23	2010-10-08 14:39:38	2015-04-10 15:39:30	##FROM_EMAIL##	##REPLY_TO_EMAIL##	Bidding Expired Alert	System will send to employer, when the project getting expired.	[##SITE_NAME##][##PROJECT_NAME##] Bidding has been expired	Dear ##USERNAME##,\n\nThe bidding for the project ##PROJECT_NAME## has been expired on ##SITE_NAME##.\n\nPlease click the following link to view the project, ##PROJECT_LINK## \n\nThanks,\n##SITE_NAME##\n##SITE_URL##		The bidding for the project ##PROJECT_NAME## has been expired.	USERNAME, PROJECT_NAME, SITE_NAME, SITE_URL	f	t	Bidding Expired Alert
115	2017-06-19 11:54:22	2017-06-19 12:54:22	##FROM_EMAIL##	##REPLY_TO_EMAIL##	Project Bidding Closed Alert	System will send to employer, when the project bidding getting closed.	[##SITE_NAME##][##PROJECT_NAME##] Project was closed	Hi ##USERNAME##\n\n"##PROJECT_NAME##" was closed in ##SITE_NAME##.\n\nManage this project: ##PROJECT_URL##\n\nThanks,\n##SITE_NAME##\n##SITE_URL##	\N	\N	USERNAME,BUYER_USERNAME,PROJECT_NAME,PROJECT_LINK	f	t	Project Closed Alert
116	2017-01-05 12:16:22	2017-01-05 12:16:22	##FROM_EMAIL##	##REPLY_TO_EMAIL##	Milestone Approved Notification	we will send this mail, when a\nuser get new message	[##SITE_NAME##][##PROJECT_NAME##] 	Hi ##FREELANCER##,\n\n Milestone approved by ##EMPLOYER## for the ##PROJECT_NAME##.\n\n Detail: ##DESCRIPTION## (ID: ##MILESTONE_ID##)\n Amount: ##AMOUNT##\n Deadline: ##DEADLINE##\n\n Manage this project: ##PROJECT_URL##\n\n Thanks,\n ##SITE_NAME##\n ##SITE_URL##	\N	\N	USERNAME,MESSAGE,MESSAGE_LINK,SITE_NAME	f	f	Milestone Approved Notification
117	2012-04-27 11:54:22	2012-04-27 11:54:22	##FROM_EMAIL##	##REPLY_TO_EMAIL##	Project Feedback Received Notification	System will sent this mail to users when feedback received for their project.	[##SITE_NAME##][##PROJECT_NAME##] 	Hi ##USERNAME##\n\nFeedback received for "##PROJECT_NAME##" from ##REVIEWER##\n\nManage this project: ##PROJECT_URL##\n\nThanks,\n##SITE_NAME##\n##SITE_URL##	\N	\N		f	\N	Project Feedback Received Notification
118	2015-04-07 11:40:00	2015-04-07 11:40:00	##FROM_EMAIL##	##REPLY_TO_EMAIL##	Project Feedback Updated Notification	System will sent this mail to users when feedback updated for their project.	[##SITE_NAME##][##PROJECT_NAME##]	Hi ##USERNAME##\n\nFeedback updated for "##PROJECT_NAME##" by ##REVIEWER##\n\nManage this project: ##PROJECT_URL##\n\nThanks,\n##SITE_NAME##\n\t\n##SITE_URL##		\N		f	\N	Project Feedback Updated Notification
119	2017-06-20 16:11:45	2017-06-20 17:11:45	##FROM_EMAIL##	##REPLY_TO_EMAIL##	Work Incomplete Notification	we will send this mail, when the work  incompleted.	"##REQUEST_NAME##" has incompleted by ##FREELANCER##	Hi ##EMPLOYER##,\n\n"##REQUEST_NAME##" has incompleted by ##FREELANCER##.\nClick below link to send response.\n##RESPONSE_URL##\n\nThanks,\n##SITE_NAME##\n##SITE_URL##	\N	\N	SITE_NAME, SITE_URL,FREELANCER,EMPLOYER,RESPONSE_URL,BUSINESSNAME,RESPONSE_URL	f	f	Work Incomplete Notification
120	2017-01-05 12:16:22	2017-01-05 12:16:22	##FROM_EMAIL##	##REPLY_TO_EMAIL##	New Message Received in Project	System will send to user when new conversion received for project	[##SITE_NAME##]	 Hi ##USERNAME##,\n\n        ##SENDER_USERNAME## sent you a message for ##PROJECT_NAME##.\n\n        Message: ##MESSAGE##\n\n        For reply ##RESPONSE_URL##\n\nThanks,\n##SITE_NAME##\n##SITE_URL##	\N	\N	USERNAME,MESSAGE,MESSAGE_LINK,SITE_NAME	f	f	New Message Received in Project
121	2017-01-05 12:16:22	2017-01-05 12:16:22	##FROM_EMAIL##	##REPLY_TO_EMAIL##	New Message Received in Quote Request	System will send to user when new conversion received for request or service.	[##SITE_NAME##]	Hi ##USERNAME##,\n\n        ##SENDER_USERNAME## sent you a message for ##CATEGORY##.\n\n        Message: ##MESSAGE##\n\n        For reply ##RESPONSE_URL##\n\nThanks,\n##SITE_NAME##\n##SITE_URL##	\N	\N	USERNAME,MESSAGE,MESSAGE_LINK,SITE_NAME	f	f	New Message Received in Quote Request
72	2015-07-02 16:11:45	2015-07-02 16:11:45	##FROM_EMAIL##		Quote Received Notification	System will send this mail to employer when get response from freelancer.	 [##SITE_NAME##] Quote received for ##CATEGORY_NAME##	Hi ##EMPLOYER##,\n\nYou have received the quote for ##REQUEST_NAME## sent by ##FREELANCER##.\n\nService Provider: ##BUSINESS_NAME##\nNote: ##PAYMENT_NOTE##\nQuote: ##QUOTE_AMOUNT## / ##PRICE_TYPE##\n\nManage your request: ##RESPONSE_URL##\n\nThanks,\n##SITE_NAME##\n##SITE_URL##		\N	SITE_NAME, SITE_URL,FREELANCER,EMPLOYER,RESPONSE_URL,BUSINESSNAME,RESPONSE_URL	f	f	Quote Received Notification
108	2017-06-13 12:16:22	2017-06-13 12:16:22	##FROM_EMAIL##	##REPLY_TO_EMAIL##	Quote Received Reminder Notification	System will send this mail to employer if not response any quotes within 6 hours from first quote received.	 [##SITE_NAME##] Reminder: Quote received for ##CATEGORY_NAME##	Hi ##EMPLOYER##,\n\nYou have received ##NUMBER_OF_QUOTES## quotes for ##REQUEST_NAME##.\n\nRequest Category: ##CATEGORY_NAME##\nNumber of Quote Received: ##NUMBER_OF_QUOTES##\n\nManage your request: ##RESPONSE_URL##\n\nThanks,\n##SITE_NAME##\n##SITE_URL##	\N	\N	SITE_NAME,SITE_URL,FREELANCER,EMPLOYER,BUSINESSNAME,CATEGORYNAME,REQUEST_DESCRIPTION,LOCATION,FORMFIELDS,RESPONSE_URL	f	f	Quote Received Reminder Notification
47	2015-07-02 16:11:45	2015-04-11 08:39:43	##FROM_EMAIL##	##REPLY_TO_EMAIL##	Follow Email	we will send this mail to users, when a user followed by them add a project or funded for a project or followed a project	##FOLLOWED_USER## started following you	Hi ##USER##,\n    \n##FOLLOWED_USER## started following you on ##SITE_NAME##.\n\nThanks,\n##SITE_NAME##\n##SITE_URL##			FOLLOWED_USER, ACTTION, PROJECT, USER	f	t	Follow Email
13	2010-11-12 19:54:29	2015-04-10 14:37:14	##FROM_EMAIL##	##REPLY_TO_EMAIL##	New Bid Notification	System will send a notify email to employer when new bid was made	[##SITE_NAME##][##PROJECT_NAME##] New bid has been received	Dear ##USERNAME##,\nNew bid has been received for ##PROJECT_NAME##\nBidder: ##FREELANCER_USERNAME##\nAmount: ##AMOUNT##\nDuration: ##DURATION##\n\nPlease click the following link to view the project\n##PROJECT_LINK##\n\nThanks,\n##SITE_NAME##\n##SITE_URL##		New bid has been received for ##PROJECT_LINK##. Bidder: ##BUYER_USERNAME##. Amount: ##AMOUNT##. Duration: ##DURATION##	USERNAME,BUYER_USERNAME,PROJECT_NAME,PROJECT_LINK,AMOUNT,DURATION	f	t	New Bid Notification
25	2015-07-02 16:11:45	2015-04-10 15:43:47	##FROM_EMAIL##	##REPLY_TO_EMAIL##	Dispute Alert	we will send this when a project dispute opened.	[##SITE_NAME##][##PROJECT_NAME##] Dispute opened 	Hi ##DISPUTED##,\n\nNew dispute opened for project "##PROJECT_NAME##".\nDisputer: ##DISPUTER## (##DISPUTERTYPE##)\nDispute Reason: ##DISPUTETYPE## \nReason/Comments: ##REASON## \n\nPlease click the following link to view the project, ##PROJECT_URL## \n\nThanks,\n##SITE_NAME##\n##SITE_URL## 		\N		f	f	Dispute Alert
111	2017-06-16 17:55:52	2017-06-16 17:55:52	##FROM_EMAIL##	##REPLY_TO_EMAIL##	Project Published Notification	System will sent this mail to employer when project was opened for bidding.\n	[##SITE_NAME##][##PROJECT_NAME##] has been published	Hi ##USERNAME##\n\n"##PROJECT_NAME##" was opened for bidding in ##SITE_NAME##\n\nManage this project: ##PROJECT_URL##\n\nThanks,\n##SITE_NAME##\n##SITE_URL##\n	\N	\N	MESSAGE, POST_DATE, SITE_NAME, CONTACT_URL, FIRST_NAME, LAST_NAME, SUBJECT, SITE_URL	f	f	Project Published Notification
122	2017-07-20 12:16:22	2017-07-20 12:16:22	##FROM_EMAIL##	##REPLY_TO_EMAIL##	Credit plan expired	When the Credit plan expired then mail to user	[##SITE_NAME##] Your current plan expired	Hi ##USER##,\n\nYour credit plan ##PLAN_NAME## was expired in ##SITE_NAME##.\n\nThanks,\n##SITE_NAME##\n##SITE_URL##	\N	\N	USERNAME,PROJECT_NAME,PROJECT_LINK,FAV_USERNAME	f	f	Credit plan expired
123	2018-06-15 12:16:22	2018-06-15 12:16:22	##FROM_EMAIL##	##REPLY_TO_EMAIL##	newmessage	we will send this mail, when a\r\nuser get new message	##USERNAME## sent you a message on ##SITE_NAME##...	 ##USERNAME## sent you a message.\r\n\r\n--------------------\r\n##MESSAGE##\r\n--------------------\r\n\r\nTo view this message, follow the link below:\r\n##MESSAGE_LINK##\r\n\r\nThanks,\r\n##SITE_NAME##\r\n##SITE_URL##	\N	\N	USERNAME,MESSAGE,MESSAGE_LINK,SITE_NAME	f	t	New Message
124	2018-06-20 12:16:22	2018-06-20 12:16:22	##FROM_EMAIL##		Contact Us	we will send this mail to admin, when user submit the contact us form.	[##SITE_NAME##] RE: ##SUBJECT##	 Hi,\r\n\r\nThe user has submitted the contact request.\r\n\r\n----------------------------------------\r\nFirst Name: ##FIRST_NAME##\r\nLast Name: ##LAST_NAME##\r\nEmail: ##FROM_EMAIL##\r\nMobile: ##TELEPHONE##\r\nSubject: ##SUBJECT##\r\nMessage: ##MESSAGE##\r\nIP : ##IP##\r\n\r\n\r\nThanks,\r\n##SITE_NAME##\r\n##SITE_URL##	 Hi,\r\n\r\nThe user has submitted the contact request.\r\n\r\n----------------------------------------\r\nFirst Name: ##FIRST_NAME##\r\nLast Name: ##LAST_NAME##\r\nEmail: ##FROM_EMAIL##\r\nMobile: ##TELEPHONE##\r\nSubject: ##SUBJECT##\r\nMessage: ##MESSAGE##\r\nIP : ##IP##\r\n\r\n\r\nThanks,\r\n##SITE_NAME##\r\n##SITE_URL##	\N	MESSAGE, POST_DATE, SITE_NAME, CONTACT_URL, FIRST_NAME, LAST_NAME, SUBJECT, SITE_URL	f	t	Contact Us
\.


--
-- Name: email_templates_id_seq; Type: SEQUENCE SET; Schema: public; Owner: -
--

SELECT pg_catalog.setval('email_templates_id_seq', 124, true);


--
-- Data for Name: exam_answers; Type: TABLE DATA; Schema: public; Owner: -
--

COPY exam_answers (id, created_at, updated_at, user_id, exam_id, question_id, exams_user_id, user_answer, total_mark) FROM stdin;
1	2017-04-29 09:19:01	2017-04-29 09:22:52	2	28	278	1	lose	1
2	2017-04-29 09:19:38	2017-04-29 09:22:52	2	28	279	1	information	1
3	2017-04-29 09:20:11	2017-04-29 09:22:52	2	28	280	1	way	1
4	2017-04-29 09:21:00	2017-04-29 09:22:52	2	28	277	1	must	1
5	2017-04-29 09:21:18	2017-04-29 09:22:52	2	28	276	1	falling	1
6	2017-04-29 09:21:36	2017-04-29 09:22:52	2	28	275	1	Tom isn't here yet	1
7	2017-04-29 09:21:54	2017-04-29 09:22:52	2	28	274	1	Have you got anything else?	1
8	2017-04-29 09:22:06	2017-04-29 09:22:52	2	28	273	1	at school	0
9	2017-04-29 09:22:22	2017-04-29 09:22:52	2	28	272	1	How long for?	1
10	2017-04-29 09:22:36	2017-04-29 09:22:52	2	28	271	1	It was two days ago.	0
\.


--
-- Name: exam_answers_id_seq; Type: SEQUENCE SET; Schema: public; Owner: -
--

SELECT pg_catalog.setval('exam_answers_id_seq', 10, true);


--
-- Data for Name: exam_attends; Type: TABLE DATA; Schema: public; Owner: -
--

COPY exam_attends (id, created_at, updated_at, exam_id, user_id, exams_user_id, user_login_ip_id) FROM stdin;
\.


--
-- Name: exam_attends_id_seq; Type: SEQUENCE SET; Schema: public; Owner: -
--

SELECT pg_catalog.setval('exam_attends_id_seq', 1, false);


--
-- Data for Name: exam_categories; Type: TABLE DATA; Schema: public; Owner: -
--

COPY exam_categories (id, created_at, updated_at, name, exam_count) FROM stdin;
1	2016-12-23 13:25:13	2016-12-23 13:25:13	Websites, IT & Software	0
2	2016-12-23 13:35:46	2016-12-23 13:35:46	Mobile Phones & Computing	0
3	2016-12-23 13:35:46	2016-12-23 13:35:46	Writing & Content	0
4	2016-12-23 13:35:46	2016-12-23 13:35:46	Design, Media & Architecture	0
5	2016-12-23 13:35:46	2016-12-23 13:35:46	Engineering & Science	0
6	2016-12-23 13:35:46	2016-12-23 13:35:46	Sales & Marketing	0
7	2016-12-23 13:35:46	2016-12-23 13:35:46	Business, Accounting, Human Resources & Legal	0
8	2016-12-23 13:35:46	2016-12-23 13:35:46	Translation & Languages	0
9	2016-12-23 13:35:46	2016-12-23 13:35:46	Other	0
\.


--
-- Name: exam_categories_id_seq; Type: SEQUENCE SET; Schema: public; Owner: -
--

SELECT pg_catalog.setval('exam_categories_id_seq', 10, true);


--
-- Data for Name: exam_levels; Type: TABLE DATA; Schema: public; Owner: -
--

COPY exam_levels (id, created_at, updated_at, name, exam_count) FROM stdin;
1	2015-12-16 09:23:07	2015-12-16 09:23:07	Level 1	10
2	2015-12-16 09:23:07	2015-12-16 09:23:07	Level 2	9
3	2015-12-16 09:23:07	2015-12-16 09:23:07	Level 3	9
\.


--
-- Name: exam_levels_id_seq; Type: SEQUENCE SET; Schema: public; Owner: -
--

SELECT pg_catalog.setval('exam_levels_id_seq', 3, true);


--
-- Data for Name: exam_statuses; Type: TABLE DATA; Schema: public; Owner: -
--

COPY exam_statuses (id, created_at, updated_at, name, exams_user_count) FROM stdin;
1	2010-01-29 18:30:10	2010-02-16 10:53:16	Inprogress	0
2	2010-01-29 18:30:10	2010-02-16 10:53:16	Incomplete	0
3	2010-01-29 18:30:41	2010-02-16 10:53:16	Passed	0
4	2016-01-27 18:47:47	2016-01-27 18:47:47	Failed	0
5	2015-12-17 13:37:12	2016-01-05 12:06:22	Exam Fee Payment Pending	0
6	2015-12-17 13:37:12	2016-01-05 12:06:22	Fee Paid / Not Started	0
7	2015-12-17 13:37:12	2016-01-05 12:06:22	Suspended Due to Taking Overtime	0
\.


--
-- Name: exam_statuses_id_seq; Type: SEQUENCE SET; Schema: public; Owner: -
--

SELECT pg_catalog.setval('exam_statuses_id_seq', 7, true);


--
-- Name: exam_views_id_seq; Type: SEQUENCE SET; Schema: public; Owner: -
--

SELECT pg_catalog.setval('exam_views_id_seq', 1, false);


--
-- Data for Name: exams; Type: TABLE DATA; Schema: public; Owner: -
--

COPY exams (id, created_at, updated_at, question_display_type_id, topics_covered, instructions, splash_content, title, slug, duration, fee, pass_mark_percentage, exams_question_count, exams_user_count, exam_level_id, is_active, is_recommended, additional_time_to_expire, total_fee_received, exams_user_passed_count, view_count, parent_exam_id, exam_category_id) FROM stdin;
1	2016-01-21 11:10:26	2016-01-21 11:10:26	1	Basics of C++	<ul><li>This skills test contains ##QUESTION_COUNT## multiple choice questions.</li><li>You have ##EXAM_DURATION## minutes to complete this skills test.</li><li>The timer of the skills test will not stop once the test starts.</li><li>In the event that you have disconnected from the Internet, you can still continue the skills test before it expires.</li><li>The questions in the skills test are in the English language.</li></ul>	<ul><li>This skills test contains ##QUESTION_COUNT## multiple choice questions.</li><li>You have ##EXAM_DURATION## minutes to complete this skills test.</li><li>The timer of the skills test will not stop once the test starts.</li><li>In the event that you have disconnected from the Internet, you can still continue the skills test before it expires.</li><li>The questions in the skills test are in the English language.</li><li>Make sure you attempt all the questions.</li><li>Modern web browsers improve the skills test experience, so make sure your browser is up to date.</li><li>Do not use the 'Back' button in your browser while taking this skills test.</li></ul>	C++	c	5	5	75	10	0	1	t	t	\N	0	0	0	\N	\N
2	2016-01-21 11:12:23	2016-01-21 11:12:23	1	C++ Functions	<ul><li>This skills test contains ##QUESTION_COUNT## multiple choice questions.</li><li>You have ##EXAM_DURATION## minutes to complete this skills test.</li><li>The timer of the skills test will not stop once the test starts.</li><li>In the event that you have disconnected from the Internet, you can still continue the skills test before it expires.</li><li>The questions in the skills test are in the English language.</li></ul>	<ul><li>This skills test contains ##QUESTION_COUNT## multiple choice questions.</li><li>You have ##EXAM_DURATION## minutes to complete this skills test.</li><li>The timer of the skills test will not stop once the test starts.</li><li>In the event that you have disconnected from the Internet, you can still continue the skills test before it expires.</li><li>The questions in the skills test are in the English language.</li><li>Make sure you attempt all the questions.</li><li>Modern web browsers improve the skills test experience, so make sure your browser is up to date.</li><li>Do not use the 'Back' button in your browser while taking this skills test.</li></ul>	C++	c-1	5	10	75	10	0	2	t	f	\N	0	0	0	1	\N
3	2016-01-21 11:13:13	2016-01-21 11:13:13	1	C++ Identifier and Statements	<ul><li>This skills test contains ##QUESTION_COUNT## multiple choice questions.</li><li>You have ##EXAM_DURATION## minutes to complete this skills test.</li><li>The timer of the skills test will not stop once the test starts.</li><li>In the event that you have disconnected from the Internet, you can still continue the skills test before it expires.</li><li>The questions in the skills test are in the English language.</li></ul>	<ul><li>This skills test contains ##QUESTION_COUNT## multiple choice questions.</li><li>You have ##EXAM_DURATION## minutes to complete this skills test.</li><li>The timer of the skills test will not stop once the test starts.</li><li>In the event that you have disconnected from the Internet, you can still continue the skills test before it expires.</li><li>The questions in the skills test are in the English language.</li><li>Make sure you attempt all the questions.</li><li>Modern web browsers improve the skills test experience, so make sure your browser is up to date.</li><li>Do not use the 'Back' button in your browser while taking this skills test.</li></ul>	C++	c-2	5	15	75	10	0	3	t	f	\N	0	0	0	2	\N
4	2016-01-21 11:14:37	2016-01-21 11:14:37	2	Basics & OSI network architecture	<ul><li>This skills test contains ##QUESTION_COUNT## multiple choice questions.</li><li>You have ##EXAM_DURATION## minutes to complete this skills test.</li><li>The timer of the skills test will not stop once the test starts.</li><li>In the event that you have disconnected from the Internet, you can still continue the skills test before it expires.</li><li>The questions in the skills test are in the English language.</li></ul>	<ul><li>This skills test contains ##QUESTION_COUNT## multiple choice questions.</li><li>You have ##EXAM_DURATION## minutes to complete this skills test.</li><li>The timer of the skills test will not stop once the test starts.</li><li>In the event that you have disconnected from the Internet, you can still continue the skills test before it expires.</li><li>The questions in the skills test are in the English language.</li><li>Make sure you attempt all the questions.</li><li>Modern web browsers improve the skills test experience, so make sure your browser is up to date.</li><li>Do not use the 'Back' button in your browser while taking this skills test.</li></ul>	Computer Networking	computer-networking	5	5	75	10	0	1	t	t	\N	0	0	0	\N	\N
5	2016-01-21 11:15:45	2016-01-21 11:15:45	2	Data Transmission 	<ul><li>This skills test contains ##QUESTION_COUNT## multiple choice questions.</li><li>You have ##EXAM_DURATION## minutes to complete this skills test.</li><li>The timer of the skills test will not stop once the test starts.</li><li>In the event that you have disconnected from the Internet, you can still continue the skills test before it expires.</li><li>The questions in the skills test are in the English language.</li></ul>	<ul><li>This skills test contains ##QUESTION_COUNT## multiple choice questions.</li><li>You have ##EXAM_DURATION## minutes to complete this skills test.</li><li>The timer of the skills test will not stop once the test starts.</li><li>In the event that you have disconnected from the Internet, you can still continue the skills test before it expires.</li><li>The questions in the skills test are in the English language.</li><li>Make sure you attempt all the questions.</li><li>Modern web browsers improve the skills test experience, so make sure your browser is up to date.</li><li>Do not use the 'Back' button in your browser while taking this skills test.</li></ul>	Computer Networking	computer-networking-1	5	10	75	10	0	2	t	f	\N	0	0	0	4	\N
6	2016-01-21 11:17:08	2016-01-21 11:17:08	2	Data Communication	<ul><li>This skills test contains ##QUESTION_COUNT## multiple choice questions.</li><li>You have ##EXAM_DURATION## minutes to complete this skills test.</li><li>The timer of the skills test will not stop once the test starts.</li><li>In the event that you have disconnected from the Internet, you can still continue the skills test before it expires.</li><li>The questions in the skills test are in the English language.</li></ul>	<ul><li>This skills test contains ##QUESTION_COUNT## multiple choice questions.</li><li>You have ##EXAM_DURATION## minutes to complete this skills test.</li><li>The timer of the skills test will not stop once the test starts.</li><li>In the event that you have disconnected from the Internet, you can still continue the skills test before it expires.</li><li>The questions in the skills test are in the English language.</li><li>Make sure you attempt all the questions.</li><li>Modern web browsers improve the skills test experience, so make sure your browser is up to date.</li><li>Do not use the 'Back' button in your browser while taking this skills test.</li></ul>	Computer Networking	computer-networking-2	5	15	75	10	0	3	t	f	\N	0	0	0	5	\N
7	2016-01-21 11:18:51	2016-01-21 11:18:51	1	Basics of DBMS and Structure	<ul><li>This skills test contains ##QUESTION_COUNT## multiple choice questions.</li><li>You have ##EXAM_DURATION## minutes to complete this skills test.</li><li>The timer of the skills test will not stop once the test starts.</li><li>In the event that you have disconnected from the Internet, you can still continue the skills test before it expires.</li><li>The questions in the skills test are in the English language.</li></ul>	<ul><li>This skills test contains ##QUESTION_COUNT## multiple choice questions.</li><li>You have ##EXAM_DURATION## minutes to complete this skills test.</li><li>The timer of the skills test will not stop once the test starts.</li><li>In the event that you have disconnected from the Internet, you can still continue the skills test before it expires.</li><li>The questions in the skills test are in the English language.</li><li>Make sure you attempt all the questions.</li><li>Modern web browsers improve the skills test experience, so make sure your browser is up to date.</li><li>Do not use the 'Back' button in your browser while taking this skills test.</li></ul>	DBMS and Design	dbms-and-design	5	5	75	10	0	1	t	t	\N	0	0	0	\N	\N
8	2016-01-21 11:25:27	2016-01-21 11:25:27	1	Overview of DBMS	<ul><li>This skills test contains ##QUESTION_COUNT## multiple choice questions.</li><li>You have ##EXAM_DURATION## minutes to complete this skills test.</li><li>The timer of the skills test will not stop once the test starts.</li><li>In the event that you have disconnected from the Internet, you can still continue the skills test before it expires.</li><li>The questions in the skills test are in the English language.</li></ul>	<ul><li>This skills test contains ##QUESTION_COUNT## multiple choice questions.</li><li>You have ##EXAM_DURATION## minutes to complete this skills test.</li><li>The timer of the skills test will not stop once the test starts.</li><li>In the event that you have disconnected from the Internet, you can still continue the skills test before it expires.</li><li>The questions in the skills test are in the English language.</li><li>Make sure you attempt all the questions.</li><li>Modern web browsers improve the skills test experience, so make sure your browser is up to date.</li><li>Do not use the 'Back' button in your browser while taking this skills test.</li></ul>	DBMS and Design	dbms-and-design-1	5	10	75	10	0	2	t	f	\N	0	0	0	7	\N
9	2016-01-21 11:27:35	2016-01-21 11:27:35	1	Operation of database management system	<ul><li>This skills test contains ##QUESTION_COUNT## multiple choice questions.</li><li>You have ##EXAM_DURATION## minutes to complete this skills test.</li><li>The timer of the skills test will not stop once the test starts.</li><li>In the event that you have disconnected from the Internet, you can still continue the skills test before it expires.</li><li>The questions in the skills test are in the English language.</li></ul>	<ul><li>This skills test contains ##QUESTION_COUNT## multiple choice questions.</li><li>You have ##EXAM_DURATION## minutes to complete this skills test.</li><li>The timer of the skills test will not stop once the test starts.</li><li>In the event that you have disconnected from the Internet, you can still continue the skills test before it expires.</li><li>The questions in the skills test are in the English language.</li><li>Make sure you attempt all the questions.</li><li>Modern web browsers improve the skills test experience, so make sure your browser is up to date.</li><li>Do not use the 'Back' button in your browser while taking this skills test.</li></ul>	DBMS and Design	dbms-and-design-2	5	15	75	10	0	3	t	f	\N	0	0	0	8	\N
10	2016-01-21 11:30:37	2016-01-21 11:30:37	2	Basics of PHP & variable	<ul><li>This skills test contains ##QUESTION_COUNT## multiple choice questions.</li><li>You have ##EXAM_DURATION## minutes to complete this skills test.</li><li>The timer of the skills test will not stop once the test starts.</li><li>In the event that you have disconnected from the Internet, you can still continue the skills test before it expires.</li><li>The questions in the skills test are in the English language.</li></ul>	<ul><li>This skills test contains ##QUESTION_COUNT## multiple choice questions.</li><li>You have ##EXAM_DURATION## minutes to complete this skills test.</li><li>The timer of the skills test will not stop once the test starts.</li><li>In the event that you have disconnected from the Internet, you can still continue the skills test before it expires.</li><li>The questions in the skills test are in the English language.</li><li>Make sure you attempt all the questions.</li><li>Modern web browsers improve the skills test experience, so make sure your browser is up to date.</li><li>Do not use the 'Back' button in your browser while taking this skills test.</li></ul>	PHP	php	5	5	75	10	0	1	t	t	\N	0	0	0	\N	\N
11	2016-01-21 11:32:09	2016-01-21 11:32:09	2	PHP Statements & Finding Output	<ul><li>This skills test contains ##QUESTION_COUNT## multiple choice questions.</li><li>You have ##EXAM_DURATION## minutes to complete this skills test.</li><li>The timer of the skills test will not stop once the test starts.</li><li>In the event that you have disconnected from the Internet, you can still continue the skills test before it expires.</li><li>The questions in the skills test are in the English language.</li></ul>	<ul><li>This skills test contains ##QUESTION_COUNT## multiple choice questions.</li><li>You have ##EXAM_DURATION## minutes to complete this skills test.</li><li>The timer of the skills test will not stop once the test starts.</li><li>In the event that you have disconnected from the Internet, you can still continue the skills test before it expires.</li><li>The questions in the skills test are in the English language.</li><li>Make sure you attempt all the questions.</li><li>Modern web browsers improve the skills test experience, so make sure your browser is up to date.</li><li>Do not use the 'Back' button in your browser while taking this skills test.</li></ul>	PHP	php-1	5	10	75	10	0	2	t	f	\N	0	0	0	10	\N
12	2016-01-21 11:33:14	2016-01-21 11:33:14	2	Datatypes and Operator	<ul><li>This skills test contains ##QUESTION_COUNT## multiple choice questions.</li><li>You have ##EXAM_DURATION## minutes to complete this skills test.</li><li>The timer of the skills test will not stop once the test starts.</li><li>In the event that you have disconnected from the Internet, you can still continue the skills test before it expires.</li><li>The questions in the skills test are in the English language.</li></ul>	<ul><li>This skills test contains ##QUESTION_COUNT## multiple choice questions.</li><li>You have ##EXAM_DURATION## minutes to complete this skills test.</li><li>The timer of the skills test will not stop once the test starts.</li><li>In the event that you have disconnected from the Internet, you can still continue the skills test before it expires.</li><li>The questions in the skills test are in the English language.</li><li>Make sure you attempt all the questions.</li><li>Modern web browsers improve the skills test experience, so make sure your browser is up to date.</li><li>Do not use the 'Back' button in your browser while taking this skills test.</li></ul>	PHP	php-2	5	15	75	10	0	3	t	f	\N	0	0	0	11	\N
13	2016-01-21 11:35:55	2016-01-21 11:35:55	1	Basic Commands of MS-DOS	<ul><li>This skills test contains ##QUESTION_COUNT## multiple choice questions.</li><li>You have ##EXAM_DURATION## minutes to complete this skills test.</li><li>The timer of the skills test will not stop once the test starts.</li><li>In the event that you have disconnected from the Internet, you can still continue the skills test before it expires.</li><li>The questions in the skills test are in the English language.</li></ul>	<ul><li>This skills test contains ##QUESTION_COUNT## multiple choice questions.</li><li>You have ##EXAM_DURATION## minutes to complete this skills test.</li><li>The timer of the skills test will not stop once the test starts.</li><li>In the event that you have disconnected from the Internet, you can still continue the skills test before it expires.</li><li>The questions in the skills test are in the English language.</li><li>Make sure you attempt all the questions.</li><li>Modern web browsers improve the skills test experience, so make sure your browser is up to date.</li><li>Do not use the 'Back' button in your browser while taking this skills test.</li></ul>	MS-DOS	ms-dos	5	5	75	10	0	1	t	t	\N	0	0	0	\N	\N
14	2016-01-21 11:38:03	2016-01-21 11:38:03	1	Accessing MS-DOS Directroy	<ul><li>This skills test contains ##QUESTION_COUNT## multiple choice questions.</li><li>You have ##EXAM_DURATION## minutes to complete this skills test.</li><li>The timer of the skills test will not stop once the test starts.</li><li>In the event that you have disconnected from the Internet, you can still continue the skills test before it expires.</li><li>The questions in the skills test are in the English language.</li></ul>	<ul><li>This skills test contains ##QUESTION_COUNT## multiple choice questions.</li><li>You have ##EXAM_DURATION## minutes to complete this skills test.</li><li>The timer of the skills test will not stop once the test starts.</li><li>In the event that you have disconnected from the Internet, you can still continue the skills test before it expires.</li><li>The questions in the skills test are in the English language.</li><li>Make sure you attempt all the questions.</li><li>Modern web browsers improve the skills test experience, so make sure your browser is up to date.</li><li>Do not use the 'Back' button in your browser while taking this skills test.</li></ul>	MS-DOS	ms-dos-1	5	10	75	10	0	2	t	f	\N	0	0	0	13	\N
15	2016-01-21 11:42:34	2016-01-21 11:42:34	1	Advanced Commands	<ul><li>This skills test contains ##QUESTION_COUNT## multiple choice questions.</li><li>You have ##EXAM_DURATION## minutes to complete this skills test.</li><li>The timer of the skills test will not stop once the test starts.</li><li>In the event that you have disconnected from the Internet, you can still continue the skills test before it expires.</li><li>The questions in the skills test are in the English language.</li></ul>	<ul><li>This skills test contains ##QUESTION_COUNT## multiple choice questions.</li><li>You have ##EXAM_DURATION## minutes to complete this skills test.</li><li>The timer of the skills test will not stop once the test starts.</li><li>In the event that you have disconnected from the Internet, you can still continue the skills test before it expires.</li><li>The questions in the skills test are in the English language.</li><li>Make sure you attempt all the questions.</li><li>Modern web browsers improve the skills test experience, so make sure your browser is up to date.</li><li>Do not use the 'Back' button in your browser while taking this skills test.</li></ul>	MS-DOS	ms-dos-2	5	15	75	10	0	3	t	f	\N	0	0	0	14	\N
16	2016-01-21 11:44:19	2016-01-21 11:44:19	2	Overview of MS-WORD	<ul><li>This skills test contains ##QUESTION_COUNT## multiple choice questions.</li><li>You have ##EXAM_DURATION## minutes to complete this skills test.</li><li>The timer of the skills test will not stop once the test starts.</li><li>In the event that you have disconnected from the Internet, you can still continue the skills test before it expires.</li><li>The questions in the skills test are in the English language.</li></ul>	<ul><li>This skills test contains ##QUESTION_COUNT## multiple choice questions.</li><li>You have ##EXAM_DURATION## minutes to complete this skills test.</li><li>The timer of the skills test will not stop once the test starts.</li><li>In the event that you have disconnected from the Internet, you can still continue the skills test before it expires.</li><li>The questions in the skills test are in the English language.</li><li>Make sure you attempt all the questions.</li><li>Modern web browsers improve the skills test experience, so make sure your browser is up to date.</li><li>Do not use the 'Back' button in your browser while taking this skills test.</li></ul>	MS-WORD	ms-word	5	5	75	10	0	1	t	t	\N	0	0	0	\N	\N
17	2016-01-21 11:45:32	2016-01-21 11:45:32	2	short keys in MS-WORD	<ul><li>This skills test contains ##QUESTION_COUNT## multiple choice questions.</li><li>You have ##EXAM_DURATION## minutes to complete this skills test.</li><li>The timer of the skills test will not stop once the test starts.</li><li>In the event that you have disconnected from the Internet, you can still continue the skills test before it expires.</li><li>The questions in the skills test are in the English language.</li></ul>	<ul><li>This skills test contains ##QUESTION_COUNT## multiple choice questions.</li><li>You have ##EXAM_DURATION## minutes to complete this skills test.</li><li>The timer of the skills test will not stop once the test starts.</li><li>In the event that you have disconnected from the Internet, you can still continue the skills test before it expires.</li><li>The questions in the skills test are in the English language.</li><li>Make sure you attempt all the questions.</li><li>Modern web browsers improve the skills test experience, so make sure your browser is up to date.</li><li>Do not use the 'Back' button in your browser while taking this skills test.</li></ul>	MS-WORD	ms-word-1	5	10	75	10	0	2	t	f	\N	0	0	0	16	\N
18	2016-01-21 11:47:43	2016-01-21 11:47:43	2	Insert picture and table	<ul><li>This skills test contains ##QUESTION_COUNT## multiple choice questions.</li><li>You have ##EXAM_DURATION## minutes to complete this skills test.</li><li>The timer of the skills test will not stop once the test starts.</li><li>In the event that you have disconnected from the Internet, you can still continue the skills test before it expires.</li><li>The questions in the skills test are in the English language.</li></ul>	<ul><li>This skills test contains ##QUESTION_COUNT## multiple choice questions.</li><li>You have ##EXAM_DURATION## minutes to complete this skills test.</li><li>The timer of the skills test will not stop once the test starts.</li><li>In the event that you have disconnected from the Internet, you can still continue the skills test before it expires.</li><li>The questions in the skills test are in the English language.</li><li>Make sure you attempt all the questions.</li><li>Modern web browsers improve the skills test experience, so make sure your browser is up to date.</li><li>Do not use the 'Back' button in your browser while taking this skills test.</li></ul>	MS-WORD	ms-word-2	5	15	75	10	0	3	t	f	\N	0	0	0	17	\N
19	2016-01-21 11:50:03	2016-01-21 11:50:03	1	Overview of MS-Powerpoint	<ul><li>This skills test contains ##QUESTION_COUNT## multiple choice questions.</li><li>You have ##EXAM_DURATION## minutes to complete this skills test.</li><li>The timer of the skills test will not stop once the test starts.</li><li>In the event that you have disconnected from the Internet, you can still continue the skills test before it expires.</li><li>The questions in the skills test are in the English language.</li></ul>	<ul><li>This skills test contains ##QUESTION_COUNT## multiple choice questions.</li><li>You have ##EXAM_DURATION## minutes to complete this skills test.</li><li>The timer of the skills test will not stop once the test starts.</li><li>In the event that you have disconnected from the Internet, you can still continue the skills test before it expires.</li><li>The questions in the skills test are in the English language.</li><li>Make sure you attempt all the questions.</li><li>Modern web browsers improve the skills test experience, so make sure your browser is up to date.</li><li>Do not use the 'Back' button in your browser while taking this skills test.</li></ul>	MS-PowerPoint	ms-powerpoint	5	5	75	10	0	1	t	t	\N	0	0	0	\N	\N
20	2016-01-21 11:52:46	2016-01-21 11:52:46	1	Custom animation and Presentation	<ul><li>This skills test contains ##QUESTION_COUNT## multiple choice questions.</li><li>You have ##EXAM_DURATION## minutes to complete this skills test.</li><li>The timer of the skills test will not stop once the test starts.</li><li>In the event that you have disconnected from the Internet, you can still continue the skills test before it expires.</li><li>The questions in the skills test are in the English language.</li></ul>	<ul><li>This skills test contains ##QUESTION_COUNT## multiple choice questions.</li><li>You have ##EXAM_DURATION## minutes to complete this skills test.</li><li>The timer of the skills test will not stop once the test starts.</li><li>In the event that you have disconnected from the Internet, you can still continue the skills test before it expires.</li><li>The questions in the skills test are in the English language.</li><li>Make sure you attempt all the questions.</li><li>Modern web browsers improve the skills test experience, so make sure your browser is up to date.</li><li>Do not use the 'Back' button in your browser while taking this skills test.</li></ul>	MS-PowerPoint	ms-powerpoint-1	5	10	75	10	0	2	t	f	\N	0	0	0	19	\N
21	2016-01-21 11:55:10	2016-01-21 11:55:10	1	Document presentation	<ul><li>This skills test contains ##QUESTION_COUNT## multiple choice questions.</li><li>You have ##EXAM_DURATION## minutes to complete this skills test.</li><li>The timer of the skills test will not stop once the test starts.</li><li>In the event that you have disconnected from the Internet, you can still continue the skills test before it expires.</li><li>The questions in the skills test are in the English language.</li></ul>	<ul><li>This skills test contains ##QUESTION_COUNT## multiple choice questions.</li><li>You have ##EXAM_DURATION## minutes to complete this skills test.</li><li>The timer of the skills test will not stop once the test starts.</li><li>In the event that you have disconnected from the Internet, you can still continue the skills test before it expires.</li><li>The questions in the skills test are in the English language.</li><li>Make sure you attempt all the questions.</li><li>Modern web browsers improve the skills test experience, so make sure your browser is up to date.</li><li>Do not use the 'Back' button in your browser while taking this skills test.</li></ul>	MS-PowerPoint	ms-powerpoint-2	5	15	75	10	0	3	t	f	\N	0	0	0	20	\N
22	2016-01-21 11:57:25	2016-01-21 11:57:25	2	Basics of HTML	<ul><li>This skills test contains ##QUESTION_COUNT## multiple choice questions.</li><li>You have ##EXAM_DURATION## minutes to complete this skills test.</li><li>The timer of the skills test will not stop once the test starts.</li><li>In the event that you have disconnected from the Internet, you can still continue the skills test before it expires.</li><li>The questions in the skills test are in the English language.</li></ul>	<ul><li>This skills test contains ##QUESTION_COUNT## multiple choice questions.</li><li>You have ##EXAM_DURATION## minutes to complete this skills test.</li><li>The timer of the skills test will not stop once the test starts.</li><li>In the event that you have disconnected from the Internet, you can still continue the skills test before it expires.</li><li>The questions in the skills test are in the English language.</li><li>Make sure you attempt all the questions.</li><li>Modern web browsers improve the skills test experience, so make sure your browser is up to date.</li><li>Do not use the 'Back' button in your browser while taking this skills test.</li></ul>	HTML	html	5	5	75	10	0	1	t	t	\N	0	0	0	\N	\N
23	2016-01-21 11:59:05	2016-01-21 11:59:05	2	HTML tags and properties	<ul><li>This skills test contains ##QUESTION_COUNT## multiple choice questions.</li><li>You have ##EXAM_DURATION## minutes to complete this skills test.</li><li>The timer of the skills test will not stop once the test starts.</li><li>In the event that you have disconnected from the Internet, you can still continue the skills test before it expires.</li><li>The questions in the skills test are in the English language.</li></ul>	<ul><li>This skills test contains ##QUESTION_COUNT## multiple choice questions.</li><li>You have ##EXAM_DURATION## minutes to complete this skills test.</li><li>The timer of the skills test will not stop once the test starts.</li><li>In the event that you have disconnected from the Internet, you can still continue the skills test before it expires.</li><li>The questions in the skills test are in the English language.</li><li>Make sure you attempt all the questions.</li><li>Modern web browsers improve the skills test experience, so make sure your browser is up to date.</li><li>Do not use the 'Back' button in your browser while taking this skills test.</li></ul>	HTML	html-1	5	10	75	10	0	2	t	f	\N	0	0	0	22	\N
24	2016-01-21 12:00:53	2016-01-21 12:00:53	2	HTML tag to make a text rich and more	<ul><li>This skills test contains ##QUESTION_COUNT## multiple choice questions.</li><li>You have ##EXAM_DURATION## minutes to complete this skills test.</li><li>The timer of the skills test will not stop once the test starts.</li><li>In the event that you have disconnected from the Internet, you can still continue the skills test before it expires.</li><li>The questions in the skills test are in the English language.</li></ul>	<ul><li>This skills test contains ##QUESTION_COUNT## multiple choice questions.</li><li>You have ##EXAM_DURATION## minutes to complete this skills test.</li><li>The timer of the skills test will not stop once the test starts.</li><li>In the event that you have disconnected from the Internet, you can still continue the skills test before it expires.</li><li>The questions in the skills test are in the English language.</li><li>Make sure you attempt all the questions.</li><li>Modern web browsers improve the skills test experience, so make sure your browser is up to date.</li><li>Do not use the 'Back' button in your browser while taking this skills test.</li></ul>	HTML	html-2	5	15	75	10	0	3	t	f	\N	0	0	0	23	\N
25	2016-01-21 12:02:32	2016-01-21 12:03:18	1	Overview of JDBC	<ul><li>This skills test contains ##QUESTION_COUNT## multiple choice questions.</li><li>You have ##EXAM_DURATION## minutes to complete this skills test.</li><li>The timer of the skills test will not stop once the test starts.</li><li>In the event that you have disconnected from the Internet, you can still continue the skills test before it expires.</li><li>The questions in the skills test are in the English language.</li></ul>	<ul><li>This skills test contains ##QUESTION_COUNT## multiple choice questions.</li><li>You have ##EXAM_DURATION## minutes to complete this skills test.</li><li>The timer of the skills test will not stop once the test starts.</li><li>In the event that you have disconnected from the Internet, you can still continue the skills test before it expires.</li><li>The questions in the skills test are in the English language.</li><li>Make sure you attempt all the questions.</li><li>Modern web browsers improve the skills test experience, so make sure your browser is up to date.</li><li>Do not use the 'Back' button in your browser while taking this skills test.</li></ul>	JDBC	jdbc	5	5	75	10	0	1	t	t	\N	0	0	0	\N	\N
26	2016-01-21 12:05:56	2016-01-21 12:05:56	1	Database transaction and execution	<ul><li>This skills test contains ##QUESTION_COUNT## multiple choice questions.</li><li>You have ##EXAM_DURATION## minutes to complete this skills test.</li><li>The timer of the skills test will not stop once the test starts.</li><li>In the event that you have disconnected from the Internet, you can still continue the skills test before it expires.</li><li>The questions in the skills test are in the English language.</li></ul>	<ul><li>This skills test contains ##QUESTION_COUNT## multiple choice questions.</li><li>You have ##EXAM_DURATION## minutes to complete this skills test.</li><li>The timer of the skills test will not stop once the test starts.</li><li>In the event that you have disconnected from the Internet, you can still continue the skills test before it expires.</li><li>The questions in the skills test are in the English language.</li><li>Make sure you attempt all the questions.</li><li>Modern web browsers improve the skills test experience, so make sure your browser is up to date.</li><li>Do not use the 'Back' button in your browser while taking this skills test.</li></ul>	JDBC	jdbc-1	5	10	75	10	0	2	t	f	\N	0	0	0	25	\N
27	2016-01-21 12:07:04	2016-01-21 12:07:04	1	JDBC Connection	<ul><li>This skills test contains ##QUESTION_COUNT## multiple choice questions.</li><li>You have ##EXAM_DURATION## minutes to complete this skills test.</li><li>The timer of the skills test will not stop once the test starts.</li><li>In the event that you have disconnected from the Internet, you can still continue the skills test before it expires.</li><li>The questions in the skills test are in the English language.</li></ul>	<ul><li>This skills test contains ##QUESTION_COUNT## multiple choice questions.</li><li>You have ##EXAM_DURATION## minutes to complete this skills test.</li><li>The timer of the skills test will not stop once the test starts.</li><li>In the event that you have disconnected from the Internet, you can still continue the skills test before it expires.</li><li>The questions in the skills test are in the English language.</li><li>Make sure you attempt all the questions.</li><li>Modern web browsers improve the skills test experience, so make sure your browser is up to date.</li><li>Do not use the 'Back' button in your browser while taking this skills test.</li></ul>	JDBC	jdbc-2	5	15	75	10	0	3	t	f	\N	0	0	0	26	\N
28	2016-01-21 12:10:27	2016-01-21 12:10:27	2	Complete the sentence or conversation	<ul><li>This skills test contains ##QUESTION_COUNT## multiple choice questions.</li><li>You have ##EXAM_DURATION## minutes to complete this skills test.</li><li>The timer of the skills test will not stop once the test starts.</li><li>In the event that you have disconnected from the Internet, you can still continue the skills test before it expires.</li><li>The questions in the skills test are in the English language.</li></ul>	<ul><li>This skills test contains ##QUESTION_COUNT## multiple choice questions.</li><li>You have ##EXAM_DURATION## minutes to complete this skills test.</li><li>The timer of the skills test will not stop once the test starts.</li><li>In the event that you have disconnected from the Internet, you can still continue the skills test before it expires.</li><li>The questions in the skills test are in the English language.</li><li>Make sure you attempt all the questions.</li><li>Modern web browsers improve the skills test experience, so make sure your browser is up to date.</li><li>Do not use the 'Back' button in your browser while taking this skills test.</li></ul>	English	english	5	0	75	10	0	1	t	t	\N	0	0	0	\N	3
\.


--
-- Name: exams_id_seq; Type: SEQUENCE SET; Schema: public; Owner: -
--

SELECT pg_catalog.setval('exams_id_seq', 29, true);


--
-- Data for Name: exams_questions; Type: TABLE DATA; Schema: public; Owner: -
--

COPY exams_questions (id, created_at, updated_at, exam_id, question_id, display_order) FROM stdin;
1	2016-01-22 11:03:54	2016-01-22 11:03:54	1	10	0
2	2016-01-22 11:03:54	2016-01-22 11:03:54	1	9	0
3	2016-01-22 11:03:54	2016-01-22 11:03:54	1	8	0
4	2016-01-22 11:03:54	2016-01-22 11:03:54	1	7	0
5	2016-01-22 11:03:54	2016-01-22 11:03:54	1	6	0
6	2016-01-22 11:03:54	2016-01-22 11:03:54	1	5	0
7	2016-01-22 11:03:54	2016-01-22 11:03:54	1	4	0
8	2016-01-22 11:03:54	2016-01-22 11:03:54	1	3	0
9	2016-01-22 11:03:54	2016-01-22 11:03:54	1	2	0
10	2016-01-22 11:03:54	2016-01-22 11:03:54	1	1	0
11	2016-01-22 11:06:19	2016-01-22 11:06:19	2	20	0
12	2016-01-22 11:06:19	2016-01-22 11:06:19	2	19	0
13	2016-01-22 11:06:19	2016-01-22 11:06:19	2	18	0
14	2016-01-22 11:06:19	2016-01-22 11:06:19	2	17	0
15	2016-01-22 11:06:19	2016-01-22 11:06:19	2	16	0
16	2016-01-22 11:06:19	2016-01-22 11:06:19	2	15	0
17	2016-01-22 11:06:19	2016-01-22 11:06:19	2	14	0
18	2016-01-22 11:06:19	2016-01-22 11:06:19	2	13	0
19	2016-01-22 11:06:19	2016-01-22 11:06:19	2	12	0
20	2016-01-22 11:06:19	2016-01-22 11:06:19	2	11	0
21	2016-01-22 11:09:03	2016-01-22 11:09:03	3	30	0
22	2016-01-22 11:09:03	2016-01-22 11:09:03	3	29	0
23	2016-01-22 11:09:03	2016-01-22 11:09:03	3	28	0
24	2016-01-22 11:09:03	2016-01-22 11:09:03	3	27	0
25	2016-01-22 11:09:03	2016-01-22 11:09:03	3	26	0
26	2016-01-22 11:09:03	2016-01-22 11:09:03	3	25	0
27	2016-01-22 11:09:03	2016-01-22 11:09:03	3	24	0
28	2016-01-22 11:09:03	2016-01-22 11:09:03	3	23	0
29	2016-01-22 11:09:03	2016-01-22 11:09:03	3	22	0
30	2016-01-22 11:09:03	2016-01-22 11:09:03	3	21	0
41	2016-01-22 11:25:50	2016-01-22 11:25:50	4	40	0
42	2016-01-22 11:25:50	2016-01-22 11:25:50	4	39	0
43	2016-01-22 11:25:50	2016-01-22 11:25:50	4	38	0
44	2016-01-22 11:25:50	2016-01-22 11:25:50	4	37	0
45	2016-01-22 11:25:50	2016-01-22 11:25:50	4	36	0
46	2016-01-22 11:25:50	2016-01-22 11:25:50	4	35	0
47	2016-01-22 11:25:50	2016-01-22 11:25:50	4	34	0
48	2016-01-22 11:25:50	2016-01-22 11:25:50	4	33	0
49	2016-01-22 11:25:50	2016-01-22 11:25:50	4	32	0
50	2016-01-22 11:25:50	2016-01-22 11:25:50	4	31	0
51	2016-01-22 11:26:18	2016-01-22 11:26:18	5	50	0
52	2016-01-22 11:26:19	2016-01-22 11:26:19	5	49	0
53	2016-01-22 11:26:19	2016-01-22 11:26:19	5	48	0
54	2016-01-22 11:26:19	2016-01-22 11:26:19	5	47	0
55	2016-01-22 11:26:19	2016-01-22 11:26:19	5	46	0
56	2016-01-22 11:26:19	2016-01-22 11:26:19	5	45	0
57	2016-01-22 11:26:19	2016-01-22 11:26:19	5	44	0
58	2016-01-22 11:26:19	2016-01-22 11:26:19	5	43	0
59	2016-01-22 11:26:19	2016-01-22 11:26:19	5	42	0
60	2016-01-22 11:26:19	2016-01-22 11:26:19	5	41	0
61	2016-01-22 11:27:00	2016-01-22 11:27:00	6	60	0
62	2016-01-22 11:27:00	2016-01-22 11:27:00	6	59	0
63	2016-01-22 11:27:00	2016-01-22 11:27:00	6	58	0
64	2016-01-22 11:27:00	2016-01-22 11:27:00	6	57	0
65	2016-01-22 11:27:00	2016-01-22 11:27:00	6	56	0
66	2016-01-22 11:27:00	2016-01-22 11:27:00	6	55	0
67	2016-01-22 11:27:00	2016-01-22 11:27:00	6	54	0
68	2016-01-22 11:27:00	2016-01-22 11:27:00	6	53	0
69	2016-01-22 11:27:00	2016-01-22 11:27:00	6	52	0
70	2016-01-22 11:27:00	2016-01-22 11:27:00	6	51	0
71	2016-01-22 11:27:58	2016-01-22 11:27:58	7	70	0
72	2016-01-22 11:27:58	2016-01-22 11:27:58	7	69	0
73	2016-01-22 11:27:58	2016-01-22 11:27:58	7	68	0
74	2016-01-22 11:27:58	2016-01-22 11:27:58	7	67	0
75	2016-01-22 11:27:58	2016-01-22 11:27:58	7	66	0
76	2016-01-22 11:27:58	2016-01-22 11:27:58	7	65	0
77	2016-01-22 11:27:58	2016-01-22 11:27:58	7	64	0
78	2016-01-22 11:27:58	2016-01-22 11:27:58	7	63	0
79	2016-01-22 11:27:58	2016-01-22 11:27:58	7	62	0
80	2016-01-22 11:27:58	2016-01-22 11:27:58	7	61	0
81	2016-01-22 11:28:17	2016-01-22 11:28:17	8	80	0
82	2016-01-22 11:28:17	2016-01-22 11:28:17	8	79	0
83	2016-01-22 11:28:17	2016-01-22 11:28:17	8	78	0
84	2016-01-22 11:28:17	2016-01-22 11:28:17	8	77	0
85	2016-01-22 11:28:17	2016-01-22 11:28:17	8	76	0
86	2016-01-22 11:28:17	2016-01-22 11:28:17	8	75	0
87	2016-01-22 11:28:17	2016-01-22 11:28:17	8	74	0
88	2016-01-22 11:28:17	2016-01-22 11:28:17	8	73	0
89	2016-01-22 11:28:17	2016-01-22 11:28:17	8	72	0
90	2016-01-22 11:28:17	2016-01-22 11:28:17	8	71	0
91	2016-01-22 11:28:51	2016-01-22 11:28:51	9	90	0
92	2016-01-22 11:28:51	2016-01-22 11:28:51	9	89	0
93	2016-01-22 11:28:51	2016-01-22 11:28:51	9	88	0
94	2016-01-22 11:28:51	2016-01-22 11:28:51	9	87	0
95	2016-01-22 11:28:51	2016-01-22 11:28:51	9	86	0
96	2016-01-22 11:28:51	2016-01-22 11:28:51	9	85	0
97	2016-01-22 11:28:51	2016-01-22 11:28:51	9	84	0
98	2016-01-22 11:28:51	2016-01-22 11:28:51	9	83	0
99	2016-01-22 11:28:51	2016-01-22 11:28:51	9	82	0
100	2016-01-22 11:28:51	2016-01-22 11:28:51	9	81	0
101	2016-01-22 11:32:57	2016-01-22 11:32:57	10	100	0
102	2016-01-22 11:32:57	2016-01-22 11:32:57	10	99	0
103	2016-01-22 11:32:57	2016-01-22 11:32:57	10	98	0
104	2016-01-22 11:32:57	2016-01-22 11:32:57	10	97	0
105	2016-01-22 11:32:57	2016-01-22 11:32:57	10	96	0
106	2016-01-22 11:32:57	2016-01-22 11:32:57	10	95	0
107	2016-01-22 11:32:57	2016-01-22 11:32:57	10	94	0
108	2016-01-22 11:32:57	2016-01-22 11:32:57	10	93	0
109	2016-01-22 11:32:57	2016-01-22 11:32:57	10	92	0
110	2016-01-22 11:32:57	2016-01-22 11:32:57	10	91	0
111	2016-01-22 11:33:27	2016-01-22 11:33:27	11	110	0
112	2016-01-22 11:33:27	2016-01-22 11:33:27	11	109	0
113	2016-01-22 11:33:27	2016-01-22 11:33:27	11	108	0
114	2016-01-22 11:33:27	2016-01-22 11:33:27	11	107	0
115	2016-01-22 11:33:27	2016-01-22 11:33:27	11	106	0
116	2016-01-22 11:33:27	2016-01-22 11:33:27	11	105	0
117	2016-01-22 11:33:27	2016-01-22 11:33:27	11	104	0
118	2016-01-22 11:33:27	2016-01-22 11:33:27	11	103	0
119	2016-01-22 11:33:27	2016-01-22 11:33:27	11	102	0
120	2016-01-22 11:33:27	2016-01-22 11:33:27	11	101	0
121	2016-01-22 11:34:05	2016-01-22 11:34:05	12	120	0
122	2016-01-22 11:34:05	2016-01-22 11:34:05	12	119	0
123	2016-01-22 11:34:05	2016-01-22 11:34:05	12	118	0
124	2016-01-22 11:34:05	2016-01-22 11:34:05	12	117	0
125	2016-01-22 11:34:05	2016-01-22 11:34:05	12	116	0
126	2016-01-22 11:34:05	2016-01-22 11:34:05	12	115	0
127	2016-01-22 11:34:05	2016-01-22 11:34:05	12	114	0
128	2016-01-22 11:34:05	2016-01-22 11:34:05	12	113	0
129	2016-01-22 11:34:05	2016-01-22 11:34:05	12	112	0
130	2016-01-22 11:34:05	2016-01-22 11:34:05	12	111	0
131	2016-01-22 11:34:38	2016-01-22 11:34:38	13	130	0
132	2016-01-22 11:34:38	2016-01-22 11:34:38	13	129	0
133	2016-01-22 11:34:38	2016-01-22 11:34:38	13	128	0
134	2016-01-22 11:34:38	2016-01-22 11:34:38	13	127	0
135	2016-01-22 11:34:38	2016-01-22 11:34:38	13	126	0
136	2016-01-22 11:34:38	2016-01-22 11:34:38	13	125	0
137	2016-01-22 11:34:38	2016-01-22 11:34:38	13	124	0
138	2016-01-22 11:34:38	2016-01-22 11:34:38	13	123	0
139	2016-01-22 11:34:38	2016-01-22 11:34:38	13	122	0
140	2016-01-22 11:34:38	2016-01-22 11:34:38	13	121	0
141	2016-01-22 11:34:55	2016-01-22 11:34:55	14	140	0
142	2016-01-22 11:34:55	2016-01-22 11:34:55	14	139	0
143	2016-01-22 11:34:55	2016-01-22 11:34:55	14	138	0
144	2016-01-22 11:34:55	2016-01-22 11:34:55	14	137	0
145	2016-01-22 11:34:55	2016-01-22 11:34:55	14	136	0
146	2016-01-22 11:34:55	2016-01-22 11:34:55	14	135	0
147	2016-01-22 11:34:55	2016-01-22 11:34:55	14	134	0
148	2016-01-22 11:34:55	2016-01-22 11:34:55	14	133	0
149	2016-01-22 11:34:55	2016-01-22 11:34:55	14	132	0
150	2016-01-22 11:34:55	2016-01-22 11:34:55	14	131	0
201	2016-01-22 11:50:40	2016-01-22 11:50:40	15	150	0
202	2016-01-22 11:50:40	2016-01-22 11:50:40	15	149	0
203	2016-01-22 11:50:40	2016-01-22 11:50:40	15	148	0
204	2016-01-22 11:50:40	2016-01-22 11:50:40	15	147	0
205	2016-01-22 11:50:40	2016-01-22 11:50:40	15	146	0
206	2016-01-22 11:50:40	2016-01-22 11:50:40	15	145	0
207	2016-01-22 11:50:40	2016-01-22 11:50:40	15	144	0
208	2016-01-22 11:50:40	2016-01-22 11:50:40	15	143	0
209	2016-01-22 11:50:40	2016-01-22 11:50:40	15	142	0
210	2016-01-22 11:50:40	2016-01-22 11:50:40	15	141	0
161	2016-01-22 11:36:02	2016-01-22 11:36:02	16	160	0
162	2016-01-22 11:36:02	2016-01-22 11:36:02	16	159	0
163	2016-01-22 11:36:02	2016-01-22 11:36:02	16	158	0
164	2016-01-22 11:36:02	2016-01-22 11:36:02	16	157	0
165	2016-01-22 11:36:02	2016-01-22 11:36:02	16	156	0
166	2016-01-22 11:36:02	2016-01-22 11:36:02	16	155	0
167	2016-01-22 11:36:02	2016-01-22 11:36:02	16	154	0
168	2016-01-22 11:36:02	2016-01-22 11:36:02	16	153	0
169	2016-01-22 11:36:02	2016-01-22 11:36:02	16	152	0
170	2016-01-22 11:36:02	2016-01-22 11:36:02	16	151	0
171	2016-01-22 11:36:29	2016-01-22 11:36:29	17	170	0
172	2016-01-22 11:36:29	2016-01-22 11:36:29	17	169	0
173	2016-01-22 11:36:29	2016-01-22 11:36:29	17	168	0
174	2016-01-22 11:36:29	2016-01-22 11:36:29	17	167	0
175	2016-01-22 11:36:29	2016-01-22 11:36:29	17	166	0
176	2016-01-22 11:36:29	2016-01-22 11:36:29	17	165	0
177	2016-01-22 11:36:29	2016-01-22 11:36:29	17	164	0
178	2016-01-22 11:36:29	2016-01-22 11:36:29	17	163	0
179	2016-01-22 11:36:29	2016-01-22 11:36:29	17	162	0
180	2016-01-22 11:36:29	2016-01-22 11:36:29	17	161	0
181	2016-01-22 11:36:45	2016-01-22 11:36:45	18	180	0
182	2016-01-22 11:36:45	2016-01-22 11:36:45	18	179	0
183	2016-01-22 11:36:45	2016-01-22 11:36:45	18	178	0
184	2016-01-22 11:36:45	2016-01-22 11:36:45	18	177	0
185	2016-01-22 11:36:45	2016-01-22 11:36:45	18	176	0
186	2016-01-22 11:36:45	2016-01-22 11:36:45	18	175	0
187	2016-01-22 11:36:45	2016-01-22 11:36:45	18	174	0
188	2016-01-22 11:36:45	2016-01-22 11:36:45	18	173	0
189	2016-01-22 11:36:46	2016-01-22 11:36:46	18	172	0
190	2016-01-22 11:36:46	2016-01-22 11:36:46	18	171	0
211	2016-01-22 11:53:11	2016-01-22 11:53:11	19	190	0
212	2016-01-22 11:53:11	2016-01-22 11:53:11	19	189	0
213	2016-01-22 11:53:11	2016-01-22 11:53:11	19	188	0
214	2016-01-22 11:53:11	2016-01-22 11:53:11	19	187	0
215	2016-01-22 11:53:11	2016-01-22 11:53:11	19	186	0
216	2016-01-22 11:53:11	2016-01-22 11:53:11	19	185	0
217	2016-01-22 11:53:11	2016-01-22 11:53:11	19	184	0
218	2016-01-22 11:53:11	2016-01-22 11:53:11	19	183	0
219	2016-01-22 11:53:11	2016-01-22 11:53:11	19	182	0
220	2016-01-22 11:53:11	2016-01-22 11:53:11	19	181	0
221	2016-01-22 11:53:40	2016-01-22 11:53:40	20	200	0
222	2016-01-22 11:53:40	2016-01-22 11:53:40	20	199	0
223	2016-01-22 11:53:40	2016-01-22 11:53:40	20	198	0
224	2016-01-22 11:53:40	2016-01-22 11:53:40	20	197	0
225	2016-01-22 11:53:40	2016-01-22 11:53:40	20	196	0
226	2016-01-22 11:53:40	2016-01-22 11:53:40	20	195	0
227	2016-01-22 11:53:40	2016-01-22 11:53:40	20	194	0
228	2016-01-22 11:53:40	2016-01-22 11:53:40	20	193	0
229	2016-01-22 11:53:40	2016-01-22 11:53:40	20	192	0
230	2016-01-22 11:53:40	2016-01-22 11:53:40	20	191	0
231	2016-01-22 11:54:19	2016-01-22 11:54:19	21	210	0
232	2016-01-22 11:54:19	2016-01-22 11:54:19	21	209	0
233	2016-01-22 11:54:19	2016-01-22 11:54:19	21	208	0
234	2016-01-22 11:54:19	2016-01-22 11:54:19	21	207	0
235	2016-01-22 11:54:19	2016-01-22 11:54:19	21	206	0
236	2016-01-22 11:54:19	2016-01-22 11:54:19	21	205	0
237	2016-01-22 11:54:19	2016-01-22 11:54:19	21	204	0
238	2016-01-22 11:54:19	2016-01-22 11:54:19	21	203	0
239	2016-01-22 11:54:19	2016-01-22 11:54:19	21	202	0
240	2016-01-22 11:54:19	2016-01-22 11:54:19	21	201	0
241	2016-01-22 11:54:59	2016-01-22 11:54:59	22	220	0
242	2016-01-22 11:54:59	2016-01-22 11:54:59	22	219	0
243	2016-01-22 11:54:59	2016-01-22 11:54:59	22	218	0
244	2016-01-22 11:54:59	2016-01-22 11:54:59	22	217	0
245	2016-01-22 11:54:59	2016-01-22 11:54:59	22	216	0
246	2016-01-22 11:54:59	2016-01-22 11:54:59	22	215	0
247	2016-01-22 11:54:59	2016-01-22 11:54:59	22	214	0
248	2016-01-22 11:54:59	2016-01-22 11:54:59	22	213	0
249	2016-01-22 11:54:59	2016-01-22 11:54:59	22	212	0
250	2016-01-22 11:54:59	2016-01-22 11:54:59	22	211	0
251	2016-01-22 11:55:18	2016-01-22 11:55:18	23	230	0
252	2016-01-22 11:55:18	2016-01-22 11:55:18	23	229	0
253	2016-01-22 11:55:18	2016-01-22 11:55:18	23	228	0
254	2016-01-22 11:55:18	2016-01-22 11:55:18	23	227	0
255	2016-01-22 11:55:18	2016-01-22 11:55:18	23	226	0
256	2016-01-22 11:55:18	2016-01-22 11:55:18	23	225	0
257	2016-01-22 11:55:18	2016-01-22 11:55:18	23	224	0
258	2016-01-22 11:55:18	2016-01-22 11:55:18	23	223	0
259	2016-01-22 11:55:18	2016-01-22 11:55:18	23	222	0
260	2016-01-22 11:55:18	2016-01-22 11:55:18	23	221	0
261	2016-01-22 11:57:24	2016-01-22 11:57:24	24	240	0
262	2016-01-22 11:57:24	2016-01-22 11:57:24	24	239	0
263	2016-01-22 11:57:24	2016-01-22 11:57:24	24	238	0
264	2016-01-22 11:57:24	2016-01-22 11:57:24	24	237	0
265	2016-01-22 11:57:24	2016-01-22 11:57:24	24	236	0
266	2016-01-22 11:57:24	2016-01-22 11:57:24	24	235	0
267	2016-01-22 11:57:24	2016-01-22 11:57:24	24	234	0
268	2016-01-22 11:57:24	2016-01-22 11:57:24	24	233	0
269	2016-01-22 11:57:24	2016-01-22 11:57:24	24	232	0
270	2016-01-22 11:57:24	2016-01-22 11:57:24	24	231	0
271	2016-01-22 11:58:02	2016-01-22 11:58:02	25	250	0
272	2016-01-22 11:58:02	2016-01-22 11:58:02	25	249	0
273	2016-01-22 11:58:02	2016-01-22 11:58:02	25	248	0
274	2016-01-22 11:58:02	2016-01-22 11:58:02	25	247	0
275	2016-01-22 11:58:02	2016-01-22 11:58:02	25	246	0
276	2016-01-22 11:58:02	2016-01-22 11:58:02	25	245	0
277	2016-01-22 11:58:02	2016-01-22 11:58:02	25	244	0
278	2016-01-22 11:58:02	2016-01-22 11:58:02	25	243	0
279	2016-01-22 11:58:02	2016-01-22 11:58:02	25	242	0
280	2016-01-22 11:58:02	2016-01-22 11:58:02	25	241	0
281	2016-01-22 11:58:49	2016-01-22 11:58:49	26	260	0
282	2016-01-22 11:58:49	2016-01-22 11:58:49	26	259	0
283	2016-01-22 11:58:49	2016-01-22 11:58:49	26	258	0
284	2016-01-22 11:58:49	2016-01-22 11:58:49	26	257	0
285	2016-01-22 11:58:49	2016-01-22 11:58:49	26	256	0
286	2016-01-22 11:58:49	2016-01-22 11:58:49	26	255	0
287	2016-01-22 11:58:49	2016-01-22 11:58:49	26	254	0
288	2016-01-22 11:58:49	2016-01-22 11:58:49	26	253	0
289	2016-01-22 11:58:49	2016-01-22 11:58:49	26	252	0
290	2016-01-22 11:58:49	2016-01-22 11:58:49	26	251	0
291	2016-01-22 11:59:14	2016-01-22 11:59:14	27	270	0
292	2016-01-22 11:59:14	2016-01-22 11:59:14	27	269	0
293	2016-01-22 11:59:14	2016-01-22 11:59:14	27	268	0
294	2016-01-22 11:59:14	2016-01-22 11:59:14	27	267	0
295	2016-01-22 11:59:14	2016-01-22 11:59:14	27	266	0
296	2016-01-22 11:59:14	2016-01-22 11:59:14	27	265	0
297	2016-01-22 11:59:14	2016-01-22 11:59:14	27	264	0
298	2016-01-22 11:59:14	2016-01-22 11:59:14	27	263	0
299	2016-01-22 11:59:14	2016-01-22 11:59:14	27	262	0
300	2016-01-22 11:59:14	2016-01-22 11:59:14	27	261	0
301	2016-01-22 11:59:54	2016-01-22 11:59:54	28	280	0
302	2016-01-22 11:59:54	2016-01-22 11:59:54	28	279	0
303	2016-01-22 11:59:54	2016-01-22 11:59:54	28	278	0
304	2016-01-22 11:59:54	2016-01-22 11:59:54	28	277	0
305	2016-01-22 11:59:54	2016-01-22 11:59:54	28	276	0
306	2016-01-22 11:59:54	2016-01-22 11:59:54	28	275	0
307	2016-01-22 11:59:54	2016-01-22 11:59:54	28	274	0
308	2016-01-22 11:59:54	2016-01-22 11:59:54	28	273	0
309	2016-01-22 11:59:54	2016-01-22 11:59:54	28	272	0
310	2016-01-22 11:59:54	2016-01-22 11:59:54	28	271	0
\.


--
-- Name: exams_questions_id_seq; Type: SEQUENCE SET; Schema: public; Owner: -
--

SELECT pg_catalog.setval('exams_questions_id_seq', 311, true);


--
-- Data for Name: exams_users; Type: TABLE DATA; Schema: public; Owner: -
--

COPY exams_users (id, created_at, updated_at, exam_id, user_id, fee_paid, total_mark, total_mark_mean, total_mark_standard_deviation, exam_status_id, no_of_times, exam_started_date, exam_end_date, exam_level_id, allow_duration, total_question_count, pass_mark_percentage, payment_gateway_id, zazpay_gateway_id, zazpay_payment_id, zazpay_pay_key, zazpay_revised_amount, taken_time, percentile_rank, paypal_pay_key) FROM stdin;
1	2017-04-29 12:46:56	2017-04-29 09:22:53	28	2	5	8	0	0	3	0	2017-04-29 12:46:56	\N	1	10	10	75	\N	\N	\N	sss	\N	0	50	\N
\.


--
-- Name: exams_users_id_seq; Type: SEQUENCE SET; Schema: public; Owner: -
--

SELECT pg_catalog.setval('exams_users_id_seq', 1, true);


--
-- Name: faq_categories_id_seq; Type: SEQUENCE SET; Schema: public; Owner: -
--

SELECT pg_catalog.setval('faq_categories_id_seq', 2, true);


--
-- Name: faqs_id_seq; Type: SEQUENCE SET; Schema: public; Owner: -
--

SELECT pg_catalog.setval('faqs_id_seq', 1, false);


--
-- Data for Name: flag_categories; Type: TABLE DATA; Schema: public; Owner: -
--

COPY flag_categories (id, created_at, updated_at, name, class, flag_count, is_active) FROM stdin;
4	2017-05-16	2017-05-16	Sexual Content	Project	0	t
5	2017-05-16	2017-05-16	Violent or Repulsive Content	Project	0	t
6	2017-05-16	2017-05-16	Hateful or Abusive Content	Project	0	t
7	2017-05-16	2017-05-16	Ham Dangerous Acts	Project	0	t
8	2017-05-16	2017-05-16	Spam	Project	0	t
9	2017-05-16	2017-05-16	Infringes My Rights	Project	0	t
10	2017-05-16	2017-05-16	Sexual Content	Job	0	t
11	2017-05-16	2017-05-16	Violent or Repulsive Content	Job	0	t
12	2017-05-16	2017-05-16	Hateful or Abusive Content	Job	0	t
13	2017-05-16	2017-05-16	Ham Dangerous Acts	Job	0	t
14	2017-05-16	2017-05-16	Spam	Job	0	t
15	2017-05-16	2017-05-16	Infringes My Rights	Job	0	t
16	2017-05-16	2017-05-16	Sexual Content	User	0	t
17	2017-05-16	2017-05-16	Violent or Repulsive Content	User	0	t
18	2017-05-16	2017-05-16	Hateful or Abusive Content	User	0	t
19	2017-05-16	2017-05-16	Ham Dangerous Acts	User	0	t
20	2017-05-16	2017-05-16	Spam	User	0	t
21	2017-05-16	2017-05-16	Infringes My Rights	User	0	t
22	2017-05-16	2017-05-16	Sexual Content	Contest	0	t
23	2017-05-16	2017-05-16	Violent or Repulsive Content	Contest	0	t
24	2017-05-16	2017-05-16	Hateful or Abusive Content	Contest	0	t
25	2017-05-16	2017-05-16	Ham Dangerous Acts	Contest	0	t
26	2017-05-16	2017-05-16	Spam	Contest	0	t
27	2017-05-16	2017-05-16	Infringes My Rights	Contest	0	t
28	2017-05-16	2017-05-16	Sexual Content	ContestUser	0	t
29	2017-05-16	2017-05-16	Violent or Repulsive Content	ContestUser	0	t
30	2017-05-16	2017-05-16	Hateful or Abusive Content	ContestUser	0	t
31	2017-05-16	2017-05-16	Ham Dangerous Acts	ContestUser	0	t
32	2017-05-16	2017-05-16	Spam	ContestUser	0	t
33	2017-05-16	2017-05-16	Infringes My Rights	ContestUser	0	t
34	2017-05-16	2017-05-16	Sexual Content	QuoteService	0	t
35	2017-05-16	2017-05-16	Violent or Repulsive Content	QuoteService	0	t
36	2017-05-16	2017-05-16	Hateful or Abusive Content	QuoteService	0	t
37	2017-05-16	2017-05-16	Ham Dangerous Acts	QuoteService	0	t
38	2017-05-16	2017-05-16	Spam	QuoteService	0	t
39	2017-05-16	2017-05-16	Infringes My Rights	QuoteService	0	t
40	2017-05-16	2017-05-16	Sexual Content	Portfolio	0	t
41	2017-05-16	2017-05-16	Violent or Repulsive Content	Portfolio	0	t
42	2017-05-16	2017-05-16	Hateful or Abusive Content	Portfolio	0	t
43	2017-05-16	2017-05-16	Ham Dangerous Acts	Portfolio	0	t
44	2017-05-16	2017-05-16	Spam	Portfolio	0	t
45	2017-05-16	2017-05-16	Infringes My Rights	Portfolio	0	t
\.


--
-- Name: flag_categories_id_seq; Type: SEQUENCE SET; Schema: public; Owner: -
--

SELECT pg_catalog.setval('flag_categories_id_seq', 45, true);


--
-- Data for Name: flags; Type: TABLE DATA; Schema: public; Owner: -
--

COPY flags (id, created_at, updated_at, user_id, class, foreign_id, flag_category_id, message, ip_id) FROM stdin;
\.


--
-- Name: flags_id_seq; Type: SEQUENCE SET; Schema: public; Owner: -
--

SELECT pg_catalog.setval('flags_id_seq', 1, false);


--
-- Data for Name: followers; Type: TABLE DATA; Schema: public; Owner: -
--

COPY followers (id, created_at, updated_at, user_id, foreign_id, class, ip_id) FROM stdin;
1	2017-04-28 07:55:33	2017-04-28 07:55:33	3	3	Project	1
2	2017-04-28 07:55:45	2017-04-28 07:55:45	3	2	Project	1
3	2017-04-28 08:38:24	2017-04-28 08:38:24	4	2	Project	1
4	2017-04-28 08:38:41	2017-04-28 08:38:41	4	1	Project	1
5	2017-04-29 07:48:15	2017-04-29 07:48:15	4	7	Project	1
6	2017-04-29 07:48:56	2017-04-29 07:48:56	4	9	Project	1
7	2017-04-29 07:49:13	2017-04-29 07:49:13	4	10	Project	1
8	2017-04-29 09:06:02	2017-04-29 09:06:02	3	2	User	1
9	2017-07-08 08:00:24	2017-07-08 08:00:24	2	3	User	1
10	2017-07-08 08:01:15	2017-07-08 08:01:15	4	2	User	1
11	2017-07-08 08:01:24	2017-07-08 08:01:24	4	3	User	1
\.


--
-- Name: followers_id_seq; Type: SEQUENCE SET; Schema: public; Owner: -
--

SELECT pg_catalog.setval('followers_id_seq', 13, true);


--
-- Data for Name: form_field_groups; Type: TABLE DATA; Schema: public; Owner: -
--

COPY form_field_groups (id, created_at, updated_at, name, slug, foreign_id, info, "order", class, is_deletable, is_editable) FROM stdin;
1	2013-08-27 17:22:45	2013-08-27 17:22:47	Others	others	1		1	ContestType	t	t
2	2013-08-27 17:22:45	2013-08-27 17:22:47	Others	others	2		1	ContestType	t	t
3	2013-08-27 17:22:45	2013-08-27 17:22:47	Others	others	3		1	ContestType	t	t
4	2013-08-27 17:22:45	2013-08-27 17:22:47	Others	others	4		1	ContestType	t	t
5	2013-08-27 17:22:45	2013-08-27 17:22:47	Others	others	5		1	ContestType	t	t
6	2013-08-27 17:22:45	2013-08-27 17:22:47	Others	others	6		1	ContestType	t	t
8	2013-08-27 17:22:45	2013-08-27 17:22:47	Others	others	8		1	ContestType	t	t
9	2013-09-18 17:17:22	2013-09-18 17:17:22	Others		9		\N	ContestType	t	f
10	2013-09-18 17:37:12	2013-09-18 17:37:12	Other		10		\N	ContestType	t	t
11	2013-09-18 17:47:52	2013-09-18 17:47:52	Others		11		\N	ContestType	t	f
12	2013-09-18 17:57:19	2013-09-18 17:57:19	Other		12		\N	ContestType	t	f
13	2013-09-18 18:05:37	2013-09-18 18:05:37	Other		13		\N	ContestType	t	f
14	2013-09-18 18:06:43	2013-09-18 18:06:43	Others		14		\N	ContestType	t	f
15	2013-09-18 18:11:04	2013-09-18 18:11:04	Other		15		\N	ContestType	t	f
16	2013-09-18 18:11:32	2013-09-18 18:11:32	Others		16		\N	ContestType	t	f
17	2013-09-18 18:14:47	2013-09-18 18:14:47	Others		17		\N	ContestType	t	f
18	2013-09-18 18:16:02	2013-09-18 18:16:02	Others		18		\N	ContestType	t	f
19	2013-09-18 18:22:31	2013-09-18 18:22:31	Others		19		\N	ContestType	t	f
20	2013-09-18 18:23:23	2013-09-18 18:23:23	Others		20		\N	ContestType	t	f
21	2013-09-18 18:25:29	2013-09-18 18:25:29	Others		22		\N	ContestType	t	f
22	2013-09-18 18:25:53	2013-09-18 18:25:53	Other		21		\N	ContestType	t	f
23	2013-09-18 18:29:17	2013-09-18 18:29:17	Others		23		\N	ContestType	t	f
24	2013-09-18 18:30:54	2013-09-18 18:30:54	Others		24		\N	ContestType	t	f
25	2013-09-18 18:31:29	2013-09-18 18:31:29	Target Market		23		\N	ContestType	t	f
26	2013-09-18 18:36:55	2013-09-18 18:36:55	Others		25		\N	ContestType	t	f
27	2013-09-18 18:38:32	2013-09-18 18:38:32	Others		27		\N	ContestType	t	f
28	2013-09-18 18:39:32	2013-09-18 18:39:32	Others		28		\N	ContestType	t	f
29	2013-09-18 18:39:36	2013-09-18 18:39:36	Other		26		\N	ContestType	t	f
30	2013-09-18 18:47:50	2013-09-18 18:47:50	Others		29		\N	ContestType	t	f
31	2016-12-10 12:04:19	2016-12-10 12:04:19	Stationery	\N	30	Stationery	\N	ContestType	t	t
32	2016-12-10 13:42:00	2016-12-10 13:42:00	Others	\N	31		\N	ContestType	t	t
33	2016-12-10 13:42:06	2016-12-10 13:42:06	Others	\N	32		\N	ContestType	t	t
34	2016-12-10 13:42:12	2016-12-10 13:42:12	Others	\N	33		\N	ContestType	t	t
35	2016-12-10 13:42:16	2016-12-10 13:42:16	Others	\N	34		\N	ContestType	t	t
36	2016-12-10 13:42:21	2016-12-10 13:42:21	Others	\N	35		\N	ContestType	t	t
37	2016-12-10 13:42:25	2016-12-10 13:42:25	Others	\N	36		\N	ContestType	t	t
38	2016-12-16 14:20:56	2016-12-16 14:20:56	Others	\N	9	\N	\N	QuoteCategory	t	t
39	2016-12-16 14:20:56	2016-12-16 14:20:56	Others	\N	12	\N	\N	QuoteCategory	t	t
40	2016-12-16 14:20:56	2016-12-16 14:20:56	Others	\N	13	\N	\N	QuoteCategory	t	t
41	2016-12-16 14:20:56	2016-12-16 14:20:56	Others	\N	14	\N	\N	QuoteCategory	t	t
42	2016-12-16 14:20:56	2016-12-16 14:20:56	Others	\N	16	\N	\N	QuoteCategory	t	t
43	2016-12-16 14:20:56	2016-12-16 14:20:56	Others	\N	18	\N	\N	QuoteCategory	t	t
44	2016-12-16 14:20:56	2016-12-16 14:20:56	Others	\N	19	\N	\N	QuoteCategory	t	t
45	2016-12-16 14:20:56	2016-12-16 14:20:56	Others	\N	20	\N	\N	QuoteCategory	t	t
46	2016-12-16 14:20:56	2016-12-16 14:20:56	Others	\N	21	\N	\N	QuoteCategory	t	t
47	2016-12-16 14:20:56	2016-12-16 14:20:56	Others	\N	23	\N	\N	QuoteCategory	t	t
48	2016-12-16 14:20:56	2016-12-16 14:20:56	Others	\N	24	\N	\N	QuoteCategory	t	t
49	2016-12-16 14:20:56	2016-12-16 14:20:56	Others	\N	25	\N	\N	QuoteCategory	t	t
50	2016-12-16 14:20:56	2016-12-16 14:20:56	Others	\N	26	\N	\N	QuoteCategory	t	t
51	2016-12-16 14:20:56	2016-12-16 14:20:56	Others	\N	27	\N	\N	QuoteCategory	t	t
52	2016-12-16 14:20:56	2016-12-16 14:20:56	Others	\N	28	\N	\N	QuoteCategory	t	t
53	2016-12-16 14:20:56	2016-12-16 14:20:56	Others	\N	30	\N	\N	QuoteCategory	t	t
54	2016-12-16 14:20:56	2016-12-16 14:20:56	Others	\N	31	\N	\N	QuoteCategory	t	t
55	2016-12-16 14:20:56	2016-12-16 14:20:56	Others	\N	32	\N	\N	QuoteCategory	t	t
56	2016-12-16 14:20:56	2016-12-16 14:20:56	Others	\N	33	\N	\N	QuoteCategory	t	t
57	2016-12-16 14:20:56	2016-12-16 14:20:56	Others	\N	34	\N	\N	QuoteCategory	t	t
58	2016-12-16 14:20:56	2016-12-16 14:20:56	Others	\N	35	\N	\N	QuoteCategory	t	t
59	2016-12-16 14:20:56	2016-12-16 14:20:56	Others	\N	36	\N	\N	QuoteCategory	t	t
60	2016-12-16 14:20:56	2016-12-16 14:20:56	Others	\N	37	\N	\N	QuoteCategory	t	t
61	2016-12-16 14:20:56	2016-12-16 14:20:56	Others	\N	38	\N	\N	QuoteCategory	t	t
62	2016-12-16 14:20:56	2016-12-16 14:20:56	Others	\N	39	\N	\N	QuoteCategory	t	t
63	2016-12-16 14:20:56	2016-12-16 14:20:56	Others	\N	41	\N	\N	QuoteCategory	t	t
64	2016-12-16 14:20:56	2016-12-16 14:20:56	Others	\N	42	\N	\N	QuoteCategory	t	t
65	2016-12-16 14:20:56	2016-12-16 14:20:56	Others	\N	43	\N	\N	QuoteCategory	t	t
66	2016-12-16 14:20:56	2016-12-16 14:20:56	Others	\N	44	\N	\N	QuoteCategory	t	t
67	2016-12-16 14:20:56	2016-12-16 14:20:56	Others	\N	45	\N	\N	QuoteCategory	t	t
68	2016-12-16 14:20:56	2016-12-16 14:20:56	Others	\N	47	\N	\N	QuoteCategory	t	t
69	2016-12-16 14:20:56	2016-12-16 14:20:56	Others	\N	48	\N	\N	QuoteCategory	t	t
70	2016-12-16 14:20:56	2016-12-16 14:20:56	Others	\N	49	\N	\N	QuoteCategory	t	t
71	2016-12-16 14:20:56	2016-12-16 14:20:56	Others	\N	50	\N	\N	QuoteCategory	t	t
72	2016-12-16 14:20:56	2016-12-16 14:20:56	Others	\N	51	\N	\N	QuoteCategory	t	t
73	2016-12-16 14:20:57	2016-12-16 14:20:57	Others	\N	52	\N	\N	QuoteCategory	t	t
74	2016-12-16 14:20:57	2016-12-16 14:20:57	Others	\N	53	\N	\N	QuoteCategory	t	t
75	2016-12-16 14:20:57	2016-12-16 14:20:57	Others	\N	55	\N	\N	QuoteCategory	t	t
76	2016-12-16 14:20:57	2016-12-16 14:20:57	Others	\N	56	\N	\N	QuoteCategory	t	t
77	2016-12-16 14:20:57	2016-12-16 14:20:57	Others	\N	57	\N	\N	QuoteCategory	t	t
78	2016-12-16 14:20:57	2016-12-16 14:20:57	Others	\N	58	\N	\N	QuoteCategory	t	t
79	2016-12-16 14:20:57	2016-12-16 14:20:57	Others	\N	59	\N	\N	QuoteCategory	t	t
80	2016-12-16 14:20:57	2016-12-16 14:20:57	Others	\N	60	\N	\N	QuoteCategory	t	t
81	2016-12-16 14:20:57	2016-12-16 14:20:57	Others	\N	61	\N	\N	QuoteCategory	t	t
82	2016-12-16 14:20:57	2016-12-16 14:20:57	Others	\N	4	\N	\N	QuoteCategory	t	t
83	2016-12-16 14:20:57	2016-12-16 14:20:57	Others	\N	5	\N	\N	QuoteCategory	t	t
84	2016-12-16 14:20:57	2016-12-16 14:20:57	Others	\N	6	\N	\N	QuoteCategory	t	t
85	2016-12-16 14:20:57	2016-12-16 14:20:57	Others	\N	7	\N	\N	QuoteCategory	t	t
86	2016-12-16 14:20:57	2016-12-16 14:20:57	Others	\N	8	\N	\N	QuoteCategory	t	t
87	2016-12-16 14:20:57	2016-12-16 14:20:57	Others	\N	62	\N	\N	QuoteCategory	t	t
88	2016-12-16 14:20:57	2016-12-16 14:20:57	Others	\N	63	\N	\N	QuoteCategory	t	t
89	2016-12-16 14:20:57	2016-12-16 14:20:57	Others	\N	64	\N	\N	QuoteCategory	t	t
90	2016-12-16 14:20:57	2016-12-16 14:20:57	Others	\N	66	\N	\N	QuoteCategory	t	t
91	2016-12-16 14:20:57	2016-12-16 14:20:57	Others	\N	67	\N	\N	QuoteCategory	t	t
92	2016-12-16 14:20:57	2016-12-16 14:20:57	Others	\N	68	\N	\N	QuoteCategory	t	t
93	2016-12-16 14:20:57	2016-12-16 14:20:57	Others	\N	70	\N	\N	QuoteCategory	t	t
94	2016-12-16 14:20:57	2016-12-16 14:20:57	Others	\N	71	\N	\N	QuoteCategory	t	t
95	2016-12-16 14:20:57	2016-12-16 14:20:57	Others	\N	72	\N	\N	QuoteCategory	t	t
96	2016-12-16 14:20:57	2016-12-16 14:20:57	Others	\N	73	\N	\N	QuoteCategory	t	t
97	2016-12-16 14:20:57	2016-12-16 14:20:57	Others	\N	74	\N	\N	QuoteCategory	t	t
98	2016-12-16 14:20:57	2016-12-16 14:20:57	Others	\N	75	\N	\N	QuoteCategory	t	t
99	2016-12-16 14:20:57	2016-12-16 14:20:57	Others	\N	76	\N	\N	QuoteCategory	t	t
100	2016-12-16 14:20:57	2016-12-16 14:20:57	Others	\N	97	\N	\N	QuoteCategory	t	t
101	2016-12-16 14:20:57	2016-12-16 14:20:57	Others	\N	11	\N	\N	QuoteCategory	t	t
\.


--
-- Name: form_field_groups_id_seq; Type: SEQUENCE SET; Schema: public; Owner: -
--

SELECT pg_catalog.setval('form_field_groups_id_seq', 101, true);


--
-- Data for Name: form_field_submissions; Type: TABLE DATA; Schema: public; Owner: -
--

COPY form_field_submissions (id, created_at, updated_at, form_field_id, foreign_id, class, response) FROM stdin;
31	2017-05-08 08:53:57	2017-05-08 08:53:57	388	3	QuoteRequest	London
32	2017-05-08 08:53:57	2017-05-08 08:53:57	48	3	QuoteRequest	Cleaning work for windows and doors
33	2017-05-08 08:53:57	2017-05-08 08:53:57	346	3	QuoteRequest	 Clean
34	2017-05-08 08:53:57	2017-05-08 08:53:57	495	3	QuoteRequest	 Indoor shutters,  Other
35	2017-05-08 08:53:57	2017-05-08 08:53:57	496	3	QuoteRequest	No I will explain when receiving quotes.
36	2017-05-08 08:56:53	2017-05-08 08:56:53	137	4	QuoteRequest	100-150
37	2017-05-08 08:56:53	2017-05-08 08:56:53	64	4	QuoteRequest	DJ
38	2017-05-08 08:56:53	2017-05-08 08:56:53	98	4	QuoteRequest	Wedding
39	2017-05-08 08:56:53	2017-05-08 08:56:53	99	4	QuoteRequest	6 hour(s) or more
40	2017-05-08 08:56:53	2017-05-08 08:56:53	101	4	QuoteRequest	Sound/PA system
41	2017-05-08 08:56:53	2017-05-08 08:56:53	102	4	QuoteRequest	Nothing now. I will explain after getting quotes and quires from service provider.
43	2017-05-08 09:05:48	2017-05-08 09:05:48	179	5	QuoteRequest	2012
44	2017-05-08 09:05:48	2017-05-08 09:05:48	64	5	QuoteRequest	 Car Restoration
45	2017-05-08 09:05:48	2017-05-08 09:05:48	207	5	QuoteRequest	I travel to the provider
46	2017-05-08 09:05:48	2017-05-08 09:05:48	205	5	QuoteRequest	nothing now
47	2017-05-08 09:05:48	2017-05-08 09:05:48	165	5	QuoteRequest	Car
48	2017-05-08 09:05:48	2017-05-08 09:05:48	199	5	QuoteRequest	Audio (stereo/speakers)
49	2017-05-08 09:05:48	2017-05-08 09:05:48	201	5	QuoteRequest	Component (Engine or Transmission)
50	2017-05-08 09:05:48	2017-05-08 09:05:48	202	5	QuoteRequest	 Electrical
51	2017-05-08 09:05:48	2017-05-08 09:05:48	169	5	QuoteRequest	 I'm not sure
52	2017-05-08 09:05:48	2017-05-08 09:05:48	196	5	QuoteRequest	 A/C and heating
53	2017-05-08 09:05:49	2017-05-08 09:05:49	160	5	QuoteRequest	 60000 - 100000
54	2017-05-08 09:05:49	2017-05-08 09:05:49	200	5	QuoteRequest	 Repair
55	2017-05-08 09:07:12	2017-05-08 09:07:12	154	6	QuoteRequest	 Other
56	2017-05-08 09:07:12	2017-05-08 09:07:12	155	6	QuoteRequest	 Packing
57	2017-05-08 09:07:12	2017-05-08 09:07:12	156	6	QuoteRequest	 10-25 miles
59	2017-05-08 09:31:08	2017-05-08 09:31:08	49	7	QuoteRequest	Personal
60	2017-05-08 09:31:08	2017-05-08 09:31:08	13	7	QuoteRequest	Nothing now, If you have any clarification, then text me
61	2017-05-08 09:31:08	2017-05-08 09:31:08	14	7	QuoteRequest	 I can travel to the errand specialist
62	2017-05-08 09:33:59	2017-05-08 09:33:59	34	8	QuoteRequest	One-time
63	2017-05-08 09:33:59	2017-05-08 09:33:59	35	8	QuoteRequest	 General odors
64	2017-05-08 09:33:59	2017-05-08 09:33:59	36	8	QuoteRequest	Retail or restaurant
\.


--
-- Name: form_field_submissions_id_seq; Type: SEQUENCE SET; Schema: public; Owner: -
--

SELECT pg_catalog.setval('form_field_submissions_id_seq', 65, true);


--
-- Data for Name: form_fields; Type: TABLE DATA; Schema: public; Owner: -
--

COPY form_fields (id, created_at, updated_at, name, label, info, length, options, class, input_type_id, foreign_id, form_field_group_id, is_required, is_active, display_order, depends_on, depends_value) FROM stdin;
48	2012-07-31 17:52:58	2017-05-08 06:24:54	when-do-you-want-the-work-done	When do you want the work done?		0		QuoteCategory	2	16	42	t	t	46	\N	\N
64	2012-07-31 18:36:36	2017-05-08 06:24:54	which-service-are-you-interested-in	Which service are you interested in?		0	Real estate, Data entry, Transcription, Contracts attorney, Wills & estate planning, Other	QuoteCategory	5	18	43	t	t	64	\N	\N
58	2012-07-31 18:10:36	2017-05-08 06:24:54	which-service-are-you-interested-in	Which service are you interested in?		0	Estate attorney, Family law attorney, Real estate attorney, Wills & estate planning, Other	QuoteCategory	4	19	44	t	t	58	\N	\N
70	2012-10-24 11:42:09	2017-05-08 06:24:54	how-often	How often?		0	One time,More than once a week,Once a week,Once a month	QuoteCategory	5	23	47	t	t	4	\N	\N
102	2012-10-24 12:22:41	2017-05-08 06:24:54	anything-else-the-dj-should-know	Anything else the DJ should know?		0		QuoteCategory	2	30	53	f	t	102	\N	\N
191	2012-12-19 12:41:19	2017-05-08 06:24:54	pick-up-location	Pick-up location		0		QuoteCategory	1	43	65	t	t	9	\N	\N
192	2012-12-19 12:41:33	2017-05-08 06:24:54	drop-off-location	Drop-off location		0		QuoteCategory	1	43	65	t	t	10	\N	\N
376	2012-12-20 15:56:54	2017-05-08 06:24:54	platform	Platform		0	PC, Mac, Mobile, Other	QuoteCategory	4	74	97	t	t	376	\N	\N
497	2012-12-20 19:10:15	2017-05-08 06:24:54	when-do-you-want-the-work-done	When do you want the work done?\t		0		QuoteCategory	1	97	100	t	t	5	\N	\N
65	2012-07-31 18:37:05	2017-05-08 06:24:54	what-do-you-need	What do you need?		0		QuoteCategory	1	18	43	t	t	65	\N	\N
62	2012-07-31 18:30:57	2017-05-08 06:24:54	when-do-you-want-the-work-done	When do you want the work done?		0		QuoteCategory	1	19	44	t	t	62	\N	\N
90	2012-10-24 12:05:42	2017-05-08 06:24:54	what-do-you-need	What do you need?		0		QuoteCategory	2	27	51	t	t	90	\N	\N
109	2012-10-24 12:30:57	2017-05-08 06:24:54	-anything-else-the-caterer-chef-should-know	    Anything else the caterer & chef should know?		0		QuoteCategory	2	31	54	f	t	109	\N	\N
108	2012-10-24 12:30:34	2017-05-08 06:24:54	additional-service	Additional Service		0	Appetizers,Beverages (non-alcoholic),Beverages (alcoholic),No additional service,Other	QuoteCategory	4	31	54	t	t	108	\N	\N
260	2012-12-19 13:56:19	2017-05-08 06:24:54	when-would-you-like-to-speak-with-a-travel-agent	When would you like to speak with a travel agent?		0		QuoteCategory	1	50	71	t	t	260	\N	\N
265	2012-12-19 13:59:38	2017-05-08 06:24:54	anything-else-the-life-coach-should-know	Anything else the life coach should know?		0		QuoteCategory	1	52	73	t	t	265	\N	\N
266	2012-12-19 13:59:48	2017-05-08 06:24:54	when-would-you-like-to-start-your-sessions	When would you like to start your sessions?		0		QuoteCategory	1	52	73	t	t	266	\N	\N
291	2012-12-19 15:48:12	2017-05-08 06:24:54	anything-else-the-arts-and-crafts-instructor-should-know	Anything else the arts and crafts instructor should know?		0		QuoteCategory	1	58	78	t	t	291	\N	\N
309	2012-12-19 16:03:47	2017-05-08 06:24:54	anything-else-the-personal-trainer-should-know	Anything else the personal trainer should know?		0		QuoteCategory	1	60	80	t	t	309	\N	\N
321	2012-12-19 16:19:01	2017-05-08 06:24:54	anything-else-the-life-coach-should-know	Anything else the life coach should know?		0		QuoteCategory	1	62	87	t	t	321	\N	\N
330	2012-12-19 16:27:55	2017-05-08 06:24:54	anything-else-the-teacher-should-know	Anything else the teacher should know?		0		QuoteCategory	1	64	89	t	t	330	\N	\N
336	2012-12-20 15:37:05	2017-05-08 06:24:54	anything-else-the-editor-should-know	Anything else the editor should know?		0		QuoteCategory	1	66	90	t	t	336	\N	\N
337	2012-12-20 15:37:15	2017-05-08 06:24:54	when-do-you-want-the-editing-finished	When do you want the editing finished?		0		QuoteCategory	1	66	90	t	t	337	\N	\N
343	2012-12-20 15:39:15	2017-05-08 06:24:54	anything-else-the-translator-should-know	Anything else the translator should know?		0		QuoteCategory	1	67	91	t	t	343	\N	\N
344	2012-12-20 15:39:50	2017-05-08 06:24:54	when-do-you-want-the-translation-finished	When do you want the translation finished?		0		QuoteCategory	1	67	91	t	t	344	\N	\N
349	2012-12-20 15:43:31	2017-05-08 06:24:54	anything-else-the-writer-should-know	Anything else the writer should know?		0		QuoteCategory	1	68	92	t	t	349	\N	\N
357	2012-12-20 15:48:40	2017-05-08 06:24:54	anything-else-the-audio-video-should-know	Anything else the audio & video should know?		0		QuoteCategory	1	70	93	t	t	357	\N	\N
369	2012-12-20 15:53:38	2017-05-08 06:24:54	what-do-you-need	What do you need?		0		QuoteCategory	1	72	95	t	t	369	\N	\N
370	2012-12-20 15:53:50	2017-05-08 06:24:54	when-do-you-want-the-work-done	When do you want the work done?		0		QuoteCategory	1	72	95	t	t	370	\N	\N
372	2012-12-20 15:54:50	2017-05-08 06:24:54	what-do-you-need	What do you need?		0		QuoteCategory	1	73	96	t	t	372	\N	\N
378	2012-12-20 15:57:20	2017-05-08 06:24:54	anything-else-the-software-developer-should-know	Anything else the software developer should know?		0		QuoteCategory	1	74	97	t	t	378	\N	\N
379	2012-12-20 15:57:32	2017-05-08 06:24:54	when-do-you-want-the-work-done	When do you want the work done?		0		QuoteCategory	1	74	97	t	t	379	\N	\N
383	2012-12-20 15:58:45	2017-05-08 06:24:54	anything-else-the-web-developer-should-know	Anything else the web developer should know?		0		QuoteCategory	1	75	98	t	t	383	\N	\N
152	2012-10-24 13:15:54	2017-05-08 06:24:54	anything-else-the-wedding-photographer-should-know	Anything else the wedding photographer should know?		0		QuoteCategory	2	38	61	f	t	152	\N	\N
169	2012-12-19 12:03:46	2017-05-08 06:24:54	something-specific	Something specific?		0	Turbo / Supercharger, Body kit, Air suspension, Coil-over suspension, Wheels / Tires, Port and Polish (cylinder head), I'm not sure	QuoteCategory	4	41	63	t	t	8	\N	\N
179	2012-12-19 12:18:29	2017-05-08 06:24:54	what-is-your-cars-year-make-and-model	What is your car's year, make and model?		0		QuoteCategory	1	42	64	t	t	179	\N	\N
211	2012-12-19 12:54:16	2017-05-08 06:24:54	anything-else-the-auto-broker-should-know	Anything else the auto broker should know?		0		QuoteCategory	1	45	67	t	t	211	\N	\N
220	2012-12-19 13:07:44	2017-05-08 06:24:54	anything-else-the-beautician-should-know	Anything else the beautician should know?		0		QuoteCategory	1	47	68	t	t	220	\N	\N
253	2012-12-19 13:52:34	2017-05-08 06:24:54	anything-else-the-personal-trainer-should-know	Anything else the personal trainer should know?		0		QuoteCategory	1	48	69	t	t	253	\N	\N
49	2012-07-31 18:00:09	2017-05-08 06:24:54	service-type	Service type		0	Insurance quote, Consultation, Other	QuoteCategory	4	21	46	t	t	49	\N	\N
244	2012-12-19 13:45:19	2017-05-08 06:24:54	anything-else-the-massage-should-know	Anything else the massage should know?		0		QuoteCategory	1	51	72	t	t	244	\N	\N
274	2012-12-19 15:10:36	2017-05-08 06:24:54	anything-else-the-academic-subjects-should-know	Anything else the academic subjects should know?		0		QuoteCategory	1	55	75	t	t	274	\N	\N
275	2012-12-19 15:10:51	2017-05-08 06:24:54	when-do-you-want-to-start-your-academic-subjects-class	When do you want to start your academic subjects class?		0		QuoteCategory	1	55	75	t	t	275	\N	\N
285	2012-12-19 15:43:47	2017-05-08 06:24:54	anything-else-the-computer-teacher-should-know-anything-else-the-computer-teacher-should-know	Anything else the computer teacher should know?Anything else the computer teacher should know?		0		QuoteCategory	1	57	77	t	t	285	\N	\N
286	2012-12-19 15:44:03	2017-05-08 06:24:54	when-do-you-want-your-computer-fixed	When do you want your computer fixed?		0		QuoteCategory	1	57	77	t	t	286	\N	\N
301	2012-12-19 15:57:16	2017-05-08 06:24:54	anything-else-the-arts-and-crafts-instructor-should-know	Anything else the arts and crafts instructor should know?		0		QuoteCategory	1	59	79	t	t	301	\N	\N
12	2012-07-31 17:32:50	2017-05-08 06:24:54	service-type	Service type		0	Personal, Business	QuoteCategory	5	4	82	t	t	9	\N	\N
13	2012-07-31 17:32:50	2017-05-08 06:24:54	when-do-you-want-your-errands-taken-care-of	When do you want your errands taken care of?		0		QuoteCategory	2	4	82	t	t	10	\N	\N
14	2012-07-31 17:32:50	2017-05-08 06:24:54	travel-preferences	Travel preferences		0	The errand specialist can travel to me, I can travel to the errand specialist, We can work remotely (over the phone or Internet)	QuoteCategory	4	4	82	t	t	11	\N	\N
322	2012-12-19 16:19:14	2017-05-08 06:24:54	when-would-you-like-to-start-your-sessions	When would you like to start your sessions?		0		QuoteCategory	1	62	87	t	t	322	\N	\N
326	2012-12-19 16:21:44	2017-05-08 06:24:54	anything-else-the-music-teacher-should-know	Anything else the music teacher should know?		0		QuoteCategory	1	63	88	t	t	326	\N	\N
390	2012-12-20 18:20:58	2017-05-08 06:24:54	when-do-you-want-your-air-conditioning-done	When do you want your air conditioning done?		0		QuoteCategory	1	76	99	t	t	390	\N	\N
10	2012-07-31 17:28:17	2017-04-13 11:16:37	when-do-you-want-your-errands-taken-care-of	When do you want your errands taken care of?		0		QuoteCategory	2	3	\N	t	t	10	\N	\N
11	2012-07-31 17:30:29	2017-04-13 11:16:37	travel-preferences	Travel preferences		0	The errand specialist can travel to me, I can travel to the errand specialist, We can work remotely (over the phone or Internet)	QuoteCategory	4	3	\N	t	t	11	\N	\N
34	2012-07-31 17:42:19	2017-05-08 06:24:54	what-kind-of-cleaning	What kind of cleaning?		0	One-time, Recurring, Move-in / Move-out, Other	QuoteCategory	4	12	39	t	t	34	\N	\N
35	2012-07-31 17:43:14	2017-05-08 06:24:54	what-do-you-need-cleaned	What do you need cleaned?		0	General dirt and grime, Splattered food, General odors, Smoke or soot, Cooking grease, Other	QuoteCategory	4	12	39	t	t	35	\N	\N
38	2012-07-31 17:46:01	2017-05-08 06:24:54	reason-for-cleaning	Reason for cleaning?		0	Move out, Estate sale, General cleaning, Hoarding, Foreclosure, Other	QuoteCategory	4	13	40	t	t	38	\N	\N
39	2012-07-31 17:46:32	2017-05-08 06:24:54	are-there-any-large-or-heavy-items-to-move	Are there any large or heavy items to move?		0	Yes, No	QuoteCategory	5	13	40	t	t	39	\N	\N
40	2012-07-31 17:46:55	2017-05-08 06:24:54	whats-your-location	What's your location?		0	Home, Office, Other	QuoteCategory	5	13	40	t	t	40	\N	\N
42	2012-07-31 17:49:01	2017-05-08 06:24:54	what-kind-of-cleanup	What kind of cleanup?		0	Hauling, Moving items within property, Yard / landscape cleanup, Other 	QuoteCategory	4	14	41	t	t	42	\N	\N
43	2012-07-31 17:49:57	2017-05-08 06:24:54	what-types-of-materials-are-involved	What types of materials are involved?		0	General trash, Yard clippings, Assorted junk, Construction debris, Furniture, Hazardous, Major appliance, Other	QuoteCategory	4	14	41	t	t	43	\N	\N
53	2012-07-31 18:06:16	2017-05-08 06:24:54	service-type	Service type		0	Sales, Live Response, Technical Support, Other	QuoteCategory	5	20	45	t	t	53	\N	\N
57	2012-07-31 18:09:18	2017-05-08 06:24:54	travel-preferences	Travel preferences		0	The customer service representative can travel to me, We can work remotely (over the phone or Internet)	QuoteCategory	4	20	45	t	t	57	\N	\N
56	2012-07-31 18:08:41	2017-05-08 06:24:54	when-do-you-want-the-work-done	When do you want the work done?		0		QuoteCategory	2	20	45	t	t	56	\N	\N
54	2012-07-31 18:07:20	2017-05-08 06:24:54	service-environment	Service environment		0	Call Center, Event, In person, Online/Virtual, Other	QuoteCategory	4	20	45	t	t	54	\N	\N
50	2012-07-31 18:01:00	2017-05-08 06:24:54	insurance-type	Insurance type		0	Life, Property, Health, Commercial, Auto, Other	QuoteCategory	4	21	46	t	t	50	\N	\N
51	2012-07-31 18:02:11	2017-05-08 06:24:54	when-do-you-want-to-meet-with-a-broker	When do you want to meet with a broker?		0		QuoteCategory	2	21	46	t	t	51	\N	\N
644	2017-05-11 14:06:01	2017-05-11 14:06:01	Upload your file	Upload your file		\N		ContestType	8	11	11	f	t	0	\N	\N
52	2012-07-31 18:03:16	2017-05-08 06:24:54	travel-preferences	Travel preferences		0	The insurance broker can travel to me, I can travel to the insurance broker	QuoteCategory	4	21	46	t	t	52	\N	\N
111	2012-10-24 12:44:29	2017-05-08 06:24:54	service-type	Service type		0	Cremation,Memorial,Ash scattering,Dove releasing,Other	QuoteCategory	4	32	55	t	t	111	\N	\N
204	2012-12-19 12:47:55	2017-05-08 06:24:54	what-is-your-cars-year-make-and-model	What is your car's year, make and model?		0		QuoteCategory	1	44	66	t	t	204	\N	\N
205	2012-12-19 12:48:14	2017-05-08 06:24:54	anything-else-the-auto-technician-should-know	Anything else the auto technician should know?		0		QuoteCategory	1	44	66	t	t	205	\N	\N
212	2012-12-19 12:54:29	2017-05-08 06:24:54	when-do-you-want-to-meet-with-a-broker	When do you want to meet with a broker?		0		QuoteCategory	1	45	67	t	t	212	\N	\N
15	2012-07-31 17:33:18	2017-05-08 06:24:54	service-type	Service type		0	Personal, Business	QuoteCategory	5	5	83	t	t	9	\N	\N
18	2012-07-31 17:33:36	2017-05-08 06:24:54	service-type	Service type		0	Personal, Business	QuoteCategory	5	6	84	t	t	9	\N	\N
19	2012-07-31 17:33:36	2017-05-08 06:24:54	when-do-you-want-your-errands-taken-care-of	When do you want your errands taken care of?		0		QuoteCategory	2	6	84	t	t	10	\N	\N
20	2012-07-31 17:33:36	2017-05-08 06:24:54	travel-preferences	Travel preferences		0	The errand specialist can travel to me, I can travel to the errand specialist, We can work remotely (over the phone or Internet)	QuoteCategory	4	6	84	t	t	11	\N	\N
21	2012-07-31 17:33:54	2017-05-08 06:24:54	service-type	Service type		0	Personal, Business	QuoteCategory	5	7	85	t	t	9	\N	\N
22	2012-07-31 17:33:54	2017-05-08 06:24:54	when-do-you-want-your-errands-taken-care-of	When do you want your errands taken care of?		0		QuoteCategory	2	7	85	t	t	10	\N	\N
45	2012-07-31 17:51:53	2017-04-13 11:16:37	what-do-you-need	What do you need?		0		QuoteCategory	2	15	\N	t	t	45	\N	\N
46	2012-07-31 17:52:07	2017-04-13 11:16:37	when-do-you-want-the-work-done	When do you want the work done?		0		QuoteCategory	2	15	\N	t	t	46	\N	\N
23	2012-07-31 17:33:54	2017-05-08 06:24:54	travel-preferences	Travel preferences		0	The errand specialist can travel to me, I can travel to the errand specialist, We can work remotely (over the phone or Internet)	QuoteCategory	4	7	85	t	t	11	\N	\N
24	2012-07-31 17:34:12	2017-05-08 06:24:54	service-type	Service type		0	Personal, Business	QuoteCategory	5	8	86	t	t	9	\N	\N
787	2017-05-11 14:06:03	2017-05-11 14:06:03	Target Market	Target Market		\N		ContestType	2	27	27	f	t	0	\N	\N
25	2012-07-31 17:34:12	2017-05-08 06:24:54	when-do-you-want-your-errands-taken-care-of	When do you want your errands taken care of?		0		QuoteCategory	2	8	86	t	t	10	\N	\N
26	2012-07-31 17:34:12	2017-05-08 06:24:54	travel-preferences	Travel preferences		0	The errand specialist can travel to me, I can travel to the errand specialist, We can work remotely (over the phone or Internet)	QuoteCategory	4	8	86	t	t	11	\N	\N
373	2012-12-20 15:55:03	2017-05-08 06:24:54	when-do-you-want-the-work-done	When do you want the work done?		0		QuoteCategory	2	73	96	t	t	373	\N	\N
30	2012-07-31 17:38:18	2017-05-08 06:24:54	how-often	How often?		0	One-time / Light clean, Every other week, One-time / Deep clean, Monthly, Weekly, I'm not sure yet	QuoteCategory	5	11	101	t	t	1	\N	\N
59	2012-07-31 18:29:34	2017-05-08 06:24:54	what-kind-of-legal-service	What kind of legal service?		0	Legal document assistant, Notary public, Legal research, Process server, Legal transcription, Mobile notary, Other 	QuoteCategory	4	19	44	t	t	59	\N	\N
60	2012-07-31 18:30:04	2017-05-08 06:24:54	nature-of-legal-needs	Nature of legal needs?		0	Personal / Home, I'm not sure, Business	QuoteCategory	4	19	44	t	t	60	\N	\N
67	2012-10-24 11:39:03	2017-05-08 06:24:54	which-service-are-you-interested-in	Which service are you interested in?		0	Babysitting,Errands,Laundry Service,Other	QuoteCategory	5	23	47	t	t	1	\N	\N
68	2012-10-24 11:39:46	2017-05-08 06:24:54	how-many-children	How many children?		0	1,2,3,4,5 or more	QuoteCategory	5	23	47	t	t	2	\N	\N
69	2012-10-24 11:40:53	2017-05-08 06:24:54	age-s	Age(s)		0	1 or younger,2-4,5-6,7-8,9-10,11-12,13-15,16 or older	QuoteCategory	4	23	47	f	t	3	\N	\N
71	2012-10-24 11:43:16	2017-05-08 06:24:54	anything-else-the-babysitter-should-know	Anything else the babysitter should know?		0		QuoteCategory	2	23	47	f	t	71	\N	\N
73	2012-10-24 11:47:27	2017-05-08 06:24:54	which-service-are-you-interested-in	Which service are you interested in?		0	Dog Walking,Pet Sitting,Pet Care,Other	QuoteCategory	5	24	48	t	t	73	\N	\N
74	2012-10-24 11:48:34	2017-05-08 06:24:54	how-often	How often?		0	Daily walk,Multiple daily walks,More than once a week,Once a week,One-time walk	QuoteCategory	5	24	48	t	t	74	\N	\N
75	2012-10-24 11:49:31	2017-05-08 06:24:54	additional-services-required	Additional services required?		0	Feeding,Baths,Grooming,Medication,No additional services,I'm not sure yet	QuoteCategory	4	24	48	t	t	75	\N	\N
76	2012-10-24 11:50:00	2017-05-08 06:24:54	what-size-is-your-dog	What size is your dog?		0	Small,Medium,Large	QuoteCategory	5	24	48	t	t	76	\N	\N
78	2012-10-24 11:53:17	2017-05-08 06:24:54	which-service-are-you-interested-in	Which service are you interested in?		0	Senior Care,Nurse,Other	QuoteCategory	5	25	49	t	t	1	\N	\N
79	2012-10-24 11:55:34	2017-05-08 06:24:54	care-services	Care services		0	In-home care,Bathing,Meal preparation,Light housekeeping,Transportation,Laundry,Grocery shopping,Other	QuoteCategory	4	25	49	t	t	2	\N	\N
80	2012-10-24 11:56:48	2017-05-08 06:24:54	current-living-situation	Current living situation		0	Home (independent),Home (with spouse or family),Home (with care service),Retirement community,Residential care home,Nursing home,Hospital,Other	QuoteCategory	5	25	49	t	t	3	\N	\N
81	2012-10-24 11:57:46	2017-05-08 06:24:54	special-medical-services	Special medical services		0	Nursing care,Recovery from injury or sugery,Palliative care/symptom management,Hospice care,Physical therapy,Administer medicine,None,Other	QuoteCategory	4	25	49	t	t	4	\N	\N
84	2012-10-24 12:01:29	2017-05-08 06:24:54	which-service-are-you-interested-in	Which service are you interested in?		0	Pet Sitting,Personal Assistant,Errands,House Sitting,Grocery Shopping,Other	QuoteCategory	5	26	50	t	t	84	\N	\N
85	2012-10-24 12:02:29	2017-05-08 06:24:54	which-pet-s-need-a-sitter	Which pet(s) need a sitter?		0	Dog(s),Cat(s),Fish,Bird(s),Reptile(s),Bunny / Rabbit(s),Other	QuoteCategory	4	26	50	t	t	85	\N	\N
86	2012-10-24 12:03:04	2017-05-08 06:24:54	how-long	How long?		0	One-time extended stay (multiple days),One day only,Regular (weekly, monthly, etc.),Other	QuoteCategory	4	26	50	t	t	86	\N	\N
87	2012-10-24 12:03:59	2017-05-08 06:24:54	will-your-pet-s-need-any-other-services	Will your pet(s) need any other services?		0	Feeding,Bathing,Grooming,Medication,No additional services,Other	QuoteCategory	4	26	50	t	t	87	\N	\N
88	2012-10-24 12:04:33	2017-05-08 06:24:54	anything-else-the-pet-sitter-should-know	Anything else the pet sitter should know?		0		QuoteCategory	2	26	50	f	t	88	\N	\N
93	2012-10-24 12:07:42	2017-05-08 06:24:54	dominant-characteristic-s	Dominant characteristic(s)		0	Inattention,Hyperactivity,Impulsiveness,Other	QuoteCategory	4	28	52	t	t	93	\N	\N
94	2012-10-24 12:08:17	2017-05-08 06:24:54	additional-service-s	Additional service(s)		0	Educational assistance,Occupational assistance,None,Other	QuoteCategory	4	28	52	t	t	94	\N	\N
95	2012-10-24 12:08:59	2017-05-08 06:24:54	anything-else-the-adhd-caregiver-should-know	Anything else the ADHD caregiver should know?		0		QuoteCategory	2	28	52	f	t	95	\N	\N
97	2012-10-24 12:18:52	2017-05-08 06:24:54	which-service-are-you-interested-in	Which service are you interested in?		0	DJ,MC / Host,Event Lighting, Sound & Video,Other	QuoteCategory	5	30	53	t	t	97	\N	\N
98	2012-10-24 12:19:48	2017-05-08 06:24:54	what-kind-of-event	What kind of event?		0	Wedding,Birthday party,Office party,General event/party,Other	QuoteCategory	5	30	53	t	t	98	\N	\N
99	2012-10-24 12:20:41	2017-05-08 06:24:54	how-many-hours	How many hours?		0	1 hour(s),2 hour(s),3 hour(s),4 hour(s),5 hour(s),6 hour(s) or more	QuoteCategory	5	30	53	t	t	99	\N	\N
101	2012-10-24 12:22:07	2017-05-08 06:24:54	what-equipment-do-you-need	What equipment do you need?		0	Sound/PA system,Microphones,Disco lighting,Fog machine,I'm not sure yet	QuoteCategory	4	30	53	t	t	101	\N	\N
137	2012-10-24 13:07:41	2017-05-08 06:24:54	number-of-guests	Number of guests		0	Fewer than 50,50-100,100-150,150-200,More than 200	QuoteCategory	5	36	59	t	t	137	\N	\N
235	2012-12-19 13:36:21	2017-05-08 06:24:54	anything-else-the-massage-health-should-know	Anything else the massage health should know?		0		QuoteCategory	1	49	70	t	t	235	\N	\N
226	2012-12-19 13:33:57	2017-05-08 06:24:54	specialty	Specialty		0	Hypnotherapy, Psychotherapy, General therapist, Child psychology, Musical / sound therapy, Spiritual / holistic	QuoteCategory	4	49	70	t	t	226	\N	\N
763	2017-05-11 14:06:03	2017-05-11 14:06:03	Business name	Business name		\N		ContestType	1	23	25	f	t	0	\N	\N
227	2012-12-19 13:34:10	2017-05-08 06:24:54	what-type-of-reading	What type of reading?		0	Aura, Distance reading, Lithomancy and crystallomancy, Numerology, Psychometry, Rune reading, I'm not sure, Other	QuoteCategory	4	49	70	t	t	227	\N	\N
228	2012-12-19 13:34:30	2017-05-08 06:24:54	what-are-your-goals-from-the-psychic-reading	What are your goals from the psychic reading?		0	Predictions, Advice, Afterlife communication, I'm not sure, Other	QuoteCategory	4	49	70	t	t	228	\N	\N
247	2012-12-19 13:47:11	2017-05-08 06:24:54	what-do-you-need	What do you need?		0		QuoteCategory	2	53	74	t	t	247	\N	\N
289	2012-12-19 15:47:31	2017-05-08 06:24:54	age	Age		0	Child, Teen, Adult	QuoteCategory	5	58	78	t	t	289	\N	\N
350	2012-12-20 15:43:45	2017-05-08 06:24:54	when-do-you-want-the-work-done	When do you want the work done?		0		QuoteCategory	2	68	92	t	t	350	\N	\N
104	2012-10-24 12:27:02	2017-05-08 06:24:54	which-service-are-you-interested-in	Which service are you interested in?		0	Catering and Chef,Party Planning,Other	QuoteCategory	5	31	54	t	t	104	\N	\N
112	2012-10-24 12:45:24	2017-05-08 06:24:54	service-location	Service location		0	Funeral home chapel,Place of worship (e.g. church, temple),Cemetery chapel,Graveside,Home,I'm not sure,Other	QuoteCategory	5	32	55	t	t	112	\N	\N
113	2012-10-24 12:46:08	2017-05-08 06:24:54	special-ceremonies-or-rites	Special ceremonies or rites		0	Free & Accepted Masons,Veterans/military,Elks,Moose,None,Other	QuoteCategory	4	32	55	t	t	113	\N	\N
114	2012-10-24 12:46:28	2017-05-08 06:24:54	anything-else-the-funeral-service-professional-should-know	Anything else the funeral service professional should know?		0		QuoteCategory	2	32	55	f	t	114	\N	\N
120	2012-10-24 12:51:03	2017-05-08 06:24:54	additional-service	Additional Service		0	Appetizers,Beverages (non-alcoholic),Beverages (alcoholic),No additional service,Other	QuoteCategory	4	33	56	t	t	120	\N	\N
116	2012-10-24 12:48:11	2017-05-08 06:24:54	which-service-are-you-interested-in	Which service are you interested in?		0	Catering and Chef,Personal Chef,Other	QuoteCategory	5	33	56	t	t	116	\N	\N
9	2012-07-31 17:27:55	2017-04-13 11:16:38	service-type	Service type		0	Personal, Business	QuoteCategory	4	3	\N	t	t	9	\N	\N
117	2012-10-24 12:49:14	2017-05-08 06:24:54	what-type-of-event	What type of event?		0	Buffet catered event,Buffet dinner party,Plated dinner party,Personal meal(s),Cocktail party,Food truck,I'm not sure yet	QuoteCategory	5	33	56	t	t	117	\N	\N
118	2012-10-24 12:50:01	2017-05-08 06:24:54	what-kind-of-cuisine	What kind of cuisine?		0	Casual American,Mexican/Latin,Formal American,Italian,BBQ,Vegetarian/Vegan,I'm not sure yet,Other	QuoteCategory	4	33	56	t	t	118	\N	\N
119	2012-10-24 12:50:35	2017-05-08 06:24:54	how-many-people	How many people?		0	Fewer than 10,10-25,25-50,50-100,100-150,150-200,More than 200	QuoteCategory	5	33	56	t	t	119	\N	\N
123	2012-10-24 12:57:27	2017-05-08 06:24:54	which-service-are-you-interested-in	Which service are you interested in?		0	Wedding Photography,Event Photography,Photography,Headshot Photography,Other	QuoteCategory	5	34	57	t	t	123	\N	\N
124	2012-10-24 12:58:20	2017-05-08 06:24:54	what-events-do-you-need-shot	What events do you need shot?		0	Ceremony photos,Reception photos,Ceremony preparation,Engagement photos,Family photos,I'm not sure yet,Other	QuoteCategory	4	34	57	t	t	124	\N	\N
125	2012-10-24 12:59:17	2017-05-08 06:24:54	whats-your-wedding-style	What's your wedding style?		0	Intimate,Outdoor,Indoor,Formal,It's a big party,Semi-Formal / Casual,I'm not sure yet,Other	QuoteCategory	4	34	57	t	t	125	\N	\N
126	2012-10-24 12:59:52	2017-05-08 06:24:54	whats-your-estimated-budget	What's your estimated budget?		0	Less than $1,000,$1,000-$3,000,$3,000-$5,000,More than $5,000	QuoteCategory	5	34	57	t	t	126	\N	\N
127	2012-10-24 13:00:17	2017-05-08 06:24:54	anything-else-the-wedding-photographer-should-know	Anything else the wedding photographer should know?		0		QuoteCategory	2	34	57	f	t	127	\N	\N
129	2012-10-24 13:02:22	2017-05-08 06:24:54	which-service-are-you-interested-in	Which service are you interested in?		0	Computer Repair,Wedding Videography,Videography,Photo Scanning,Data Recovery Service,DVD & CD Conversion & Duplication,Other	QuoteCategory	5	35	58	t	t	129	\N	\N
130	2012-10-24 13:03:24	2017-05-08 06:24:54	what-do-you-need-repaired	What do you need repaired?		0	Windows desktop,Windows laptop,Mac desktop,Mac laptop,Tablet,Smartphone,Peripherals (printer, keyboard, monitor),Other	QuoteCategory	4	35	58	t	t	130	\N	\N
131	2012-10-24 13:04:25	2017-05-08 06:24:54	what-do-you-need-help-with	What do you need help with?		0	Figuring out what's wrong,Fixing hardware,Fixing software,Screen is cracked or damaged,Virus or malware removal,Connecting to the Internet,Connecting devices,Computer won't turn on,Other	QuoteCategory	4	35	58	t	t	131	\N	\N
132	2012-10-24 13:04:51	2017-05-08 06:24:54	anything-else-the-computer-technician-should-know	Anything else the computer technician should know?		0		QuoteCategory	2	35	58	f	t	132	\N	\N
134	2012-10-24 13:06:19	2017-05-08 06:24:54	which-service-are-you-interested-in	Which service are you interested in?		0	DJ,MC / Host,Event Lighting, Sound & Video,Other	QuoteCategory	5	36	59	t	t	134	\N	\N
135	2012-10-24 13:06:55	2017-05-08 06:24:54	what-kind-of-event	What kind of event?		0	Wedding,Birthday party,Office party,General event/party,Other	QuoteCategory	5	36	59	t	t	135	\N	\N
136	2012-10-24 13:07:16	2017-05-08 06:24:54	how-many-hours	How many hours?		0	1 hour(s),2 hour(s),3 hour(s),4 hour(s),5 hour(s),6 hour(s) or more	QuoteCategory	5	36	59	t	t	136	\N	\N
138	2012-10-24 13:08:18	2017-05-08 06:24:54	what-equipment-do-you-need	What equipment do you need?		0	Sound/PA system,Microphones,Disco lighting,Fog machine,I'm not sure yet	QuoteCategory	4	36	59	t	t	138	\N	\N
139	2012-10-24 13:08:33	2017-05-08 06:24:54	anything-else-the-dj-should-know	Anything else the DJ should know?		0		QuoteCategory	2	36	59	f	t	139	\N	\N
141	2012-10-24 13:09:44	2017-05-08 06:24:54	which-service-are-you-interested-in	Which service are you interested in?		0	DJ,MC / Host,Event Lighting, Sound & Video,Other	QuoteCategory	5	37	60	t	t	141	\N	\N
142	2012-10-24 13:10:30	2017-05-08 06:24:54	services	Services		0	Lighting,Live music,Recorded music,Video,Other	QuoteCategory	4	37	60	t	t	142	\N	\N
143	2012-10-24 13:11:18	2017-05-08 06:24:54	event-type	Event type		0	Wedding,Fundraiser,Adult party,Children's party,Corporate,Other	QuoteCategory	5	37	60	t	t	143	\N	\N
144	2012-10-24 13:11:59	2017-05-08 06:24:54	event-length	Event length		0	1 hour or less,1-2 hours,2-3 hours,3-4 hours,4 hours or more	QuoteCategory	5	37	60	t	t	144	\N	\N
145	2012-10-24 13:12:25	2017-05-08 06:24:54	number-of-guests	Number of guests		0	Fewer than 50,50-100,100-150,150-200,More than 200	QuoteCategory	5	37	60	t	t	145	\N	\N
16	2012-07-31 17:33:18	2017-05-08 06:24:54	when-do-you-want-your-errands-taken-care-of	When do you want your errands taken care of?		0		QuoteCategory	2	5	83	t	t	10	\N	\N
17	2012-07-31 17:33:18	2017-05-08 06:24:54	travel-preferences	Travel preferences		0	The errand specialist can travel to me, I can travel to the errand specialist, We can work remotely (over the phone or Internet)	QuoteCategory	4	5	83	t	t	11	\N	\N
148	2012-10-24 13:14:14	2017-05-08 06:24:54	which-service-are-you-interested-in	Which service are you interested in?		0	Wedding Photography,Event Photography,Photography,Headshot Photography,Other	QuoteCategory	5	38	61	t	t	148	\N	\N
158	2012-12-19 11:33:16	2017-05-08 06:24:54	which-service-are-you-interested-in	Which service are you interested in?		0	Auto Repair, Vehicle Detailing, Car Wash, Car Detailing, Car Restoration, Car Tuning and Modifying, Other	QuoteCategory	5	41	63	t	t	1	\N	\N
159	2012-12-19 11:37:10	2017-05-08 06:24:54	what-needs-work	What needs work?		0	Transmission, Brakes, A/C and heating, Electrical and lights, Scheduled maintenance, Full detailing (interior and exterior), Exterior detailing, Interior detailing, Scratch & swirl repair, Stain removal, Window cleaning, Other	QuoteCategory	4	41	63	t	t	2	\N	\N
55	2012-07-31 18:08:20	2017-05-08 06:24:54	preferred-languages	Preferred languages		0	English, German, Spanish, Other, French	QuoteCategory	4	20	45	t	t	55	\N	\N
166	2012-12-19 12:01:53	2017-05-08 06:24:54	any-special-instructions-or-requests	Any special instructions or requests?		0	Waxing, Claying (clay bar), Steam clean interior, Steam clean engine bay, Leather conditioning, Convertible top cleaning, Nothing else, Other	QuoteCategory	4	41	63	t	t	5	\N	\N
165	2012-12-19 11:56:41	2017-05-08 06:24:54	what-kind-of-vehicle	What kind of vehicle?		0	Car, Truck/SUV, Commercial truck, RV, Boat, Other	QuoteCategory	5	41	63	t	t	4	\N	\N
170	2012-12-19 12:15:21	2017-05-08 06:24:54	which-service-are-you-interested-in	Which service are you interested in?		0	Auto Repair, Vehicle Electronics, Car Restoration, Car Tuning and Modifying, Other	QuoteCategory	5	42	64	t	t	1	\N	\N
183	2012-12-19 12:38:54	2017-05-08 06:24:54	which-service-are-you-interested-in	Which service are you interested in?		0	Limousine Driving, Ground Transportation, Wedding Transportation, Taxi, Airport Shuttle	QuoteCategory	5	43	65	t	t	1	\N	\N
184	2012-12-19 12:39:18	2017-05-08 06:24:54	what-kind-of-event-are-you-having	What kind of event are you having?		0	Wedding, Birthday, Transfer, Bachelor(ette) party, Prom, Date, Business, Other	QuoteCategory	4	43	65	t	t	2	\N	\N
187	2012-12-19 12:40:14	2017-05-08 06:24:54	what-is-the-transport-for	What is the transport for?		0	Airport/shuttle service, General transportation, Wedding/special event, Leisure/party, Corporate/business, Other	QuoteCategory	4	43	65	t	t	5	\N	\N
188	2012-12-19 12:40:34	2017-05-08 06:24:54	what-kind-of-transportation-do-you-need	What kind of transportation do you need?		0	Limousine, Vintage Luxury, Horse-drawn carriage, Shuttle service, I'm not sure, Other	QuoteCategory	4	43	65	t	t	6	\N	\N
189	2012-12-19 12:40:49	2017-05-08 06:24:54	who-will-be-transported	Who will be transported?		0	Bride and Groom only, Small wedding party, Large wedding party, Guests, I'm not sure, Other	QuoteCategory	4	43	65	t	t	7	\N	\N
190	2012-12-19 12:41:05	2017-05-08 06:24:54	approximate-travel-distance	Approximate travel distance?		0	Less than 10 miles, 10-25 miles, 25-50 miles, More than 50 miles	QuoteCategory	4	43	65	t	t	8	\N	\N
197	2012-12-19 12:45:57	2017-05-08 06:24:54	what-kind-of-vehicle	What kind of vehicle?		0	Car, Truck/SUV, Commercial truck, RV, Boat, Other	QuoteCategory	5	44	66	t	t	197	\N	\N
201	2012-12-19 12:47:09	2017-05-08 06:24:54	what-kind-of-restoration	What kind of restoration?		0	Component (Engine or Transmission), Partial (Frame-on), Full (Frame-off), I'm not sure, Other	QuoteCategory	5	44	66	t	t	201	\N	\N
202	2012-12-19 12:47:25	2017-05-08 06:24:54	what-needs-attention	What needs attention?		0	Rust (body / chassis), Paint, Interior / Upholstery, Electrical, Chrome / Trim, SuspensionComplete vehicle	QuoteCategory	4	44	66	t	t	202	\N	\N
203	2012-12-19 12:47:41	2017-05-08 06:24:54	something-specific	Something specific?		0	Turbo / Supercharger, Body kit, Air suspension, Coil-over suspension, Wheels / Tires, Port and Polish (cylinder head), I'm not sure	QuoteCategory	4	44	66	t	t	203	\N	\N
196	2012-12-19 12:45:28	2017-05-08 06:24:54	what-kind-of-work	What kind of work?		0	I'm not sure what's wrong, Engine, Transmission, Brakes, A/C and heating, Electrical and lights, Scheduled maintenance	QuoteCategory	4	44	66	t	t	196	\N	\N
199	2012-12-19 12:46:39	2017-05-08 06:24:54	what-kind-of-electronics	What kind of electronics?		0	Audio (stereo/speakers), Remote Starter, Alarm / security, Safety (backup sensors / camera), Navigation (GPS), Other	QuoteCategory	4	44	66	t	t	199	\N	\N
200	2012-12-19 12:46:52	2017-05-08 06:24:54	what-do-you-need-done	What do you need done?		0	Install, Repair, Replace, Remove, Modification/Custom, Other	QuoteCategory	4	44	66	t	t	200	\N	\N
207	2012-12-19 12:48:47	2017-05-08 06:24:54	travel-preference	Travel preference		0	I travel to the provider, The provider travels to me	QuoteCategory	5	44	66	t	t	207	\N	\N
195	2012-12-19 12:44:36	2017-05-08 06:24:54	which-service-are-you-interested-in	Which service are you interested in?		0	Auto Repair, Vehicle Electronics, Car Restoration, Car Tuning and Modifying, Other	QuoteCategory	4	44	66	t	t	195	\N	\N
261	2012-12-19 13:56:34	2017-05-08 06:24:54	travel-preference	Travel preference		0	I travel to the provider, The provider travels to me	QuoteCategory	5	50	71	t	t	261	\N	\N
367	2012-12-20 15:52:39	2017-05-08 06:24:54	anything-else-the-designer-should-know	Anything else the designer should know?		0		QuoteCategory	1	71	94	t	t	367	\N	\N
386	2012-12-20 18:19:43	2017-05-08 06:24:54	what-kind-of-work	What kind of work?		0	Install, Repair, Replace	QuoteCategory	4	76	99	t	t	386	\N	\N
210	2012-12-19 12:54:02	2017-05-08 06:24:54	additional-services	Additional services		0	Consignment, Appraisal, Inspection, None, Other	QuoteCategory	4	45	67	t	t	210	\N	\N
217	2012-12-19 13:05:32	2017-05-08 06:24:54	what-do-you-need-done	What do you need done?		0	Manicure, Pedicure, Overlays and Extensions, Nail polish, Nail art / design, Sculpted extensions, Other	QuoteCategory	4	47	68	t	t	217	\N	\N
214	2012-12-19 13:02:24	2017-05-08 06:24:54	which-service-are-you-interested-in	Which service are you interested in?		0	Beautician, Nail Care, Other	QuoteCategory	4	47	68	t	t	214	\N	\N
215	2012-12-19 13:03:43	2017-05-08 06:24:54	what-kind-of-beauty-care	What kind of beauty care?		0	Hair (styling or extension), Eyelash extension, Nails (manicure/pedicure), Makeup, Permanent makeup, Skin care, Eyebrow and face threading, Other	QuoteCategory	4	47	68	t	t	215	\N	\N
216	2012-12-19 13:04:12	2017-05-08 06:24:54	would-you-like-anything-else	Would you like anything else?		0	Massage, Body Wrap, No other services needed, Other	QuoteCategory	4	47	68	t	t	216	\N	\N
251	2012-12-19 13:50:30	2017-05-08 06:24:54	where-do-you-want-to-train	Where do you want to train?		0	Gym / Fitness Center, Home, Outdoors, Other	QuoteCategory	4	48	69	t	t	251	\N	\N
223	2012-12-19 13:33:04	2017-05-08 06:24:54	which-service-are-you-interested-in	Which service are you interested in?		0	Massage Therapy, Spiritual Counseling, Alternative Healing, Therapist, Therapist, Psychic Reading, Reiki Healing	QuoteCategory	4	49	70	t	t	223	\N	\N
224	2012-12-19 13:33:24	2017-05-08 06:24:54	what-kind-of-counseling	What kind of counseling?		0	Psychic, Tarot reading, Palm reading, Astrology, Shaman, Spell Casting, Medium, Other	QuoteCategory	4	49	70	t	t	224	\N	\N
225	2012-12-19 13:33:45	2017-05-08 06:24:54	what-do-you-want-to-focus-on	What do you want to focus on?		0	Relationship / Love, Life, Career, Finance, Health, Decision making, Deceased, Other	QuoteCategory	4	49	70	t	t	225	\N	\N
257	2012-12-19 13:55:33	2017-05-08 06:24:54	travel-method	Travel method		0	Air, Car, Boat, Train, Other	QuoteCategory	4	50	71	t	t	257	\N	\N
239	2012-12-19 13:43:49	2017-05-08 06:24:54	what-are-your-goals	What are your goals?		0	Relaxation / stress relief, Pain relief, Increase flexibility, Increase circulation, Emotional healing, Detoxification, Physical (Sports) therapy, Other	QuoteCategory	4	51	72	t	t	2	\N	\N
238	2012-12-19 13:43:29	2017-05-08 06:24:54	which-service-are-you-interested-in	Which service are you interested in?		0	Massage Therapy, Alternative Healing	QuoteCategory	4	51	72	t	t	1	\N	\N
371	2012-12-20 15:54:07	2017-05-08 06:24:54	travel-preference	Travel preference		0	I travel to the provider, The provider travels to me, Neither (phone or internet)	QuoteCategory	5	72	95	t	t	371	\N	\N
240	2012-12-19 13:44:08	2017-05-08 06:24:54	what-method-of-treatment	What method of treatment?		0	Reiki, Colon therapy, Acupuncture, Herbalism, Naturopathy, Homeopathy, Acupressure, Chiropractic / osteopathy, Craniosacral therapy, Other	QuoteCategory	4	51	72	t	t	3	\N	\N
267	2012-12-19 14:00:02	2017-05-08 06:24:54	travel-preference	Travel preference		0	I travel to the provider, The provider travels to me	QuoteCategory	5	52	73	t	t	267	\N	\N
249	2012-12-19 13:47:56	2017-05-08 06:24:54	travel-preference	Travel preference		0	I travel to the provider, The provider travels to me, Neither (phone or internet)	QuoteCategory	4	53	74	t	t	249	\N	\N
293	2012-12-19 15:48:52	2017-05-08 06:24:54	travel-preference	Travel preference		0	I travel to the provider, The provider travels to me	QuoteCategory	5	58	78	t	t	293	\N	\N
311	2012-12-19 16:04:16	2017-05-08 06:24:54	travel-preference	Travel preference		0	I travel to the provider, The provider travels to me	QuoteCategory	5	60	80	t	t	311	\N	\N
305	2012-12-19 16:01:17	2017-05-08 06:24:54	what-are-your-fitness-goals	What are your fitness goals?		0	Weight loss, Firming and toning, Weight gain and muscle build, Endurance training, Sport-specific training, Other	QuoteCategory	4	60	80	t	t	305	\N	\N
317	2012-12-19 16:11:23	2017-05-08 06:24:54	travel-preference	Travel preference		0	I travel to the provider, The provider travels to me	QuoteCategory	5	61	81	t	t	317	\N	\N
329	2012-12-19 16:27:15	2017-05-08 06:24:54	what-do-you-need-done	What do you need done?		0		QuoteCategory	4	64	89	t	t	329	\N	\N
332	2012-12-19 16:28:30	2017-05-08 06:24:54	travel-preference	Travel preference		0	I travel to the provider, The provider travels to me	QuoteCategory	5	64	89	t	t	332	\N	\N
351	2012-12-20 15:43:59	2017-05-08 06:24:54	travel-preference	Travel preference		0	I travel to the provider, The provider travels to me, Neither (phone or internet)	QuoteCategory	5	68	92	t	t	351	\N	\N
164	2012-12-19 11:42:24	2017-05-08 06:24:54	travel-preference	Travel preference		0	I travel to the provider, The provider travels to me	QuoteCategory	5	41	63	t	t	12	\N	\N
182	2012-12-19 12:19:27	2017-05-08 06:24:54	travel-preference	Travel preference		0	I travel to the provider, The provider travels to me	QuoteCategory	5	42	64	t	t	182	\N	\N
222	2012-12-19 13:08:17	2017-05-08 06:24:54	travel-preference	Travel preference		0	I travel to the provider, The provider travels to me	QuoteCategory	5	47	68	t	t	222	\N	\N
250	2012-12-19 13:49:55	2017-05-08 06:24:54	what-are-your-fitness-goals	What are your fitness goals?		0	Weight loss, Firming and toning, Weight gain and muscle build, Endurance training, Sport-specific training, Other	QuoteCategory	4	48	69	t	t	250	\N	\N
237	2012-12-19 13:36:49	2017-05-08 06:24:54	travel-preference	Travel preference		0	I travel to the provider, The provider travels to me, Neither (phone or internet)	QuoteCategory	5	49	70	t	t	237	\N	\N
241	2012-12-19 13:44:28	2017-05-08 06:24:54	how-often	How often?		0	One time, Once or twice a month, Once or twice a week, Recurring, I'm not sure, Other	QuoteCategory	4	51	72	t	t	4	\N	\N
246	2012-12-19 13:45:52	2017-05-08 06:24:54	travel-preference	Travel preference		0	I travel to the provider, The provider travels to me, Neither (phone or internet)	QuoteCategory	5	51	72	t	t	246	\N	\N
262	2012-12-19 13:58:24	2017-05-08 06:24:54	coaching-type	Coaching type		0	Life, Career, Health/Wellness, Health/Wellness, Other	QuoteCategory	4	52	73	t	t	262	\N	\N
269	2012-12-19 15:08:59	2017-05-08 06:24:54	what-type-of-math	What type of math?		0	Arithmetic / General, Algebra, Geometry, Calculus, Precalculus, Statistics, Other	QuoteCategory	4	55	75	t	t	269	\N	\N
270	2012-12-19 15:09:15	2017-05-08 06:24:54	what-type-of-algebra	What type of algebra?		0	Abstract, Elementary (basic), I'm not sure	QuoteCategory	4	55	75	t	t	270	\N	\N
278	2012-12-19 15:27:13	2017-05-08 06:24:54	how-often-would-you-like-to-meet-with-a-tutor	How often would you like to meet with a tutor?		0	Daily, Several times a week, Once a week, Once or twice a week, Once or twice a month, I'm not sure, Other	QuoteCategory	4	56	76	t	t	278	\N	\N
277	2012-12-19 15:26:37	2017-05-08 06:24:54	which-service-are-you-interested-in	Which service are you interested in?		0	Accounting Training, Marketing Training, Business Finance Training, College Admissions Counseling, Economics Tutoring, ACT Preparation, ASVAB Preparation, GED Preparation, GMAT Preparation, GRE Preparation, ISEE Preparation, TOEFL Preparation, Math Tutoring, Algebra Tutoring, Calculus Tutoring	QuoteCategory	4	56	76	t	t	277	\N	\N
282	2012-12-19 15:42:43	2017-05-08 06:24:54	what-do-you-want-help-with	What do you want help with?		0	General PC, General Apple/Mac, Word Processing (Word), Spreadsheets (Excel), Presentation (Powerpoint), Quickbooks, Graphics (Photoshop), Database/SQL, CAD, Other	QuoteCategory	4	57	77	t	t	282	\N	\N
288	2012-12-19 15:46:43	2017-05-08 06:24:54	what-kind-of-arts-crafts	What kind of Arts & Crafts?		0	Painting, Drawing, Sculpting, Pottery, Jewelry making, Calligraphy, Book making, Beadmaking, Basket weaving, Other	QuoteCategory	4	58	78	t	t	288	\N	\N
295	2012-12-19 15:52:47	2017-05-08 06:24:54	what-kind-of-arts-crafts	What kind of Arts & Crafts?		0	Painting, Drawing, Sculpting, Pottery, Jewelry making, Calligraphy, Book making, Beadmaking, Basket weaving, Other	QuoteCategory	4	59	79	t	t	295	\N	\N
296	2012-12-19 15:53:44	2017-05-08 06:24:54	what-kind-of-paints	What kind of paints?		0	Watercolor, Acrylics, Oil, I'm not sure / As recommended, Other	QuoteCategory	4	59	79	t	t	296	\N	\N
297	2012-12-19 15:54:28	2017-05-08 06:24:54	what-kind-of-painting	What kind of painting?		0	Traditional (canvas/paper), Wall / Mural art, Face / Body painting, I'm not sure, Other	QuoteCategory	4	59	79	t	t	297	\N	\N
294	2012-12-19 15:51:48	2017-05-08 06:24:54	which-service-are-you-interested-in	Which service are you interested in?		0	Arts and Crafts Lessons, Painting Lessons	QuoteCategory	4	59	79	t	t	294	\N	\N
304	2012-12-19 16:00:49	2017-05-08 06:24:54	which-service-are-you-interested-in	Which service are you interested in?		0	Personal Training, Running and Jogging Instruction, Triathalon Training	QuoteCategory	4	60	80	t	t	304	\N	\N
306	2012-12-19 16:01:38	2017-05-08 06:24:54	where-do-you-want-to-train	Where do you want to train?		0	Gym / Fitness Center, Home, Outdoors, Other	QuoteCategory	4	60	80	t	t	306	\N	\N
313	2012-12-19 16:09:01	2017-05-08 06:24:54	what-are-your-current-language-skills	What are your current language skills?		0	Beginner speaking, Conversational speaking, Fluent speaking, Beginner reading/writing, Intermediate reading/writing, Advanced reading/writing	QuoteCategory	4	61	81	t	t	313	\N	\N
318	2012-12-19 16:17:52	2017-05-08 06:24:54	coaching-type	Coaching type		0	Life, Career, Health/Wellness, Dating/relationship, Other	QuoteCategory	4	62	87	t	t	318	\N	\N
325	2012-12-19 16:21:17	2017-05-08 06:24:54	current-level-of-experience	Current level of experience?		0	No Experience, Beginning, Intermediate, Advanced, Not sure	QuoteCategory	4	63	88	t	t	325	\N	\N
334	2012-12-20 15:36:38	2017-05-08 06:24:54	what-kind-of-editing	What kind of editing?		0	Proofreading, Book, Copyediting, Dissertation, Script, Application, General document / writing, Other	QuoteCategory	4	66	90	t	t	334	\N	\N
374	2012-12-20 15:55:23	2017-05-08 06:24:54	travel-preference	Travel preference		0	I travel to the provider, The provider travels to me, Neither (phone or internet)	QuoteCategory	5	73	96	t	t	374	\N	\N
380	2012-12-20 15:57:46	2017-05-08 06:24:54	travel-preference	Travel preference		0	I travel to the provider, The provider travels to me, Neither (phone or internet)	QuoteCategory	5	74	97	t	t	380	\N	\N
384	2012-12-20 15:59:00	2017-05-08 06:24:54	travel-preference	Travel preference		0	I travel to the provider, The provider travels to me, Neither (phone or internet)	QuoteCategory	5	75	98	t	t	384	\N	\N
28	2012-07-31 17:34:35	2017-05-08 06:24:54	when-do-you-want-your-errands-taken-care-of	When do you want your errands taken care of?		0		QuoteCategory	2	9	38	t	t	10	\N	\N
29	2012-07-31 17:34:35	2017-05-08 06:24:54	travel-preferences	Travel preferences		0	The errand specialist can travel to me, I can travel to the errand specialist, We can work remotely (over the phone or Internet)	QuoteCategory	4	9	38	t	t	11	\N	\N
36	2012-07-31 17:43:59	2017-05-08 06:24:54	what-kind-of-business	What kind of business?		0	Retail or restaurant, Manufacturing or industrial, Health-care facility, Property management, School or church, Other	QuoteCategory	4	12	39	t	t	36	\N	\N
47	2012-07-31 17:52:58	2017-05-08 06:24:54	what-do-you-need	What do you need?		0		QuoteCategory	1	16	42	t	t	45	\N	\N
287	2012-12-19 15:44:21	2017-05-08 06:24:54	travel-preference	Travel preference		0	I travel to the provider, The provider travels to me, Neither (phone or internet)	QuoteCategory	4	57	77	t	t	287	\N	\N
303	2012-12-19 15:57:55	2017-05-08 06:24:54	travel-preference	Travel preference		0	I travel to the provider, The provider travels to me	QuoteCategory	5	59	79	t	t	303	\N	\N
323	2012-12-19 16:19:33	2017-05-08 06:24:54	travel-preference	Travel preference		0	I travel to the provider, The provider travels to me	QuoteCategory	5	62	87	t	t	323	\N	\N
328	2012-12-19 16:22:08	2017-05-08 06:24:54	travel-preference	Travel preference		0	I travel to the provider, The provider travels to me, Neither (phone or internet)	QuoteCategory	5	63	88	t	t	328	\N	\N
335	2012-12-20 15:36:54	2017-05-08 06:24:54	what-kind-of-project	What kind of project?		0	A single project, A variety of project, I'm not sure yet	QuoteCategory	4	66	90	t	t	335	\N	\N
338	2012-12-20 15:37:34	2017-05-08 06:24:54	travel-preference	Travel preference		0	I travel to the provider, The provider travels to me, Neither (phone or internet)	QuoteCategory	5	66	90	t	t	338	\N	\N
339	2012-12-20 15:38:07	2017-05-08 06:24:54	original-language	Original language		0	Arabic, Cantonese, French, German, Hindi, Japanese, Korean, Mandarin, Portuguese, Russian, Swahili, Other	QuoteCategory	4	67	91	t	t	339	\N	\N
340	2012-12-20 15:38:21	2017-05-08 06:24:54	translate-to	Translate to		0	English, Other	QuoteCategory	4	67	91	t	t	340	\N	\N
345	2012-12-20 15:40:06	2017-05-08 06:24:54	travel-preference	Travel preference		0	I travel to the provider, The provider travels to me, Neither (phone or internet)	QuoteCategory	5	67	91	t	t	345	\N	\N
27	2012-07-31 17:34:35	2017-05-08 06:24:54	service-type	Service type		0	Personal, Business	QuoteCategory	5	9	38	t	t	9	\N	\N
346	2012-12-20 15:42:39	2017-05-08 06:24:54	project-type	Project type		0	Ghostwriting, Academic, Grant, Blog, Web content / SEO, Resume, Speech, Technical, Other	QuoteCategory	4	68	92	t	t	346	\N	\N
352	2012-12-20 15:47:31	2017-05-08 06:24:54	which-service-are-you-interested-in	Which service are you interested in?		0	Audio Recording, Songwriting	QuoteCategory	4	70	93	t	t	352	\N	\N
354	2012-12-20 15:48:00	2017-05-08 06:24:54	what-genre-of-music	What genre of music?		0	Rock/Pop, R&B, Rap, Country, Ballad, Dance, Other	QuoteCategory	4	70	93	t	t	354	\N	\N
355	2012-12-20 15:48:15	2017-05-08 06:24:54	what-kind-of-recording	What kind of recording?		0	Music recording, Voiceover recording, Commercial, Other	QuoteCategory	4	70	93	t	t	355	\N	\N
356	2012-12-20 15:48:29	2017-05-08 06:24:54	anything-else	Anything else?		0	Mixing, Mastering, Editing, Pre-production, Post-production, None, Other	QuoteCategory	4	70	93	t	t	356	\N	\N
360	2012-12-20 15:49:48	2017-05-08 06:24:54	which-service-are-you-interested-in	Which service are you interested in?		0	Web Design, Graphic Design, Logo Design, Print Design, Other	QuoteCategory	4	71	94	t	t	360	\N	\N
361	2012-12-20 15:50:09	2017-05-08 06:24:54	what-kind-of-work	What kind of work?		0	Build (development), Design/produce graphics, Fix website, Update content, Install software or script, Print (cards/posters/artwork), Logo / Branding, Web / Digital Art, Presentation (PowerPoint), Other	QuoteCategory	4	71	94	t	t	361	\N	\N
364	2012-12-20 15:51:43	2017-05-08 06:24:54	what-kind-of-organization	What kind of organization?		0	Personal, Business, Small Organization, Non-profit, School / Educational, Government / Public service, Other	QuoteCategory	4	71	94	t	t	364	\N	\N
368	2012-12-20 15:52:59	2017-05-08 06:24:54	travel-preference	Travel preference		0	I travel to the provider, The provider travels to me, Neither (phone or internet)	QuoteCategory	5	71	94	t	t	368	\N	\N
375	2012-12-20 15:56:06	2017-05-08 06:24:54	project-type	Project type		0	General, Game, Interface, Scripts & utilities, QA, VOIP, Other	QuoteCategory	4	74	97	t	t	375	\N	\N
377	2012-12-20 15:57:09	2017-05-08 06:24:54	language	Language		0	Python, C++, C, PHP, Java, Perl, ASP, Ruby, I'm not sure yet, Other	QuoteCategory	4	74	97	t	t	377	\N	\N
381	2012-12-20 15:58:20	2017-05-08 06:24:54	what-do-you-need-developed	What do you need developed?		0	Basic website, General web programming, Online store, Database, Social media integration, Blog, Other	QuoteCategory	4	75	98	t	t	381	\N	\N
387	2012-12-20 18:19:57	2017-05-08 06:24:54	what-kind-of-air-conditioner	What kind of air conditioner? 		0	Central A/C, Window A/C, Portable A/C	QuoteCategory	4	76	99	t	t	387	\N	\N
389	2012-12-20 18:20:40	2017-05-08 06:24:54	anything-else-the-hvac-technician-should-know	Anything else the HVAC technician should know?		0		QuoteCategory	2	76	99	t	t	389	\N	\N
493	2012-12-20 19:09:10	2017-05-08 06:24:54	project-type	Project type		0	Install, Repair, Replace, Clean	QuoteCategory	4	97	100	t	t	3	\N	\N
495	2012-12-20 19:09:52	2017-05-08 06:24:54	what-kind-of-window-treatments	What kind of window treatments?		0	Window tinting, Blinds or shades, Drapes or curtains, Indoor shutters, Electronic drape/shade/blind opener, Other	QuoteCategory	4	97	100	t	t	2	\N	\N
496	2012-12-20 19:10:03	2017-05-08 06:24:54	anything-else-the-window-treatment-specialist-should-know	Anything else the window treatment specialist should know?		0		QuoteCategory	2	97	100	t	t	4	\N	\N
66	2012-07-31 18:37:20	2017-05-08 06:24:54	when-do-you-want-the-work-done	When do you want the work done?		0		QuoteCategory	1	18	43	t	t	66	\N	\N
61	2012-07-31 18:30:38	2017-05-08 06:24:54	service-commitment	Service commitment		0	Consultation, Representation, Other	QuoteCategory	5	19	44	t	t	61	\N	\N
63	2012-07-31 18:31:42	2017-05-08 06:24:54	travel-preferences	Travel preferences		0	The legal services specialist can travel to me, I can travel to the legal services specialist, We can work remotely (over the phone or Internet)	QuoteCategory	4	19	44	t	t	63	\N	\N
82	2012-10-24 11:58:13	2017-05-08 06:24:54	anything-else-the-senior-care-specialist-should-know	Anything else the senior care specialist should know?		0		QuoteCategory	2	25	49	f	t	5	\N	\N
92	2012-10-24 12:07:04	2017-05-08 06:24:54	age	Age		0	Child,Teen,Adult	QuoteCategory	4	28	52	t	t	92	\N	\N
100	2012-10-24 12:21:20	2017-05-08 06:24:54	number-of-guests	Number of guests		0	Fewer than 50,50-100,100-150,150-200,More than 200	QuoteCategory	5	30	53	t	t	100	\N	\N
105	2012-10-24 12:27:56	2017-05-08 06:24:54	what-type-of-event	What type of event?		0	Buffet catered event,Buffet dinner party,Plated dinner party,Personal meal(s),Cocktail party,Food truck,I'm not sure yet	QuoteCategory	5	31	54	t	t	105	\N	\N
106	2012-10-24 12:28:50	2017-05-08 06:24:54	what-kind-of-cuisine	What kind of cuisine?		0	Casual American,Mexican/Latin,Formal American,Italian,BBQ,Vegetarian/Vegan,I'm not sure yet,Other	QuoteCategory	4	31	54	t	t	106	\N	\N
107	2012-10-24 12:29:52	2017-05-08 06:24:54	how-many-people	How many people?		0	Fewer than 10,10-25,25-50,50-100,100-150,150-200,More than 200	QuoteCategory	5	31	54	t	t	107	\N	\N
121	2012-10-24 12:54:07	2017-05-08 06:24:54	anything-else-the-caterer-chef-should-know	Anything else the caterer & chef should know?		0		QuoteCategory	2	33	56	f	t	121	\N	\N
146	2012-10-24 13:12:47	2017-05-08 06:24:54	anything-else-the-event-producer-should-know	Anything else the event producer should know?		0		QuoteCategory	2	37	60	f	t	146	\N	\N
149	2012-10-24 13:14:49	2017-05-08 06:24:54	what-events-do-you-need-shot	What events do you need shot?		0	Ceremony photos,Reception photos,Ceremony preparation,Engagement photos,Family photos,I'm not sure yet,Other	QuoteCategory	4	38	61	t	t	149	\N	\N
150	2012-10-24 13:15:14	2017-05-08 06:24:54	whats-your-wedding-style	What's your wedding style?		0	Intimate,Outdoor,Indoor,Formal,It's a big party,Semi-Formal / Casual,I'm not sure yet,Other	QuoteCategory	4	38	61	t	t	150	\N	\N
151	2012-10-24 13:15:38	2017-05-08 06:24:54	whats-your-estimated-budget	What's your estimated budget?		0	Less than $1,000,$1,000-$3,000,$3,000-$5,000,More than $5,000	QuoteCategory	5	38	61	t	t	151	\N	\N
154	2012-11-08 17:37:31	2017-05-08 06:24:54	what-are-you-moving	What are you moving?		0	Full home, Office, 1-2 rooms, I'm not sure yet, Just a few things, Other	QuoteCategory	4	39	62	t	t	1	\N	\N
155	2012-11-08 17:37:31	2017-05-08 06:24:54	what-kind-of-assistance-do-you-need	What kind of assistance do you need?		0	Movers (labor), Piano moving, Transportation (truck/van), Packing, Other	QuoteCategory	4	39	62	t	t	2	\N	\N
156	2012-11-08 17:37:31	2017-05-08 06:24:54	how-far-are-you-moving	How far are you moving?		0	Less than 10 miles, Greater than 100 miles, 10-25 miles, I'm not sure yet, 25-100 miles	QuoteCategory	4	39	62	t	t	3	\N	\N
161	2012-12-19 11:39:45	2017-05-08 06:24:54	what-is-your-cars-year-make-and-model	What is your car's year, make and model?		0		QuoteCategory	1	41	63	t	t	9	\N	\N
162	2012-12-19 11:41:19	2017-05-08 06:24:54	anything-else-the-auto-technician-should-know	Anything else the auto technician should know?		0		QuoteCategory	1	41	63	t	t	10	\N	\N
160	2012-12-19 11:39:00	2017-05-08 06:24:54	how-many-miles-on-the-car	How many miles on the car?		0	Less than 36000, 36000 - 60000, 60000 - 100000, 100000 - 120000, 120000 - 180000, More than 180000	QuoteCategory	5	41	63	t	t	3	\N	\N
167	2012-12-19 12:02:32	2017-05-08 06:24:54	what-kind-of-restoration	What kind of restoration?		0	Component (Engine or Transmission), Partial (Frame-on), Full (Frame-off), I'm not sure, Other	QuoteCategory	4	41	63	t	t	6	\N	\N
168	2012-12-19 12:02:57	2017-05-08 06:24:54	what-needs-attention	What needs attention?		0	Rust (body / chassis), Paint, Interior / Upholstery, Electrical, Chrome / Trim, SuspensionComplete vehicle	QuoteCategory	4	41	63	t	t	7	\N	\N
180	2012-12-19 12:18:45	2017-05-08 06:24:54	anything-else-the-auto-technician-should-know	Anything else the auto technician should know?		0		QuoteCategory	1	42	64	t	t	180	\N	\N
172	2012-12-19 12:16:29	2017-05-08 06:24:54	what-kind-of-vehicle	What kind of vehicle?		0	Car, Truck/SUV, Commercial truck, RV, Boat, Other	QuoteCategory	4	42	64	t	t	3	\N	\N
174	2012-12-19 12:17:15	2017-05-08 06:24:54	what-kind-of-electronics	What kind of electronics?		0	Audio (stereo/speakers), Remote Starter, Alarm / security, Safety (backup sensors / camera), Navigation (GPS), Other	QuoteCategory	4	42	64	t	t	174	\N	\N
176	2012-12-19 12:17:44	2017-05-08 06:24:54	what-kind-of-restoration	What kind of restoration?		0	Component (Engine or Transmission), Partial (Frame-on), Full (Frame-off), I'm not sure, Other	QuoteCategory	4	42	64	t	t	176	\N	\N
177	2012-12-19 12:18:00	2017-05-08 06:24:54	what-needs-attention	What needs attention?		0	Rust (body / chassis), Paint, Interior / Upholstery, Electrical, Chrome / Trim, SuspensionComplete vehicle	QuoteCategory	4	42	64	t	t	177	\N	\N
178	2012-12-19 12:18:15	2017-05-08 06:24:54	something-specific	Something specific?		0	Turbo / Supercharger, Body kit, Air suspension, Coil-over suspension, Wheels / Tires, Port and Polish (cylinder head), I'm not sure	QuoteCategory	4	42	64	t	t	178	\N	\N
193	2012-12-19 12:41:46	2017-05-08 06:24:54	anything-else-the-limousine-driver-should-know	Anything else the limousine driver should know?		0		QuoteCategory	1	43	65	t	t	11	\N	\N
213	2012-12-19 12:54:51	2017-05-08 06:24:54	travel-preference	Travel preference		0	I travel to the provider, The provider travels to me, Neither (phone or internet)	QuoteCategory	5	45	67	t	t	213	\N	\N
218	2012-12-19 13:06:30	2017-05-08 06:24:54	what-kind-of-nail-care	What kind of nail care?		0	French manicure, Opi soak-off gel manicure, Luxury manicure, Brazilian Manicure, Paraffin wax, American manicure, i'm not sure, Other	QuoteCategory	4	47	68	t	t	218	\N	\N
219	2012-12-19 13:07:10	2017-05-08 06:24:54	what-kind-of-nail-art	What kind of nail art?		0	Airbrushed, Free Style, Stamp, 3D, No nail art needed, Other	QuoteCategory	4	47	68	t	t	219	\N	\N
255	2012-12-19 13:53:22	2017-05-08 06:24:54	travel-preference	Travel preference		0	I travel to the provider, The provider travels to me	QuoteCategory	5	48	69	t	t	255	\N	\N
229	2012-12-19 13:34:44	2017-05-08 06:24:54	which-branch-of-reiki	Which branch of Reiki?		0	Traditional Japanese, Western, I'm not sure / As recommended, Other	QuoteCategory	4	49	70	t	t	229	\N	\N
230	2012-12-19 13:35:02	2017-05-08 06:24:54	what-are-your-goals	What are your goals?		0	Relaxation / stress relief, Pain relief, Increase flexibility, Increase circulation, Emotional healing, Detoxification, Physical (Sports) therapy, Other	QuoteCategory	4	49	70	t	t	230	\N	\N
259	2012-12-19 13:56:09	2017-05-08 06:24:54	anything-else-the-travel-agent-should-know	Anything else the travel agent should know?		0		QuoteCategory	1	50	71	t	t	259	\N	\N
271	2012-12-19 15:09:45	2017-05-08 06:24:54	what-are-your-learning-goals	What are your learning goals?		0	Improve grades at school, Prepare for a standardized test, Learn new topics and techniques, Advance my career, Other	QuoteCategory	4	55	75	t	t	271	\N	\N
268	2012-12-19 15:08:40	2017-05-08 06:24:54	which-service-are-you-interested-in	Which service are you interested in?		0	Math Tutoring, Algebra Tutoring, Trigonometry Tutoring	QuoteCategory	5	55	75	t	t	268	\N	\N
276	2012-12-19 15:11:15	2017-05-08 06:24:54	travel-preference	Travel preference		0	I travel to the provider, The provider travels to me, Neither (phone or internet)	QuoteCategory	5	55	75	t	t	276	\N	\N
315	2012-12-19 16:09:47	2017-05-08 06:24:54	anything-else-the-language-tutor-should-know	Anything else the language tutor should know?		0		QuoteCategory	1	61	81	t	t	315	\N	\N
359	2012-12-20 15:49:06	2017-05-08 06:24:54	travel-preference	Travel preference		0	I travel to the provider, The provider travels to me, Neither (phone or internet)	QuoteCategory	5	70	93	t	t	359	\N	\N
208	2012-12-19 12:53:29	2017-05-08 06:24:54	car-type	Car type		0	Used, New	QuoteCategory	5	45	67	t	t	208	\N	\N
209	2012-12-19 12:53:43	2017-05-08 06:24:54	purchase-type	Purchase type		0	Buying, Leasing	QuoteCategory	5	45	67	t	t	209	\N	\N
232	2012-12-19 13:35:34	2017-05-08 06:24:54	age	Age		0	Child, Adolescent, Adult	QuoteCategory	5	49	70	t	t	232	\N	\N
231	2012-12-19 13:35:18	2017-05-08 06:24:54	preference-of-healers-gender	Preference of healer's gender		0	Male, Female, No preference	QuoteCategory	5	49	70	t	t	231	\N	\N
256	2012-12-19 13:55:00	2017-05-08 06:24:54	travel-type	Travel type		0	Leisure, Tour, Event, Business, Other	QuoteCategory	5	50	71	t	t	256	\N	\N
243	2012-12-19 13:45:08	2017-05-08 06:24:54	preference-of-healers-gender	Preference of healer's gender		0	Male, Female, No preference	QuoteCategory	5	51	72	t	t	243	\N	\N
263	2012-12-19 13:59:00	2017-05-08 06:24:54	coachs-gender	Coach's gender		0	Male, Female, No preference	QuoteCategory	5	52	73	t	t	263	\N	\N
264	2012-12-19 13:59:19	2017-05-08 06:24:54	age	Age		0	Child, Adolescent, Adult	QuoteCategory	5	52	73	t	t	264	\N	\N
273	2012-12-19 15:10:18	2017-05-08 06:24:54	age-of-student	Age of student		0	5 or less, 6 - 8, 9 - 11, 12 - 14, 15 - 17, 18 - 20, 21 - 23, 24 - 26, 27 - 29, 30 or more	QuoteCategory	5	55	75	t	t	273	\N	\N
298	2012-12-19 15:55:52	2017-05-08 06:24:54	skill-level	Skill level		0	No Experience, Beginning, Intermediate, Advanced, Not sure	QuoteCategory	5	59	79	t	t	298	\N	\N
299	2012-12-19 15:56:29	2017-05-08 06:24:54	age	Age		0	Child, Teen, Adult	QuoteCategory	5	59	79	t	t	299	\N	\N
307	2012-12-19 16:02:36	2017-05-08 06:24:54	age	Age		0	Child, Teen, Adult	QuoteCategory	5	60	80	t	t	307	\N	\N
320	2012-12-19 16:18:39	2017-05-08 06:24:54	age	Age		0	Child, Adolescent, Adult	QuoteCategory	5	62	87	t	t	320	\N	\N
319	2012-12-19 16:18:14	2017-05-08 06:24:54	coachs-gender	Coach's gender		0	Male, Female, No preference	QuoteCategory	5	62	87	t	t	319	\N	\N
341	2012-12-20 15:38:40	2017-05-08 06:24:54	number-of-pages	Number of pages		0	1 - 2, 3 - 4, 5 - 7, 8 - 10, More than 10, Not sure	QuoteCategory	5	67	91	t	t	341	\N	\N
347	2012-12-20 15:42:55	2017-05-08 06:24:54	number-of-pages	Number of pages		0	1 - 2, 3 - 4, 5 - 7, 8 - 10, More than 10, Not sure	QuoteCategory	5	68	92	t	t	347	\N	\N
382	2012-12-20 15:58:35	2017-05-08 06:24:54	amount-of-work	Amount of work		0	One project, Multiple projects	QuoteCategory	5	75	98	t	t	382	\N	\N
388	2012-12-20 18:20:19	2017-05-08 06:24:54	location	Location		0	Home, Multi-unit, Business, Other	QuoteCategory	5	76	99	t	t	388	\N	\N
494	2012-12-20 19:09:26	2017-05-08 06:24:54	location	Location		0	Home, Business, Other	QuoteCategory	5	97	100	t	t	1	\N	\N
31	2012-07-31 17:39:15	2017-05-08 06:24:54	how-many-bedrooms	How many bedrooms?		0	Studio, 1 bedroom, 2 bedrooms, 3 bedrooms, 4 bedrooms, 5+ bedrooms	QuoteCategory	5	11	101	t	t	2	\N	\N
578	2017-05-11 14:06:00	2017-05-11 14:06:00	Color preferences	Do you have any specific colors in mind?   Colors  		\N		ContestType	11	1	1	f	t	10	\N	\N
272	2012-12-19 15:10:02	2017-05-08 06:24:54	how-often	How often?		0	Daily, Several times a week, Once a week, Once or twice a week, Once or twice a month, I'm not sure, Other	QuoteCategory	5	55	75	t	t	272	\N	\N
280	2012-12-19 15:27:56	2017-05-08 06:24:54	age-of-student	Age of student 		0	5 or less, 6 - 8, 9 - 11, 12 - 14, 15 - 17, 18 - 20, 21 - 23, 24 - 26, 27 - 29, 30 or more	QuoteCategory	5	56	76	t	t	280	\N	\N
283	2012-12-19 15:43:17	2017-05-08 06:24:54	what-is-your-level-of-experience	What is your level of experience?		0	Beginner, Intermediate, Advanced	QuoteCategory	5	57	77	t	t	283	\N	\N
290	2012-12-19 15:47:50	2017-05-08 06:24:54	supplement-to-coursework-school	Supplement to coursework/school?		0	Yes, No	QuoteCategory	5	58	78	t	t	290	\N	\N
308	2012-12-19 16:03:24	2017-05-08 06:24:54	how-often	How often?		0	Daily, Several times a week, Once a week, Once or twice a week, Once or twice a month, I'm not sure, Other	QuoteCategory	5	60	80	t	t	308	\N	\N
312	2012-12-19 16:08:02	2017-05-08 06:24:54	what-language-are-you-learning	What language are you learning?		0	Spanish, French, French, Mandarin, Italian, Portuguese, German, Japanese, Other	QuoteCategory	5	61	81	t	t	312	\N	\N
314	2012-12-19 16:09:20	2017-05-08 06:24:54	how-often	How often?		0	Daily, Several times a week, Once a week, Once or twice a week, Once or twice a month, I'm not sure, Other	QuoteCategory	5	61	81	t	t	314	\N	\N
324	2012-12-19 16:21:03	2017-05-08 06:24:54	how-often-do-you-want-lessons	How often do you want lessons?		0	Daily, Several times a week, Once a week, Once or twice a week, Once or twice a month, I'm not sure, Other	QuoteCategory	5	63	88	t	t	324	\N	\N
333	2012-12-20 15:36:12	2017-05-08 06:24:54	how-many-pages	How many pages?		0	1 - 10, 11 - 50, 51 - 100, 100 - 200, 200+	QuoteCategory	5	66	90	t	t	333	\N	\N
342	2012-12-20 15:39:02	2017-05-08 06:24:54	what-kind-of-project	What kind of project?		0	A single project, A variety of project, I'm not sure yet	QuoteCategory	5	67	91	t	t	342	\N	\N
348	2012-12-20 15:43:13	2017-05-08 06:24:54	what-kind-of-project	What kind of project?		0	A single project, A variety of project, I'm not sure yet	QuoteCategory	5	68	92	t	t	348	\N	\N
353	2012-12-20 15:47:47	2017-05-08 06:24:54	what-kind-of-project	What kind of project?		0	Lyric writing, Songwriting, Music composition, Other	QuoteCategory	5	70	93	t	t	353	\N	\N
32	2012-07-31 17:40:18	2017-05-08 06:24:54	how-many-bathrooms	How many bathrooms?		0	1 bathroom, 2 bathrooms, 3 bathrooms, 4 bathrooms, 5+ bathrooms	QuoteCategory	5	11	101	t	t	3	\N	\N
252	2012-12-19 13:52:16	2017-05-08 06:24:54	how-often	How often?		0	Daily, Several times a week, Once a week, Once or twice a month, I'm not sure yet	QuoteCategory	5	48	69	t	t	252	\N	\N
233	2012-12-19 13:35:51	2017-05-08 06:24:54	how-often	How often?		0	One time, Once or twice a month, Once or twice a week, Recurring, I'm not sure, Other	QuoteCategory	5	49	70	t	t	233	\N	\N
234	2012-12-19 13:36:08	2017-05-08 06:24:54	how-long-of-a-session	How long of a session?		0	0-30 minutes, 30-60 minutes, 60-90 minutes, 90-120 minutes, More than 120 minutes	QuoteCategory	5	49	70	t	t	234	\N	\N
242	2012-12-19 13:44:42	2017-05-08 06:24:54	how-long-of-a-session	How long of a session?		0	0-30 minutes, 30-60 minutes, 60-90 minutes, 90-120 minutes, More than 120 minutes	QuoteCategory	5	51	72	t	t	5	\N	\N
281	2012-12-19 15:28:14	2017-05-08 06:24:54	current-academic-level	Current academic level?		0	Elementary school, Middle school, High school, Test prep, College, Adult	QuoteCategory	5	56	76	t	t	281	\N	\N
284	2012-12-19 15:43:35	2017-05-08 06:24:54	how-often-do-you-want-lessons	How often do you want lessons?		0	Daily, Several times a week, Once a week, Once or twice a week, Once or twice a month, I'm not sure, Other	QuoteCategory	5	57	77	t	t	284	\N	\N
300	2012-12-19 15:56:52	2017-05-08 06:24:54	supplement-to-coursework-school	Supplement to coursework/school?		0	Yes, No	QuoteCategory	5	59	79	t	t	300	\N	\N
362	2012-12-20 15:50:22	2017-05-08 06:24:54	do-you-have-a-design-concept	Do you have a design concept?		0	I know what I want, I have some ideas in my mind, I need consultation	QuoteCategory	5	71	94	t	t	362	\N	\N
363	2012-12-20 15:50:42	2017-05-08 06:24:54	how-many-logos	How many logos?		0	1 - 2 logos, 3 - 5 logos, 6 or more logos	QuoteCategory	5	71	94	t	t	363	\N	\N
365	2012-12-20 15:52:09	2017-05-08 06:24:54	whats-the-scope-of-the-project	What's the scope of the project?		0	One-time projects, Ongoing projects, I'm not sure	QuoteCategory	5	71	94	t	t	365	\N	\N
366	2012-12-20 15:52:28	2017-05-08 06:24:54	do-you-need-printing-services	Do you need printing services?		0	Yes, No 	QuoteCategory	5	71	94	t	t	366	\N	\N
198	2012-12-19 12:46:20	2017-05-08 06:24:54	how-many-miles-on-the-car	How many miles on the car?		0	Less than 36000, 36000 - 60000, 60000 - 100000, 100000 - 120000, 120000 - 180000, More than 180000	QuoteCategory	5	44	66	t	t	198	\N	\N
258	2012-12-19 13:55:55	2017-05-08 06:24:54	accommodations-required	Accommodations required?		0	Yes, No	QuoteCategory	5	50	71	t	t	258	\N	\N
279	2012-12-19 15:27:35	2017-05-08 06:24:54	any-preference-for-the-tutors-gender	Any preference for the tutor's gender?		0	Male, Female, No preference	QuoteCategory	5	56	76	t	t	279	\N	\N
171	2012-12-19 12:15:45	2017-05-08 06:24:54	what-kind-of-work	What kind of work?		0	I'm not sure what's wrong, Engine, Transmission, Brakes, A/C and heating, Electrical and lights, Scheduled maintenance	QuoteCategory	5	42	64	t	t	2	\N	\N
173	2012-12-19 12:16:58	2017-05-08 06:24:54	how-many-miles-on-the-car	How many miles on the car?		0	Less than 36000, 36000 - 60000, 60000 - 100000, 100000 - 120000, 120000 - 180000, More than 180000	QuoteCategory	5	42	64	t	t	173	\N	\N
175	2012-12-19 12:17:29	2017-05-08 06:24:54	what-do-you-need-done	What do you need done?		0	Install, Repair, Replace, Remove, Modification/Custom, Other	QuoteCategory	5	42	64	t	t	175	\N	\N
185	2012-12-19 12:39:40	2017-05-08 06:24:54	how-many-passengers-do-you-expect	How many passengers do you expect?		0	1 - 3 people, 4 - 6 people, 7 - 9 people, 10 - 12 people, 13 - 15 people, 16 - 18 people, 19 people or more	QuoteCategory	5	43	65	t	t	3	\N	\N
186	2012-12-19 12:39:57	2017-05-08 06:24:54	what-kind-of-driving-service-will-you-need	What kind of driving service will you need?		0	One-way transfer, Two-way transfer, Hourly Service, Not sure, Other	QuoteCategory	5	43	65	t	t	4	\N	\N
574	2017-05-11 14:06:00	2017-05-11 14:06:00	Business name	What is your business name?	E.g. Acme	\N		ContestType	1	1	1	f	t	0	\N	\N
575	2017-05-11 14:06:00	2017-05-11 14:06:00	Description of business	In a sentence or two, describe what your business does	E.g. We sell anvils and other industrial goods to manufacturing companies and hobbyists all over the world.	\N		ContestType	2	1	1	f	t	1	\N	\N
576	2017-05-11 14:06:00	2017-05-11 14:06:00	Industry	Select your industry		\N	Accounding & Financial, Agriculture, Animal & pet, Architectural, Art & Design, Attorney & Law, Automotive, Bar & NightClub, Business & Counsulting, ChildCare, Cleaning & Maintenance, Communications	ContestType	3	1	1	f	t	2	\N	\N
577	2017-05-11 14:06:00	2017-05-11 14:06:00	Values to communicate	What values should your logo communicate?  		\N		ContestType	12	1	1	f	t	9	\N	\N
579	2017-05-11 14:06:00	2017-05-11 14:06:00	Business cards designed with your logo	Would you business cards designed with your logo?	We recommend settling on a logo design first and then working with the designers in the latter days of your contest to design the business cards. 	\N	No, I just want a logo thanks, Yes, I'd like a business card designed as well	ContestType	5	1	1	f	t	12	\N	\N
580	2017-05-11 14:06:00	2017-05-11 14:06:00	Notes	What details need to go on your business cards?	Eg: On the front your logo and website address. On the back your name title, email address and phone. 	\N		ContestType	2	1	1	f	t	13	\N	\N
581	2017-05-11 14:06:00	2017-05-11 14:06:00	Quote to print your business cards	Would you like a free quote to print your business cards?		\N	Yes - I'd like a printing partner to contact me with a free, no obligation quote, No - I will organize printing myself	ContestType	5	1	1	f	t	14	\N	\N
582	2017-05-11 14:06:00	2017-05-11 14:06:00	To be used on	Where will your logo be used?		\N	Print, Online, Merchandise, Signs, Television/screen	ContestType	4	1	1	f	t	11	\N	\N
583	2017-05-11 14:06:00	2017-05-11 14:06:00	Logo you want on the stationery	Do you have a logo you want on the stationery		\N	Yes, No (We recommend you launch a logo contest before a stationery contest then)	ContestType	5	2	2	f	t	0	\N	\N
584	2017-05-11 14:06:00	2017-05-11 14:06:00	Name to incorporate in the logo	What brand name do you want on your stationery?	E.g. Acme	\N		ContestType	1	2	2	f	t	0	\N	\N
585	2017-05-11 14:06:00	2017-05-11 14:06:00	Description of the organization and its target audience	Describe what your organization or product does and its target audience	E.g. We sell anvils and other industrial goods to manufacturing companies and hobbyists all over the world.	\N		ContestType	2	2	2	f	t	0	\N	\N
586	2017-05-11 14:06:00	2017-05-11 14:06:00	Industry	Select your industry		\N	Accounding & Financial, Agriculture, Animal & pet, Architectural, Art & Design, Attorney & Law, Automotive, Bar & NightClub, Business & Counsulting, ChildCare, Cleaning & Maintenance, Communications	ContestType	3	2	2	f	t	0	\N	\N
587	2017-05-11 14:06:00	2017-05-11 14:06:00	To be used on	What stationery items do you want designed?	Choose stationary item to be designed	\N	Business cards, Letterheads, Note/Compliment slips, Envelopes	ContestType	4	2	2	f	t	0	\N	\N
588	2017-05-11 14:06:00	2017-05-11 14:06:00	To be used on	What details do you want on your stationery items?	E.g:  Name, title, contact details and website URL (where applicable)	\N		ContestType	2	2	2	f	t	0	\N	\N
589	2017-05-11 14:06:00	2017-05-11 14:06:00	Business card details	Do you have ideas about the visual style you want?	Providing your thoughts on colors, textures, shapes, photography illustration and typography will help guide designers. 	\N		ContestType	2	2	2	f	t	0	\N	\N
590	2017-05-11 14:06:00	2017-05-11 14:06:00	What to avoid	Is there anything that should be avoided?		\N		ContestType	2	2	2	f	t	0	\N	\N
591	2017-05-11 14:06:00	2017-05-11 14:06:00	Notes	Do you have an existing website designers can reference?	E.g. www.acme.com	\N		ContestType	1	2	2	f	t	0	\N	\N
592	2017-05-11 14:06:00	2017-05-11 14:06:00	Files attached	Do you have any images, sketches or documents that might be helpful?	E.g. Your current logo, photos, illustrations, content, layout ideas etc	\N		ContestType	8	2	2	f	t	0	\N	\N
593	2017-05-11 14:06:00	2017-05-11 14:06:00	Free quote to print your stationery items	Would you like a free quote to print your stationery items?		\N	Yes - I'd like a printing partner to contact me with a free, no obligation quote, No - I will organize printing myself	ContestType	5	2	2	f	t	0	\N	\N
788	2017-05-11 14:06:03	2017-05-11 14:06:03	Upload Files	Upload Files		\N		ContestType	8	27	27	f	t	0	\N	\N
594	2017-05-11 14:06:00	2017-05-11 14:06:00	T-shirt type	What kind of t-shirt do you want designed?		\N	Standard short-sleeve T-Shirt, Tank top, Polo shirt, Short sleeved button up shirt, Dress/business shirt	ContestType	5	3	3	f	t	0	\N	\N
595	2017-05-11 14:06:00	2017-05-11 14:06:00	Target audience	Who is the t-shirt for?		\N	Men, Women, Boys, Girls	ContestType	4	3	3	f	t	0	\N	\N
596	2017-05-11 14:06:00	2017-05-11 14:06:00		Do you have a logo you want on the t-shirt		\N	Yes, No (We recommend you launch a logo contest before a t-shirt contest then)	ContestType	5	3	3	f	t	0	\N	\N
597	2017-05-11 14:06:00	2017-05-11 14:06:00	Color of the t-shirt material	Do you have a color in mind for the t-shirt material?		\N	Yes, No	ContestType	5	3	3	f	t	0	\N	\N
598	2017-05-11 14:06:00	2017-05-11 14:06:00	Required on the t-shirt	What is required on the t-shirt?	E.g. Slogan, organisation or product name, website address, phone number.	\N		ContestType	2	3	3	f	t	0	\N	\N
599	2017-05-11 14:06:00	2017-05-11 14:06:00	Style/theme ideas for the t-shirt	Do you have ideas about the visual style you want?	Tip: Providing your thoughts on colors, textures, shapes, photography illustration and typography will help guide designers. 	\N		ContestType	2	3	3	f	t	0	\N	\N
600	2017-05-11 14:06:00	2017-05-11 14:06:00	What to avoid	Is there anything that should be avoided?		\N		ContestType	2	3	3	f	t	0	\N	\N
601	2017-05-11 14:06:00	2017-05-11 14:06:00	Files attached	Do you have any\nimages, sketches or documents that might be helpful?	E.g. Your current logo, photos, illustrations, content, layout ideas etc.	\N		ContestType	8	3	3	f	t	0	\N	\N
602	2017-05-11 14:06:00	2017-05-11 14:06:00	Organization name	What is your organization name?	E.g. Acme	\N		ContestType	1	4	4	f	t	0	\N	\N
603	2017-05-11 14:06:00	2017-05-11 14:06:00	Description of the organization and its target audience	Briefly describe what your organization does	E.g. We sell anvils and other industrial goods to manufacturing companies and hobbyists all over the world.	\N		ContestType	2	4	4	f	t	0	\N	\N
604	2017-05-11 14:06:00	2017-05-11 14:06:00	Industry	Select your industry		\N	Accounding & Financial, Agriculture, Animal & pet, Architectural, Art & Design, Attorney & Law, Automotive, Bar & NightClub, Business & Counsulting, ChildCare, Cleaning & Maintenance, Communications	ContestType	3	4	4	f	t	0	\N	\N
605	2017-05-11 14:06:00	2017-05-11 14:06:00	Description	Describe what you want designed	Describe your aims and requirements in detail here  the more specific, the better. Tell the designers what is required, but also let them know where theyre free to be creative.	\N		ContestType	2	4	4	f	t	0	\N	\N
606	2017-05-11 14:06:00	2017-05-11 14:06:00	Files attached	Do you have any\nimages, sketches or documents that might be helpful?	E.g. Your current logo, photos, illustrations, content, layout ideas etc.	\N		ContestType	8	4	4	f	t	0	\N	\N
607	2017-05-11 14:06:00	2017-05-11 14:06:00	Notes	Is there anything else you would like to communicate to the designers? 		\N		ContestType	2	4	4	f	t	0	\N	\N
608	2017-05-11 14:06:00	2017-05-11 14:06:00	Organization name	What is the name of your business or organization?	E.g. Acme	\N		ContestType	1	5	5	f	t	0	\N	\N
609	2017-05-11 14:06:00	2017-05-11 14:06:00	Description of the organization and its target audience	Who is the target audience for your brochure?	E.g. Age, gender, location, education, interests, lifestyle, behaviour, values.	\N		ContestType	2	5	5	f	t	0	\N	\N
610	2017-05-11 14:06:00	2017-05-11 14:06:00	Brochure to design	What kind of brochure do you want designed?		\N	Half-fold (4 sides) , Tri-fold (6 sides) , Gate-fold (3 sides) 	ContestType	5	5	5	f	t	0	\N	\N
611	2017-05-11 14:06:00	2017-05-11 14:06:00	Requirements - front of brochure	What is required on the front of your brochure?	E.g. Title text, photo, illustration, company logo, phone number.	\N		ContestType	2	5	5	f	t	0	\N	\N
612	2017-05-11 14:06:00	2017-05-11 14:06:00	Requirements - body of brochure	What is required in the body of your brochure?	Tip: You may also upload a document in the attachments area below.	\N		ContestType	2	5	5	f	t	0	\N	\N
613	2017-05-11 14:06:00	2017-05-11 14:06:00	Requirements - back of brochure	What is required on the back cover of your brochure?	E.g. Text, website link, contact details, QR code.	\N		ContestType	2	5	5	f	t	0	\N	\N
614	2017-05-11 14:06:00	2017-05-11 14:06:00	Style/theme ideas for the brochure	Do you have ideas about what visual style you want?	E.g. Imagery, typography and colors.  Tip: Providing links or uploading examples you like will greatly help designers.	\N		ContestType	2	5	5	f	t	0	\N	\N
615	2017-05-11 14:06:00	2017-05-11 14:06:00	What to avoid	Is there anything that should be avoided?		\N		ContestType	2	5	5	f	t	0	\N	\N
616	2017-05-11 14:06:00	2017-05-11 14:06:00	Files attached	Do you have any images, sketches or documents that might be helpful?	E.g. Your current logo, photos, illustrations, content, layout ideas etc.	\N		ContestType	8	5	5	f	t	0	\N	\N
617	2017-05-11 14:06:00	2017-05-11 14:06:00	Organization name	What is the name of your app?	E.g. Acme	\N		ContestType	1	6	6	f	t	0	\N	\N
618	2017-05-11 14:06:00	2017-05-11 14:06:00	Description of the organization and its target audience	Briefly describe what your app does	E.g. The app allows our customers to browse and purchase anvils on their mobile phone.	\N		ContestType	2	6	6	f	t	0	\N	\N
619	2017-05-11 14:06:00	2017-05-11 14:06:00	Industry	Select your industry		\N	Accounding & Financial, Agriculture, Animal & pet, Architectural, Art & Design, Attorney & Law, Automotive, Bar & NightClub, Business & Counsulting, ChildCare, Cleaning & Maintenance, Communications	ContestType	3	6	6	f	t	0	\N	\N
620	2017-05-11 14:06:00	2017-05-11 14:06:00	Screens want design	How many screens do you want designed?	Tip: If you require more than 5 screens, we recommend you focus on identifying a design direction first and then working with the designer 1-to-1 after your contest, to complete the subsequent screens.	\N	1 screen, 2 screens, 3 screens, 4 screens, 5 screens	ContestType	5	6	6	f	t	0	\N	\N
621	2017-05-11 14:06:00	2017-05-11 14:06:00	Description	Describe the screens and the main work flows for your app	  Tip: How do people use your app? How do users move around from screen to screen?  E.g. From the home screen users can either search or browse our range of anvils. From a search results or category page they can go through to an anvil details page. Here 	\N		ContestType	2	6	6	f	t	0	\N	\N
622	2017-05-11 14:06:01	2017-05-11 14:06:01	Notes	What ideas do you have for the style/theme of your app?	Tip: Providing your thoughts on colors, textures shapes, photography, illustration and typography will help guide designers. As will providing links to examples you like.	\N		ContestType	2	6	6	f	t	0	\N	\N
623	2017-05-11 14:06:01	2017-05-11 14:06:01	What to avoid	Is there anything that should be avoided?		\N		ContestType	2	6	6	f	t	0	\N	\N
624	2017-05-11 14:06:01	2017-05-11 14:06:01	Device need design	What device do you need designs for?	If you require designs for more than 1 device we recommend identifying a design direction first and then working with the designer 1-to-1 after the contest has finished.	\N	iPhone, Android, iPad, Apple Mac, Windows, Linux	ContestType	5	6	6	f	t	0	\N	\N
625	2017-05-11 14:06:01	2017-05-11 14:06:01	Notes	Do you have an existing website designers can reference?	E.g. www.acme.com	\N		ContestType	1	6	6	f	t	0	\N	\N
741	2017-05-11 14:06:02	2017-05-11 14:06:02	Avoid Designs	Anything you DON'T want in a design?		\N		ContestType	2	21	22	f	t	0	\N	\N
626	2017-05-11 14:06:01	2017-05-11 14:06:01	Files attached	Do you have anyimages, sketches or documents that might be helpful?	E.g. Your current logo, photos, illustrations, content, layout ideas etc.	\N		ContestType	8	6	6	f	t	0	\N	\N
627	2017-05-11 14:06:01	2017-05-11 14:06:01	Organization name	What is your organization name?	E.g. Acme	\N		ContestType	1	8	8	f	t	1	\N	\N
628	2017-05-11 14:06:01	2017-05-11 14:06:01	Organization profile	Briefly describe what your organization does	E.g. We sell anvils and other industrial goods to manufacturing companies and hobbyists all over the world.	\N		ContestType	11	8	8	f	t	0	\N	\N
629	2017-05-11 14:06:01	2017-05-11 14:06:01	Industry 	Select your industry		\N	Accounding & Financial, Agriculture, Animal & pet, Architectural, Art & Design, Attorney & Law, Automotive, Bar & NightClub, Business & Counsulting, ChildCare, Cleaning & Maintenance, Communications	ContestType	3	8	8	f	t	2	\N	\N
630	2017-05-11 14:06:01	2017-05-11 14:06:01	Design wanted	Describe what you want designed	Describe your aims and requirements in detail here  the more specific, the better. Tell the designers what is required, but also let them know where theyre free to be creative.	\N		ContestType	2	8	8	f	t	3	\N	\N
631	2017-05-11 14:06:01	2017-05-11 14:06:01	Documents uploaded	Do you have any images, sketches or documents that might be helpful?	E.g. Your current logo, photos, illustrations, content, layout ideas etc.	\N		ContestType	8	8	8	f	t	4	\N	\N
632	2017-05-11 14:06:01	2017-05-11 14:06:01	Communication to designers	Is there anything else you would like to communicate to the designers? 		\N		ContestType	2	8	8	f	t	5	\N	\N
633	2017-05-11 14:06:01	2017-05-11 14:06:01	Look & Feel for your design	Tell us how you want the new design to look and feel?		\N	Minimal,Complex 	ContestType	12	9	9	f	t	0	\N	\N
634	2017-05-11 14:06:01	2017-05-11 14:06:01	Industry	Select your industry		\N	Accounting,Automotive,Beauty,Construction,Consulting,Education,Entertainment,Events,Financial and Insurance,Home and Garden,Legal,Manufacturing and Wholesale,Media\\\\,Medical and Dental,Natural Resources,Non-Profit,Real Estate,Religious,Restaurant,Retail,Service Industries,Sports and Recreation,Technology,Travel and Hospitality,Other	ContestType	3	9	9	f	t	0	\N	\N
635	2017-05-11 14:06:01	2017-05-11 14:06:01	Purpose of use	Do you have any particular colors in mind? 		\N	Print (Business cards\\\\, letterheads\\\\, brochures\\\\, etc.),Online (Website\\\\, online advertising\\\\, banner ads\\\\, etc.),Merchandise (Mugs\\\\, T-shirts\\\\, etc.),Signs (Including shops\\\\, billboards\\\\, etc.),Television / screen	ContestType	4	9	9	f	t	0	\N	\N
636	2017-05-11 14:06:01	2017-05-11 14:06:01	Help files	Do you have logos, sketches or other images that may be helpful?		\N	Yes,No	ContestType	5	9	9	f	t	0	\N	\N
637	2017-05-11 14:06:01	2017-05-11 14:06:01	Upload File	Upload your file		\N		ContestType	8	9	9	f	t	0	\N	\N
638	2017-05-11 14:06:01	2017-05-11 14:06:01	New design  look and feel?	Tell us how you want the new design to look and feel?		\N	Minimal, Complex	ContestType	12	10	10	f	t	0	\N	\N
639	2017-05-11 14:06:01	2017-05-11 14:06:01	Industry	Select your industry		\N	Accounting, Automotive, Beauty, Construction, Consulting, Education, Entertainment, Events, Financial and Insurance, Home and Garden, Internet, Legal, Manufacturing and Wholesale, Media, Medical and Dental, Natural Resources,Non-Profit,Real Estate,Other	ContestType	3	10	10	f	t	0	\N	\N
640	2017-05-11 14:06:01	2017-05-11 14:06:01	Designers to use one of our present templates	Would you like the designers to use one of our preset templates to display their entries?		\N	Regular, Girls, Ringer	ContestType	5	10	10	f	t	0	\N	\N
641	2017-05-11 14:06:01	2017-05-11 14:06:01	Logos, sketches or other images	Do you have logos, sketches or other images that may be helpful?		\N	Yes, No	ContestType	5	10	10	f	t	0	\N	\N
642	2017-05-11 14:06:01	2017-05-11 14:06:01	File	Upload your file		\N		ContestType	8	10	10	f	t	0	\N	\N
643	2017-05-11 14:06:01	2017-05-11 14:06:01	URL	Enter URL		\N		ContestType	1	10	10	f	t	0	\N	\N
645	2017-05-11 14:06:01	2017-05-11 14:06:01	Look & Feel for your design	Tell us how you want the new design to look and feel?		\N	Minimal,Complex	ContestType	12	11	11	f	t	0	\N	\N
677	2017-05-11 14:06:01	2017-05-11 14:06:01	Suggested Theme & Style	Suggested Theme & Style	Help designers find the right spirit. A theme can be the name of a song	\N		ContestType	2	15	15	f	t	0	\N	\N
646	2017-05-11 14:06:01	2017-05-11 14:06:01	Industry	Select your industry		\N	Accounting,Automotive,Beauty,Construction,Consulting,Education,Entertainment,Events,Financial and Insurance,Home and Garden,Legal,Manufacturing and Wholesale,Media\\\\,Medical and Dental,Natural Resources,Non-Profit,Real Estate,Religious,Restaurant,Retail,Se	ContestType	3	11	11	f	t	0	\N	\N
647	2017-05-11 14:06:01	2017-05-11 14:06:01	Choose color	Do you have any particular colors in mind?		\N		ContestType	11	11	11	f	t	0	\N	\N
648	2017-05-11 14:06:01	2017-05-11 14:06:01	Custom banner size	What size do you want your web banner to be?	Enter the banner size or click and select one of the most commun banners.	\N		ContestType	1	11	11	f	t	0	\N	\N
649	2017-05-11 14:06:01	2017-05-11 14:06:01	Enter URL	Enter URL		\N		ContestType	1	11	11	f	t	0	\N	\N
650	2017-05-11 14:06:01	2017-05-11 14:06:01	Standard Web Banners	Standard Web Banners		\N	468 x 60 - Full banner (view),240 x 400 - Fat Skyscraper (view),728 x 90 - Leaderboard (view),234 x 60 - Half Banner (view),336 x 280 - Square (view),180 x 150 - Rectangle (view),300 x 250 - Square (view),125 x 125 - Square Button (view),250 x 250 - Square (view),120 x 90 - Button (view),160 x 600 - Skyscraper (view),120 x 90 - Button (view),120 x 600 - Skyscraper (view),120 x 60 - Button (view),120 x 240 - Small Skyscraper (view),120 x 30 - Button (view),230 x 33 - Small Banner (view),728 x 210 - Large Leaderboard (view),720 x 300 - Large Leaderboard (view),500 x 350 - Pop-up (view),550 x 480 - Pop-up (view),300 x 600 - Half Page Banner (view),94 x 15 - Blog Button (view)	ContestType	4	11	11	f	t	0	\N	\N
651	2017-05-11 14:06:01	2017-05-11 14:06:01	Sample Design	Do you have examples to inspire the designers?	List websites that you like and describe what you like about them.  For example: www.abs-marketing.com - I like the homepage of website, the colors and imagery used however as well as the menu however the gallery page is not very well organized.	\N		ContestType	2	11	11	f	t	0	\N	\N
652	2017-05-11 14:06:01	2017-05-11 14:06:01	Help files	Do you have logos, sketches or other images that may be helpful?		\N	Yes,No	ContestType	5	11	11	f	t	0	\N	\N
653	2017-05-11 14:06:01	2017-05-11 14:06:01	New design  look and feel?	Tell us how you want the new design to look and feel?		\N	Minimal, Complex	ContestType	12	12	12	f	t	0	\N	\N
654	2017-05-11 14:06:01	2017-05-11 14:06:01	Industry	Select your industry		\N	Accounting, Automotive, Beauty, Construction, Consulting, Education, Entertainment, Events, Financial and Insurance, Home and Garden, Internet, Legal, Manufacturing and Wholesale, Media, Medical and Dental, Natural Resources,Non-Profit,Real Estate,Other	ContestType	3	12	12	f	t	0	\N	\N
655	2017-05-11 14:06:01	2017-05-11 14:06:01	Existing website URL	If it is a redesign, please specify the URL of the existing website		\N		ContestType	1	12	12	f	t	0	\N	\N
656	2017-05-11 14:06:01	2017-05-11 14:06:01	Examples and inspire the designers	Do you have examples to inspire the designers?	List websites that you like and describe what you like about them.  For example: www.abs-marketing.com - I like the homepage of website, the colors and imagery used however as well as the menu however the gallery page is not very well organized.	\N		ContestType	2	12	12	f	t	0	\N	\N
657	2017-05-11 14:06:01	2017-05-11 14:06:01	Free coding services quote	Would you like a free coding services quote to build your chosen design?	At the end of your contest, once you have selected a winner, you receive design files (usually Photoshop files) containing visual mockups of how your website should look - not coded webpages.	\N	Yes, No	ContestType	5	12	12	f	t	0	\N	\N
658	2017-05-11 14:06:01	2017-05-11 14:06:01	Content Management System	Do you have a specific Content Management System in mind?	This will assist our coding partner in providing an accurate quote. If you are unsure, our coding partner will provide more detail on these options during the quoting process.	\N	Not sure,Plain HTML,Joomla,Wordpress,Drupal,Other	ContestType	3	12	12	f	t	0	\N	\N
659	2017-05-11 14:06:01	2017-05-11 14:06:01	Logos, sketches or other images	Do you have logos, sketches or other images that may be helpful?		\N	Yes, No	ContestType	5	12	12	f	t	0	\N	\N
660	2017-05-11 14:06:01	2017-05-11 14:06:01	Files	Upload your file		\N		ContestType	8	12	12	f	t	0	\N	\N
661	2017-05-11 14:06:01	2017-05-11 14:06:01	URL	Enter URL		\N		ContestType	1	12	12	f	t	0	\N	\N
662	2017-05-11 14:06:01	2017-05-11 14:06:01	Tell us how you want the new design to look and feel?	Tell us how you want the new design to look and feel?		\N	Minimal, Complex	ContestType	12	13	13	f	t	0	\N	\N
663	2017-05-11 14:06:01	2017-05-11 14:06:01	Select your industry	Select your industry		\N	Accounting, Automotive, Beauty, Construction, Consulting, Education, Entertainment, Events, Financial and Insurance, Home and Garden, Internet, Legal, Manufacturing and Wholesale, Media, Medical and Dental, Natural Resources,Non-Profit,Real Estate,Other	ContestType	3	13	13	f	t	0	\N	\N
664	2017-05-11 14:06:01	2017-05-11 14:06:01	Do you have logos, sketches or other images that may be helpful?	Do you have logos, sketches or other images that may be helpful?		\N	Yes, No	ContestType	5	13	13	f	t	0	\N	\N
665	2017-05-11 14:06:01	2017-05-11 14:06:01	Upload your file	Upload your file		\N		ContestType	8	13	13	f	t	0	\N	\N
666	2017-05-11 14:06:01	2017-05-11 14:06:01	Enter URL	Enter URL		\N		ContestType	1	13	13	f	t	0	\N	\N
667	2017-05-11 14:06:01	2017-05-11 14:06:01	Support Files	Support Files	Examples: Logos, concept sketches, band photos (you must have rights to all photos). 	\N		ContestType	8	14	14	f	t	0	\N	\N
668	2017-05-11 14:06:01	2017-05-11 14:06:01	Suggested Theme & Style	Suggested Theme & Style	Help designers find the right spirit. A theme can be the name of a song	\N		ContestType	2	14	14	f	t	0	\N	\N
669	2017-05-11 14:06:01	2017-05-11 14:06:01	Things To Include	Things To Include	Things designers should include in their creation	\N		ContestType	1	14	14	f	t	0	\N	\N
670	2017-05-11 14:06:01	2017-05-11 14:06:01	Things To Avoid	Things To Avoid	Things designers should specifically avoid.  Examples: No photos of the band. No literal interpretations. Avoid using photographs.	\N		ContestType	1	14	14	f	t	0	\N	\N
671	2017-05-11 14:06:01	2017-05-11 14:06:01	Style Guidelines	Style Guidelines	Move the sliders to the left or right to help point the designers in the right direction.	\N	Quiet, Loud	ContestType	12	14	14	f	t	0	\N	\N
672	2017-05-11 14:06:01	2017-05-11 14:06:01	Required Text	Required Text	You'll get better designs and more designs when you require less text.	\N		ContestType	2	14	14	f	t	0	\N	\N
673	2017-05-11 14:06:01	2017-05-11 14:06:01	Profile Picture	Upload A Profile Picture		\N		ContestType	8	15	15	f	t	0	\N	\N
674	2017-05-11 14:06:01	2017-05-11 14:06:01	Design A Large Poster	Design A Large Poster For		\N		ContestType	1	15	15	f	t	0	\N	\N
675	2017-05-11 14:06:01	2017-05-11 14:06:01	Submission Deadline	Submission Deadline	We recommend you accept designs for at least 2 weeks, 4+ weeks recommended	\N		ContestType	6	15	15	f	t	0	\N	\N
676	2017-05-11 14:06:01	2017-05-11 14:06:01	Contest Description	Contest Description	Be sure to include what you need, why you need it and what it will be used for. This description is important - it will appear when people share your contest on Facebook.	\N		ContestType	2	15	15	f	t	0	\N	\N
678	2017-05-11 14:06:01	2017-05-11 14:06:01	Things To Include	Things To Include	Things designers should include in their creation	\N		ContestType	2	15	15	f	t	0	\N	\N
679	2017-05-11 14:06:01	2017-05-11 14:06:01	Things To Avoid	Things To Avoid	Things designers should specifically avoid.  Examples: No photos of the band. No literal interpretations. Avoid using photographs.	\N		ContestType	2	15	15	f	t	0	\N	\N
680	2017-05-11 14:06:01	2017-05-11 14:06:01	Style Guidelines	Style Guidelines	Move the sliders to the left or right to help point the designers in the right direction.	\N	Quiet, Loud	ContestType	12	15	15	f	t	0	\N	\N
681	2017-05-11 14:06:01	2017-05-11 14:06:01	Required Text	Required Text		\N		ContestType	2	15	15	f	t	0	\N	\N
682	2017-05-11 14:06:01	2017-05-11 14:06:01	Support Files	Support Files (Optional)	Examples: Logos, concept sketches, band photos (you must have rights to all photos). Accepted file types .jpg, .png, .gif & .pdf. Max file size 5mb.	\N		ContestType	8	15	15	f	t	0	\N	\N
683	2017-05-11 14:06:01	2017-05-11 14:06:01	Support Files	Support Files	Examples: Logos, concept sketches, band photos (you must have rights to all photos). 	\N		ContestType	1	16	16	f	t	0	\N	\N
684	2017-05-11 14:06:01	2017-05-11 14:06:01	Suggested Theme & Style	Suggested Theme & Style	Help designers find the right spirit. A theme can be the name of a song	\N		ContestType	2	16	16	f	t	0	\N	\N
685	2017-05-11 14:06:01	2017-05-11 14:06:01	Things To Include	Things To Include	Things designers should include in their creation	\N		ContestType	1	16	16	f	t	0	\N	\N
686	2017-05-11 14:06:01	2017-05-11 14:06:01	Things To Avoid	Things To Avoid	Things designers should specifically avoid.  Examples: No photos of the band. No literal interpretations. Avoid using photographs.	\N		ContestType	1	16	16	f	t	0	\N	\N
687	2017-05-11 14:06:02	2017-05-11 14:06:02	Style Guidelines	Style Guidelines		\N	Quiet, Loud	ContestType	12	16	16	f	t	0	\N	\N
688	2017-05-11 14:06:02	2017-05-11 14:06:02	Required Text	Required Text	You'll get better designs and more designs when you require less text.	\N		ContestType	2	16	16	f	t	0	\N	\N
689	2017-05-11 14:06:02	2017-05-11 14:06:02	Company or Website Name	Your Company or Website Name	E.g. Some name	\N		ContestType	1	17	17	f	t	0	\N	\N
690	2017-05-11 14:06:02	2017-05-11 14:06:02	Slogan	Do you want any slogans or taglines on your logo?	Leave this blank if you don't have a slogan	\N		ContestType	1	17	17	f	t	0	\N	\N
691	2017-05-11 14:06:02	2017-05-11 14:06:02	Target Audience	Describe your company and organization and target audience. 	Be as detailed as possible.	\N		ContestType	2	17	17	f	t	0	\N	\N
692	2017-05-11 14:06:02	2017-05-11 14:06:02	Communicate to designers	What would you like to communicate to the designers?	Let the designers know what you would like in your entries.	\N		ContestType	2	17	17	f	t	0	\N	\N
693	2017-05-11 14:06:02	2017-05-11 14:06:02	Things to Avoid	I do not want this in the entries	If you would rather not see something in your design, put it here.	\N		ContestType	2	17	17	f	t	0	\N	\N
786	2017-05-11 14:06:03	2017-05-11 14:06:03	Look & Feel for your design	Look and Feel Slider		\N	Elegant,Bold	ContestType	12	27	27	f	t	0	\N	\N
694	2017-05-11 14:06:02	2017-05-11 14:06:02	Logo Usage	How will this logo be used?		\N	Print (business cards\\\\, letterheads\\\\, brochures etc.), Online (website\\\\, online advertising\\\\, banner ads etc.), Merchandise (mugs\\\\, t-shirts etc.), Signs (including shops\\\\, billboards etc.), Television/screen	ContestType	4	17	17	f	t	0	\N	\N
695	2017-05-11 14:06:02	2017-05-11 14:06:02	Logo Communicate	What values should your logo communicate?	Adjust the sliders to the value you prefer.	\N	Feminine,Masculine	ContestType	12	17	17	f	t	0	\N	\N
696	2017-05-11 14:06:02	2017-05-11 14:06:02	Colors of Logo	What colors would you like to see in your logo?		\N		ContestType	11	17	17	f	t	0	\N	\N
697	2017-05-11 14:06:02	2017-05-11 14:06:02	Brief Summary	Type a very brief summary of this contest:		\N		ContestType	1	17	17	f	t	0	\N	\N
698	2017-05-11 14:06:02	2017-05-11 14:06:02	Types of file you will get	Types of file you will get		\N		ContestType	1	18	18	f	t	0	\N	\N
699	2017-05-11 14:06:02	2017-05-11 14:06:02	Company Name	Your Company or Website Name		\N		ContestType	1	18	18	f	t	0	\N	\N
700	2017-05-11 14:06:02	2017-05-11 14:06:02	Website link	Do you have a link to your website?		\N		ContestType	1	18	18	f	t	0	\N	\N
701	2017-05-11 14:06:02	2017-05-11 14:06:02	About your organization	Describe your company and organization and target audience. 		\N		ContestType	2	18	18	f	t	0	\N	\N
702	2017-05-11 14:06:02	2017-05-11 14:06:02	Communication to the designer	What would you like to communicate to the designers?		\N		ContestType	2	18	18	f	t	0	\N	\N
703	2017-05-11 14:06:02	2017-05-11 14:06:02	I do not want this in the entries	I do not want this in the entries		\N		ContestType	2	18	18	f	t	0	\N	\N
704	2017-05-11 14:06:02	2017-05-11 14:06:02	Color	What colors would you like to see in your design?		\N		ContestType	1	18	18	f	t	0	\N	\N
705	2017-05-11 14:06:02	2017-05-11 14:06:02	Common associations in western culture	Common associations in western culture		\N		ContestType	2	18	18	f	t	0	\N	\N
706	2017-05-11 14:06:02	2017-05-11 14:06:02	Upload files	Upload files		\N		ContestType	8	18	18	f	t	0	\N	\N
707	2017-05-11 14:06:02	2017-05-11 14:06:02	Sumary	Type a very brief summary of this contest		\N		ContestType	1	18	18	f	t	0	\N	\N
708	2017-05-11 14:06:02	2017-05-11 14:06:02	Contact Name	Contact Name		\N		ContestType	1	18	18	f	t	0	\N	\N
709	2017-05-11 14:06:02	2017-05-11 14:06:02	Contact Phone Number	Contact Phone Number		\N		ContestType	1	18	18	f	t	0	\N	\N
710	2017-05-11 14:06:02	2017-05-11 14:06:02	Things To Avoid	I do not want this in the entries	If you would rather not see something in your design, put it here.	\N		ContestType	2	19	19	f	t	0	\N	\N
711	2017-05-11 14:06:02	2017-05-11 14:06:02	Company or Website Name	Your Company or Website Name	E.g. Some name	\N		ContestType	1	19	19	f	t	0	\N	\N
712	2017-05-11 14:06:02	2017-05-11 14:06:02	Company name in design	Company name that will be on the design?		\N		ContestType	1	19	19	f	t	0	\N	\N
713	2017-05-11 14:06:02	2017-05-11 14:06:02	Target Audience	Describe your company and organization and target audience	Be as detailed as possible.	\N		ContestType	2	19	19	f	t	0	\N	\N
714	2017-05-11 14:06:02	2017-05-11 14:06:02	Communicate to designers	What would you like to communicate to the designers?	Let the designers know what you would like in your entries.	\N		ContestType	2	19	19	f	t	0	\N	\N
715	2017-05-11 14:06:02	2017-05-11 14:06:02	Colors	What colors would you like to see in your design?		\N		ContestType	11	19	19	f	t	0	\N	\N
716	2017-05-11 14:06:02	2017-05-11 14:06:02	Brief Summary	Type a very brief summary of this contest		\N		ContestType	1	19	19	f	t	0	\N	\N
717	2017-05-11 14:06:02	2017-05-11 14:06:02	Company Name	Your Company or Website Name		\N		ContestType	1	20	20	f	t	0	\N	\N
718	2017-05-11 14:06:02	2017-05-11 14:06:02	Name in your design	Company name that will be on the design?		\N		ContestType	1	20	20	f	t	0	\N	\N
719	2017-05-11 14:06:02	2017-05-11 14:06:02	Describe audience	Describe your company and organization and target audience.		\N		ContestType	2	20	20	f	t	0	\N	\N
720	2017-05-11 14:06:02	2017-05-11 14:06:02	Communication to the designer	What would you like to communicate to the designers?		\N		ContestType	2	20	20	f	t	0	\N	\N
721	2017-05-11 14:06:02	2017-05-11 14:06:02	I do not want this in the entries	I do not want this in the entries		\N		ContestType	2	20	20	f	t	0	\N	\N
722	2017-05-11 14:06:02	2017-05-11 14:06:02	Color	What colors would you like to see in your design?		\N		ContestType	1	20	20	f	t	0	\N	\N
723	2017-05-11 14:06:02	2017-05-11 14:06:02	Common associations in western culture	Common associations in western culture		\N		ContestType	2	20	20	f	t	0	\N	\N
724	2017-05-11 14:06:02	2017-05-11 14:06:02	Types of file you will get	Types of file you will get		\N		ContestType	1	20	20	f	t	0	\N	\N
725	2017-05-11 14:06:02	2017-05-11 14:06:02	Upload files	Upload files		\N		ContestType	8	20	20	f	t	0	\N	\N
726	2017-05-11 14:06:02	2017-05-11 14:06:02	Sumary	Type a very brief summary of this contest		\N		ContestType	2	20	20	f	t	0	\N	\N
727	2017-05-11 14:06:02	2017-05-11 14:06:02	Contact Name	Contact Name		\N		ContestType	1	20	20	f	t	0	\N	\N
728	2017-05-11 14:06:02	2017-05-11 14:06:02	Contact Phone Number	Contact Phone Number		\N		ContestType	1	20	20	f	t	0	\N	\N
729	2017-05-11 14:06:02	2017-05-11 14:06:02	Business Name	Business Name	(Exact text that will be in your logo design)	\N		ContestType	1	22	21	f	t	0	\N	\N
730	2017-05-11 14:06:02	2017-05-11 14:06:02	Slogan	Slogan - Tagline		\N		ContestType	1	22	21	f	t	0	\N	\N
731	2017-05-11 14:06:02	2017-05-11 14:06:02	Description	Description		\N		ContestType	2	22	21	f	t	0	\N	\N
732	2017-05-11 14:06:02	2017-05-11 14:06:02	Communicate to designers	The top three things you want to communicate through your logo		\N		ContestType	2	22	21	f	t	0	\N	\N
733	2017-05-11 14:06:02	2017-05-11 14:06:02	Target Audience	Please describe the target audience for your logo	Give some specific details about your design: Demographics: Age, Sex, Location,  Income, Occupation, Education, Industry, Lifestyle, Interests, Behavior, Opinions. 	\N		ContestType	2	22	21	f	t	0	\N	\N
734	2017-05-11 14:06:02	2017-05-11 14:06:02	Colors	Please describe the colors you would like to see (or not see) in your logo or leave blank to leave color choices up to the designer.		\N		ContestType	11	22	21	f	t	0	\N	\N
735	2017-05-11 14:06:02	2017-05-11 14:06:02	Design Preference Sliders	Design Preference Sliders		\N	Feminine,Masculine	ContestType	12	22	21	f	t	0	\N	\N
736	2017-05-11 14:06:02	2017-05-11 14:06:02	Logo Usage	Where will your logo be used ?		\N	Web, Print, Signage and Billboards, Television, Imprinted Promotional Products 	ContestType	4	22	21	f	t	0	\N	\N
737	2017-05-11 14:06:02	2017-05-11 14:06:02	Brandname For Logo	Which brandname do you want in your logo?	Example: Acme Inc.	\N		ContestType	1	21	22	f	t	0	\N	\N
738	2017-05-11 14:06:02	2017-05-11 14:06:02	Slogan or Tagline	Do you have a slogan or tagline to be incorporated in the logo?	If you don't have a slogan, just leave this empty.	\N		ContestType	1	21	22	f	t	0	\N	\N
739	2017-05-11 14:06:02	2017-05-11 14:06:02	Company or Product and your Target Market. 	Tell us about your company or product, and your target market. 	Example: We sell anvils and other industrial goods to manufacturing companies and hobbyists all over the world.	\N		ContestType	1	21	22	f	t	0	\N	\N
740	2017-05-11 14:06:02	2017-05-11 14:06:02	Design 	What are you looking for in a design?		\N		ContestType	2	21	22	f	t	0	\N	\N
742	2017-05-11 14:06:02	2017-05-11 14:06:02	Allow ClipArt	Do you want to allow ClipArt	Yes - Designers may use pre-fabricated, royalty-free clip art in the design. No - Designers must be creative and original with the entire design.	\N	Yes, No	ContestType	5	21	22	f	t	0	\N	\N
743	2017-05-11 14:06:02	2017-05-11 14:06:02	Colors & Inspirations	Colors & Inspirations	Do you have specific colors or images in mind? If not, just skip this step	\N		ContestType	11	21	22	f	t	0	\N	\N
744	2017-05-11 14:06:02	2017-05-11 14:06:02	Sample Image	Sample Image		\N		ContestType	8	21	22	f	t	0	\N	\N
745	2017-05-11 14:06:03	2017-05-11 14:06:03	Business name	Business name		\N		ContestType	1	23	23	f	t	0	\N	\N
746	2017-05-11 14:06:03	2017-05-11 14:06:03	Slogan (optional)	Slogan (optional)		\N		ContestType	1	23	23	f	t	0	\N	\N
747	2017-05-11 14:06:03	2017-05-11 14:06:03	Briefly describe your business:	Briefly describe your business:		\N		ContestType	2	23	23	f	t	0	\N	\N
748	2017-05-11 14:06:03	2017-05-11 14:06:03	Industry type	Industry type		\N	Accounting,Automotive,Beauty,Construction,Consulting,Education,Entertainment,Events,Financial and Insurance,Home and Garden,Legal,Manufacturing and Wholesale,Media\\\\,Medical and Dental,Natural Resources,Non-Profit,Real Estate,Religious,Restaurant,Retail,Service Industries,Sports and Recreation,Technology,Travel and Hospitality,Other	ContestType	3	23	23	f	t	0	\N	\N
749	2017-05-11 14:06:03	2017-05-11 14:06:03	Target Market for your logo	Target Market for your logo		\N		ContestType	2	23	23	f	t	0	\N	\N
750	2017-05-11 14:06:03	2017-05-11 14:06:03	Top 3 things to communicate through your logo	Top 3 things to communicate through your logo		\N		ContestType	1	23	23	f	t	0	\N	\N
751	2017-05-11 14:06:03	2017-05-11 14:06:03	What values should your logo communicate?	What values should your logo communicate?		\N	Feminine,Masculine	ContestType	12	23	23	f	t	0	\N	\N
752	2017-05-11 14:06:03	2017-05-11 14:06:03	Please describe the colors you would like to see in your logo	Please describe the colors you would like to see in your logo		\N		ContestType	2	23	23	f	t	0	\N	\N
753	2017-05-11 14:06:03	2017-05-11 14:06:03	Share	Share if you have a logo idea or some additional information that would be useful to the designers (optional)		\N		ContestType	2	23	23	f	t	0	\N	\N
754	2017-05-11 14:06:03	2017-05-11 14:06:03	Upload File	Do you have some documents that might be helpful to include in your contest? 		\N		ContestType	8	23	23	f	t	0	\N	\N
755	2017-05-11 14:06:03	2017-05-11 14:06:03	Where will your logo be used?	Where will your logo be used?		\N	Billboards & Signs,Mobile/Tablet App,Mugs,T-shirts,Print Television Web  	ContestType	4	23	23	f	t	0	\N	\N
756	2017-05-11 14:06:03	2017-05-11 14:06:03	Logo Text	Logo Text	What do you want your logo to say on it	\N		ContestType	1	24	24	f	t	0	\N	\N
757	2017-05-11 14:06:03	2017-05-11 14:06:03	Must Have	Must Have	Tell the designers what is compulsory to have in their designs.	\N		ContestType	2	24	24	f	t	0	\N	\N
758	2017-05-11 14:06:03	2017-05-11 14:06:03	Nice to Haves	Nice to Haves	Tell the designers some ideas you would like to see.	\N		ContestType	2	24	24	f	t	0	\N	\N
759	2017-05-11 14:06:03	2017-05-11 14:06:03	Should Not Haves	Should Not Haves	Rule out things you definitely don't want to see and be specific.	\N		ContestType	2	24	24	f	t	0	\N	\N
760	2017-05-11 14:06:03	2017-05-11 14:06:03	Look and Feel Slider	Look and Feel Slider		\N	Elegant,Bold	ContestType	12	24	24	f	t	0	\N	\N
761	2017-05-11 14:06:03	2017-05-11 14:06:03	Target Market	Target Market	Who is the audience for your design or buyer of your product?	\N		ContestType	2	24	24	f	t	0	\N	\N
762	2017-05-11 14:06:03	2017-05-11 14:06:03	Files	Upload Files		\N		ContestType	8	24	24	f	t	0	\N	\N
764	2017-05-11 14:06:03	2017-05-11 14:06:03	Slogan (optional)	Slogan (optional)		\N		ContestType	1	23	25	f	t	0	\N	\N
765	2017-05-11 14:06:03	2017-05-11 14:06:03	Briefly describe your business:	Briefly describe your business:		\N		ContestType	2	23	25	f	t	0	\N	\N
766	2017-05-11 14:06:03	2017-05-11 14:06:03	Industry type	Industry type		\N	Accounting,Automotive,Beauty,Construction,Consulting,Education,Entertainment,Events,Financial and Insurance,Home and Garden,Legal,Manufacturing and Wholesale,Media\\\\,Medical and Dental,Natural Resources,Non-Profit,Real Estate,Religious,Restaurant,Retail,Service Industries,Sports and Recreation,Technology,Travel and Hospitality,Other	ContestType	3	23	25	f	t	0	\N	\N
767	2017-05-11 14:06:03	2017-05-11 14:06:03	Target Market for your logo	Target Market for your logo		\N		ContestType	2	23	25	f	t	0	\N	\N
768	2017-05-11 14:06:03	2017-05-11 14:06:03	Top 3 things to communicate through your logo	Top 3 things to communicate through your logo		\N		ContestType	1	23	25	f	t	0	\N	\N
769	2017-05-11 14:06:03	2017-05-11 14:06:03	What values should your logo communicate?	What values should your logo communicate?		\N	Feminine,Masculine	ContestType	12	23	25	f	t	0	\N	\N
770	2017-05-11 14:06:03	2017-05-11 14:06:03	Please describe the colors you would like to see in your logo	Please describe the colors you would like to see in your logo		\N		ContestType	2	23	25	f	t	0	\N	\N
771	2017-05-11 14:06:03	2017-05-11 14:06:03	Share	Share if you have a logo idea or some additional information that would be useful to the designers (optional)		\N		ContestType	2	23	25	f	t	0	\N	\N
772	2017-05-11 14:06:03	2017-05-11 14:06:03	Upload File	Do you have some documents that might be helpful to include in your contest? 		\N		ContestType	8	23	25	f	t	0	\N	\N
773	2017-05-11 14:06:03	2017-05-11 14:06:03	Where will your logo be used?	Where will your logo be used?		\N	Billboards & Signs,Mobile/Tablet App,Mugs,T-shirts,Print Television Web  	ContestType	4	23	25	f	t	0	\N	\N
774	2017-05-11 14:06:03	2017-05-11 14:06:03	Must Have	Must Have	Tell the designers what is compulsory to have in their designs.	\N		ContestType	2	25	26	f	t	0	\N	\N
775	2017-05-11 14:06:03	2017-05-11 14:06:03	Nice to Haves	Nice to Haves	Tell the designers some ideas you would like to see.	\N		ContestType	2	25	26	f	t	0	\N	\N
776	2017-05-11 14:06:03	2017-05-11 14:06:03	Should Not Haves	Should Not Haves	Rule out things you definitely don't want to see and be specific.	\N		ContestType	2	25	26	f	t	0	\N	\N
777	2017-05-11 14:06:03	2017-05-11 14:06:03	Look and Feel Slider	Look and Feel Slider		\N	Elegant,Bold	ContestType	12	25	26	f	t	0	\N	\N
778	2017-05-11 14:06:03	2017-05-11 14:06:03	Target Market	Target Market	Who is the audience for your design or buyer of your product?	\N		ContestType	2	25	26	f	t	0	\N	\N
779	2017-05-11 14:06:03	2017-05-11 14:06:03	Files	Upload Files		\N		ContestType	8	25	26	f	t	0	\N	\N
780	2017-05-11 14:06:03	2017-05-11 14:06:03	Task description	Task description		\N		ContestType	2	27	27	f	t	0	\N	\N
781	2017-05-11 14:06:03	2017-05-11 14:06:03	Name your project	Name your project		\N		ContestType	1	27	27	f	t	0	\N	\N
782	2017-05-11 14:06:03	2017-05-11 14:06:03	Project duration	Project duration		\N	2 days,5 days,10 days,15 days	ContestType	3	27	27	f	t	0	\N	\N
783	2017-05-11 14:06:03	2017-05-11 14:06:03	Must Have	Must Have		\N		ContestType	2	27	27	f	t	0	\N	\N
784	2017-05-11 14:06:03	2017-05-11 14:06:03	Nice to Haves	Nice to Haves		\N		ContestType	2	27	27	f	t	0	\N	\N
785	2017-05-11 14:06:03	2017-05-11 14:06:03	Should Not Haves	Should Not Haves		\N		ContestType	2	27	27	f	t	0	\N	\N
789	2017-05-11 14:06:03	2017-05-11 14:06:03	Files	Upload Files		\N		ContestType	8	28	28	f	t	0	\N	\N
790	2017-05-11 14:06:03	2017-05-11 14:06:03	Must Have	Must Have	Tell the designers what is compulsory to have in their designs.	\N		ContestType	2	28	28	f	t	0	\N	\N
791	2017-05-11 14:06:03	2017-05-11 14:06:03	Nice to Haves	Nice to Haves	Tell the designers some ideas you would like to see.	\N		ContestType	2	28	28	f	t	0	\N	\N
792	2017-05-11 14:06:03	2017-05-11 14:06:03	Should Not Haves	Should Not Haves	Rule out things you definitely don't want to see and be specific.	\N		ContestType	2	28	28	f	t	0	\N	\N
793	2017-05-11 14:06:03	2017-05-11 14:06:03	Look and Feel Slider	Look and Feel Slider		\N	Elegant,Bold	ContestType	12	28	28	f	t	0	\N	\N
794	2017-05-11 14:06:03	2017-05-11 14:06:03	Target Market	Target Market	Who is the audience for your design or buyer of your product?	\N		ContestType	2	28	28	f	t	0	\N	\N
795	2017-05-11 14:06:03	2017-05-11 14:06:03	Must Have	Must Have	Tell the designers what is compulsory to have in their designs.	\N		ContestType	2	26	29	f	t	0	\N	\N
796	2017-05-11 14:06:03	2017-05-11 14:06:03	Nice to Haves	Nice to Haves	Tell the designers some ideas you would like to see.	\N		ContestType	2	26	29	f	t	0	\N	\N
797	2017-05-11 14:06:03	2017-05-11 14:06:03	Should Not Haves	Should Not Haves	Rule out things you definitely don't want to see and be specific.	\N		ContestType	2	26	29	f	t	0	\N	\N
798	2017-05-11 14:06:03	2017-05-11 14:06:03	Look and Feel Slider	Look and Feel Slider		\N	Elegant, Bold	ContestType	12	26	29	f	t	0	\N	\N
799	2017-05-11 14:06:03	2017-05-11 14:06:03	Target Market	Target Market	Who is the audience for your design or buyer of your product?	\N		ContestType	2	26	29	f	t	0	\N	\N
800	2017-05-11 14:06:03	2017-05-11 14:06:03	Files	Upload Files		\N		ContestType	8	26	29	f	t	0	\N	\N
801	2017-05-11 14:06:03	2017-05-11 14:06:03	Options	Options		\N	Voiceover required?,Music required?,NDA required?	ContestType	4	29	30	f	t	0	\N	\N
802	2017-05-11 14:06:03	2017-05-11 14:06:03	Client name	Client name		\N		ContestType	1	29	30	f	t	0	\N	\N
803	2017-05-11 14:06:03	2017-05-11 14:06:03	Client URL	Client URL		\N		ContestType	1	29	30	f	t	0	\N	\N
804	2017-05-11 14:06:03	2017-05-11 14:06:03	Brief	Brief		\N		ContestType	2	29	30	f	t	0	\N	\N
805	2017-05-11 14:06:03	2017-05-11 14:06:03	Supporting files	Supporting files	Upload any files or documents that may help creatives understand your project better. 	\N		ContestType	8	29	30	f	t	0	\N	\N
\.


--
-- Name: form_fields_id_seq; Type: SEQUENCE SET; Schema: public; Owner: -
--

SELECT pg_catalog.setval('form_fields_id_seq', 805, true);


--
-- Data for Name: hire_requests; Type: TABLE DATA; Schema: public; Owner: -
--

COPY hire_requests (id, created_at, updated_at, user_id, requested_user_id, foreign_id, class, message) FROM stdin;
\.


--
-- Name: hire_requests_id_seq; Type: SEQUENCE SET; Schema: public; Owner: -
--

SELECT pg_catalog.setval('hire_requests_id_seq', 1, false);


--
-- Data for Name: input_types; Type: TABLE DATA; Schema: public; Owner: -
--

COPY input_types (id, created_at, updated_at, name, value) FROM stdin;
3	2009-10-22 13:21:46	2009-10-22 13:21:46	Select Box	select
4	2009-11-12 14:51:51	2009-11-12 14:51:51	Check Boxes	checkbox
5	2009-11-12 14:51:51	2009-11-12 14:51:51	Radio Buttons	radio
6	2009-11-12 15:03:10	2009-11-12 15:03:10	Date Picker	datepicker
7	2009-11-12 15:03:10	2009-11-12 15:03:10	Time Picker	timepicker
8	2016-12-10 15:38:30	2016-12-10 15:38:30	File Upload	file
9	2016-12-10 15:39:12	2016-12-10 15:39:12	Datetime Picker	datetime
10	2016-12-10 15:40:22	2016-12-10 15:40:22	Multiple Option Select Box	multiselect
11	2016-12-10 15:40:56	2016-12-10 15:40:56	Color Picker	color
12	2016-12-10 15:41:34	2016-12-10 15:41:34	Slider	slider
1	2009-10-22 13:21:46	2009-10-22 13:21:46	Single Line of Text	textInput
2	2009-10-22 13:21:46	2009-10-22 13:21:46	Multiple Lines of Text	textArea
\.


--
-- Name: input_types_id_seq; Type: SEQUENCE SET; Schema: public; Owner: -
--

SELECT pg_catalog.setval('input_types_id_seq', 12, true);


--
-- Data for Name: ips; Type: TABLE DATA; Schema: public; Owner: -
--

COPY ips (id, created_at, updated_at, ip, host, city_id, state_id, country_id, timezone_id, latitude, longitude) FROM stdin;
1	2016-12-10 11:32:10	2016-12-10 11:32:10	127.0.0.1	localhost	\N	\N	\N	\N	\N	\N
\.


--
-- Name: ips_id_seq; Type: SEQUENCE SET; Schema: public; Owner: -
--

SELECT pg_catalog.setval('ips_id_seq', 1, true);


--
-- Data for Name: job_applies; Type: TABLE DATA; Schema: public; Owner: -
--

COPY job_applies (id, created_at, updated_at, job_id, user_id, job_apply_status_id, cover_letter, total_resume_rating, resume_rating_count, ip_id) FROM stdin;
1	2017-04-29 13:19:26	2017-04-29 13:19:26	3	3	1	I am interested you this position at your company. I am currently employed. I believe that the skills and experiences I have gained at this position make me an ideal candidate for this job.	0	0	1
2	2017-04-29 13:20:14	2017-04-29 13:20:14	3	4	1	I am interested you this position at your company. I am currently employed. I have gained at this position make me an ideal candidate for this job.	0	0	1
4	2017-04-29 13:21:09	2017-04-29 13:21:09	7	2	1	I am interested you this position at your company. I am currently employed. I believe that the skills and experiences I have gained at this position make me an ideal candidate for this job.	0	0	1
3	2017-04-29 13:20:36	2017-04-29 13:21:21	4	4	3	I am interested you this position at your company. I am currently employed. I believe that the skills and experiences I have gained at this position make me an ideal candidate for this job.	0	0	1
\.


--
-- Name: job_applies_id_seq; Type: SEQUENCE SET; Schema: public; Owner: -
--

SELECT pg_catalog.setval('job_applies_id_seq', 4, true);


--
-- Data for Name: job_applies_portfolios; Type: TABLE DATA; Schema: public; Owner: -
--

COPY job_applies_portfolios (id, job_apply_id, portfolio_id) FROM stdin;
\.


--
-- Name: job_applies_portfolios_id_seq; Type: SEQUENCE SET; Schema: public; Owner: -
--

SELECT pg_catalog.setval('job_applies_portfolios_id_seq', 1, false);


--
-- Data for Name: job_apply_clicks; Type: TABLE DATA; Schema: public; Owner: -
--

COPY job_apply_clicks (id, created_at, updated_at, user_id, job_id, ip_id) FROM stdin;
\.


--
-- Name: job_apply_clicks_id_seq; Type: SEQUENCE SET; Schema: public; Owner: -
--

SELECT pg_catalog.setval('job_apply_clicks_id_seq', 1, false);


--
-- Data for Name: job_apply_statuses; Type: TABLE DATA; Schema: public; Owner: -
--

COPY job_apply_statuses (id, created_at, updated_at, name, slug) FROM stdin;
1	2014-04-02 16:47:52	2014-04-02 16:47:52	New	new
2	2014-04-02 16:47:52	2014-04-02 16:47:52	Inprocess	inprocess
3	2014-04-02 16:48:33	2014-04-02 16:48:33	Selected	selected
4	2014-04-02 16:48:33	2014-04-02 16:48:33	Rejected	rejected
\.


--
-- Name: job_apply_statuses_id_seq; Type: SEQUENCE SET; Schema: public; Owner: -
--

SELECT pg_catalog.setval('job_apply_statuses_id_seq', 4, true);


--
-- Data for Name: job_categories; Type: TABLE DATA; Schema: public; Owner: -
--

COPY job_categories (id, created_at, updated_at, name, slug, job_count, is_active, active_job_count) FROM stdin;
1	2014-04-02 16:56:45	2014-04-02 16:56:45	Accounting/Finance/Insurance	accounting-finance-insurance	0	t	0
2	2014-04-02 16:56:45	2014-04-02 16:56:45	Administrative/Clerical	administrative-clerical	0	t	0
3	2014-04-02 16:56:45	2014-04-02 16:56:45	Banking/Real Estate/Mortgage Professionals	banking-real-estate-mortgage-professionals	0	t	0
4	2014-04-02 16:56:45	2014-04-02 16:56:45	Biotech/R&D/Science	biotech-r-d-science	0	t	0
5	2014-04-02 16:56:45	2014-04-02 16:56:45	Building Construction/Skilled Trades	building-construction-skilled-trades	0	t	0
7	2014-04-02 16:56:45	2014-04-02 16:56:45	Creative/Design	creative-design	0	t	0
8	2014-04-02 16:56:45	2014-04-02 16:56:45	Customer Support/Client Care	customer-support-client-care	0	t	0
9	2014-04-02 16:56:45	2014-04-02 16:56:45	Editorial/Writing	editorial-writing	0	t	0
10	2014-04-02 16:56:45	2014-04-02 16:56:45	Education/Training	education-training	0	t	0
11	2014-04-02 16:56:45	2014-04-02 16:56:45	Engineering	engineering	0	t	0
12	2014-04-02 16:56:45	2014-04-02 16:56:45	Food Services/Hospitality	food-services-hospitality	0	t	0
13	2014-04-02 16:56:45	2014-04-02 16:56:45	Human Resources	human-resources	0	t	0
14	2014-04-02 16:56:45	2014-04-02 16:56:45	Installation/Maintenance/Repair	installation-maintenance-repair	0	t	0
16	2014-04-02 16:56:45	2014-04-02 16:56:45	Legal	legal	0	t	0
17	2014-04-02 16:56:45	2014-04-02 16:56:45	Logistics/Transportation	logistics-transportation	0	t	0
18	2014-04-02 16:56:45	2014-04-02 16:56:45	Manufacturing/Production/Operations	manufacturing-production-operations	0	t	0
19	2014-04-02 16:56:45	2014-04-02 16:56:45	Marketing/Product	marketing-product	0	t	0
20	2014-04-02 16:56:45	2014-04-02 16:56:45	Medical/Health	medical-health	0	t	0
21	2014-04-02 16:56:45	2014-04-02 16:56:45	Project/Program Management	project-program-management	0	t	0
22	2014-04-02 16:56:45	2014-04-02 16:56:45	Quality Assurance/Safety	quality-assurance-safety	0	t	0
24	2014-04-02 16:56:45	2014-04-02 16:56:45	Security/Protective Services	security-protective-services	0	t	0
25	2014-04-02 16:56:45	2014-04-02 16:56:45	Other	other	0	t	0
15	2014-04-02 16:56:45	2017-04-29 13:01:31	IT/Software Development	it-software-development	4	t	1
23	2014-04-02 16:56:45	2017-04-29 13:08:56	Sales/Retail/Business Development	sales-retail-business-development	2	t	0
6	2014-04-02 16:56:45	2017-04-29 13:13:29	Business/Strategic Management	business-strategic-management	1	t	0
\.


--
-- Name: job_categories_id_seq; Type: SEQUENCE SET; Schema: public; Owner: -
--

SELECT pg_catalog.setval('job_categories_id_seq', 25, true);


--
-- Data for Name: job_statuses; Type: TABLE DATA; Schema: public; Owner: -
--

COPY job_statuses (id, created_at, updated_at, name, slug, job_count) FROM stdin;
1	2014-04-02 16:44:23	2014-04-02 16:44:23	Draft	draft	0
2	2014-04-02 16:44:23	2014-04-02 16:44:23	Payment Pending	payment-pending	0
3	2014-04-02 16:44:59	2014-04-02 16:44:59	Pending Approval	pending-approval	0
4	2014-04-02 16:44:59	2014-04-02 16:44:59	Open	open	0
5	2014-04-02 16:45:30	2014-04-02 16:45:30	Inactive by Employer	canceled-by-employer 	0
6	2014-04-02 16:45:30	2014-04-02 16:45:30	Expired	expired	0
7	2014-04-02 16:45:42	2014-04-02 16:45:42	Archived	archived	0
8	2017-04-25 16:45:42	2017-04-25 16:45:42	Canceled By Admin	canceled--by-admin	0
\.


--
-- Name: job_statuses_id_seq; Type: SEQUENCE SET; Schema: public; Owner: -
--

SELECT pg_catalog.setval('job_statuses_id_seq', 8, true);


--
-- Data for Name: job_types; Type: TABLE DATA; Schema: public; Owner: -
--

COPY job_types (id, created_at, updated_at, name, slug, is_active) FROM stdin;
1	2014-04-02 17:03:45	2014-04-02 17:03:45	Full Time	full-time	t
2	2014-04-02 17:03:45	2014-04-02 17:03:45	Part Time	part-time	t
3	2014-04-02 17:03:57	2014-04-02 17:03:57	Freelance	freelance	t
\.


--
-- Name: job_types_id_seq; Type: SEQUENCE SET; Schema: public; Owner: -
--

SELECT pg_catalog.setval('job_types_id_seq', 3, true);


--
-- Data for Name: jobs; Type: TABLE DATA; Schema: public; Owner: -
--

COPY jobs (id, created_at, updated_at, user_id, job_status_id, job_type_id, job_category_id, title, slug, description, address, address1, city_id, state_id, country_id, zip_code, latitude, longitude, salary_from, salary_to, salary_type_id, is_show_salary, last_date_to_apply, no_of_opening, company_name, ip_id, apply_via, job_url, featured_fee, urgent_fee, zazpay_revised_amount, payment_gateway_id, zazpay_gateway_id, zazpay_payment_id, zazpay_pay_key, job_apply_click_count, job_apply_count, is_featured, is_urgent, is_paid, company_website, view_count, flag_count, full_address, total_listing_fee, is_notification_sent, paypal_pay_key, job_open_date, minimum_experience, maximum_experience) FROM stdin;
1	2017-04-29 12:39:38	2017-04-29 12:55:19	2	4	1	15	Graphic Designing & 3D Rendering	graphic-designing-3d-rendering	<p style="font-size: 13.3333px;">Appreciation of the power of design is in everything we do. We believe, design is as much about behaviour and emotion, as it is about utility and ease. Our team enriches product direction and crafts pixel-perfect output that is simple, elegant and with a sense of caprice. Our engineering team moves swiftly to create extensive &amp; innovative ideas. Were playful, fun, helpful, and absolutely serious.</p><p style="font-size: 13.3333px;">Sound like your type of space? Join us if you be the same too.</p><p style="font-size: 13.3333px;">We are looking out for young and talented individual designers to join our team. He/ She should be well versed with PHOTOSHOP, ILLUSTRATOR/ CORAL DRAW &amp; 3DS MAX.</p><p style="font-size: 13.3333px;">We are an Art &amp; Architecture company!Looking forward to bring the best of you.</p>	Long Island City, Queens, NY, USA	Long Island City	351	5493	240	E152LL	40.7446789999999979	-73.9485423999999938	30000	50000	2	t	2017-09-27	20	Zeky design & technologies Pvt Ltd	1	via_our_site	\N	0.00	0.00	\N	1	\N	\N		0	0	t	t	\N	https://www.agriya.com/careers	3	0	Long Island City,New York,New York,United States,E152LL	15	t	\N	\N	\N	\N
2	2017-04-29 12:50:36	2017-04-29 12:55:21	2	4	1	15	Senior Graphic Designer	senior-graphic-designer	<p style="font-size: 13.3333px;">We are looking for a creative Graphic designer with up-to-date knowledge to interpret our clients needs and to design solutions with high visual impact. You will work on a variety of products, including websites, books, magazines, product packaging, websites, exhibitions, corporate identity etc. and you will cooperate with our designers and sales team.</p><p style="font-size: 13.3333px;">The goal is to get the clients message across.</p><p style="font-size: 13.3333px;"><b>Responsibilities</b></p><ul style="font-size: 13.3333px;"><li>Cultivate a solid body of work</li><li>Take the design brief to record requirements and clients needs</li><li>Schedule project implementation and define budget constraints</li><li>Work with a wide range of media and use graphic design software</li><li>Think creatively and develop new design concepts, graphics and layouts</li><li>Prepare rough drafts and present your ideas</li><li>Amend final designs to clients comments and gain full approval</li><li>Work as part of a team with copywriters, designers, stylists, executives etc.</li></ul><p style="font-size: 13.3333px;"><b>Requirements</b></p><ul style="font-size: 13.3333px;"><li>Proven graphic designing experience</li><li>Possession of creative flair, versatility, conceptual/visual ability and originality</li><li>Demonstrable graphic design skills with a strong portfolio</li><li>Ability to interact, communicate and present ideas</li><li>Up to date with industry leading software and technologies (In Design, Illustrator, Dreamweaver, Photoshop etc)</li><li>Highly proficient in all design aspects</li><li>Professionalism regarding time, costs and deadlines</li></ul>	Via Industriale, 2/4, 25030 Corzano BS, Italy	Cidneo Meccanica S.R.L.	356	5499	109	25030	45.449444800000002	10.0105062999999994	20000	40000	2	t	2017-07-06	20	Billion Creations Private Limited	1	via_our_site	\N	0.00	0.00	\N	\N	\N	\N		0	0	t	t	\N	https://www.agriya.com/careers	2	0	Cidneo Meccanica S.R.L.,Lombardia,Lombardia,Italy,25030	15	t	\N	\N	\N	\N
3	2017-04-29 12:58:07	2017-04-29 13:20:15	2	4	1	15	UX Developer in HTML 5, CSS 3, AngularJS, Jquery	ux-developer-in-html-5-css-3-angularjs-jquery	<p style="font-size: 13.3333px;"><b>Skills &amp; Qualifications</b></p><ul style="font-size: 13.3333px;"><li>Proven work experience as a Front-end developer</li><li>Proficient understanding of web markup, including <b>HTML5, CSS3,</b> <b>JavaScript</b> and jQuery including CSS frameworks, such as <b>Material Design</b> and <b>Bootstrap</b></li><li>Basic understanding of server-side CSS pre-processing platforms, such as LESS and SASS</li><li>Good understanding of <b>advanced JavaScript libraries and frameworks, such as AngularJS</b></li><li><b>Good understanding of asynchronous request handling, partial page updates, and AJAX</b></li><li>Proficient understanding of browser testing and debugging.</li><li>Experience with testing frameworks, including Jasmine or Karma</li><li>Experience with a structured build, including Gulp or Grunt and NPM</li><li>Ability to perform well in a fast-paced environment</li></ul>	Newlands, Cape Town, 7700, South Africa	Newlands	357	5500	209	7700	-33.9789128999999974	18.4483762999999996	50000	60000	2	t	2017-10-19	30	Practo Technosoft India Pvt.Ltd	1	via_our_site	\N	0.00	0.00	\N	\N	\N	\N		0	2	t	t	\N	https://www.agriya.com/careers	7	0	Western Cape,Western Cape,South Africa,7700	15	t	\N	\N	\N	\N
6	2017-04-29 13:08:56	2017-04-29 13:20:58	3	4	1	23	Require-Relationship Manager-With exp of Sales and Marketing	require-relationship-manager-with-exp-of-sales-and-marketing	<p style="font-size: 13.3333px;">Work in close contact with top management</p><p style="font-size: 13.3333px;">Visit respective delegated areas for product marketing and sales</p><p style="font-size: 13.3333px;">Ability to get money collection on time</p><p style="font-size: 13.3333px;">Maintain good relations with other shopkeepers</p><p style="font-size: 13.3333px;">Interest in the field of sales and marketing</p><p style="font-size: 13.3333px;">Should have own personal two wheeler ( Petrol expenses will be reimbursed in full)</p><p style="font-size: 13.3333px;">Extensive opportunities for growth and promotion</p><p style="font-size: 13.3333px;">Great opportunity to develop oneself</p>	Chennai, Tamil Nadu, India	Chennai	359	5483	102	600116	13.0826802000000004	80.2707184000000069	40000	45000	2	f	2017-08-30	5	WSS GLOBAL PVT LTD	1	via_our_site	\N	0.00	0.00	\N	\N	\N	\N		0	0	t	t	\N	http://test.com/	1	0	Chennai,Tamil Nadu,India,600116	15	t	\N	\N	\N	\N
5	2017-04-29 13:06:22	2017-04-29 13:06:22	2	3	1	23	Urgent Opening For Relationship Manager (Direct Sales)	urgent-opening-for-relationship-manager-direct-sales	<p style="font-size: 13.3333px;">Position: Relationship Manager</p><p style="font-size: 13.3333px;">Industry: BFSI/ Insurance</p><p style="font-size: 13.3333px;">Job Description:</p><ul style="font-size: 13.3333px;"><li>Should have completed their graduation.</li><li>Only male candidates can apply for this position.</li><li>Candidates must have experience in Direct sales (Field work). From any industry can also apply</li><li>Preferably from BFSI &amp; Life Insurance can also apply.</li><li>Candidates must be Localate.</li><li>immediate joiner will be preferable</li></ul><p style="font-size: 13.3333px;">Interested Candidates can forward your updated CV. Feel free to contact us</p>	New York, NY, USA	New York	351	5493	240	E152LL	40.7127837000000028	-74.0059413000000035	25000	35000	2	f	2017-11-30	5	ESC Sales and Marketing	1	via_our_site	\N	0.00	0.00	\N	\N	\N	\N		0	0	t	t	\N	https://www.agriya.com/careers	0	0	New York,United States,E152LL	15	t	\N	\N	\N	\N
7	2017-04-29 13:13:29	2017-04-29 13:21:10	3	4	1	6	Immediate Openings for Accountant	immediate-openings-for-accountant	<p style="font-size: 13.3333px;"><b>1)</b> Prepare, examine, and analyze accounting records, financial statements, and other financial reports to assess accuracy, completeness, and conformance to reporting and procedural standards.</p><p style="font-size: 13.3333px;"><b>2)</b> Compute taxes owed and prepare tax returns, ensuring compliance with payment, reporting and other tax requirements.</p><p style="font-size: 13.3333px;"><b>3)</b> Analyze business operations, trends, costs, revenues, financial commitments, and obligations, to project future revenues and expenses or to provide advice.</p><p style="font-size: 13.3333px;"><b>4)</b> Report to management regarding the finances of establishment.</p><p style="font-size: 13.3333px;"><b>5)</b> Establish tables of accounts, and assign entries to proper accounts.</p><p style="font-size: 13.3333px;"><b>6)</b> Develop, maintain, and analyze budgets, preparing periodic reports that compare budgeted costs to actual costs.</p><p style="font-size: 13.3333px;"><b>7)</b> Develop, implement, modify, and document record keeping and accounting systems, making use of current computer technology.</p><p style="font-size: 13.3333px;"><b>8)</b> Prepare forms and manuals for accounting and bookkeeping personnel, and direct their work activities.</p><p style="font-size: 13.3333px;"><b>9)</b> Survey operations to ascertain accounting needs and to recommend, develop, and maintain solutions to business and financial problems.</p>	Lahore, Pakistan	Lahore	360	5502	169	59760	31.5546061000000009	74.3571581000000066	200000	300000	1	t	2017-11-30	2	5S Enterprises Pvt.Ltd	1	via_our_site	\N	0.00	0.00	\N	\N	\N	\N		0	1	t	t	\N	http://test.com/	4	0	Lahore,Punjab,Pakistan,59760	15	t	\N	\N	\N	\N
4	2017-04-29 13:01:31	2017-04-29 13:20:37	2	4	1	15	Front End Developer - Angularjs, Bootstrap	front-end-developer-angularjs-bootstrap	<table cellpadding="0" cellspacing="0" border="0" style="font-size: 13.3333px;"><tbody><tr><td class="snip" style="width: 43em;"><span id="job_summary" class="summary"></span><p>Greetings from Shell IT Services!</p><p>We have Urgent Requirements for a company located at Singapore. Please find the Job Description below.</p><p>Front End Developer - Angularjs, Bootstrap</p><p>Primary Skills:</p><ul><li>Ability to improve performance of website for both mobile and desktop</li><li>Come up with efficient, modular and scalable solutions for business and technical problems;</li><li>Design and architect technical solutions for the business problems of a large e-commerce portal;</li><li>Break projects into simpler granular tasks, estimate effort required and identify dependencies;</li><li>Write efficient and readable code leveraging on a good understanding of object oriented principles and design patterns;</li><li>Follow release cycles and commitment to deadlines;</li></ul><p><b>Skills Required :</b></p><ul><li>Languages : JavaScript/Node.js, HTML5, CSS3</li><li>Front end frameworks/libraries : jQuery, Handlebar, Bootstrap, Materialize</li><li>Good to have: Backbone, Angular, React, Webpack, Babel, familiar with ES6 syntax, Unit test cases</li><li>Atleast 2 years of experience.<br/></li></ul></td></tr></tbody></table>	Bejiharjo, Karangmojo, Gunung Kidul Regency, Special Region of Yogyakarta, Indonesia	Bejiharjo	358	5501	103	E152LL	-7.93168730000000011	110.634770500000002	35000	50000	2	t	2017-11-22	20	Vivo IT Services	1	via_our_site	\N	0.00	0.00	\N	\N	\N	\N		0	1	t	t	\N	https://www.agriya.com/careers	3	0	Bejiharjo,Special Region of Yogyakarta,Special Region of Yogyakarta,Indonesia,E152LL	15	t	\N	\N	\N	\N
\.


--
-- Name: jobs_id_seq; Type: SEQUENCE SET; Schema: public; Owner: -
--

SELECT pg_catalog.setval('jobs_id_seq', 7, true);


--
-- Data for Name: jobs_skills; Type: TABLE DATA; Schema: public; Owner: -
--

COPY jobs_skills (id, job_id, skill_id, created_at, updated_at) FROM stdin;
1	1	36	2017-04-29 12:39:38	2017-04-29 12:39:38
2	1	14	2017-04-29 12:39:38	2017-04-29 12:39:38
3	1	31	2017-04-29 12:39:38	2017-04-29 12:39:38
4	1	21	2017-04-29 12:39:38	2017-04-29 12:39:38
11	2	31	2017-04-29 12:55:07	2017-04-29 12:55:07
12	2	21	2017-04-29 12:55:07	2017-04-29 12:55:07
13	2	14	2017-04-29 12:55:07	2017-04-29 12:55:07
14	2	36	2017-04-29 12:55:07	2017-04-29 12:55:07
15	2	32	2017-04-29 12:55:07	2017-04-29 12:55:07
16	2	13	2017-04-29 12:55:07	2017-04-29 12:55:07
17	3	34	2017-04-29 12:58:07	2017-04-29 12:58:07
18	3	36	2017-04-29 12:58:07	2017-04-29 12:58:07
19	3	13	2017-04-29 12:58:07	2017-04-29 12:58:07
20	3	14	2017-04-29 12:58:07	2017-04-29 12:58:07
21	3	16	2017-04-29 12:58:08	2017-04-29 12:58:08
22	3	37	2017-04-29 12:58:08	2017-04-29 12:58:08
23	4	36	2017-04-29 13:01:31	2017-04-29 13:01:31
24	4	14	2017-04-29 13:01:31	2017-04-29 13:01:31
25	4	33	2017-04-29 13:01:31	2017-04-29 13:01:31
26	4	34	2017-04-29 13:01:31	2017-04-29 13:01:31
27	4	9	2017-04-29 13:01:31	2017-04-29 13:01:31
28	5	22	2017-04-29 13:06:22	2017-04-29 13:06:22
29	6	39	2017-04-29 13:08:56	2017-04-29 13:08:56
30	6	40	2017-04-29 13:08:57	2017-04-29 13:08:57
31	7	29	2017-04-29 13:13:29	2017-04-29 13:13:29
\.


--
-- Name: jobs_skills_id_seq; Type: SEQUENCE SET; Schema: public; Owner: -
--

SELECT pg_catalog.setval('jobs_skills_id_seq', 31, true);


--
-- Data for Name: languages; Type: TABLE DATA; Schema: public; Owner: -
--

COPY languages (id, created_at, updated_at, name, iso2, iso3, is_active) FROM stdin;
1	2009-07-01 13:52:24	2009-07-01 13:52:24	Afar	aa	aar	t
2	2009-07-01 13:52:24	2009-07-01 13:52:24	Abkhazian	ab	abk	t
3	2009-07-01 13:52:24	2009-07-01 13:52:24	Avestan	ae	ave	t
4	2009-07-01 13:52:24	2009-07-01 13:52:24	Afrikaans	af	afr	t
5	2009-07-01 13:52:24	2009-07-01 13:52:24	Akan	ak	aka	t
6	2009-07-01 13:52:24	2009-07-01 13:52:24	Amharic	am	amh	t
7	2009-07-01 13:52:24	2009-07-01 13:52:24	Aragonese	an	arg	t
8	2009-07-01 13:52:24	2012-02-16 15:27:29	Arabic	ar	ara	t
9	2009-07-01 13:52:24	2009-07-01 13:52:24	Assamese	as	asm	t
10	2009-07-01 13:52:24	2009-07-01 13:52:24	Avaric	av	ava	t
11	2009-07-01 13:52:24	2009-07-01 13:52:24	Aymara	ay	aym	t
12	2009-07-01 13:52:24	2009-07-01 13:52:24	Azerbaijani	az	aze	t
13	2009-07-01 13:52:24	2009-07-01 13:52:24	Bashkir	ba	bak	t
14	2009-07-01 13:52:24	2009-07-01 13:52:24	Belarusian	be	bel	t
15	2009-07-01 13:52:24	2009-07-01 13:52:24	Bulgarian	bg	bul	t
16	2009-07-01 13:52:24	2009-07-01 13:52:24	Bihari	bh	bih	t
17	2009-07-01 13:52:24	2009-07-01 13:52:24	Bislama	bi	bis	t
18	2009-07-01 13:52:24	2009-07-01 13:52:24	Bambara	bm	bam	t
19	2009-07-01 13:52:24	2012-01-28 19:44:46	Bengali	bn	ben	f
20	2009-07-01 13:52:24	2009-07-01 13:52:24	Tibetan	bo	bod	t
21	2009-07-01 13:52:24	2009-07-01 13:52:24	Breton	br	bre	t
22	2009-07-01 13:52:24	2009-07-01 13:52:24	Bosnian	bs	bos	t
23	2009-07-01 13:52:24	2009-07-01 13:52:24	Catalan	ca	cat	t
24	2009-07-01 13:52:25	2009-07-01 13:52:25	Chechen	ce	che	t
25	2009-07-01 13:52:25	2009-07-01 13:52:25	Chamorro	ch	cha	t
26	2009-07-01 13:52:25	2009-07-01 13:52:25	Corsican	co	cos	t
27	2009-07-01 13:52:25	2009-07-01 13:52:25	Cree	cr	cre	t
28	2009-07-01 13:52:25	2009-07-01 13:52:25	Czech	cs	ces	t
29	2009-07-01 13:52:25	2009-07-01 13:52:25	Church Slavic	cu	chu	t
30	2009-07-01 13:52:25	2009-07-01 13:52:25	Chuvash	cv	chv	t
31	2009-07-01 13:52:25	2009-07-01 13:52:25	Welsh	cy	cym	t
32	2009-07-01 13:52:25	2009-07-01 13:52:25	Danish	da	dan	t
33	2009-07-01 13:52:25	2009-07-01 13:52:25	German	de	deu	t
34	2009-07-01 13:52:25	2009-07-01 13:52:25	Divehi	dv	div	t
35	2009-07-01 13:52:25	2009-07-01 13:52:25	Dzongkha	dz	dzo	t
36	2009-07-01 13:52:25	2009-07-01 13:52:25	Ewe	ee	ewe	t
37	2009-07-01 13:52:25	2009-07-01 13:52:25	Greek	el	ell	t
38	2009-07-01 13:52:25	2009-07-01 13:52:25	English	en	eng	t
39	2009-07-01 13:52:25	2009-07-01 13:52:25	Esperanto	eo	epo	t
40	2009-07-01 13:52:25	2009-07-01 13:52:25	Spanish	es	spa	t
41	2009-07-01 13:52:25	2009-07-01 13:52:25	Estonian	et	est	t
42	2009-07-01 13:52:25	2009-07-01 13:52:25	Basque	eu	eus	t
43	2009-07-01 13:52:25	2009-07-01 13:52:25	Persian	fa	fas	t
44	2009-07-01 13:52:25	2009-07-01 13:52:25	Fulah	ff	ful	t
45	2009-07-01 13:52:25	2009-07-01 13:52:25	Finnish	fi	fin	t
46	2009-07-01 13:52:25	2009-07-01 13:52:25	Fijian	fj	fij	t
47	2009-07-01 13:52:25	2009-07-01 13:52:25	Faroese	fo	fao	t
48	2009-07-01 13:52:25	2009-07-01 13:52:25	French	fr	fra	t
49	2009-07-01 13:52:25	2009-07-01 13:52:25	Western Frisian	fy	fry	t
50	2009-07-01 13:52:25	2009-07-01 13:52:25	Irish	ga	gle	t
51	2009-07-01 13:52:25	2009-07-01 13:52:25	Scottish Gaelic	gd	gla	t
52	2009-07-01 13:52:25	2009-07-01 13:52:25	Galician	gl	glg	t
53	2009-07-01 13:52:25	2009-07-01 13:52:25	Guaran	gn	grn	t
54	2009-07-01 13:52:25	2009-07-01 13:52:25	Gujarati	gu	guj	t
55	2009-07-01 13:52:25	2009-07-01 13:52:25	Manx	gv	glv	t
56	2009-07-01 13:52:25	2009-07-01 13:52:25	Hausa	ha	hau	t
57	2009-07-01 13:52:25	2009-07-01 13:52:25	Hebrew	he	heb	t
58	2009-07-01 13:52:25	2009-07-01 13:52:25	Hindi	hi	hin	t
59	2009-07-01 13:52:25	2009-07-01 13:52:25	Hiri Motu	ho	hmo	t
60	2009-07-01 13:52:25	2009-07-01 13:52:25	Croatian	hr	hrv	t
61	2009-07-01 13:52:25	2009-07-01 13:52:25	Haitian	ht	hat	t
62	2009-07-01 13:52:25	2009-07-01 13:52:25	Hungarian	hu	hun	t
63	2009-07-01 13:52:25	2009-07-01 13:52:25	Armenian	hy	hye	t
64	2009-07-01 13:52:25	2009-07-01 13:52:25	Herero	hz	her	t
65	2009-07-01 13:52:25	2009-07-01 13:52:25	Interlingua (International Auxiliary Language Association)	ia	ina	t
66	2009-07-01 13:52:25	2009-07-01 13:52:25	Indonesian	id	ind	t
67	2009-07-01 13:52:25	2009-07-01 13:52:25	Interlingue	ie	ile	t
68	2009-07-01 13:52:25	2009-07-01 13:52:25	Igbo	ig	ibo	t
69	2009-07-01 13:52:25	2009-07-01 13:52:25	Sichuan Yi	ii	iii	t
70	2009-07-01 13:52:25	2009-07-01 13:52:25	Inupiaq	ik	ipk	t
71	2009-07-01 13:52:25	2009-07-01 13:52:25	Ido	io	ido	t
72	2009-07-01 13:52:25	2009-07-01 13:52:25	Icelandic	is	isl	t
73	2009-07-01 13:52:25	2009-07-01 13:52:25	Italian	it	ita	t
74	2009-07-01 13:52:25	2009-07-01 13:52:25	Inuktitut	iu	iku	t
75	2009-07-01 13:52:25	2009-07-01 13:52:25	Japanese	ja	jpn	t
76	2009-07-01 13:52:25	2009-07-01 13:52:25	Javanese	jv	jav	t
77	2009-07-01 13:52:25	2009-07-01 13:52:25	Georgian	ka	kat	t
78	2009-07-01 13:52:25	2009-07-01 13:52:25	Kongo	kg	kon	t
79	2009-07-01 13:52:25	2009-07-01 13:52:25	Kikuyu	ki	kik	t
80	2009-07-01 13:52:25	2009-07-01 13:52:25	Kwanyama	kj	kua	t
81	2009-07-01 13:52:25	2009-07-01 13:52:25	Kazakh	kk	kaz	t
82	2009-07-01 13:52:25	2009-07-01 13:52:25	Kalaallisut	kl	kal	t
83	2009-07-01 13:52:25	2009-07-01 13:52:25	Khmer	km	khm	t
84	2009-07-01 13:52:25	2009-07-01 13:52:25	Kannada	kn	kan	t
85	2009-07-01 13:52:25	2009-07-01 13:52:25	Korean	ko	kor	t
86	2009-07-01 13:52:25	2009-07-01 13:52:25	Kanuri	kr	kau	t
87	2009-07-01 13:52:25	2009-07-01 13:52:25	Kashmiri	ks	kas	t
88	2009-07-01 13:52:25	2009-07-01 13:52:25	Kurdish	ku	kur	t
89	2009-07-01 13:52:25	2009-07-01 13:52:25	Komi	kv	kom	t
90	2009-07-01 13:52:25	2009-07-01 13:52:25	Cornish	kw	cor	t
91	2009-07-01 13:52:25	2009-07-01 13:52:25	Kirghiz	ky	kir	t
92	2009-07-01 13:52:25	2009-07-01 13:52:25	Latin	la	lat	t
93	2009-07-01 13:52:25	2009-07-01 13:52:25	Luxembourgish	lb	ltz	t
94	2009-07-01 13:52:25	2009-07-01 13:52:25	Ganda	lg	lug	t
95	2009-07-01 13:52:25	2009-07-01 13:52:25	Limburgish	li	lim	t
96	2009-07-01 13:52:25	2009-07-01 13:52:25	Lingala	ln	lin	t
97	2009-07-01 13:52:25	2009-07-01 13:52:25	Lao	lo	lao	t
98	2009-07-01 13:52:25	2009-07-01 13:52:25	Lithuanian	lt	lit	t
99	2009-07-01 13:52:25	2009-07-01 13:52:25	Luba-Katanga	lu	lub	t
100	2009-07-01 13:52:25	2009-07-01 13:52:25	Latvian	lv	lav	t
101	2009-07-01 13:52:25	2009-07-01 13:52:25	Malagasy	mg	mlg	t
102	2009-07-01 13:52:25	2009-07-01 13:52:25	Marshallese	mh	mah	t
103	2009-07-01 13:52:25	2009-07-01 13:52:25	M	mi	mri	t
104	2009-07-01 13:52:25	2009-07-01 13:52:25	Macedonian	mk	mkd	t
105	2009-07-01 13:52:25	2009-07-01 13:52:25	Malayalam	ml	mal	t
106	2009-07-01 13:52:25	2009-07-01 13:52:25	Mongolian	mn	mon	t
107	2009-07-01 13:52:25	2009-07-01 13:52:25	Marathi	mr	mar	t
108	2009-07-01 13:52:25	2009-07-01 13:52:25	Malay	ms	msa	t
109	2009-07-01 13:52:25	2009-07-01 13:52:25	Maltese	mt	mlt	t
110	2009-07-01 13:52:25	2009-07-01 13:52:25	Burmese	my	mya	t
111	2009-07-01 13:52:25	2009-07-01 13:52:25	Nauru	na	nau	t
112	2009-07-01 13:52:25	2009-07-01 13:52:25	Norwegian Bokm	nb	nob	t
113	2009-07-01 13:52:25	2009-07-01 13:52:25	North Ndebele	nd	nde	t
114	2009-07-01 13:52:25	2009-07-01 13:52:25	Nepali	ne	nep	t
115	2009-07-01 13:52:25	2009-07-01 13:52:25	Ndonga	ng	ndo	t
116	2009-07-01 13:52:25	2009-07-01 13:52:25	Dutch	nl	nld	t
117	2009-07-01 13:52:25	2009-07-01 13:52:25	Norwegian Nynorsk	nn	nno	t
118	2009-07-01 13:52:25	2009-07-01 13:52:25	Norwegian	no	nor	t
119	2009-07-01 13:52:25	2009-07-01 13:52:25	South Ndebele	nr	nbl	t
120	2009-07-01 13:52:25	2009-07-01 13:52:25	Navajo	nv	nav	t
121	2009-07-01 13:52:25	2009-07-01 13:52:25	Chichewa	ny	nya	t
122	2009-07-01 13:52:25	2009-07-01 13:52:25	Occitan	oc	oci	t
123	2009-07-01 13:52:25	2009-07-01 13:52:25	Ojibwa	oj	oji	t
124	2009-07-01 13:52:25	2009-07-01 13:52:25	Oromo	om	orm	t
125	2009-07-01 13:52:25	2009-07-01 13:52:25	Oriya	or	ori	t
126	2009-07-01 13:52:25	2009-07-01 13:52:25	Ossetian	os	oss	t
127	2009-07-01 13:52:25	2009-07-01 13:52:25	Panjabi	pa	pan	t
128	2009-07-01 13:52:25	2009-07-01 13:52:25	P	pi	pli	t
129	2009-07-01 13:52:25	2009-07-01 13:52:25	Polish	pl	pol	t
130	2009-07-01 13:52:25	2009-07-01 13:52:25	Pashto	ps	pus	t
131	2009-07-01 13:52:25	2009-07-01 13:52:25	Portuguese	pt	por	t
132	2009-07-01 13:52:25	2009-07-01 13:52:25	Quechua	qu	que	t
133	2009-07-01 13:52:25	2009-07-01 13:52:25	Raeto-Romance	rm	roh	t
134	2009-07-01 13:52:25	2009-07-01 13:52:25	Kirundi	rn	run	t
135	2009-07-01 13:52:25	2009-07-01 13:52:25	Romanian	ro	ron	t
136	2009-07-01 13:52:25	2009-07-01 13:52:25	Russian	ru	rus	t
137	2009-07-01 13:52:25	2009-07-01 13:52:25	Kinyarwanda	rw	kin	t
138	2009-07-01 13:52:25	2009-07-01 13:52:25	Sanskrit	sa	san	t
139	2009-07-01 13:52:25	2009-07-01 13:52:25	Sardinian	sc	srd	t
140	2009-07-01 13:52:25	2009-07-01 13:52:25	Sindhi	sd	snd	t
141	2009-07-01 13:52:25	2009-07-01 13:52:25	Northern Sami	se	sme	t
142	2009-07-01 13:52:25	2009-07-01 13:52:25	Sango	sg	sag	t
143	2009-07-01 13:52:25	2009-07-01 13:52:25	Sinhala	si	sin	t
144	2009-07-01 13:52:25	2009-07-01 13:52:25	Slovak	sk	slk	t
145	2009-07-01 13:52:25	2009-07-01 13:52:25	Slovenian	sl	slv	t
146	2009-07-01 13:52:25	2009-07-01 13:52:25	Samoan	sm	smo	t
147	2009-07-01 13:52:25	2009-07-01 13:52:25	Shona	sn	sna	t
148	2009-07-01 13:52:25	2009-07-01 13:52:25	Somali	so	som	t
149	2009-07-01 13:52:25	2009-07-01 13:52:25	Albanian	sq	sqi	t
150	2009-07-01 13:52:25	2009-07-01 13:52:25	Serbian	sr	srp	t
151	2009-07-01 13:52:25	2009-07-01 13:52:25	Swati	ss	ssw	t
152	2009-07-01 13:52:25	2009-07-01 13:52:25	Southern Sotho	st	sot	t
153	2009-07-01 13:52:25	2009-07-01 13:52:25	Sundanese	su	sun	t
154	2009-07-01 13:52:25	2009-07-01 13:52:25	Swedish	sv	swe	t
155	2009-07-01 13:52:25	2009-07-01 13:52:25	Swahili	sw	swa	t
156	2009-07-01 13:52:25	2009-07-01 13:52:25	Tamil	ta	tam	t
157	2009-07-01 13:52:25	2009-07-01 13:52:25	Telugu	te	tel	t
158	2009-07-01 13:52:25	2009-07-01 13:52:25	Tajik	tg	tgk	t
159	2009-07-01 13:52:25	2009-07-01 13:52:25	Thai	th	tha	t
160	2009-07-01 13:52:25	2009-07-01 13:52:25	Tigrinya	ti	tir	t
161	2009-07-01 13:52:25	2009-07-01 13:52:25	Turkmen	tk	tuk	t
162	2009-07-01 13:52:25	2009-07-01 13:52:25	Tagalog	tl	tgl	t
163	2009-07-01 13:52:25	2009-07-01 13:52:25	Tswana	tn	tsn	t
164	2009-07-01 13:52:25	2009-07-01 13:52:25	Tonga	to	ton	t
165	2009-07-01 13:52:25	2009-07-01 13:52:25	Turkish	tr	tur	t
166	2009-07-01 13:52:25	2009-07-01 13:52:25	Tsonga	ts	tso	t
167	2009-07-01 13:52:25	2009-07-01 13:52:25	Tatar	tt	tat	t
168	2009-07-01 13:52:25	2009-07-01 13:52:25	Twi	tw	twi	t
169	2009-07-01 13:52:25	2009-07-01 13:52:25	Tahitian	ty	tah	t
170	2009-07-01 13:52:25	2009-07-01 13:52:25	Uighur	ug	uig	t
171	2009-07-01 13:52:25	2009-07-01 13:52:25	Ukrainian	uk	ukr	t
172	2009-07-01 13:52:25	2009-07-01 13:52:25	Urdu	ur	urd	t
173	2009-07-01 13:52:25	2009-07-01 13:52:25	Uzbek	uz	uzb	t
174	2009-07-01 13:52:25	2009-07-01 13:52:25	Venda	ve	ven	t
175	2009-07-01 13:52:25	2009-07-01 13:52:25	Vietnamese	vi	vie	t
176	2009-07-01 13:52:25	2009-07-01 13:52:25	Volap	vo	vol	t
177	2009-07-01 13:52:25	2009-07-01 13:52:25	Walloon	wa	wln	t
178	2009-07-01 13:52:25	2009-07-01 13:52:25	Wolof	wo	wol	t
179	2009-07-01 13:52:25	2009-07-01 13:52:25	Xhosa	xh	xho	t
180	2009-07-01 13:52:25	2009-07-01 13:52:25	Yiddish	yi	yid	t
181	2009-07-01 13:52:25	2009-07-01 13:52:25	Yoruba	yo	yor	t
182	2009-07-01 13:52:25	2009-07-01 13:52:25	Zhuang	za	zha	t
183	2009-07-01 13:52:25	2009-07-01 13:52:25	Chinese	zh	zho	t
184	2009-07-01 13:52:25	2009-07-01 13:52:25	Zulu	zu	zul	t
185	2012-01-28 19:45:13	2012-01-28 19:45:13	hungaro	hu	hu 	t
\.


--
-- Name: languages_id_seq; Type: SEQUENCE SET; Schema: public; Owner: -
--

SELECT pg_catalog.setval('languages_id_seq', 185, true);


--
-- Data for Name: message_contents; Type: TABLE DATA; Schema: public; Owner: -
--

COPY message_contents (id, created_at, updated_at, subject, message) FROM stdin;
1	2017-04-28 09:01:37	2017-04-28 09:01:37	Wordpress Template Updates work notification	 has started the work
2	2017-04-29 08:03:12	2017-04-29 08:03:12	Project Bidding Message	Hello man, when we start this project?
3	2017-04-29 08:09:27	2017-04-29 08:09:27	Project Bidding Message	Hello Michael. I updated the milestones...
4	2017-04-29 08:28:13	2017-04-29 08:28:13	Project Bidding Message	Hello John,\n\nI start within couple of days
5	2017-04-29 08:30:28	2017-04-29 08:30:28	Milestone payment has been funded.	Milestone payment has been funded. Amount: $100
6	2017-04-29 08:32:05	2017-04-29 08:32:05	Milestone payment has been funded.	Milestone payment has been funded. Amount: $100
7	2017-04-29 08:57:09	2017-04-29 08:57:09	Payment Requested for Milestone.	Payment Requested for Milestone. Amount: $100
8	2017-04-29 08:57:12	2017-04-29 08:57:12	Payment Requested for Milestone.	Payment Requested for Milestone. Amount: $100
9	2017-04-29 08:57:29	2017-04-29 08:57:29	Milestone payment has been released.	Milestone payment has been released. Amount: $100
10	2017-04-29 08:57:47	2017-04-29 08:57:47	Milestone payment has been released.	Milestone payment has been released. Amount: $100
11	2017-04-29 09:01:06	2017-04-29 09:01:06	user2 has completed the work	user2 has completed the work
12	2017-04-29 09:05:09	2017-04-29 09:05:09	Wordpress Template Updates has been closed	Wordpress Template Updates has been closed
13	2017-05-08 09:42:27	2017-05-08 09:42:27	Commercial cleaning	This is for approximate. Please explain how many room and i will revise the quote after your response.
14	2017-05-08 09:43:21	2017-05-08 09:43:21	Commercial cleaning	It has 4 room and one hall. So $30 is okay right?
15	2017-05-08 09:45:09	2017-05-08 09:45:09	Commercial cleaning	Ya pricing is okay.... Once you hire I will start work ASAP
16	2017-05-08 09:46:42	2017-05-08 09:46:42	Commercial cleaning	Hello John Peter,\n\nI hired you, and so, can you please complete work by tomorrow morning? 
17	2017-05-08 09:46:51	2017-05-08 09:46:51	Commercial cleaning	And before 10 AM?
18	2017-05-08 09:47:09	2017-05-08 09:47:09	Commercial cleaning	Is anything need from me or my office?
19	2017-05-08 09:50:31	2017-05-08 09:50:31	Commercial cleaning	John Smith, yes surely our team will complete this before 10...
\.


--
-- Name: message_contents_id_seq; Type: SEQUENCE SET; Schema: public; Owner: -
--

SELECT pg_catalog.setval('message_contents_id_seq', 19, true);


--
-- Name: message_types_id_seq; Type: SEQUENCE SET; Schema: public; Owner: -
--

SELECT pg_catalog.setval('message_types_id_seq', 51, true);


--
-- Data for Name: messages; Type: TABLE DATA; Schema: public; Owner: -
--

COPY messages (id, created_at, updated_at, user_id, other_user_id, parent_id, message_content_id, foreign_id, class, root, freshness_ts, depth, materialized_path, path, size, is_sender, is_read, is_deleted, is_private, is_child_replied, model_id) FROM stdin;
1	2017-04-28 09:01:37	2017-04-28 09:01:37	3	2	0	1	1	Project	1	2017-04-28 09:01:37	0	00000001	\N	\N	t	\N	\N	f	\N	1
2	2017-04-28 09:01:37	2017-04-28 09:01:37	2	3	0	1	1	Project	2	2017-04-28 09:01:37	0	00000002	\N	\N	f	\N	\N	f	\N	1
3	2017-04-29 08:03:12	2017-04-29 08:03:12	2	3	0	2	3	Bid	3	2017-04-29 08:03:12	0	00000003	\N	\N	t	\N	\N	t	\N	3
20	2017-04-29 08:57:47	2017-04-29 08:57:47	2	2	0	10	1	Project	20	2017-04-29 08:57:47	0	0000000k	\N	\N	f	\N	\N	f	\N	1
4	2017-04-29 08:03:12	2017-04-29 08:03:12	3	2	0	2	3	Bid	4	2017-04-29 08:03:12	0	00000004	\N	\N	f	\N	\N	t	\N	3
5	2017-04-29 08:09:27	2017-04-29 08:09:27	2	3	0	3	3	Bid	5	2017-04-29 08:09:27	0	00000005	\N	\N	t	\N	\N	t	\N	3
6	2017-04-29 08:09:27	2017-04-29 08:09:27	3	2	0	3	3	Bid	6	2017-04-29 08:09:27	0	00000006	\N	\N	f	\N	\N	t	\N	3
21	2017-04-29 09:01:06	2017-04-29 09:01:06	3	2	0	11	1	Project	21	2017-04-29 09:01:06	0	0000000l	\N	\N	t	\N	\N	f	\N	1
7	2017-04-29 08:28:13	2017-04-29 08:28:13	3	2	0	4	3	Bid	7	2017-04-29 08:28:13	0	00000007	\N	\N	t	\N	\N	t	\N	3
8	2017-04-29 08:28:13	2017-04-29 08:28:13	2	3	0	4	3	Bid	8	2017-04-29 08:28:13	0	00000008	\N	\N	f	\N	\N	t	\N	3
9	2017-04-29 08:30:28	2017-04-29 08:30:28	2	2	0	5	1	Project	9	2017-04-29 08:30:28	0	00000009	\N	\N	t	\N	\N	f	\N	1
22	2017-04-29 09:01:06	2017-04-29 09:01:06	2	3	0	11	1	Project	22	2017-04-29 09:01:06	0	0000000m	\N	\N	f	\N	\N	f	\N	1
10	2017-04-29 08:30:28	2017-04-29 08:30:28	2	2	0	5	1	Project	10	2017-04-29 08:30:28	0	0000000a	\N	\N	f	\N	\N	f	\N	1
11	2017-04-29 08:32:05	2017-04-29 08:32:05	2	2	0	6	1	Project	11	2017-04-29 08:32:05	0	0000000b	\N	\N	t	\N	\N	f	\N	1
12	2017-04-29 08:32:05	2017-04-29 08:32:05	2	2	0	6	1	Project	12	2017-04-29 08:32:05	0	0000000c	\N	\N	f	\N	\N	f	\N	1
23	2017-04-29 09:05:09	2017-04-29 09:05:09	3	2	0	12	1	Project	23	2017-04-29 09:05:09	0	0000000n	\N	\N	t	\N	\N	f	\N	1
13	2017-04-29 08:57:09	2017-04-29 08:57:09	2	2	0	7	1	Project	13	2017-04-29 08:57:09	0	0000000d	\N	\N	t	\N	\N	f	\N	1
14	2017-04-29 08:57:09	2017-04-29 08:57:09	2	2	0	7	1	Project	14	2017-04-29 08:57:09	0	0000000e	\N	\N	f	\N	\N	f	\N	1
15	2017-04-29 08:57:12	2017-04-29 08:57:12	2	2	0	8	1	Project	15	2017-04-29 08:57:12	0	0000000f	\N	\N	t	\N	\N	f	\N	1
24	2017-04-29 09:05:10	2017-04-29 09:05:10	2	3	0	12	1	Project	24	2017-04-29 09:05:10	0	0000000o	\N	\N	f	\N	\N	f	\N	1
16	2017-04-29 08:57:12	2017-04-29 08:57:12	2	2	0	8	1	Project	16	2017-04-29 08:57:12	0	0000000g	\N	\N	f	\N	\N	f	\N	1
17	2017-04-29 08:57:30	2017-04-29 08:57:30	2	2	0	9	1	Project	17	2017-04-29 08:57:30	0	0000000h	\N	\N	t	\N	\N	f	\N	1
18	2017-04-29 08:57:30	2017-04-29 08:57:30	2	2	0	9	1	Project	18	2017-04-29 08:57:30	0	0000000i	\N	\N	f	\N	\N	f	\N	1
19	2017-04-29 08:57:47	2017-04-29 08:57:47	2	2	0	10	1	Project	19	2017-04-29 08:57:47	0	0000000j	\N	\N	t	\N	\N	f	\N	1
25	2017-05-08 09:42:27	2017-05-08 09:42:27	2	5	0	13	13	QuoteBid	25	2017-05-08 09:42:27	0	0000000p	\N	\N	t	\N	\N	t	\N	13
34	2017-05-08 09:46:52	2017-05-08 09:46:52	2	5	0	17	13	QuoteBid	34	2017-05-08 09:46:52	0	0000000y	\N	\N	f	\N	\N	t	\N	13
26	2017-05-08 09:42:27	2017-05-08 09:42:27	5	2	0	13	13	QuoteBid	26	2017-05-08 09:42:27	0	0000000q	\N	\N	f	\N	\N	t	\N	13
27	2017-05-08 09:43:22	2017-05-08 09:43:22	5	2	0	14	13	QuoteBid	27	2017-05-08 09:43:22	0	0000000r	\N	\N	t	\N	\N	t	\N	13
28	2017-05-08 09:43:22	2017-05-08 09:43:22	2	5	0	14	13	QuoteBid	28	2017-05-08 09:43:22	0	0000000s	\N	\N	f	\N	\N	t	\N	13
35	2017-05-08 09:47:09	2017-05-08 09:47:09	5	2	0	18	13	QuoteBid	35	2017-05-08 09:47:09	0	0000000z	\N	\N	t	\N	\N	t	\N	13
29	2017-05-08 09:45:09	2017-05-08 09:45:09	2	5	0	15	13	QuoteBid	29	2017-05-08 09:45:09	0	0000000t	\N	\N	t	\N	\N	t	\N	13
30	2017-05-08 09:45:09	2017-05-08 09:45:09	5	2	0	15	13	QuoteBid	30	2017-05-08 09:45:09	0	0000000u	\N	\N	f	\N	\N	t	\N	13
31	2017-05-08 09:46:42	2017-05-08 09:46:42	5	2	0	16	13	QuoteBid	31	2017-05-08 09:46:42	0	0000000v	\N	\N	t	\N	\N	t	\N	13
36	2017-05-08 09:47:09	2017-05-08 09:47:09	2	5	0	18	13	QuoteBid	36	2017-05-08 09:47:09	0	00000010	\N	\N	f	\N	\N	t	\N	13
32	2017-05-08 09:46:42	2017-05-08 09:46:42	2	5	0	16	13	QuoteBid	32	2017-05-08 09:46:42	0	0000000w	\N	\N	f	\N	\N	t	\N	13
33	2017-05-08 09:46:52	2017-05-08 09:46:52	5	2	0	17	13	QuoteBid	33	2017-05-08 09:46:52	0	0000000x	\N	\N	t	\N	\N	t	\N	13
37	2017-05-08 09:50:31	2017-05-08 09:50:31	2	5	0	19	13	QuoteBid	37	2017-05-08 09:50:31	0	00000011	\N	\N	t	\N	\N	t	\N	13
38	2017-05-08 09:50:31	2017-05-08 09:50:31	5	2	0	19	13	QuoteBid	38	2017-05-08 09:50:31	0	00000012	\N	\N	f	\N	\N	t	\N	13
\.


--
-- Name: messages_id_seq; Type: SEQUENCE SET; Schema: public; Owner: -
--

SELECT pg_catalog.setval('messages_id_seq', 38, true);


--
-- Data for Name: milestone_statuses; Type: TABLE DATA; Schema: public; Owner: -
--

COPY milestone_statuses (id, created_at, updated_at, name, slug, is_active, milestone_count, "order") FROM stdin;
1	2011-09-17 13:35:54	2011-09-17 13:35:54	Milestone  Suggested	pending	1	0	1
2	2011-09-17 13:35:54	2011-09-17 13:35:54	Milestone Set	approved	1	0	2
3	2011-09-17 13:39:22	2011-09-17 13:39:22	Requested for Escrow	request-escrow	1	0	3
5	2011-04-01 20:05:15	2011-04-01 20:05:15	Completed	milestone-completed	1	0	7
4	2011-04-01 20:05:15	2011-04-01 20:05:15	Escrow Funded	escrow-added	1	0	4
6	2011-04-01 20:05:15	2011-04-01 20:05:15	Requested for Release	request-for-release	1	0	6
7	2011-09-17 13:39:22	2011-09-17 13:39:22	Escrow Released	completed	1	0	7
8	2011-09-17 13:39:22	2011-09-17 13:39:22	Canceled	canceled	t	0	8
\.


--
-- Name: milestone_statuses_id_seq; Type: SEQUENCE SET; Schema: public; Owner: -
--

SELECT pg_catalog.setval('milestone_statuses_id_seq', 8, true);


--
-- Data for Name: milestones; Type: TABLE DATA; Schema: public; Owner: -
--

COPY milestones (id, created_at, updated_at, project_id, user_id, amount, description, milestone_status_id, bid_id, completed_date, escrow_amount_requested_date, escrow_amount_released_date, escrow_amount_paid_date, site_commission_from_employer, site_commission_from_freelancer, payment_gateway_id, paypal_pay_key, deadline_date, zazpay_gateway_id) FROM stdin;
2	2017-04-29 08:04:36	2017-04-29 08:57:29	1	2	100	For setup in live site.	7	3	\N	2017-04-29	2017-04-29	\N	10	10	1	\N	\N	\N
1	2017-04-29 08:04:21	2017-04-29 08:57:47	1	2	100	For Wordpress Template update in demo site.	7	3	\N	2017-04-29	2017-04-29	\N	10	10	2	\N	\N	\N
\.


--
-- Name: milestones_id_seq; Type: SEQUENCE SET; Schema: public; Owner: -
--

SELECT pg_catalog.setval('milestones_id_seq', 2, true);


--
-- Data for Name: money_transfer_accounts; Type: TABLE DATA; Schema: public; Owner: -
--

COPY money_transfer_accounts (id, created_at, updated_at, user_id, account, is_active, is_primary) FROM stdin;
1	2017-04-28 07:06:59	2017-04-28 07:06:59	2	Bank: HDFC  \nAccount No: 1234567890 \nIFSC Code: HDFC45435S	t	f
2	2017-04-28 07:07:20	2017-04-28 07:07:20	2	PayPal Account: john@mailinator.com	t	f
3	2017-04-28 07:52:32	2017-04-28 07:52:32	3	PayPal Account: michael@gmail.com	t	f
\.


--
-- Name: money_transfer_accounts_id_seq; Type: SEQUENCE SET; Schema: public; Owner: -
--

SELECT pg_catalog.setval('money_transfer_accounts_id_seq', 3, true);


--
-- Data for Name: oauth_access_tokens; Type: TABLE DATA; Schema: public; Owner: -
--

COPY oauth_access_tokens (access_token, client_id, user_id, expires, scope) FROM stdin;
89b3747510002edf0b6c126267497001634da85e	2212711849319225	\N	2016-10-27 11:54:28	\N
11ee72b5144224b765ac8abfa1951d4f14a5a23d	2212711849319225	user1	2016-10-27 11:56:32	canUpdateUser canViewUser canListUserTransactions canUserCreateUserCashWithdrawals canUserViewUserCashWithdrawals canUserListUserCashWithdrawals canUserCreateMoneyTransferAccount canUserUpdateMoneyTransferAccount canUserViewMoneyTransferAccount canUserListMoneyTransferAccount canUserDeleteMoneyTransferAccount canListQuoteBid canCreateQuoteRequest canListUserQuoteRequestFormField canPostQuoteFaqAnswer canDeleteQuoteFaqAnswerId canUpdateQuoteFaqAnswerId canAddQuoteService canDeleteQuoteService canUpdateQuoteService canCreateQuoteServicePhoto canUpdateQuoteServicePhoto canDeleteQuoteServicePhoto canCreateQuoteServiceVideo canDeleteQuoteServiceVideo canUpdateQuoteServiceVideo canCreateQuoteServiceAudio canDeleteQuoteServiceAudio canUpdateQuoteServiceAudio canUserListQuoteFormField canGetQuoteFaqQuestionTemplate canCreateQuoteCreditPurchasLog canDeletePortfolio canUpdatePortfolio canCreatePortfolio canCreatePortfolioComment canDeletePortfolioComment canUpdatePortfolioComment canDeletePortfolioFavorite canCreatePortfolioFavorite canGetQuoteCreditPurchasLog canGetquoteBid
f7c0ddb7b141518af13a4d2931c05c987e06d011	2212711849319225	\N	2016-10-27 12:57:43	\N
60b09581e9ac61fe5e6960a3bbcb105625589c53	2212711849319225	admin	2016-10-27 12:58:05	\N
faa7a081711000971a14d60603a833ed83d14af4	2212711849319225	\N	2016-10-27 13:19:04	\N
8598eee5a1f55e9c96a286aaab1e7c4e1ed32abf	2212711849319225	user1	2016-10-27 13:19:20	canUpdateUser canViewUser canListUserTransactions canUserCreateUserCashWithdrawals canUserViewUserCashWithdrawals canUserListUserCashWithdrawals canUserCreateMoneyTransferAccount canUserUpdateMoneyTransferAccount canUserViewMoneyTransferAccount canUserListMoneyTransferAccount canUserDeleteMoneyTransferAccount canListQuoteBid canCreateQuoteRequest canListUserQuoteRequestFormField canPostQuoteFaqAnswer canDeleteQuoteFaqAnswerId canUpdateQuoteFaqAnswerId canAddQuoteService canDeleteQuoteService canUpdateQuoteService canCreateQuoteServicePhoto canUpdateQuoteServicePhoto canDeleteQuoteServicePhoto canCreateQuoteServiceVideo canDeleteQuoteServiceVideo canUpdateQuoteServiceVideo canCreateQuoteServiceAudio canDeleteQuoteServiceAudio canUpdateQuoteServiceAudio canUserListQuoteFormField canGetQuoteFaqQuestionTemplate canCreateQuoteCreditPurchasLog canDeletePortfolio canUpdatePortfolio canCreatePortfolio canCreatePortfolioComment canDeletePortfolioComment canUpdatePortfolioComment canDeletePortfolioFavorite canCreatePortfolioFavorite canGetQuoteCreditPurchasLog canGetquoteBid
9a3058b4f9f24c80e7563ffe7f18a687967db0d2	2212711849319225	\N	2016-10-27 13:47:15	\N
5ef1210a240341cf5b205a8e10a0593d3d959efd	2212711849319225	user2	2016-10-27 13:48:34	canUpdateUser canViewUser canListUserTransactions canUserCreateUserCashWithdrawals canUserViewUserCashWithdrawals canUserListUserCashWithdrawals canUserCreateMoneyTransferAccount canUserUpdateMoneyTransferAccount canUserViewMoneyTransferAccount canUserListMoneyTransferAccount canUserDeleteMoneyTransferAccount canListQuoteBid canCreateQuoteRequest canListUserQuoteRequestFormField canPostQuoteFaqAnswer canDeleteQuoteFaqAnswerId canUpdateQuoteFaqAnswerId canAddQuoteService canDeleteQuoteService canUpdateQuoteService canCreateQuoteServicePhoto canUpdateQuoteServicePhoto canDeleteQuoteServicePhoto canCreateQuoteServiceVideo canDeleteQuoteServiceVideo canUpdateQuoteServiceVideo canCreateQuoteServiceAudio canDeleteQuoteServiceAudio canUpdateQuoteServiceAudio canUserListQuoteFormField canGetQuoteFaqQuestionTemplate canCreateQuoteCreditPurchasLog canDeletePortfolio canUpdatePortfolio canCreatePortfolio canCreatePortfolioComment canDeletePortfolioComment canUpdatePortfolioComment canDeletePortfolioFavorite canCreatePortfolioFavorite canGetQuoteCreditPurchasLog canGetquoteBid
ce4ce6e07f7af94c98d1059085d1edac44687e97	2212711849319225	\N	2016-10-27 14:32:12	\N
ae8f5607a9c329974a05fe80e13102f0bf69f1c8	2212711849319225	admin	2016-10-27 14:32:15	\N
de71c63518afdd6b1455591b62bd26ede745472d	2212711849319225	\N	2016-10-27 14:35:14	\N
5f1dbadd3ebfc7b8bfe0500401602a5de74cedfa	2212711849319225	admin	2016-10-27 14:35:40	\N
a9554ef7d64b95c71a9b0187f5cfc506f3772adc	2212711849319225	\N	2016-10-27 14:46:22	\N
cafb46ea756dd5377d6ad0f2c701b74aa1c683b1	2212711849319225	user1	2016-10-27 14:46:41	canUpdateUser canViewUser canListUserTransactions canUserCreateUserCashWithdrawals canUserViewUserCashWithdrawals canUserListUserCashWithdrawals canUserCreateMoneyTransferAccount canUserUpdateMoneyTransferAccount canUserViewMoneyTransferAccount canUserListMoneyTransferAccount canUserDeleteMoneyTransferAccount canListQuoteBid canCreateQuoteRequest canListUserQuoteRequestFormField canPostQuoteFaqAnswer canDeleteQuoteFaqAnswerId canUpdateQuoteFaqAnswerId canAddQuoteService canDeleteQuoteService canUpdateQuoteService canCreateQuoteServicePhoto canUpdateQuoteServicePhoto canDeleteQuoteServicePhoto canCreateQuoteServiceVideo canDeleteQuoteServiceVideo canUpdateQuoteServiceVideo canCreateQuoteServiceAudio canDeleteQuoteServiceAudio canUpdateQuoteServiceAudio canUserListQuoteFormField canGetQuoteFaqQuestionTemplate canCreateQuoteCreditPurchasLog canDeletePortfolio canUpdatePortfolio canCreatePortfolio canCreatePortfolioComment canDeletePortfolioComment canUpdatePortfolioComment canDeletePortfolioFavorite canCreatePortfolioFavorite canGetQuoteCreditPurchasLog canGetquoteBid
40a988200aa273ade0ece8a5bdf906505295a27f	2212711849319225	\N	2016-10-27 15:30:09	\N
6d474d4fc196e40d33bb037e07e38f8b0fd1ef31	2212711849319225	user2	2016-10-27 15:30:24	canUpdateUser canViewUser canListUserTransactions canUserCreateUserCashWithdrawals canUserViewUserCashWithdrawals canUserListUserCashWithdrawals canUserCreateMoneyTransferAccount canUserUpdateMoneyTransferAccount canUserViewMoneyTransferAccount canUserListMoneyTransferAccount canUserDeleteMoneyTransferAccount canListQuoteBid canCreateQuoteRequest canListUserQuoteRequestFormField canPostQuoteFaqAnswer canDeleteQuoteFaqAnswerId canUpdateQuoteFaqAnswerId canAddQuoteService canDeleteQuoteService canUpdateQuoteService canCreateQuoteServicePhoto canUpdateQuoteServicePhoto canDeleteQuoteServicePhoto canCreateQuoteServiceVideo canDeleteQuoteServiceVideo canUpdateQuoteServiceVideo canCreateQuoteServiceAudio canDeleteQuoteServiceAudio canUpdateQuoteServiceAudio canUserListQuoteFormField canGetQuoteFaqQuestionTemplate canCreateQuoteCreditPurchasLog canDeletePortfolio canUpdatePortfolio canCreatePortfolio canCreatePortfolioComment canDeletePortfolioComment canUpdatePortfolioComment canDeletePortfolioFavorite canCreatePortfolioFavorite canGetQuoteCreditPurchasLog canGetquoteBid
a5e3d23449fe685bdca07dfbbfdd2b369634eea7	2212711849319225	\N	2016-12-13 09:50:14	canCreateMoneyTransferAccount canViewMoneyTransferAccount canUpdateMoneyTransferAccount canDeleteMoneyTransferAccount
9c1c50a1c570c70cffe4ca4ef6834e87d228ab0a	2212711849319225	admin	2016-12-13 09:50:34	canCreateMoneyTransferAccount canViewMoneyTransferAccount canUpdateMoneyTransferAccount canDeleteMoneyTransferAccount
ee09c23456847574e3ebfb0940c3981716329dd1	2212711849319225	admin	2016-12-13 11:20:02	canCreateMoneyTransferAccount canViewMoneyTransferAccount canUpdateMoneyTransferAccount canDeleteMoneyTransferAccount
73bf63097c0a1db9c68650d7967e8ca87399c8c5	2212711849319225	\N	2016-12-14 07:23:22	canCreateMoneyTransferAccount canViewMoneyTransferAccount canUpdateMoneyTransferAccount canDeleteMoneyTransferAccount
c42f2530164257f0f7e7743a238b3d35b2367f8f	2212711849319225	admin	2016-12-14 07:23:44	canCreateMoneyTransferAccount canViewMoneyTransferAccount canUpdateMoneyTransferAccount canDeleteMoneyTransferAccount
6e4ed9b5d27a8fb1b3e5e896be44955175760371	2212711849319225	user1	2016-10-27 15:52:01	canUpdateUser canViewUser canListUserTransactions canUserCreateUserCashWithdrawals canUserViewUserCashWithdrawals canUserListUserCashWithdrawals canUserCreateMoneyTransferAccount canUserUpdateMoneyTransferAccount canUserViewMoneyTransferAccount canUserListMoneyTransferAccount canUserDeleteMoneyTransferAccount canListQuoteBid canCreateQuoteRequest canListUserQuoteRequestFormField canPostQuoteFaqAnswer canDeleteQuoteFaqAnswerId canUpdateQuoteFaqAnswerId canAddQuoteService canDeleteQuoteService canUpdateQuoteService canCreateQuoteServicePhoto canUpdateQuoteServicePhoto canDeleteQuoteServicePhoto canCreateQuoteServiceVideo canDeleteQuoteServiceVideo canUpdateQuoteServiceVideo canCreateQuoteServiceAudio canDeleteQuoteServiceAudio canUpdateQuoteServiceAudio canUserListQuoteFormField canGetQuoteFaqQuestionTemplate canCreateQuoteCreditPurchasLog canDeletePortfolio canUpdatePortfolio canCreatePortfolio canCreatePortfolioComment canDeletePortfolioComment canUpdatePortfolioComment canDeletePortfolioFavorite canCreatePortfolioFavorite canGetQuoteCreditPurchasLog canGetquoteBid
90a437267057b3b6cd60789bbeadef07e2cfa525	2212711849319225	user2	2016-10-27 16:02:42	canUpdateUser canViewUser canListUserTransactions canUserCreateUserCashWithdrawals canUserViewUserCashWithdrawals canUserListUserCashWithdrawals canUserCreateMoneyTransferAccount canUserUpdateMoneyTransferAccount canUserViewMoneyTransferAccount canUserListMoneyTransferAccount canUserDeleteMoneyTransferAccount canListQuoteBid canCreateQuoteRequest canListUserQuoteRequestFormField canPostQuoteFaqAnswer canDeleteQuoteFaqAnswerId canUpdateQuoteFaqAnswerId canAddQuoteService canDeleteQuoteService canUpdateQuoteService canCreateQuoteServicePhoto canUpdateQuoteServicePhoto canDeleteQuoteServicePhoto canCreateQuoteServiceVideo canDeleteQuoteServiceVideo canUpdateQuoteServiceVideo canCreateQuoteServiceAudio canDeleteQuoteServiceAudio canUpdateQuoteServiceAudio canUserListQuoteFormField canGetQuoteFaqQuestionTemplate canCreateQuoteCreditPurchasLog canDeletePortfolio canUpdatePortfolio canCreatePortfolio canCreatePortfolioComment canDeletePortfolioComment canUpdatePortfolioComment canDeletePortfolioFavorite canCreatePortfolioFavorite canGetQuoteCreditPurchasLog canGetquoteBid
2321909f0bcfe24df46c555dac64740d5ed7be7b	2212711849319225	\N	2016-10-27 16:24:27	\N
f81773803b3a78f1b10f553646128a9959c9d683	2212711849319225	\N	2016-12-10 12:18:00	canCreateMoneyTransferAccount canViewMoneyTransferAccount canUpdateMoneyTransferAccount canDeleteMoneyTransferAccount
86ffed1ad7ff16903012efd501eb216087494c94	2212711849319225	user3	2016-12-10 12:32:10	canViewUser canListUserTransactions canUserCreateUserCashWithdrawals canUserViewUserCashWithdrawals canUserListUserCashWithdrawals canUserCreateMoneyTransferAccount canUserUpdateMoneyTransferAccount canUserViewMoneyTransferAccount canUserListMoneyTransferAccount canUserDeleteMoneyTransferAccount canListQuoteBid canCreateQuoteRequest canListUserQuoteRequestFormField canPostQuoteFaqAnswer canDeleteQuoteFaqAnswerId canUpdateQuoteFaqAnswerId canAddQuoteService canDeleteQuoteService canUpdateQuoteService canCreateQuoteServicePhoto canUpdateQuoteServicePhoto canDeleteQuoteServicePhoto canCreateQuoteServiceVideo canDeleteQuoteServiceVideo canUpdateQuoteServiceVideo canCreateQuoteServiceAudio canDeleteQuoteServiceAudio canUpdateQuoteServiceAudio canGetQuoteFaqQuestionTemplate canCreateQuoteCreditPurchasLog canDeletePortfolio canUpdatePortfolio canCreatePortfolio canGetquoteBid canUpdateUser canCreateJob canUpdateJob canDeleteJob canListJobApply canUpdateJobApply canViewJobApply canCreateJobApply canListJobApplyStatus canCreateExamsQuestion canCreateExamAnswer canViewExamAnswer canDeleteExamAnswer canUpdateExamAnswer canListExamLevel canUpdateExamsAnswer canViewMyQuoteService canUserViewJob canUserPortfolio canViewMyContest canViewMyContestUser canDeleteContest canUpdateContest canCreateContest canDeleteContestUser canCreateContestUser canGetMe canUpdateContestUser canListJobStat canUserViewJobApply canListJobApplyStat canListResumeRating canCreateResumeRating canDeleteResumeRating canViewResumeRating canUpdateResumeRating canListEmployerJobApply canListJobApplyResumeRating canCreateMoneyTransferAccount canViewMoneyTransferAccount canUpdateMoneyTransferAccount canDeleteMoneyTransferAccount canListExamsQuestions
18821899ad89c9bada29ecd3e42024a4d5d94643	2212711849319225	user3	2016-12-10 12:47:26	canViewUser canListUserTransactions canUserCreateUserCashWithdrawals canUserViewUserCashWithdrawals canUserListUserCashWithdrawals canUserCreateMoneyTransferAccount canUserUpdateMoneyTransferAccount canUserViewMoneyTransferAccount canUserListMoneyTransferAccount canUserDeleteMoneyTransferAccount canListQuoteBid canCreateQuoteRequest canListUserQuoteRequestFormField canPostQuoteFaqAnswer canDeleteQuoteFaqAnswerId canUpdateQuoteFaqAnswerId canAddQuoteService canDeleteQuoteService canUpdateQuoteService canCreateQuoteServicePhoto canUpdateQuoteServicePhoto canDeleteQuoteServicePhoto canCreateQuoteServiceVideo canDeleteQuoteServiceVideo canUpdateQuoteServiceVideo canCreateQuoteServiceAudio canDeleteQuoteServiceAudio canUpdateQuoteServiceAudio canGetQuoteFaqQuestionTemplate canCreateQuoteCreditPurchasLog canDeletePortfolio canUpdatePortfolio canCreatePortfolio canGetquoteBid canUpdateUser canCreateJob canUpdateJob canDeleteJob canListJobApply canUpdateJobApply canViewJobApply canCreateJobApply canListJobApplyStatus canCreateExamsQuestion canCreateExamAnswer canViewExamAnswer canDeleteExamAnswer canUpdateExamAnswer canListExamLevel canUpdateExamsAnswer canViewMyQuoteService canUserViewJob canUserPortfolio canViewMyContest canViewMyContestUser canDeleteContest canUpdateContest canCreateContest canDeleteContestUser canCreateContestUser canGetMe canUpdateContestUser canListJobStat canUserViewJobApply canListJobApplyStat canListResumeRating canCreateResumeRating canDeleteResumeRating canViewResumeRating canUpdateResumeRating canListEmployerJobApply canListJobApplyResumeRating canCreateMoneyTransferAccount canViewMoneyTransferAccount canUpdateMoneyTransferAccount canDeleteMoneyTransferAccount canListExamsQuestions
cfad81a48e95c7cc6a071f98975dab5e715ce2fd	2212711849319225	admin	2016-12-10 12:47:53	canCreateMoneyTransferAccount canViewMoneyTransferAccount canUpdateMoneyTransferAccount canDeleteMoneyTransferAccount
eb78aae36ae2a4ecd755120d03db76b2abf43218	2212711849319225	admin	2016-12-10 12:47:58	canCreateMoneyTransferAccount canViewMoneyTransferAccount canUpdateMoneyTransferAccount canDeleteMoneyTransferAccount
038ef6a25bd3e4438b8c940bf09d31ad8e64384e	2212711849319225	admin	2016-12-10 14:00:55	canCreateMoneyTransferAccount canViewMoneyTransferAccount canUpdateMoneyTransferAccount canDeleteMoneyTransferAccount
5dd1dcde4bda9f2080064bbd331683fb67900698	2212711849319225	admin	2016-12-10 15:08:33	canCreateMoneyTransferAccount canViewMoneyTransferAccount canUpdateMoneyTransferAccount canDeleteMoneyTransferAccount
d5a59923ffd85e7287ec0bd2a87e1ee1e97765fa	2212711849319225	\N	2016-12-13 07:10:30	canCreateMoneyTransferAccount canViewMoneyTransferAccount canUpdateMoneyTransferAccount canDeleteMoneyTransferAccount
89f9ef950cda5c715d87c3630e10ffb12fb5d7a4	2212711849319225	admin	2016-12-13 07:11:16	canCreateMoneyTransferAccount canViewMoneyTransferAccount canUpdateMoneyTransferAccount canDeleteMoneyTransferAccount
036796e75f1bfd7d3251fef151bf6686673d1725	2212711849319225	admin	2016-12-13 08:17:33	canCreateMoneyTransferAccount canViewMoneyTransferAccount canUpdateMoneyTransferAccount canDeleteMoneyTransferAccount
e23005d8431853846475ae1f768e28a7e2d3321c	2212711849319225	admin	2016-12-13 09:44:21	canCreateMoneyTransferAccount canViewMoneyTransferAccount canUpdateMoneyTransferAccount canDeleteMoneyTransferAccount
6d75bb3f5f78033476563298ca7033559b5b750f	2212711849319225	\N	2016-12-14 07:24:21	canCreateMoneyTransferAccount canViewMoneyTransferAccount canUpdateMoneyTransferAccount canDeleteMoneyTransferAccount
e775b2cc420dfcd37eb9cee818ace54294880714	2212711849319225	admin	2016-12-14 07:24:41	canCreateMoneyTransferAccount canViewMoneyTransferAccount canUpdateMoneyTransferAccount canDeleteMoneyTransferAccount
d17f73b3bb7dce0dc25ec3dc6877ec31a4d6b090	2212711849319225	user2	2016-12-14 07:41:11	canViewUser canListUserTransactions canUserCreateUserCashWithdrawals canUserViewUserCashWithdrawals canUserListUserCashWithdrawals canUserCreateMoneyTransferAccount canUserUpdateMoneyTransferAccount canUserViewMoneyTransferAccount canUserListMoneyTransferAccount canUserDeleteMoneyTransferAccount canListQuoteBid canCreateQuoteRequest canListUserQuoteRequestFormField canPostQuoteFaqAnswer canDeleteQuoteFaqAnswerId canUpdateQuoteFaqAnswerId canAddQuoteService canDeleteQuoteService canUpdateQuoteService canCreateQuoteServicePhoto canUpdateQuoteServicePhoto canDeleteQuoteServicePhoto canCreateQuoteServiceVideo canDeleteQuoteServiceVideo canUpdateQuoteServiceVideo canCreateQuoteServiceAudio canDeleteQuoteServiceAudio canUpdateQuoteServiceAudio canGetQuoteFaqQuestionTemplate canCreateQuoteCreditPurchasLog canDeletePortfolio canUpdatePortfolio canCreatePortfolio canGetquoteBid canUpdateUser canCreateJob canUpdateJob canDeleteJob canListJobApply canUpdateJobApply canViewJobApply canCreateJobApply canListJobApplyStatus canCreateExamsQuestion canCreateExamAnswer canViewExamAnswer canDeleteExamAnswer canUpdateExamAnswer canListExamLevel canUpdateExamsAnswer canViewMyQuoteService canUserViewJob canUserPortfolio canViewMyContest canViewMyContestUser canDeleteContest canUpdateContest canCreateContest canDeleteContestUser canCreateContestUser canGetMe canUpdateContestUser canListJobStat canUserViewJobApply canListJobApplyStat canListResumeRating canCreateResumeRating canDeleteResumeRating canViewResumeRating canUpdateResumeRating canListEmployerJobApply canListJobApplyResumeRating canCreateMoneyTransferAccount canViewMoneyTransferAccount canUpdateMoneyTransferAccount canDeleteMoneyTransferAccount canListExamsQuestions
053e54d68c8d83de8186bb47294514292dd6b6f7	2212711849319225	user3	2016-12-14 07:48:31	canViewUser canListUserTransactions canUserCreateUserCashWithdrawals canUserViewUserCashWithdrawals canUserListUserCashWithdrawals canUserCreateMoneyTransferAccount canUserUpdateMoneyTransferAccount canUserViewMoneyTransferAccount canUserListMoneyTransferAccount canUserDeleteMoneyTransferAccount canListQuoteBid canCreateQuoteRequest canListUserQuoteRequestFormField canPostQuoteFaqAnswer canDeleteQuoteFaqAnswerId canUpdateQuoteFaqAnswerId canAddQuoteService canDeleteQuoteService canUpdateQuoteService canCreateQuoteServicePhoto canUpdateQuoteServicePhoto canDeleteQuoteServicePhoto canCreateQuoteServiceVideo canDeleteQuoteServiceVideo canUpdateQuoteServiceVideo canCreateQuoteServiceAudio canDeleteQuoteServiceAudio canUpdateQuoteServiceAudio canGetQuoteFaqQuestionTemplate canCreateQuoteCreditPurchasLog canDeletePortfolio canUpdatePortfolio canCreatePortfolio canGetquoteBid canUpdateUser canCreateJob canUpdateJob canDeleteJob canListJobApply canUpdateJobApply canViewJobApply canCreateJobApply canListJobApplyStatus canCreateExamsQuestion canCreateExamAnswer canViewExamAnswer canDeleteExamAnswer canUpdateExamAnswer canListExamLevel canUpdateExamsAnswer canViewMyQuoteService canUserViewJob canUserPortfolio canViewMyContest canViewMyContestUser canDeleteContest canUpdateContest canCreateContest canDeleteContestUser canCreateContestUser canGetMe canUpdateContestUser canListJobStat canUserViewJobApply canListJobApplyStat canListResumeRating canCreateResumeRating canDeleteResumeRating canViewResumeRating canUpdateResumeRating canListEmployerJobApply canListJobApplyResumeRating canCreateMoneyTransferAccount canViewMoneyTransferAccount canUpdateMoneyTransferAccount canDeleteMoneyTransferAccount canListExamsQuestions
3ad2355ce78f77dbae82dcceba00d3d092263f00	2212711849319225	user4	2016-12-14 07:53:34	canViewUser canListUserTransactions canUserCreateUserCashWithdrawals canUserViewUserCashWithdrawals canUserListUserCashWithdrawals canUserCreateMoneyTransferAccount canUserUpdateMoneyTransferAccount canUserViewMoneyTransferAccount canUserListMoneyTransferAccount canUserDeleteMoneyTransferAccount canListQuoteBid canCreateQuoteRequest canListUserQuoteRequestFormField canPostQuoteFaqAnswer canDeleteQuoteFaqAnswerId canUpdateQuoteFaqAnswerId canAddQuoteService canDeleteQuoteService canUpdateQuoteService canCreateQuoteServicePhoto canUpdateQuoteServicePhoto canDeleteQuoteServicePhoto canCreateQuoteServiceVideo canDeleteQuoteServiceVideo canUpdateQuoteServiceVideo canCreateQuoteServiceAudio canDeleteQuoteServiceAudio canUpdateQuoteServiceAudio canGetQuoteFaqQuestionTemplate canCreateQuoteCreditPurchasLog canDeletePortfolio canUpdatePortfolio canCreatePortfolio canGetquoteBid canUpdateUser canCreateJob canUpdateJob canDeleteJob canListJobApply canUpdateJobApply canViewJobApply canCreateJobApply canListJobApplyStatus canCreateExamsQuestion canCreateExamAnswer canViewExamAnswer canDeleteExamAnswer canUpdateExamAnswer canListExamLevel canUpdateExamsAnswer canViewMyQuoteService canUserViewJob canUserPortfolio canViewMyContest canViewMyContestUser canDeleteContest canUpdateContest canCreateContest canDeleteContestUser canCreateContestUser canGetMe canUpdateContestUser canListJobStat canUserViewJobApply canListJobApplyStat canListResumeRating canCreateResumeRating canDeleteResumeRating canViewResumeRating canUpdateResumeRating canListEmployerJobApply canListJobApplyResumeRating canCreateMoneyTransferAccount canViewMoneyTransferAccount canUpdateMoneyTransferAccount canDeleteMoneyTransferAccount canListExamsQuestions
3036447b7c5bab40bd6bff0c9423f804bd82a7bf	2212711849319225	user3	2016-12-14 07:56:35	canViewUser canListUserTransactions canUserCreateUserCashWithdrawals canUserViewUserCashWithdrawals canUserListUserCashWithdrawals canUserCreateMoneyTransferAccount canUserUpdateMoneyTransferAccount canUserViewMoneyTransferAccount canUserListMoneyTransferAccount canUserDeleteMoneyTransferAccount canListQuoteBid canCreateQuoteRequest canListUserQuoteRequestFormField canPostQuoteFaqAnswer canDeleteQuoteFaqAnswerId canUpdateQuoteFaqAnswerId canAddQuoteService canDeleteQuoteService canUpdateQuoteService canCreateQuoteServicePhoto canUpdateQuoteServicePhoto canDeleteQuoteServicePhoto canCreateQuoteServiceVideo canDeleteQuoteServiceVideo canUpdateQuoteServiceVideo canCreateQuoteServiceAudio canDeleteQuoteServiceAudio canUpdateQuoteServiceAudio canGetQuoteFaqQuestionTemplate canCreateQuoteCreditPurchasLog canDeletePortfolio canUpdatePortfolio canCreatePortfolio canGetquoteBid canUpdateUser canCreateJob canUpdateJob canDeleteJob canListJobApply canUpdateJobApply canViewJobApply canCreateJobApply canListJobApplyStatus canCreateExamsQuestion canCreateExamAnswer canViewExamAnswer canDeleteExamAnswer canUpdateExamAnswer canListExamLevel canUpdateExamsAnswer canViewMyQuoteService canUserViewJob canUserPortfolio canViewMyContest canViewMyContestUser canDeleteContest canUpdateContest canCreateContest canDeleteContestUser canCreateContestUser canGetMe canUpdateContestUser canListJobStat canUserViewJobApply canListJobApplyStat canListResumeRating canCreateResumeRating canDeleteResumeRating canViewResumeRating canUpdateResumeRating canListEmployerJobApply canListJobApplyResumeRating canCreateMoneyTransferAccount canViewMoneyTransferAccount canUpdateMoneyTransferAccount canDeleteMoneyTransferAccount canListExamsQuestions
5db82630d17c19db64a772a52ac996c837374ce2	2212711849319225	user5	2016-12-14 07:58:22	canViewUser canListUserTransactions canUserCreateUserCashWithdrawals canUserViewUserCashWithdrawals canUserListUserCashWithdrawals canUserCreateMoneyTransferAccount canUserUpdateMoneyTransferAccount canUserViewMoneyTransferAccount canUserListMoneyTransferAccount canUserDeleteMoneyTransferAccount canListQuoteBid canCreateQuoteRequest canListUserQuoteRequestFormField canPostQuoteFaqAnswer canDeleteQuoteFaqAnswerId canUpdateQuoteFaqAnswerId canAddQuoteService canDeleteQuoteService canUpdateQuoteService canCreateQuoteServicePhoto canUpdateQuoteServicePhoto canDeleteQuoteServicePhoto canCreateQuoteServiceVideo canDeleteQuoteServiceVideo canUpdateQuoteServiceVideo canCreateQuoteServiceAudio canDeleteQuoteServiceAudio canUpdateQuoteServiceAudio canGetQuoteFaqQuestionTemplate canCreateQuoteCreditPurchasLog canDeletePortfolio canUpdatePortfolio canCreatePortfolio canGetquoteBid canUpdateUser canCreateJob canUpdateJob canDeleteJob canListJobApply canUpdateJobApply canViewJobApply canCreateJobApply canListJobApplyStatus canCreateExamsQuestion canCreateExamAnswer canViewExamAnswer canDeleteExamAnswer canUpdateExamAnswer canListExamLevel canUpdateExamsAnswer canViewMyQuoteService canUserViewJob canUserPortfolio canViewMyContest canViewMyContestUser canDeleteContest canUpdateContest canCreateContest canDeleteContestUser canCreateContestUser canGetMe canUpdateContestUser canListJobStat canUserViewJobApply canListJobApplyStat canListResumeRating canCreateResumeRating canDeleteResumeRating canViewResumeRating canUpdateResumeRating canListEmployerJobApply canListJobApplyResumeRating canCreateMoneyTransferAccount canViewMoneyTransferAccount canUpdateMoneyTransferAccount canDeleteMoneyTransferAccount canListExamsQuestions
8c16f6c8e4229343cd1b2026bf1e03e4992247ad	2212711849319225	user4	2016-12-14 07:58:39	canViewUser canListUserTransactions canUserCreateUserCashWithdrawals canUserViewUserCashWithdrawals canUserListUserCashWithdrawals canUserCreateMoneyTransferAccount canUserUpdateMoneyTransferAccount canUserViewMoneyTransferAccount canUserListMoneyTransferAccount canUserDeleteMoneyTransferAccount canListQuoteBid canCreateQuoteRequest canListUserQuoteRequestFormField canPostQuoteFaqAnswer canDeleteQuoteFaqAnswerId canUpdateQuoteFaqAnswerId canAddQuoteService canDeleteQuoteService canUpdateQuoteService canCreateQuoteServicePhoto canUpdateQuoteServicePhoto canDeleteQuoteServicePhoto canCreateQuoteServiceVideo canDeleteQuoteServiceVideo canUpdateQuoteServiceVideo canCreateQuoteServiceAudio canDeleteQuoteServiceAudio canUpdateQuoteServiceAudio canGetQuoteFaqQuestionTemplate canCreateQuoteCreditPurchasLog canDeletePortfolio canUpdatePortfolio canCreatePortfolio canGetquoteBid canUpdateUser canCreateJob canUpdateJob canDeleteJob canListJobApply canUpdateJobApply canViewJobApply canCreateJobApply canListJobApplyStatus canCreateExamsQuestion canCreateExamAnswer canViewExamAnswer canDeleteExamAnswer canUpdateExamAnswer canListExamLevel canUpdateExamsAnswer canViewMyQuoteService canUserViewJob canUserPortfolio canViewMyContest canViewMyContestUser canDeleteContest canUpdateContest canCreateContest canDeleteContestUser canCreateContestUser canGetMe canUpdateContestUser canListJobStat canUserViewJobApply canListJobApplyStat canListResumeRating canCreateResumeRating canDeleteResumeRating canViewResumeRating canUpdateResumeRating canListEmployerJobApply canListJobApplyResumeRating canCreateMoneyTransferAccount canViewMoneyTransferAccount canUpdateMoneyTransferAccount canDeleteMoneyTransferAccount canListExamsQuestions
3e3ee6991f645a60d4056655ecd0e74570704e53	2212711849319225	user2	2016-12-14 08:01:13	canViewUser canListUserTransactions canUserCreateUserCashWithdrawals canUserViewUserCashWithdrawals canUserListUserCashWithdrawals canUserCreateMoneyTransferAccount canUserUpdateMoneyTransferAccount canUserViewMoneyTransferAccount canUserListMoneyTransferAccount canUserDeleteMoneyTransferAccount canListQuoteBid canCreateQuoteRequest canListUserQuoteRequestFormField canPostQuoteFaqAnswer canDeleteQuoteFaqAnswerId canUpdateQuoteFaqAnswerId canAddQuoteService canDeleteQuoteService canUpdateQuoteService canCreateQuoteServicePhoto canUpdateQuoteServicePhoto canDeleteQuoteServicePhoto canCreateQuoteServiceVideo canDeleteQuoteServiceVideo canUpdateQuoteServiceVideo canCreateQuoteServiceAudio canDeleteQuoteServiceAudio canUpdateQuoteServiceAudio canGetQuoteFaqQuestionTemplate canCreateQuoteCreditPurchasLog canDeletePortfolio canUpdatePortfolio canCreatePortfolio canGetquoteBid canUpdateUser canCreateJob canUpdateJob canDeleteJob canListJobApply canUpdateJobApply canViewJobApply canCreateJobApply canListJobApplyStatus canCreateExamsQuestion canCreateExamAnswer canViewExamAnswer canDeleteExamAnswer canUpdateExamAnswer canListExamLevel canUpdateExamsAnswer canViewMyQuoteService canUserViewJob canUserPortfolio canViewMyContest canViewMyContestUser canDeleteContest canUpdateContest canCreateContest canDeleteContestUser canCreateContestUser canGetMe canUpdateContestUser canListJobStat canUserViewJobApply canListJobApplyStat canListResumeRating canCreateResumeRating canDeleteResumeRating canViewResumeRating canUpdateResumeRating canListEmployerJobApply canListJobApplyResumeRating canCreateMoneyTransferAccount canViewMoneyTransferAccount canUpdateMoneyTransferAccount canDeleteMoneyTransferAccount canListExamsQuestions
025e1346f1c59378e9e4301b19d846d2fcd1689c	2212711849319225	user6	2016-12-14 08:01:59	canViewUser canListUserTransactions canUserCreateUserCashWithdrawals canUserViewUserCashWithdrawals canUserListUserCashWithdrawals canUserCreateMoneyTransferAccount canUserUpdateMoneyTransferAccount canUserViewMoneyTransferAccount canUserListMoneyTransferAccount canUserDeleteMoneyTransferAccount canListQuoteBid canCreateQuoteRequest canListUserQuoteRequestFormField canPostQuoteFaqAnswer canDeleteQuoteFaqAnswerId canUpdateQuoteFaqAnswerId canAddQuoteService canDeleteQuoteService canUpdateQuoteService canCreateQuoteServicePhoto canUpdateQuoteServicePhoto canDeleteQuoteServicePhoto canCreateQuoteServiceVideo canDeleteQuoteServiceVideo canUpdateQuoteServiceVideo canCreateQuoteServiceAudio canDeleteQuoteServiceAudio canUpdateQuoteServiceAudio canGetQuoteFaqQuestionTemplate canCreateQuoteCreditPurchasLog canDeletePortfolio canUpdatePortfolio canCreatePortfolio canGetquoteBid canUpdateUser canCreateJob canUpdateJob canDeleteJob canListJobApply canUpdateJobApply canViewJobApply canCreateJobApply canListJobApplyStatus canCreateExamsQuestion canCreateExamAnswer canViewExamAnswer canDeleteExamAnswer canUpdateExamAnswer canListExamLevel canUpdateExamsAnswer canViewMyQuoteService canUserViewJob canUserPortfolio canViewMyContest canViewMyContestUser canDeleteContest canUpdateContest canCreateContest canDeleteContestUser canCreateContestUser canGetMe canUpdateContestUser canListJobStat canUserViewJobApply canListJobApplyStat canListResumeRating canCreateResumeRating canDeleteResumeRating canViewResumeRating canUpdateResumeRating canListEmployerJobApply canListJobApplyResumeRating canCreateMoneyTransferAccount canViewMoneyTransferAccount canUpdateMoneyTransferAccount canDeleteMoneyTransferAccount canListExamsQuestions
7e720fa7e310e623352df9a330f117f0a390acb3	2212711849319225	user7	2016-12-14 08:04:34	canViewUser canListUserTransactions canUserCreateUserCashWithdrawals canUserViewUserCashWithdrawals canUserListUserCashWithdrawals canUserCreateMoneyTransferAccount canUserUpdateMoneyTransferAccount canUserViewMoneyTransferAccount canUserListMoneyTransferAccount canUserDeleteMoneyTransferAccount canListQuoteBid canCreateQuoteRequest canListUserQuoteRequestFormField canPostQuoteFaqAnswer canDeleteQuoteFaqAnswerId canUpdateQuoteFaqAnswerId canAddQuoteService canDeleteQuoteService canUpdateQuoteService canCreateQuoteServicePhoto canUpdateQuoteServicePhoto canDeleteQuoteServicePhoto canCreateQuoteServiceVideo canDeleteQuoteServiceVideo canUpdateQuoteServiceVideo canCreateQuoteServiceAudio canDeleteQuoteServiceAudio canUpdateQuoteServiceAudio canGetQuoteFaqQuestionTemplate canCreateQuoteCreditPurchasLog canDeletePortfolio canUpdatePortfolio canCreatePortfolio canGetquoteBid canUpdateUser canCreateJob canUpdateJob canDeleteJob canListJobApply canUpdateJobApply canViewJobApply canCreateJobApply canListJobApplyStatus canCreateExamsQuestion canCreateExamAnswer canViewExamAnswer canDeleteExamAnswer canUpdateExamAnswer canListExamLevel canUpdateExamsAnswer canViewMyQuoteService canUserViewJob canUserPortfolio canViewMyContest canViewMyContestUser canDeleteContest canUpdateContest canCreateContest canDeleteContestUser canCreateContestUser canGetMe canUpdateContestUser canListJobStat canUserViewJobApply canListJobApplyStat canListResumeRating canCreateResumeRating canDeleteResumeRating canViewResumeRating canUpdateResumeRating canListEmployerJobApply canListJobApplyResumeRating canCreateMoneyTransferAccount canViewMoneyTransferAccount canUpdateMoneyTransferAccount canDeleteMoneyTransferAccount canListExamsQuestions
e3f1684c3f9c76bf4917f9e1fa47500ad016a133	2212711849319225	user5	2016-12-14 08:07:17	canViewUser canListUserTransactions canUserCreateUserCashWithdrawals canUserViewUserCashWithdrawals canUserListUserCashWithdrawals canUserCreateMoneyTransferAccount canUserUpdateMoneyTransferAccount canUserViewMoneyTransferAccount canUserListMoneyTransferAccount canUserDeleteMoneyTransferAccount canListQuoteBid canCreateQuoteRequest canListUserQuoteRequestFormField canPostQuoteFaqAnswer canDeleteQuoteFaqAnswerId canUpdateQuoteFaqAnswerId canAddQuoteService canDeleteQuoteService canUpdateQuoteService canCreateQuoteServicePhoto canUpdateQuoteServicePhoto canDeleteQuoteServicePhoto canCreateQuoteServiceVideo canDeleteQuoteServiceVideo canUpdateQuoteServiceVideo canCreateQuoteServiceAudio canDeleteQuoteServiceAudio canUpdateQuoteServiceAudio canGetQuoteFaqQuestionTemplate canCreateQuoteCreditPurchasLog canDeletePortfolio canUpdatePortfolio canCreatePortfolio canGetquoteBid canUpdateUser canCreateJob canUpdateJob canDeleteJob canListJobApply canUpdateJobApply canViewJobApply canCreateJobApply canListJobApplyStatus canCreateExamsQuestion canCreateExamAnswer canViewExamAnswer canDeleteExamAnswer canUpdateExamAnswer canListExamLevel canUpdateExamsAnswer canViewMyQuoteService canUserViewJob canUserPortfolio canViewMyContest canViewMyContestUser canDeleteContest canUpdateContest canCreateContest canDeleteContestUser canCreateContestUser canGetMe canUpdateContestUser canListJobStat canUserViewJobApply canListJobApplyStat canListResumeRating canCreateResumeRating canDeleteResumeRating canViewResumeRating canUpdateResumeRating canListEmployerJobApply canListJobApplyResumeRating canCreateMoneyTransferAccount canViewMoneyTransferAccount canUpdateMoneyTransferAccount canDeleteMoneyTransferAccount canListExamsQuestions
2cef4125c52718c0d8673c88309e41a05fe2ccca	2212711849319225	admin	2016-12-14 08:13:41	canCreateMoneyTransferAccount canViewMoneyTransferAccount canUpdateMoneyTransferAccount canDeleteMoneyTransferAccount
425b21532dab87199bf16296e354b0e0624eb7a7	2212711849319225	user1	2017-04-28 08:56:50	canViewUser canListUserTransactions canUserCreateUserCashWithdrawals canUserViewUserCashWithdrawals canUserListUserCashWithdrawals canUserCreateMoneyTransferAccount canUserUpdateMoneyTransferAccount canUserViewMoneyTransferAccount canUserListMoneyTransferAccount canUserDeleteMoneyTransferAccount canListQuoteBid canCreateQuoteRequest canListUserQuoteRequestFormField canPostQuoteFaqAnswer canDeleteQuoteFaqAnswerId canUpdateQuoteFaqAnswerId canAddQuoteService canDeleteQuoteService canUpdateQuoteService canCreateQuoteServicePhoto canUpdateQuoteServicePhoto canDeleteQuoteServicePhoto canCreateQuoteServiceVideo canDeleteQuoteServiceVideo canUpdateQuoteServiceVideo canCreateQuoteServiceAudio canDeleteQuoteServiceAudio canUpdateQuoteServiceAudio canGetQuoteFaqQuestionTemplate canCreateQuoteCreditPurchasLog canDeletePortfolio canUpdatePortfolio canCreatePortfolio canGetquoteBid canUpdateUser canCreateJob canUpdateJob canDeleteJob canUpdateJobApply canViewJobApply canCreateJobApply canListJobApplyStatus canCreateExamsQuestion canCreateExamAnswer canViewExamAnswer canDeleteExamAnswer canUpdateExamAnswer canListExamLevel canUpdateExamsAnswer canViewMyQuoteService canUserViewJob canUserPortfolio canViewMyContest canViewMyContestUser canDeleteContest canUpdateContest canCreateContest canDeleteContestUser canCreateContestUser canGetMe canUpdateContestUser canListJobStat canUserViewJobApply canListJobApplyStat canListResumeRating canCreateResumeRating canDeleteResumeRating canViewResumeRating canUpdateResumeRating canListEmployerJobApply canListJobApplyResumeRating canCreateMoneyTransferAccount canViewMoneyTransferAccount canUpdateMoneyTransferAccount canDeleteMoneyTransferAccount canListExamsQuestions canCreateExamUser canGetMyQuoteCreditPurchasLog canListMyQuoteRequest canUpdateQuoteBid canViewExamUser canUserViewExamsUsers canCreateProject canDeleteProject canUpdateProject canUserViewProjects canCreateBid canCreateFollower canUpdateBidUpdateStatus canUpdateProjectUpdateStatus canUpdateMilestoneUpdateStatus canCreateMilestone canListEmployerBid canListMyBid canUpdateMilestone canCreateMessage canCreateOrder canCreateProjectBidInvoice canUpdateProjectBidInvoice canListProjectBidInvoice canViewProjectBidInvoice canCreateWorkProfile canDeleteWorkProfile canUpdateWorkProfile canCreateEducation canUpdateEducation canDeleteEducation canCreateCertification canUpdateCertification canDeleteCertification canCreatePublication canDeletePublication canUpdatePublication canListBid canUpdatePaymentEscrow canListProjectDispute canCreateProjectDispute canGetQuoteFaqQuestionTemplateId canViewGetCoupon canListMilestone canListProjectStat canCreateHireRequest canListActiveProject canListDisputeOpenType canListProjectAttachment canCreateProjectAttachment canDeleteProjectAttachment canCreateWallet canDeleteFollower canCreateQuoteCategory canUpdateQuoteCategory canUpdateContestStatus canViewContestStatus canListContestStatus canListFollower canViewFollower canViewQuoteBid canViewContestType canUpdateQuoteRequest canDeleteBid canViewBid canUpdateBid canDeleteMilestone canViewMilestone canDeleteFlag canListMyMilestone canListActivity canListMeProjectBidInvoice canListEmployerProjectBidInvoice canListMyEmployerMilestone canDeleteProjectBidInvoice canUpdateHireRequest canDeleteHireRequest canListHireRequest
e260a38483a938585756badc4036590aa4790608	2212711849319225	user1	2017-04-28 08:57:05	canViewUser canListUserTransactions canUserCreateUserCashWithdrawals canUserViewUserCashWithdrawals canUserListUserCashWithdrawals canUserCreateMoneyTransferAccount canUserUpdateMoneyTransferAccount canUserViewMoneyTransferAccount canUserListMoneyTransferAccount canUserDeleteMoneyTransferAccount canListQuoteBid canCreateQuoteRequest canListUserQuoteRequestFormField canPostQuoteFaqAnswer canDeleteQuoteFaqAnswerId canUpdateQuoteFaqAnswerId canAddQuoteService canDeleteQuoteService canUpdateQuoteService canCreateQuoteServicePhoto canUpdateQuoteServicePhoto canDeleteQuoteServicePhoto canCreateQuoteServiceVideo canDeleteQuoteServiceVideo canUpdateQuoteServiceVideo canCreateQuoteServiceAudio canDeleteQuoteServiceAudio canUpdateQuoteServiceAudio canGetQuoteFaqQuestionTemplate canCreateQuoteCreditPurchasLog canDeletePortfolio canUpdatePortfolio canCreatePortfolio canGetquoteBid canUpdateUser canCreateJob canUpdateJob canDeleteJob canUpdateJobApply canViewJobApply canCreateJobApply canListJobApplyStatus canCreateExamsQuestion canCreateExamAnswer canViewExamAnswer canDeleteExamAnswer canUpdateExamAnswer canListExamLevel canUpdateExamsAnswer canViewMyQuoteService canUserViewJob canUserPortfolio canViewMyContest canViewMyContestUser canDeleteContest canUpdateContest canCreateContest canDeleteContestUser canCreateContestUser canGetMe canUpdateContestUser canListJobStat canUserViewJobApply canListJobApplyStat canListResumeRating canCreateResumeRating canDeleteResumeRating canViewResumeRating canUpdateResumeRating canListEmployerJobApply canListJobApplyResumeRating canCreateMoneyTransferAccount canViewMoneyTransferAccount canUpdateMoneyTransferAccount canDeleteMoneyTransferAccount canListExamsQuestions canCreateExamUser canGetMyQuoteCreditPurchasLog canListMyQuoteRequest canUpdateQuoteBid canViewExamUser canUserViewExamsUsers canCreateProject canDeleteProject canUpdateProject canUserViewProjects canCreateBid canCreateFollower canUpdateBidUpdateStatus canUpdateProjectUpdateStatus canUpdateMilestoneUpdateStatus canCreateMilestone canListEmployerBid canListMyBid canUpdateMilestone canCreateMessage canCreateOrder canCreateProjectBidInvoice canUpdateProjectBidInvoice canListProjectBidInvoice canViewProjectBidInvoice canCreateWorkProfile canDeleteWorkProfile canUpdateWorkProfile canCreateEducation canUpdateEducation canDeleteEducation canCreateCertification canUpdateCertification canDeleteCertification canCreatePublication canDeletePublication canUpdatePublication canListBid canUpdatePaymentEscrow canListProjectDispute canCreateProjectDispute canGetQuoteFaqQuestionTemplateId canViewGetCoupon canListMilestone canListProjectStat canCreateHireRequest canListActiveProject canListDisputeOpenType canListProjectAttachment canCreateProjectAttachment canDeleteProjectAttachment canCreateWallet canDeleteFollower canCreateQuoteCategory canUpdateQuoteCategory canUpdateContestStatus canViewContestStatus canListContestStatus canListFollower canViewFollower canViewQuoteBid canViewContestType canUpdateQuoteRequest canDeleteBid canViewBid canUpdateBid canDeleteMilestone canViewMilestone canDeleteFlag canListMyMilestone canListActivity canListMeProjectBidInvoice canListEmployerProjectBidInvoice canListMyEmployerMilestone canDeleteProjectBidInvoice canUpdateHireRequest canDeleteHireRequest canListHireRequest
972a9f81b0a461fd08090766404057ac1f080886	2212711849319225	user1	2017-04-28 08:57:51	canViewUser canListUserTransactions canUserCreateUserCashWithdrawals canUserViewUserCashWithdrawals canUserListUserCashWithdrawals canUserCreateMoneyTransferAccount canUserUpdateMoneyTransferAccount canUserViewMoneyTransferAccount canUserListMoneyTransferAccount canUserDeleteMoneyTransferAccount canListQuoteBid canCreateQuoteRequest canListUserQuoteRequestFormField canPostQuoteFaqAnswer canDeleteQuoteFaqAnswerId canUpdateQuoteFaqAnswerId canAddQuoteService canDeleteQuoteService canUpdateQuoteService canCreateQuoteServicePhoto canUpdateQuoteServicePhoto canDeleteQuoteServicePhoto canCreateQuoteServiceVideo canDeleteQuoteServiceVideo canUpdateQuoteServiceVideo canCreateQuoteServiceAudio canDeleteQuoteServiceAudio canUpdateQuoteServiceAudio canGetQuoteFaqQuestionTemplate canCreateQuoteCreditPurchasLog canDeletePortfolio canUpdatePortfolio canCreatePortfolio canGetquoteBid canUpdateUser canCreateJob canUpdateJob canDeleteJob canUpdateJobApply canViewJobApply canCreateJobApply canListJobApplyStatus canCreateExamsQuestion canCreateExamAnswer canViewExamAnswer canDeleteExamAnswer canUpdateExamAnswer canListExamLevel canUpdateExamsAnswer canViewMyQuoteService canUserViewJob canUserPortfolio canViewMyContest canViewMyContestUser canDeleteContest canUpdateContest canCreateContest canDeleteContestUser canCreateContestUser canGetMe canUpdateContestUser canListJobStat canUserViewJobApply canListJobApplyStat canListResumeRating canCreateResumeRating canDeleteResumeRating canViewResumeRating canUpdateResumeRating canListEmployerJobApply canListJobApplyResumeRating canCreateMoneyTransferAccount canViewMoneyTransferAccount canUpdateMoneyTransferAccount canDeleteMoneyTransferAccount canListExamsQuestions canCreateExamUser canGetMyQuoteCreditPurchasLog canListMyQuoteRequest canUpdateQuoteBid canViewExamUser canUserViewExamsUsers canCreateProject canDeleteProject canUpdateProject canUserViewProjects canCreateBid canCreateFollower canUpdateBidUpdateStatus canUpdateProjectUpdateStatus canUpdateMilestoneUpdateStatus canCreateMilestone canListEmployerBid canListMyBid canUpdateMilestone canCreateMessage canCreateOrder canCreateProjectBidInvoice canUpdateProjectBidInvoice canListProjectBidInvoice canViewProjectBidInvoice canCreateWorkProfile canDeleteWorkProfile canUpdateWorkProfile canCreateEducation canUpdateEducation canDeleteEducation canCreateCertification canUpdateCertification canDeleteCertification canCreatePublication canDeletePublication canUpdatePublication canListBid canUpdatePaymentEscrow canListProjectDispute canCreateProjectDispute canGetQuoteFaqQuestionTemplateId canViewGetCoupon canListMilestone canListProjectStat canCreateHireRequest canListActiveProject canListDisputeOpenType canListProjectAttachment canCreateProjectAttachment canDeleteProjectAttachment canCreateWallet canDeleteFollower canCreateQuoteCategory canUpdateQuoteCategory canUpdateContestStatus canViewContestStatus canListContestStatus canListFollower canViewFollower canViewQuoteBid canViewContestType canUpdateQuoteRequest canDeleteBid canViewBid canUpdateBid canDeleteMilestone canViewMilestone canDeleteFlag canListMyMilestone canListActivity canListMeProjectBidInvoice canListEmployerProjectBidInvoice canListMyEmployerMilestone canDeleteProjectBidInvoice canUpdateHireRequest canDeleteHireRequest canListHireRequest
94eea824cec7172ea7050563c74d91a00e50e901	2212711849319225	user1	2017-04-28 08:58:31	canViewUser canListUserTransactions canUserCreateUserCashWithdrawals canUserViewUserCashWithdrawals canUserListUserCashWithdrawals canUserCreateMoneyTransferAccount canUserUpdateMoneyTransferAccount canUserViewMoneyTransferAccount canUserListMoneyTransferAccount canUserDeleteMoneyTransferAccount canListQuoteBid canCreateQuoteRequest canListUserQuoteRequestFormField canPostQuoteFaqAnswer canDeleteQuoteFaqAnswerId canUpdateQuoteFaqAnswerId canAddQuoteService canDeleteQuoteService canUpdateQuoteService canCreateQuoteServicePhoto canUpdateQuoteServicePhoto canDeleteQuoteServicePhoto canCreateQuoteServiceVideo canDeleteQuoteServiceVideo canUpdateQuoteServiceVideo canCreateQuoteServiceAudio canDeleteQuoteServiceAudio canUpdateQuoteServiceAudio canGetQuoteFaqQuestionTemplate canCreateQuoteCreditPurchasLog canDeletePortfolio canUpdatePortfolio canCreatePortfolio canGetquoteBid canUpdateUser canCreateJob canUpdateJob canDeleteJob canUpdateJobApply canViewJobApply canCreateJobApply canListJobApplyStatus canCreateExamsQuestion canCreateExamAnswer canViewExamAnswer canDeleteExamAnswer canUpdateExamAnswer canListExamLevel canUpdateExamsAnswer canViewMyQuoteService canUserViewJob canUserPortfolio canViewMyContest canViewMyContestUser canDeleteContest canUpdateContest canCreateContest canDeleteContestUser canCreateContestUser canGetMe canUpdateContestUser canListJobStat canUserViewJobApply canListJobApplyStat canListResumeRating canCreateResumeRating canDeleteResumeRating canViewResumeRating canUpdateResumeRating canListEmployerJobApply canListJobApplyResumeRating canCreateMoneyTransferAccount canViewMoneyTransferAccount canUpdateMoneyTransferAccount canDeleteMoneyTransferAccount canListExamsQuestions canCreateExamUser canGetMyQuoteCreditPurchasLog canListMyQuoteRequest canUpdateQuoteBid canViewExamUser canUserViewExamsUsers canCreateProject canDeleteProject canUpdateProject canUserViewProjects canCreateBid canCreateFollower canUpdateBidUpdateStatus canUpdateProjectUpdateStatus canUpdateMilestoneUpdateStatus canCreateMilestone canListEmployerBid canListMyBid canUpdateMilestone canCreateMessage canCreateOrder canCreateProjectBidInvoice canUpdateProjectBidInvoice canListProjectBidInvoice canViewProjectBidInvoice canCreateWorkProfile canDeleteWorkProfile canUpdateWorkProfile canCreateEducation canUpdateEducation canDeleteEducation canCreateCertification canUpdateCertification canDeleteCertification canCreatePublication canDeletePublication canUpdatePublication canListBid canUpdatePaymentEscrow canListProjectDispute canCreateProjectDispute canGetQuoteFaqQuestionTemplateId canViewGetCoupon canListMilestone canListProjectStat canCreateHireRequest canListActiveProject canListDisputeOpenType canListProjectAttachment canCreateProjectAttachment canDeleteProjectAttachment canCreateWallet canDeleteFollower canCreateQuoteCategory canUpdateQuoteCategory canUpdateContestStatus canViewContestStatus canListContestStatus canListFollower canViewFollower canViewQuoteBid canViewContestType canUpdateQuoteRequest canDeleteBid canViewBid canUpdateBid canDeleteMilestone canViewMilestone canDeleteFlag canListMyMilestone canListActivity canListMeProjectBidInvoice canListEmployerProjectBidInvoice canListMyEmployerMilestone canDeleteProjectBidInvoice canUpdateHireRequest canDeleteHireRequest canListHireRequest
c2a4e5edb970f4cc4087a693a3897dec6615c3ac	2212711849319225	user1	2017-04-28 08:59:14	canViewUser canListUserTransactions canUserCreateUserCashWithdrawals canUserViewUserCashWithdrawals canUserListUserCashWithdrawals canUserCreateMoneyTransferAccount canUserUpdateMoneyTransferAccount canUserViewMoneyTransferAccount canUserListMoneyTransferAccount canUserDeleteMoneyTransferAccount canListQuoteBid canCreateQuoteRequest canListUserQuoteRequestFormField canPostQuoteFaqAnswer canDeleteQuoteFaqAnswerId canUpdateQuoteFaqAnswerId canAddQuoteService canDeleteQuoteService canUpdateQuoteService canCreateQuoteServicePhoto canUpdateQuoteServicePhoto canDeleteQuoteServicePhoto canCreateQuoteServiceVideo canDeleteQuoteServiceVideo canUpdateQuoteServiceVideo canCreateQuoteServiceAudio canDeleteQuoteServiceAudio canUpdateQuoteServiceAudio canGetQuoteFaqQuestionTemplate canCreateQuoteCreditPurchasLog canDeletePortfolio canUpdatePortfolio canCreatePortfolio canGetquoteBid canUpdateUser canCreateJob canUpdateJob canDeleteJob canUpdateJobApply canViewJobApply canCreateJobApply canListJobApplyStatus canCreateExamsQuestion canCreateExamAnswer canViewExamAnswer canDeleteExamAnswer canUpdateExamAnswer canListExamLevel canUpdateExamsAnswer canViewMyQuoteService canUserViewJob canUserPortfolio canViewMyContest canViewMyContestUser canDeleteContest canUpdateContest canCreateContest canDeleteContestUser canCreateContestUser canGetMe canUpdateContestUser canListJobStat canUserViewJobApply canListJobApplyStat canListResumeRating canCreateResumeRating canDeleteResumeRating canViewResumeRating canUpdateResumeRating canListEmployerJobApply canListJobApplyResumeRating canCreateMoneyTransferAccount canViewMoneyTransferAccount canUpdateMoneyTransferAccount canDeleteMoneyTransferAccount canListExamsQuestions canCreateExamUser canGetMyQuoteCreditPurchasLog canListMyQuoteRequest canUpdateQuoteBid canViewExamUser canUserViewExamsUsers canCreateProject canDeleteProject canUpdateProject canUserViewProjects canCreateBid canCreateFollower canUpdateBidUpdateStatus canUpdateProjectUpdateStatus canUpdateMilestoneUpdateStatus canCreateMilestone canListEmployerBid canListMyBid canUpdateMilestone canCreateMessage canCreateOrder canCreateProjectBidInvoice canUpdateProjectBidInvoice canListProjectBidInvoice canViewProjectBidInvoice canCreateWorkProfile canDeleteWorkProfile canUpdateWorkProfile canCreateEducation canUpdateEducation canDeleteEducation canCreateCertification canUpdateCertification canDeleteCertification canCreatePublication canDeletePublication canUpdatePublication canListBid canUpdatePaymentEscrow canListProjectDispute canCreateProjectDispute canGetQuoteFaqQuestionTemplateId canViewGetCoupon canListMilestone canListProjectStat canCreateHireRequest canListActiveProject canListDisputeOpenType canListProjectAttachment canCreateProjectAttachment canDeleteProjectAttachment canCreateWallet canDeleteFollower canCreateQuoteCategory canUpdateQuoteCategory canUpdateContestStatus canViewContestStatus canListContestStatus canListFollower canViewFollower canViewQuoteBid canViewContestType canUpdateQuoteRequest canDeleteBid canViewBid canUpdateBid canDeleteMilestone canViewMilestone canDeleteFlag canListMyMilestone canListActivity canListMeProjectBidInvoice canListEmployerProjectBidInvoice canListMyEmployerMilestone canDeleteProjectBidInvoice canUpdateHireRequest canDeleteHireRequest canListHireRequest
3307c2b77328b1dc0ccd8533777fc1b4e743ae18	2212711849319225	user2	2017-04-28 09:05:21	canViewUser canListUserTransactions canUserCreateUserCashWithdrawals canUserViewUserCashWithdrawals canUserListUserCashWithdrawals canUserCreateMoneyTransferAccount canUserUpdateMoneyTransferAccount canUserViewMoneyTransferAccount canUserListMoneyTransferAccount canUserDeleteMoneyTransferAccount canListQuoteBid canCreateQuoteRequest canListUserQuoteRequestFormField canPostQuoteFaqAnswer canDeleteQuoteFaqAnswerId canUpdateQuoteFaqAnswerId canAddQuoteService canDeleteQuoteService canUpdateQuoteService canCreateQuoteServicePhoto canUpdateQuoteServicePhoto canDeleteQuoteServicePhoto canCreateQuoteServiceVideo canDeleteQuoteServiceVideo canUpdateQuoteServiceVideo canCreateQuoteServiceAudio canDeleteQuoteServiceAudio canUpdateQuoteServiceAudio canGetQuoteFaqQuestionTemplate canCreateQuoteCreditPurchasLog canDeletePortfolio canUpdatePortfolio canCreatePortfolio canGetquoteBid canUpdateUser canCreateJob canUpdateJob canDeleteJob canUpdateJobApply canViewJobApply canCreateJobApply canListJobApplyStatus canCreateExamsQuestion canCreateExamAnswer canViewExamAnswer canDeleteExamAnswer canUpdateExamAnswer canListExamLevel canUpdateExamsAnswer canViewMyQuoteService canUserViewJob canUserPortfolio canViewMyContest canViewMyContestUser canDeleteContest canUpdateContest canCreateContest canDeleteContestUser canCreateContestUser canGetMe canUpdateContestUser canListJobStat canUserViewJobApply canListJobApplyStat canListResumeRating canCreateResumeRating canDeleteResumeRating canViewResumeRating canUpdateResumeRating canListEmployerJobApply canListJobApplyResumeRating canCreateMoneyTransferAccount canViewMoneyTransferAccount canUpdateMoneyTransferAccount canDeleteMoneyTransferAccount canListExamsQuestions canCreateExamUser canGetMyQuoteCreditPurchasLog canListMyQuoteRequest canUpdateQuoteBid canViewExamUser canUserViewExamsUsers canCreateProject canDeleteProject canUpdateProject canUserViewProjects canCreateBid canCreateFollower canUpdateBidUpdateStatus canUpdateProjectUpdateStatus canUpdateMilestoneUpdateStatus canCreateMilestone canListEmployerBid canListMyBid canUpdateMilestone canCreateMessage canCreateOrder canCreateProjectBidInvoice canUpdateProjectBidInvoice canListProjectBidInvoice canViewProjectBidInvoice canCreateWorkProfile canDeleteWorkProfile canUpdateWorkProfile canCreateEducation canUpdateEducation canDeleteEducation canCreateCertification canUpdateCertification canDeleteCertification canCreatePublication canDeletePublication canUpdatePublication canListBid canUpdatePaymentEscrow canListProjectDispute canCreateProjectDispute canGetQuoteFaqQuestionTemplateId canViewGetCoupon canListMilestone canListProjectStat canCreateHireRequest canListActiveProject canListDisputeOpenType canListProjectAttachment canCreateProjectAttachment canDeleteProjectAttachment canCreateWallet canDeleteFollower canCreateQuoteCategory canUpdateQuoteCategory canUpdateContestStatus canViewContestStatus canListContestStatus canListFollower canViewFollower canViewQuoteBid canViewContestType canUpdateQuoteRequest canDeleteBid canViewBid canUpdateBid canDeleteMilestone canViewMilestone canDeleteFlag canListMyMilestone canListActivity canListMeProjectBidInvoice canListEmployerProjectBidInvoice canListMyEmployerMilestone canDeleteProjectBidInvoice canUpdateHireRequest canDeleteHireRequest canListHireRequest
c57d5eb91c3d9734902097e4df79737c2cf3effa	2212711849319225	\N	2017-04-28 09:16:37	canCreateMoneyTransferAccount canViewMoneyTransferAccount canUpdateMoneyTransferAccount canDeleteMoneyTransferAccount canViewExamUser
a67b6fd9c52af9738e4c6b3d853e6df40d264230	2212711849319225	\N	2017-04-28 09:48:31	canCreateMoneyTransferAccount canViewMoneyTransferAccount canUpdateMoneyTransferAccount canDeleteMoneyTransferAccount canViewExamUser
e2eb062a45c2d31fa57c447efee490192984eac7	2212711849319225	user1	2017-04-28 10:01:54	canViewUser canListUserTransactions canUserCreateUserCashWithdrawals canUserViewUserCashWithdrawals canUserListUserCashWithdrawals canUserCreateMoneyTransferAccount canUserUpdateMoneyTransferAccount canUserViewMoneyTransferAccount canUserListMoneyTransferAccount canUserDeleteMoneyTransferAccount canListQuoteBid canCreateQuoteRequest canListUserQuoteRequestFormField canPostQuoteFaqAnswer canDeleteQuoteFaqAnswerId canUpdateQuoteFaqAnswerId canAddQuoteService canDeleteQuoteService canUpdateQuoteService canCreateQuoteServicePhoto canUpdateQuoteServicePhoto canDeleteQuoteServicePhoto canCreateQuoteServiceVideo canDeleteQuoteServiceVideo canUpdateQuoteServiceVideo canCreateQuoteServiceAudio canDeleteQuoteServiceAudio canUpdateQuoteServiceAudio canGetQuoteFaqQuestionTemplate canCreateQuoteCreditPurchasLog canDeletePortfolio canUpdatePortfolio canCreatePortfolio canGetquoteBid canUpdateUser canCreateJob canUpdateJob canDeleteJob canUpdateJobApply canViewJobApply canCreateJobApply canListJobApplyStatus canCreateExamsQuestion canCreateExamAnswer canViewExamAnswer canDeleteExamAnswer canUpdateExamAnswer canListExamLevel canUpdateExamsAnswer canViewMyQuoteService canUserViewJob canUserPortfolio canViewMyContest canViewMyContestUser canDeleteContest canUpdateContest canCreateContest canDeleteContestUser canCreateContestUser canGetMe canUpdateContestUser canListJobStat canUserViewJobApply canListJobApplyStat canListResumeRating canCreateResumeRating canDeleteResumeRating canViewResumeRating canUpdateResumeRating canListEmployerJobApply canListJobApplyResumeRating canCreateMoneyTransferAccount canViewMoneyTransferAccount canUpdateMoneyTransferAccount canDeleteMoneyTransferAccount canListExamsQuestions canCreateExamUser canGetMyQuoteCreditPurchasLog canListMyQuoteRequest canUpdateQuoteBid canViewExamUser canUserViewExamsUsers canCreateProject canDeleteProject canUpdateProject canUserViewProjects canCreateBid canCreateFollower canUpdateBidUpdateStatus canUpdateProjectUpdateStatus canUpdateMilestoneUpdateStatus canCreateMilestone canListEmployerBid canListMyBid canUpdateMilestone canCreateMessage canCreateOrder canCreateProjectBidInvoice canUpdateProjectBidInvoice canListProjectBidInvoice canViewProjectBidInvoice canCreateWorkProfile canDeleteWorkProfile canUpdateWorkProfile canCreateEducation canUpdateEducation canDeleteEducation canCreateCertification canUpdateCertification canDeleteCertification canCreatePublication canDeletePublication canUpdatePublication canListBid canUpdatePaymentEscrow canListProjectDispute canCreateProjectDispute canGetQuoteFaqQuestionTemplateId canViewGetCoupon canListMilestone canListProjectStat canCreateHireRequest canListActiveProject canListDisputeOpenType canListProjectAttachment canCreateProjectAttachment canDeleteProjectAttachment canCreateWallet canDeleteFollower canCreateQuoteCategory canUpdateQuoteCategory canUpdateContestStatus canViewContestStatus canListContestStatus canListFollower canViewFollower canViewQuoteBid canViewContestType canUpdateQuoteRequest canDeleteBid canViewBid canUpdateBid canDeleteMilestone canViewMilestone canDeleteFlag canListMyMilestone canListActivity canListMeProjectBidInvoice canListEmployerProjectBidInvoice canListMyEmployerMilestone canDeleteProjectBidInvoice canUpdateHireRequest canDeleteHireRequest canListHireRequest
762f6c1bf98ef144ba99ffaa2f18f4af23e7ce63	2212711849319225	\N	2017-04-29 07:47:28	canCreateMoneyTransferAccount canViewMoneyTransferAccount canUpdateMoneyTransferAccount canDeleteMoneyTransferAccount canViewExamUser
ff623a83573d077036fe55c8c5464a5b049acae1	2212711849319225	\N	2017-04-29 08:45:17	canCreateMoneyTransferAccount canViewMoneyTransferAccount canUpdateMoneyTransferAccount canDeleteMoneyTransferAccount canViewExamUser
e96974b285460643da10a369f52df4cf82dc51c7	2212711849319225	user2	2017-04-29 08:55:52	canViewUser canListUserTransactions canUserCreateUserCashWithdrawals canUserViewUserCashWithdrawals canUserListUserCashWithdrawals canUserCreateMoneyTransferAccount canUserUpdateMoneyTransferAccount canUserViewMoneyTransferAccount canUserListMoneyTransferAccount canUserDeleteMoneyTransferAccount canListQuoteBid canCreateQuoteRequest canListUserQuoteRequestFormField canPostQuoteFaqAnswer canDeleteQuoteFaqAnswerId canUpdateQuoteFaqAnswerId canAddQuoteService canDeleteQuoteService canUpdateQuoteService canCreateQuoteServicePhoto canUpdateQuoteServicePhoto canDeleteQuoteServicePhoto canCreateQuoteServiceVideo canDeleteQuoteServiceVideo canUpdateQuoteServiceVideo canCreateQuoteServiceAudio canDeleteQuoteServiceAudio canUpdateQuoteServiceAudio canGetQuoteFaqQuestionTemplate canCreateQuoteCreditPurchasLog canDeletePortfolio canUpdatePortfolio canCreatePortfolio canGetquoteBid canUpdateUser canCreateJob canUpdateJob canDeleteJob canUpdateJobApply canViewJobApply canCreateJobApply canListJobApplyStatus canCreateExamsQuestion canCreateExamAnswer canViewExamAnswer canDeleteExamAnswer canUpdateExamAnswer canListExamLevel canUpdateExamsAnswer canViewMyQuoteService canUserViewJob canUserPortfolio canViewMyContest canViewMyContestUser canDeleteContest canUpdateContest canCreateContest canDeleteContestUser canCreateContestUser canGetMe canUpdateContestUser canListJobStat canUserViewJobApply canListJobApplyStat canListResumeRating canCreateResumeRating canDeleteResumeRating canViewResumeRating canUpdateResumeRating canListEmployerJobApply canListJobApplyResumeRating canCreateMoneyTransferAccount canViewMoneyTransferAccount canUpdateMoneyTransferAccount canDeleteMoneyTransferAccount canListExamsQuestions canCreateExamUser canGetMyQuoteCreditPurchasLog canListMyQuoteRequest canUpdateQuoteBid canViewExamUser canUserViewExamsUsers canCreateProject canDeleteProject canUpdateProject canUserViewProjects canCreateBid canCreateFollower canUpdateBidUpdateStatus canUpdateProjectUpdateStatus canUpdateMilestoneUpdateStatus canCreateMilestone canListEmployerBid canListMyBid canUpdateMilestone canCreateMessage canCreateOrder canCreateProjectBidInvoice canUpdateProjectBidInvoice canListProjectBidInvoice canViewProjectBidInvoice canCreateWorkProfile canDeleteWorkProfile canUpdateWorkProfile canCreateEducation canUpdateEducation canDeleteEducation canCreateCertification canUpdateCertification canDeleteCertification canCreatePublication canDeletePublication canUpdatePublication canListBid canUpdatePaymentEscrow canListProjectDispute canCreateProjectDispute canGetQuoteFaqQuestionTemplateId canViewGetCoupon canListMilestone canListProjectStat canCreateHireRequest canListActiveProject canListDisputeOpenType canListProjectAttachment canCreateProjectAttachment canDeleteProjectAttachment canCreateWallet canDeleteFollower canCreateQuoteCategory canUpdateQuoteCategory canUpdateContestStatus canViewContestStatus canListContestStatus canListFollower canViewFollower canViewQuoteBid canViewContestType canUpdateQuoteRequest canDeleteBid canViewBid canUpdateBid canDeleteMilestone canViewMilestone canDeleteFlag canListMyMilestone canListActivity canListMeProjectBidInvoice canListEmployerProjectBidInvoice canListMyEmployerMilestone canDeleteProjectBidInvoice canUpdateHireRequest canDeleteHireRequest canListHireRequest canQuoteServiceStats canViewProjectStats canViewFreelancerBidStats canEmployerPayStats canQuoteRequestStats
68bbbab635718021757de09cd66f1b891ec02c62	2212711849319225	user1	2017-04-29 08:56:34	canViewUser canListUserTransactions canUserCreateUserCashWithdrawals canUserViewUserCashWithdrawals canUserListUserCashWithdrawals canUserCreateMoneyTransferAccount canUserUpdateMoneyTransferAccount canUserViewMoneyTransferAccount canUserListMoneyTransferAccount canUserDeleteMoneyTransferAccount canListQuoteBid canCreateQuoteRequest canListUserQuoteRequestFormField canPostQuoteFaqAnswer canDeleteQuoteFaqAnswerId canUpdateQuoteFaqAnswerId canAddQuoteService canDeleteQuoteService canUpdateQuoteService canCreateQuoteServicePhoto canUpdateQuoteServicePhoto canDeleteQuoteServicePhoto canCreateQuoteServiceVideo canDeleteQuoteServiceVideo canUpdateQuoteServiceVideo canCreateQuoteServiceAudio canDeleteQuoteServiceAudio canUpdateQuoteServiceAudio canGetQuoteFaqQuestionTemplate canCreateQuoteCreditPurchasLog canDeletePortfolio canUpdatePortfolio canCreatePortfolio canGetquoteBid canUpdateUser canCreateJob canUpdateJob canDeleteJob canUpdateJobApply canViewJobApply canCreateJobApply canListJobApplyStatus canCreateExamsQuestion canCreateExamAnswer canViewExamAnswer canDeleteExamAnswer canUpdateExamAnswer canListExamLevel canUpdateExamsAnswer canViewMyQuoteService canUserViewJob canUserPortfolio canViewMyContest canViewMyContestUser canDeleteContest canUpdateContest canCreateContest canDeleteContestUser canCreateContestUser canGetMe canUpdateContestUser canListJobStat canUserViewJobApply canListJobApplyStat canListResumeRating canCreateResumeRating canDeleteResumeRating canViewResumeRating canUpdateResumeRating canListEmployerJobApply canListJobApplyResumeRating canCreateMoneyTransferAccount canViewMoneyTransferAccount canUpdateMoneyTransferAccount canDeleteMoneyTransferAccount canListExamsQuestions canCreateExamUser canGetMyQuoteCreditPurchasLog canListMyQuoteRequest canUpdateQuoteBid canViewExamUser canUserViewExamsUsers canCreateProject canDeleteProject canUpdateProject canUserViewProjects canCreateBid canCreateFollower canUpdateBidUpdateStatus canUpdateProjectUpdateStatus canUpdateMilestoneUpdateStatus canCreateMilestone canListEmployerBid canListMyBid canUpdateMilestone canCreateMessage canCreateOrder canCreateProjectBidInvoice canUpdateProjectBidInvoice canListProjectBidInvoice canViewProjectBidInvoice canCreateWorkProfile canDeleteWorkProfile canUpdateWorkProfile canCreateEducation canUpdateEducation canDeleteEducation canCreateCertification canUpdateCertification canDeleteCertification canCreatePublication canDeletePublication canUpdatePublication canListBid canUpdatePaymentEscrow canListProjectDispute canCreateProjectDispute canGetQuoteFaqQuestionTemplateId canViewGetCoupon canListMilestone canListProjectStat canCreateHireRequest canListActiveProject canListDisputeOpenType canListProjectAttachment canCreateProjectAttachment canDeleteProjectAttachment canCreateWallet canDeleteFollower canCreateQuoteCategory canUpdateQuoteCategory canUpdateContestStatus canViewContestStatus canListContestStatus canListFollower canViewFollower canViewQuoteBid canViewContestType canUpdateQuoteRequest canDeleteBid canViewBid canUpdateBid canDeleteMilestone canViewMilestone canDeleteFlag canListMyMilestone canListActivity canListMeProjectBidInvoice canListEmployerProjectBidInvoice canListMyEmployerMilestone canDeleteProjectBidInvoice canUpdateHireRequest canDeleteHireRequest canListHireRequest canQuoteServiceStats canViewProjectStats canViewFreelancerBidStats canEmployerPayStats canQuoteRequestStats
826c7ce150fd7bd50ec93f0ccd22d8f9708318c1	2212711849319225	user1	2017-04-29 09:57:16	canViewUser canListUserTransactions canUserCreateUserCashWithdrawals canUserViewUserCashWithdrawals canUserListUserCashWithdrawals canUserCreateMoneyTransferAccount canUserUpdateMoneyTransferAccount canUserViewMoneyTransferAccount canUserListMoneyTransferAccount canUserDeleteMoneyTransferAccount canListQuoteBid canCreateQuoteRequest canListUserQuoteRequestFormField canPostQuoteFaqAnswer canDeleteQuoteFaqAnswerId canUpdateQuoteFaqAnswerId canAddQuoteService canDeleteQuoteService canUpdateQuoteService canCreateQuoteServicePhoto canUpdateQuoteServicePhoto canDeleteQuoteServicePhoto canCreateQuoteServiceVideo canDeleteQuoteServiceVideo canUpdateQuoteServiceVideo canCreateQuoteServiceAudio canDeleteQuoteServiceAudio canUpdateQuoteServiceAudio canGetQuoteFaqQuestionTemplate canCreateQuoteCreditPurchasLog canDeletePortfolio canUpdatePortfolio canCreatePortfolio canGetquoteBid canUpdateUser canCreateJob canUpdateJob canDeleteJob canUpdateJobApply canViewJobApply canCreateJobApply canListJobApplyStatus canCreateExamsQuestion canCreateExamAnswer canViewExamAnswer canDeleteExamAnswer canUpdateExamAnswer canListExamLevel canUpdateExamsAnswer canViewMyQuoteService canUserViewJob canUserPortfolio canViewMyContest canViewMyContestUser canDeleteContest canUpdateContest canCreateContest canDeleteContestUser canCreateContestUser canGetMe canUpdateContestUser canListJobStat canUserViewJobApply canListJobApplyStat canListResumeRating canCreateResumeRating canDeleteResumeRating canViewResumeRating canUpdateResumeRating canListEmployerJobApply canListJobApplyResumeRating canCreateMoneyTransferAccount canViewMoneyTransferAccount canUpdateMoneyTransferAccount canDeleteMoneyTransferAccount canListExamsQuestions canCreateExamUser canGetMyQuoteCreditPurchasLog canListMyQuoteRequest canUpdateQuoteBid canViewExamUser canUserViewExamsUsers canCreateProject canDeleteProject canUpdateProject canUserViewProjects canCreateBid canCreateFollower canUpdateBidUpdateStatus canUpdateProjectUpdateStatus canUpdateMilestoneUpdateStatus canCreateMilestone canListEmployerBid canListMyBid canUpdateMilestone canCreateMessage canCreateOrder canCreateProjectBidInvoice canUpdateProjectBidInvoice canListProjectBidInvoice canViewProjectBidInvoice canCreateWorkProfile canDeleteWorkProfile canUpdateWorkProfile canCreateEducation canUpdateEducation canDeleteEducation canCreateCertification canUpdateCertification canDeleteCertification canCreatePublication canDeletePublication canUpdatePublication canListBid canUpdatePaymentEscrow canListProjectDispute canCreateProjectDispute canGetQuoteFaqQuestionTemplateId canViewGetCoupon canListMilestone canListProjectStat canCreateHireRequest canListActiveProject canListDisputeOpenType canListProjectAttachment canCreateProjectAttachment canDeleteProjectAttachment canCreateWallet canDeleteFollower canCreateQuoteCategory canUpdateQuoteCategory canUpdateContestStatus canViewContestStatus canListContestStatus canListFollower canViewFollower canViewQuoteBid canViewContestType canUpdateQuoteRequest canDeleteBid canViewBid canUpdateBid canDeleteMilestone canViewMilestone canDeleteFlag canListMyMilestone canListActivity canListMeProjectBidInvoice canListEmployerProjectBidInvoice canListMyEmployerMilestone canDeleteProjectBidInvoice canUpdateHireRequest canDeleteHireRequest canListHireRequest canQuoteServiceStats canViewProjectStats canViewFreelancerBidStats canEmployerPayStats canQuoteRequestStats
3434d87f062496319034760d8cc4ceafc3caa87c	2212711849319225	user2	2017-04-29 10:30:56	canViewUser canListUserTransactions canUserCreateUserCashWithdrawals canUserViewUserCashWithdrawals canUserListUserCashWithdrawals canUserCreateMoneyTransferAccount canUserUpdateMoneyTransferAccount canUserViewMoneyTransferAccount canUserListMoneyTransferAccount canUserDeleteMoneyTransferAccount canListQuoteBid canCreateQuoteRequest canListUserQuoteRequestFormField canPostQuoteFaqAnswer canDeleteQuoteFaqAnswerId canUpdateQuoteFaqAnswerId canAddQuoteService canDeleteQuoteService canUpdateQuoteService canCreateQuoteServicePhoto canUpdateQuoteServicePhoto canDeleteQuoteServicePhoto canCreateQuoteServiceVideo canDeleteQuoteServiceVideo canUpdateQuoteServiceVideo canCreateQuoteServiceAudio canDeleteQuoteServiceAudio canUpdateQuoteServiceAudio canGetQuoteFaqQuestionTemplate canCreateQuoteCreditPurchasLog canDeletePortfolio canUpdatePortfolio canCreatePortfolio canGetquoteBid canUpdateUser canCreateJob canUpdateJob canDeleteJob canUpdateJobApply canViewJobApply canCreateJobApply canListJobApplyStatus canCreateExamsQuestion canCreateExamAnswer canViewExamAnswer canDeleteExamAnswer canUpdateExamAnswer canListExamLevel canUpdateExamsAnswer canViewMyQuoteService canUserViewJob canUserPortfolio canViewMyContest canViewMyContestUser canDeleteContest canUpdateContest canCreateContest canDeleteContestUser canCreateContestUser canGetMe canUpdateContestUser canListJobStat canUserViewJobApply canListJobApplyStat canListResumeRating canCreateResumeRating canDeleteResumeRating canViewResumeRating canUpdateResumeRating canListEmployerJobApply canListJobApplyResumeRating canCreateMoneyTransferAccount canViewMoneyTransferAccount canUpdateMoneyTransferAccount canDeleteMoneyTransferAccount canListExamsQuestions canCreateExamUser canGetMyQuoteCreditPurchasLog canListMyQuoteRequest canUpdateQuoteBid canViewExamUser canUserViewExamsUsers canCreateProject canDeleteProject canUpdateProject canUserViewProjects canCreateBid canCreateFollower canUpdateBidUpdateStatus canUpdateProjectUpdateStatus canUpdateMilestoneUpdateStatus canCreateMilestone canListEmployerBid canListMyBid canUpdateMilestone canCreateMessage canCreateOrder canCreateProjectBidInvoice canUpdateProjectBidInvoice canListProjectBidInvoice canViewProjectBidInvoice canCreateWorkProfile canDeleteWorkProfile canUpdateWorkProfile canCreateEducation canUpdateEducation canDeleteEducation canCreateCertification canUpdateCertification canDeleteCertification canCreatePublication canDeletePublication canUpdatePublication canListBid canUpdatePaymentEscrow canListProjectDispute canCreateProjectDispute canGetQuoteFaqQuestionTemplateId canViewGetCoupon canListMilestone canListProjectStat canCreateHireRequest canListActiveProject canListDisputeOpenType canListProjectAttachment canCreateProjectAttachment canDeleteProjectAttachment canCreateWallet canDeleteFollower canCreateQuoteCategory canUpdateQuoteCategory canUpdateContestStatus canViewContestStatus canListContestStatus canListFollower canViewFollower canViewQuoteBid canViewContestType canUpdateQuoteRequest canDeleteBid canViewBid canUpdateBid canDeleteMilestone canViewMilestone canDeleteFlag canListMyMilestone canListActivity canListMeProjectBidInvoice canListEmployerProjectBidInvoice canListMyEmployerMilestone canDeleteProjectBidInvoice canUpdateHireRequest canDeleteHireRequest canListHireRequest canQuoteServiceStats canViewProjectStats canViewFreelancerBidStats canEmployerPayStats canQuoteRequestStats
6121a9b5cd6b1c78b2ba7e31d869fef913edca69	2212711849319225	user1	2017-04-29 11:30:47	canViewUser canListUserTransactions canUserCreateUserCashWithdrawals canUserViewUserCashWithdrawals canUserListUserCashWithdrawals canUserCreateMoneyTransferAccount canUserUpdateMoneyTransferAccount canUserViewMoneyTransferAccount canUserListMoneyTransferAccount canUserDeleteMoneyTransferAccount canListQuoteBid canCreateQuoteRequest canListUserQuoteRequestFormField canPostQuoteFaqAnswer canDeleteQuoteFaqAnswerId canUpdateQuoteFaqAnswerId canAddQuoteService canDeleteQuoteService canUpdateQuoteService canCreateQuoteServicePhoto canUpdateQuoteServicePhoto canDeleteQuoteServicePhoto canCreateQuoteServiceVideo canDeleteQuoteServiceVideo canUpdateQuoteServiceVideo canCreateQuoteServiceAudio canDeleteQuoteServiceAudio canUpdateQuoteServiceAudio canGetQuoteFaqQuestionTemplate canCreateQuoteCreditPurchasLog canDeletePortfolio canUpdatePortfolio canCreatePortfolio canGetquoteBid canUpdateUser canCreateJob canUpdateJob canDeleteJob canUpdateJobApply canViewJobApply canCreateJobApply canListJobApplyStatus canCreateExamsQuestion canCreateExamAnswer canViewExamAnswer canDeleteExamAnswer canUpdateExamAnswer canListExamLevel canUpdateExamsAnswer canViewMyQuoteService canUserViewJob canUserPortfolio canViewMyContest canViewMyContestUser canDeleteContest canUpdateContest canCreateContest canDeleteContestUser canCreateContestUser canGetMe canUpdateContestUser canListJobStat canUserViewJobApply canListJobApplyStat canListResumeRating canCreateResumeRating canDeleteResumeRating canViewResumeRating canUpdateResumeRating canListEmployerJobApply canListJobApplyResumeRating canCreateMoneyTransferAccount canViewMoneyTransferAccount canUpdateMoneyTransferAccount canDeleteMoneyTransferAccount canListExamsQuestions canCreateExamUser canGetMyQuoteCreditPurchasLog canListMyQuoteRequest canUpdateQuoteBid canViewExamUser canUserViewExamsUsers canCreateProject canDeleteProject canUpdateProject canUserViewProjects canCreateBid canCreateFollower canUpdateBidUpdateStatus canUpdateProjectUpdateStatus canUpdateMilestoneUpdateStatus canCreateMilestone canListEmployerBid canListMyBid canUpdateMilestone canCreateMessage canCreateOrder canCreateProjectBidInvoice canUpdateProjectBidInvoice canListProjectBidInvoice canViewProjectBidInvoice canCreateWorkProfile canDeleteWorkProfile canUpdateWorkProfile canCreateEducation canUpdateEducation canDeleteEducation canCreateCertification canUpdateCertification canDeleteCertification canCreatePublication canDeletePublication canUpdatePublication canListBid canUpdatePaymentEscrow canListProjectDispute canCreateProjectDispute canGetQuoteFaqQuestionTemplateId canViewGetCoupon canListMilestone canListProjectStat canCreateHireRequest canListActiveProject canListDisputeOpenType canListProjectAttachment canCreateProjectAttachment canDeleteProjectAttachment canCreateWallet canDeleteFollower canCreateQuoteCategory canUpdateQuoteCategory canUpdateContestStatus canViewContestStatus canListContestStatus canListFollower canViewFollower canViewQuoteBid canViewContestType canUpdateQuoteRequest canDeleteBid canViewBid canUpdateBid canDeleteMilestone canViewMilestone canDeleteFlag canListMyMilestone canListActivity canListMeProjectBidInvoice canListEmployerProjectBidInvoice canListMyEmployerMilestone canDeleteProjectBidInvoice canUpdateHireRequest canDeleteHireRequest canListHireRequest canQuoteServiceStats canViewProjectStats canViewFreelancerBidStats canEmployerPayStats canQuoteRequestStats
da76e68dae1608f522de06e704445055bde9c054	2212711849319225	user2	2017-04-29 14:29:14	canViewUser canListUserTransactions canUserCreateUserCashWithdrawals canUserViewUserCashWithdrawals canUserListUserCashWithdrawals canUserCreateMoneyTransferAccount canUserUpdateMoneyTransferAccount canUserViewMoneyTransferAccount canUserListMoneyTransferAccount canUserDeleteMoneyTransferAccount canListQuoteBid canCreateQuoteRequest canListUserQuoteRequestFormField canPostQuoteFaqAnswer canDeleteQuoteFaqAnswerId canUpdateQuoteFaqAnswerId canAddQuoteService canDeleteQuoteService canUpdateQuoteService canCreateQuoteServicePhoto canUpdateQuoteServicePhoto canDeleteQuoteServicePhoto canCreateQuoteServiceVideo canDeleteQuoteServiceVideo canUpdateQuoteServiceVideo canCreateQuoteServiceAudio canDeleteQuoteServiceAudio canUpdateQuoteServiceAudio canGetQuoteFaqQuestionTemplate canCreateQuoteCreditPurchasLog canDeletePortfolio canUpdatePortfolio canCreatePortfolio canGetquoteBid canUpdateUser canCreateJob canUpdateJob canDeleteJob canUpdateJobApply canViewJobApply canCreateJobApply canListJobApplyStatus canCreateExamsQuestion canCreateExamAnswer canViewExamAnswer canDeleteExamAnswer canUpdateExamAnswer canListExamLevel canUpdateExamsAnswer canViewMyQuoteService canUserViewJob canUserPortfolio canViewMyContest canViewMyContestUser canDeleteContest canUpdateContest canCreateContest canDeleteContestUser canCreateContestUser canGetMe canUpdateContestUser canListJobStat canUserViewJobApply canListJobApplyStat canListResumeRating canCreateResumeRating canDeleteResumeRating canViewResumeRating canUpdateResumeRating canListEmployerJobApply canListJobApplyResumeRating canCreateMoneyTransferAccount canViewMoneyTransferAccount canUpdateMoneyTransferAccount canDeleteMoneyTransferAccount canListExamsQuestions canCreateExamUser canGetMyQuoteCreditPurchasLog canListMyQuoteRequest canUpdateQuoteBid canViewExamUser canUserViewExamsUsers canCreateProject canDeleteProject canUpdateProject canUserViewProjects canCreateBid canCreateFollower canUpdateBidUpdateStatus canUpdateProjectUpdateStatus canUpdateMilestoneUpdateStatus canCreateMilestone canListEmployerBid canListMyBid canUpdateMilestone canCreateMessage canCreateOrder canCreateProjectBidInvoice canUpdateProjectBidInvoice canListProjectBidInvoice canViewProjectBidInvoice canCreateWorkProfile canDeleteWorkProfile canUpdateWorkProfile canCreateEducation canUpdateEducation canDeleteEducation canCreateCertification canUpdateCertification canDeleteCertification canCreatePublication canDeletePublication canUpdatePublication canListBid canUpdatePaymentEscrow canListProjectDispute canCreateProjectDispute canGetQuoteFaqQuestionTemplateId canViewGetCoupon canListMilestone canListProjectStat canCreateHireRequest canListActiveProject canListDisputeOpenType canListProjectAttachment canCreateProjectAttachment canDeleteProjectAttachment canCreateWallet canDeleteFollower canCreateQuoteCategory canUpdateQuoteCategory canUpdateContestStatus canViewContestStatus canListContestStatus canListFollower canViewFollower canViewQuoteBid canViewContestType canUpdateQuoteRequest canDeleteBid canViewBid canUpdateBid canDeleteMilestone canViewMilestone canDeleteFlag canListMyMilestone canListActivity canListMeProjectBidInvoice canListEmployerProjectBidInvoice canListMyEmployerMilestone canDeleteProjectBidInvoice canUpdateHireRequest canDeleteHireRequest canListHireRequest canQuoteServiceStats canViewProjectStats canViewFreelancerBidStats canEmployerPayStats canQuoteRequestStats
1256633cc519402e5bbbcef156414e0931a57816	2212711849319225	\N	2017-05-08 09:48:51	canCreateMoneyTransferAccount canViewMoneyTransferAccount canUpdateMoneyTransferAccount canDeleteMoneyTransferAccount canViewExamUser
8d96af0fdedb5c13c754e44362d01ddc7b4dd437	2212711849319225	\N	2017-05-08 10:42:04	canCreateMoneyTransferAccount canViewMoneyTransferAccount canUpdateMoneyTransferAccount canDeleteMoneyTransferAccount canViewExamUser
0e15cda705dfda74f6d4f385cae8826b12481439	2212711849319225	user6	2017-05-08 10:54:29	canViewUser canListUserTransactions canUserCreateUserCashWithdrawals canUserViewUserCashWithdrawals canUserListUserCashWithdrawals canUserCreateMoneyTransferAccount canUserUpdateMoneyTransferAccount canUserViewMoneyTransferAccount canUserListMoneyTransferAccount canUserDeleteMoneyTransferAccount canListQuoteBid canCreateQuoteRequest canListUserQuoteRequestFormField canPostQuoteFaqAnswer canDeleteQuoteFaqAnswerId canUpdateQuoteFaqAnswerId canAddQuoteService canDeleteQuoteService canUpdateQuoteService canCreateQuoteServicePhoto canUpdateQuoteServicePhoto canDeleteQuoteServicePhoto canCreateQuoteServiceVideo canDeleteQuoteServiceVideo canUpdateQuoteServiceVideo canCreateQuoteServiceAudio canDeleteQuoteServiceAudio canUpdateQuoteServiceAudio canGetQuoteFaqQuestionTemplate canCreateQuoteCreditPurchasLog canDeletePortfolio canUpdatePortfolio canCreatePortfolio canGetquoteBid canUpdateUser canCreateJob canUpdateJob canDeleteJob canUpdateJobApply canViewJobApply canCreateJobApply canListJobApplyStatus canCreateExamsQuestion canCreateExamAnswer canViewExamAnswer canDeleteExamAnswer canUpdateExamAnswer canListExamLevel canUpdateExamsAnswer canViewMyQuoteService canUserViewJob canUserPortfolio canViewMyContest canViewMyContestUser canDeleteContest canUpdateContest canCreateContest canDeleteContestUser canCreateContestUser canGetMe canUpdateContestUser canListJobStat canUserViewJobApply canListJobApplyStat canListResumeRating canCreateResumeRating canDeleteResumeRating canViewResumeRating canUpdateResumeRating canListEmployerJobApply canListJobApplyResumeRating canCreateMoneyTransferAccount canViewMoneyTransferAccount canUpdateMoneyTransferAccount canDeleteMoneyTransferAccount canListExamsQuestions canCreateExamUser canGetMyQuoteCreditPurchasLog canListMyQuoteRequest canUpdateQuoteBid canViewExamUser canUserViewExamsUsers canCreateProject canDeleteProject canUpdateProject canUserViewProjects canCreateBid canCreateFollower canUpdateBidUpdateStatus canUpdateProjectUpdateStatus canUpdateMilestoneUpdateStatus canCreateMilestone canListEmployerBid canListMyBid canUpdateMilestone canCreateMessage canCreateOrder canCreateProjectBidInvoice canUpdateProjectBidInvoice canListProjectBidInvoice canViewProjectBidInvoice canCreateWorkProfile canDeleteWorkProfile canUpdateWorkProfile canCreateEducation canUpdateEducation canDeleteEducation canCreateCertification canUpdateCertification canDeleteCertification canCreatePublication canDeletePublication canUpdatePublication canListBid canUpdatePaymentEscrow canListProjectDispute canCreateProjectDispute canGetQuoteFaqQuestionTemplateId canViewGetCoupon canListMilestone canListProjectStat canCreateHireRequest canListActiveProject canListDisputeOpenType canListProjectAttachment canCreateProjectAttachment canDeleteProjectAttachment canCreateWallet canDeleteFollower canCreateQuoteCategory canUpdateQuoteCategory canUpdateContestStatus canViewContestStatus canListContestStatus canListFollower canViewFollower canViewQuoteBid canViewContestType canUpdateQuoteRequest canDeleteBid canViewBid canUpdateBid canDeleteMilestone canViewMilestone canDeleteFlag canListMyMilestone canListActivity canListMeProjectBidInvoice canListEmployerProjectBidInvoice canListMyEmployerMilestone canDeleteProjectBidInvoice canUpdateHireRequest canDeleteHireRequest canListHireRequest canQuoteServiceStats canViewProjectStats canViewFreelancerBidStats canEmployerPayStats canQuoteRequestStats
f93371f285934c45393e44709c63db22cb679243	2212711849319225	user7	2017-05-08 10:54:57	canViewUser canListUserTransactions canUserCreateUserCashWithdrawals canUserViewUserCashWithdrawals canUserListUserCashWithdrawals canUserCreateMoneyTransferAccount canUserUpdateMoneyTransferAccount canUserViewMoneyTransferAccount canUserListMoneyTransferAccount canUserDeleteMoneyTransferAccount canListQuoteBid canCreateQuoteRequest canListUserQuoteRequestFormField canPostQuoteFaqAnswer canDeleteQuoteFaqAnswerId canUpdateQuoteFaqAnswerId canAddQuoteService canDeleteQuoteService canUpdateQuoteService canCreateQuoteServicePhoto canUpdateQuoteServicePhoto canDeleteQuoteServicePhoto canCreateQuoteServiceVideo canDeleteQuoteServiceVideo canUpdateQuoteServiceVideo canCreateQuoteServiceAudio canDeleteQuoteServiceAudio canUpdateQuoteServiceAudio canGetQuoteFaqQuestionTemplate canCreateQuoteCreditPurchasLog canDeletePortfolio canUpdatePortfolio canCreatePortfolio canGetquoteBid canUpdateUser canCreateJob canUpdateJob canDeleteJob canUpdateJobApply canViewJobApply canCreateJobApply canListJobApplyStatus canCreateExamsQuestion canCreateExamAnswer canViewExamAnswer canDeleteExamAnswer canUpdateExamAnswer canListExamLevel canUpdateExamsAnswer canViewMyQuoteService canUserViewJob canUserPortfolio canViewMyContest canViewMyContestUser canDeleteContest canUpdateContest canCreateContest canDeleteContestUser canCreateContestUser canGetMe canUpdateContestUser canListJobStat canUserViewJobApply canListJobApplyStat canListResumeRating canCreateResumeRating canDeleteResumeRating canViewResumeRating canUpdateResumeRating canListEmployerJobApply canListJobApplyResumeRating canCreateMoneyTransferAccount canViewMoneyTransferAccount canUpdateMoneyTransferAccount canDeleteMoneyTransferAccount canListExamsQuestions canCreateExamUser canGetMyQuoteCreditPurchasLog canListMyQuoteRequest canUpdateQuoteBid canViewExamUser canUserViewExamsUsers canCreateProject canDeleteProject canUpdateProject canUserViewProjects canCreateBid canCreateFollower canUpdateBidUpdateStatus canUpdateProjectUpdateStatus canUpdateMilestoneUpdateStatus canCreateMilestone canListEmployerBid canListMyBid canUpdateMilestone canCreateMessage canCreateOrder canCreateProjectBidInvoice canUpdateProjectBidInvoice canListProjectBidInvoice canViewProjectBidInvoice canCreateWorkProfile canDeleteWorkProfile canUpdateWorkProfile canCreateEducation canUpdateEducation canDeleteEducation canCreateCertification canUpdateCertification canDeleteCertification canCreatePublication canDeletePublication canUpdatePublication canListBid canUpdatePaymentEscrow canListProjectDispute canCreateProjectDispute canGetQuoteFaqQuestionTemplateId canViewGetCoupon canListMilestone canListProjectStat canCreateHireRequest canListActiveProject canListDisputeOpenType canListProjectAttachment canCreateProjectAttachment canDeleteProjectAttachment canCreateWallet canDeleteFollower canCreateQuoteCategory canUpdateQuoteCategory canUpdateContestStatus canViewContestStatus canListContestStatus canListFollower canViewFollower canViewQuoteBid canViewContestType canUpdateQuoteRequest canDeleteBid canViewBid canUpdateBid canDeleteMilestone canViewMilestone canDeleteFlag canListMyMilestone canListActivity canListMeProjectBidInvoice canListEmployerProjectBidInvoice canListMyEmployerMilestone canDeleteProjectBidInvoice canUpdateHireRequest canDeleteHireRequest canListHireRequest canQuoteServiceStats canViewProjectStats canViewFreelancerBidStats canEmployerPayStats canQuoteRequestStats
fdb77409dde4c2093e81e63d56753a5dfaebfea2	2212711849319225	\N	2017-06-19 11:14:51	canCreateMoneyTransferAccount canViewMoneyTransferAccount canUpdateMoneyTransferAccount canDeleteMoneyTransferAccount canViewExamUser
40d9be5188b27445035ff28229b80d0631e2d852	2212711849319225	\N	2017-07-08 08:31:51	canCreateMoneyTransferAccount canViewMoneyTransferAccount canUpdateMoneyTransferAccount canDeleteMoneyTransferAccount canViewExamUser
1588f92d74b465e6f259da101b1e6749133288ef	2212711849319225	user3	2017-07-08 09:01:03	canViewUser canListUserTransactions canUserCreateUserCashWithdrawals canUserViewUserCashWithdrawals canUserListUserCashWithdrawals canUserCreateMoneyTransferAccount canUserUpdateMoneyTransferAccount canUserViewMoneyTransferAccount canUserListMoneyTransferAccount canUserDeleteMoneyTransferAccount canListQuoteBid canCreateQuoteRequest canListUserQuoteRequestFormField canPostQuoteFaqAnswer canDeleteQuoteFaqAnswerId canUpdateQuoteFaqAnswerId canAddQuoteService canDeleteQuoteService canUpdateQuoteService canCreateQuoteServicePhoto canUpdateQuoteServicePhoto canDeleteQuoteServicePhoto canCreateQuoteServiceVideo canDeleteQuoteServiceVideo canUpdateQuoteServiceVideo canCreateQuoteServiceAudio canDeleteQuoteServiceAudio canUpdateQuoteServiceAudio canGetQuoteFaqQuestionTemplate canCreateQuoteCreditPurchasLog canDeletePortfolio canUpdatePortfolio canCreatePortfolio canGetquoteBid canUpdateUser canCreateJob canUpdateJob canDeleteJob canUpdateJobApply canViewJobApply canCreateJobApply canListJobApplyStatus canCreateExamsQuestion canCreateExamAnswer canViewExamAnswer canDeleteExamAnswer canUpdateExamAnswer canListExamLevel canUpdateExamsAnswer canViewMyQuoteService canUserViewJob canUserPortfolio canViewMyContest canViewMyContestUser canDeleteContest canUpdateContest canCreateContest canDeleteContestUser canCreateContestUser canGetMe canUpdateContestUser canListJobStat canUserViewJobApply canListJobApplyStat canListResumeRating canCreateResumeRating canDeleteResumeRating canViewResumeRating canUpdateResumeRating canListEmployerJobApply canListJobApplyResumeRating canCreateMoneyTransferAccount canViewMoneyTransferAccount canUpdateMoneyTransferAccount canDeleteMoneyTransferAccount canListExamsQuestions canCreateExamUser canGetMyQuoteCreditPurchasLog canListMyQuoteRequest canUpdateQuoteBid canViewExamUser canUserViewExamsUsers canCreateProject canDeleteProject canUpdateProject canUserViewProjects canCreateBid canCreateFollower canUpdateBidUpdateStatus canUpdateProjectUpdateStatus canUpdateMilestoneUpdateStatus canCreateMilestone canListEmployerBid canListMyBid canUpdateMilestone canCreateMessage canCreateOrder canCreateProjectBidInvoice canUpdateProjectBidInvoice canListProjectBidInvoice canViewProjectBidInvoice canCreateWorkProfile canDeleteWorkProfile canUpdateWorkProfile canCreateEducation canUpdateEducation canDeleteEducation canCreateCertification canUpdateCertification canDeleteCertification canCreatePublication canDeletePublication canUpdatePublication canListBid canUpdatePaymentEscrow canListProjectDispute canCreateProjectDispute canGetQuoteFaqQuestionTemplateId canViewGetCoupon canListMilestone canListProjectStat canListActiveProject canListDisputeOpenType canListProjectAttachment canCreateProjectAttachment canDeleteProjectAttachment canCreateWallet canDeleteFollower canCreateQuoteCategory canUpdateQuoteCategory canUpdateContestStatus canViewContestStatus canListContestStatus canListFollower canViewFollower canViewQuoteBid canViewContestType canUpdateQuoteRequest canDeleteBid canViewBid canUpdateBid canDeleteMilestone canViewMilestone canDeleteFlag canListMyMilestone canListMeProjectBidInvoice canListEmployerProjectBidInvoice canListMyEmployerMilestone canDeleteProjectBidInvoice canCreateHireRequest canUpdateHireRequest canDeleteHireRequest canListHireRequest canQuoteServiceStats canViewFreelancerBidStats canEmployerPayStats canQuoteRequestStats canCreateValut canUpdateValut canDeleteValut canListMeActivity
\.


--
-- Data for Name: oauth_authorization_codes; Type: TABLE DATA; Schema: public; Owner: -
--

COPY oauth_authorization_codes (authorization_code, client_id, user_id, redirect_uri, expires, scope) FROM stdin;
\.


--
-- Data for Name: oauth_clients; Type: TABLE DATA; Schema: public; Owner: -
--

COPY oauth_clients (id, created_at, updated_at, user_id, client_name, client_id, client_secret, redirect_uri, grant_types, scope, client_url, logo_url, tos_url, policy_url) FROM stdin;
1	2016-05-13 15:28:23	2016-05-13 15:28:23	1		2212711849319225	14uumnygq6xyorsry8l382o3myr852hb	\N	client_credentials password refresh_token authorization_code	\N	\N	\N	\N	\N
\.


--
-- Name: oauth_clients_id_seq; Type: SEQUENCE SET; Schema: public; Owner: -
--

SELECT pg_catalog.setval('oauth_clients_id_seq', 1, true);


--
-- Data for Name: oauth_jwt; Type: TABLE DATA; Schema: public; Owner: -
--

COPY oauth_jwt (client_id, subject, public_key) FROM stdin;
\.


--
-- Data for Name: oauth_refresh_tokens; Type: TABLE DATA; Schema: public; Owner: -
--

COPY oauth_refresh_tokens (refresh_token, client_id, user_id, expires, scope) FROM stdin;
3eb292fb812c70520a6d7b3ec869ecb238f6de6d	2212711849319225	user1	2016-11-10 09:56:32	canUpdateUser canViewUser canListUserTransactions canUserCreateUserCashWithdrawals canUserViewUserCashWithdrawals canUserListUserCashWithdrawals canUserCreateMoneyTransferAccount canUserUpdateMoneyTransferAccount canUserViewMoneyTransferAccount canUserListMoneyTransferAccount canUserDeleteMoneyTransferAccount canListQuoteBid canCreateQuoteRequest canListUserQuoteRequestFormField canPostQuoteFaqAnswer canDeleteQuoteFaqAnswerId canUpdateQuoteFaqAnswerId canAddQuoteService canDeleteQuoteService canUpdateQuoteService canCreateQuoteServicePhoto canUpdateQuoteServicePhoto canDeleteQuoteServicePhoto canCreateQuoteServiceVideo canDeleteQuoteServiceVideo canUpdateQuoteServiceVideo canCreateQuoteServiceAudio canDeleteQuoteServiceAudio canUpdateQuoteServiceAudio canUserListQuoteFormField canGetQuoteFaqQuestionTemplate canCreateQuoteCreditPurchasLog canDeletePortfolio canUpdatePortfolio canCreatePortfolio canCreatePortfolioComment canDeletePortfolioComment canUpdatePortfolioComment canDeletePortfolioFavorite canCreatePortfolioFavorite canGetQuoteCreditPurchasLog canGetquoteBid
9e4682c67686ccbb38f149a2f32c10a3279355a6	2212711849319225	admin	2016-11-10 10:58:05	\N
ba78837c2e9e22ec2d654ce0924c50b8cfd82a30	2212711849319225	user1	2016-11-10 11:19:20	canUpdateUser canViewUser canListUserTransactions canUserCreateUserCashWithdrawals canUserViewUserCashWithdrawals canUserListUserCashWithdrawals canUserCreateMoneyTransferAccount canUserUpdateMoneyTransferAccount canUserViewMoneyTransferAccount canUserListMoneyTransferAccount canUserDeleteMoneyTransferAccount canListQuoteBid canCreateQuoteRequest canListUserQuoteRequestFormField canPostQuoteFaqAnswer canDeleteQuoteFaqAnswerId canUpdateQuoteFaqAnswerId canAddQuoteService canDeleteQuoteService canUpdateQuoteService canCreateQuoteServicePhoto canUpdateQuoteServicePhoto canDeleteQuoteServicePhoto canCreateQuoteServiceVideo canDeleteQuoteServiceVideo canUpdateQuoteServiceVideo canCreateQuoteServiceAudio canDeleteQuoteServiceAudio canUpdateQuoteServiceAudio canUserListQuoteFormField canGetQuoteFaqQuestionTemplate canCreateQuoteCreditPurchasLog canDeletePortfolio canUpdatePortfolio canCreatePortfolio canCreatePortfolioComment canDeletePortfolioComment canUpdatePortfolioComment canDeletePortfolioFavorite canCreatePortfolioFavorite canGetQuoteCreditPurchasLog canGetquoteBid
d738fe4489e354353e97b15d42f277c20a6a205d	2212711849319225	user2	2016-11-10 11:48:34	canUpdateUser canViewUser canListUserTransactions canUserCreateUserCashWithdrawals canUserViewUserCashWithdrawals canUserListUserCashWithdrawals canUserCreateMoneyTransferAccount canUserUpdateMoneyTransferAccount canUserViewMoneyTransferAccount canUserListMoneyTransferAccount canUserDeleteMoneyTransferAccount canListQuoteBid canCreateQuoteRequest canListUserQuoteRequestFormField canPostQuoteFaqAnswer canDeleteQuoteFaqAnswerId canUpdateQuoteFaqAnswerId canAddQuoteService canDeleteQuoteService canUpdateQuoteService canCreateQuoteServicePhoto canUpdateQuoteServicePhoto canDeleteQuoteServicePhoto canCreateQuoteServiceVideo canDeleteQuoteServiceVideo canUpdateQuoteServiceVideo canCreateQuoteServiceAudio canDeleteQuoteServiceAudio canUpdateQuoteServiceAudio canUserListQuoteFormField canGetQuoteFaqQuestionTemplate canCreateQuoteCreditPurchasLog canDeletePortfolio canUpdatePortfolio canCreatePortfolio canCreatePortfolioComment canDeletePortfolioComment canUpdatePortfolioComment canDeletePortfolioFavorite canCreatePortfolioFavorite canGetQuoteCreditPurchasLog canGetquoteBid
e116905efdc624330e358e47168497bb3d47a5c8	2212711849319225	admin	2016-11-10 12:32:15	\N
28237fcc3f329707d502a2898747215a72e6937e	2212711849319225	admin	2016-11-10 12:35:40	\N
e10cde9a560b7c6c268be3aa550577df94bc191e	2212711849319225	user1	2016-11-10 12:46:41	canUpdateUser canViewUser canListUserTransactions canUserCreateUserCashWithdrawals canUserViewUserCashWithdrawals canUserListUserCashWithdrawals canUserCreateMoneyTransferAccount canUserUpdateMoneyTransferAccount canUserViewMoneyTransferAccount canUserListMoneyTransferAccount canUserDeleteMoneyTransferAccount canListQuoteBid canCreateQuoteRequest canListUserQuoteRequestFormField canPostQuoteFaqAnswer canDeleteQuoteFaqAnswerId canUpdateQuoteFaqAnswerId canAddQuoteService canDeleteQuoteService canUpdateQuoteService canCreateQuoteServicePhoto canUpdateQuoteServicePhoto canDeleteQuoteServicePhoto canCreateQuoteServiceVideo canDeleteQuoteServiceVideo canUpdateQuoteServiceVideo canCreateQuoteServiceAudio canDeleteQuoteServiceAudio canUpdateQuoteServiceAudio canUserListQuoteFormField canGetQuoteFaqQuestionTemplate canCreateQuoteCreditPurchasLog canDeletePortfolio canUpdatePortfolio canCreatePortfolio canCreatePortfolioComment canDeletePortfolioComment canUpdatePortfolioComment canDeletePortfolioFavorite canCreatePortfolioFavorite canGetQuoteCreditPurchasLog canGetquoteBid
c47e21b9fbdec1358d67f2a2eef415b846bdd056	2212711849319225	user2	2016-11-10 13:30:24	canUpdateUser canViewUser canListUserTransactions canUserCreateUserCashWithdrawals canUserViewUserCashWithdrawals canUserListUserCashWithdrawals canUserCreateMoneyTransferAccount canUserUpdateMoneyTransferAccount canUserViewMoneyTransferAccount canUserListMoneyTransferAccount canUserDeleteMoneyTransferAccount canListQuoteBid canCreateQuoteRequest canListUserQuoteRequestFormField canPostQuoteFaqAnswer canDeleteQuoteFaqAnswerId canUpdateQuoteFaqAnswerId canAddQuoteService canDeleteQuoteService canUpdateQuoteService canCreateQuoteServicePhoto canUpdateQuoteServicePhoto canDeleteQuoteServicePhoto canCreateQuoteServiceVideo canDeleteQuoteServiceVideo canUpdateQuoteServiceVideo canCreateQuoteServiceAudio canDeleteQuoteServiceAudio canUpdateQuoteServiceAudio canUserListQuoteFormField canGetQuoteFaqQuestionTemplate canCreateQuoteCreditPurchasLog canDeletePortfolio canUpdatePortfolio canCreatePortfolio canCreatePortfolioComment canDeletePortfolioComment canUpdatePortfolioComment canDeletePortfolioFavorite canCreatePortfolioFavorite canGetQuoteCreditPurchasLog canGetquoteBid
a80f9839a7b92bd9d99cda6ba16bc61a1b8a9b91	2212711849319225	user1	2016-11-10 13:52:01	canUpdateUser canViewUser canListUserTransactions canUserCreateUserCashWithdrawals canUserViewUserCashWithdrawals canUserListUserCashWithdrawals canUserCreateMoneyTransferAccount canUserUpdateMoneyTransferAccount canUserViewMoneyTransferAccount canUserListMoneyTransferAccount canUserDeleteMoneyTransferAccount canListQuoteBid canCreateQuoteRequest canListUserQuoteRequestFormField canPostQuoteFaqAnswer canDeleteQuoteFaqAnswerId canUpdateQuoteFaqAnswerId canAddQuoteService canDeleteQuoteService canUpdateQuoteService canCreateQuoteServicePhoto canUpdateQuoteServicePhoto canDeleteQuoteServicePhoto canCreateQuoteServiceVideo canDeleteQuoteServiceVideo canUpdateQuoteServiceVideo canCreateQuoteServiceAudio canDeleteQuoteServiceAudio canUpdateQuoteServiceAudio canUserListQuoteFormField canGetQuoteFaqQuestionTemplate canCreateQuoteCreditPurchasLog canDeletePortfolio canUpdatePortfolio canCreatePortfolio canCreatePortfolioComment canDeletePortfolioComment canUpdatePortfolioComment canDeletePortfolioFavorite canCreatePortfolioFavorite canGetQuoteCreditPurchasLog canGetquoteBid
d997546b9632fc5afdb003fe550bd719f0232f51	2212711849319225	user2	2016-11-10 14:02:42	canUpdateUser canViewUser canListUserTransactions canUserCreateUserCashWithdrawals canUserViewUserCashWithdrawals canUserListUserCashWithdrawals canUserCreateMoneyTransferAccount canUserUpdateMoneyTransferAccount canUserViewMoneyTransferAccount canUserListMoneyTransferAccount canUserDeleteMoneyTransferAccount canListQuoteBid canCreateQuoteRequest canListUserQuoteRequestFormField canPostQuoteFaqAnswer canDeleteQuoteFaqAnswerId canUpdateQuoteFaqAnswerId canAddQuoteService canDeleteQuoteService canUpdateQuoteService canCreateQuoteServicePhoto canUpdateQuoteServicePhoto canDeleteQuoteServicePhoto canCreateQuoteServiceVideo canDeleteQuoteServiceVideo canUpdateQuoteServiceVideo canCreateQuoteServiceAudio canDeleteQuoteServiceAudio canUpdateQuoteServiceAudio canUserListQuoteFormField canGetQuoteFaqQuestionTemplate canCreateQuoteCreditPurchasLog canDeletePortfolio canUpdatePortfolio canCreatePortfolio canCreatePortfolioComment canDeletePortfolioComment canUpdatePortfolioComment canDeletePortfolioFavorite canCreatePortfolioFavorite canGetQuoteCreditPurchasLog canGetquoteBid
2e85138172fdb8b7bcbc0bd4a3425b997ca038f0	2212711849319225	user3	2016-12-24 11:32:10	canViewUser canListUserTransactions canUserCreateUserCashWithdrawals canUserViewUserCashWithdrawals canUserListUserCashWithdrawals canUserCreateMoneyTransferAccount canUserUpdateMoneyTransferAccount canUserViewMoneyTransferAccount canUserListMoneyTransferAccount canUserDeleteMoneyTransferAccount canListQuoteBid canCreateQuoteRequest canListUserQuoteRequestFormField canPostQuoteFaqAnswer canDeleteQuoteFaqAnswerId canUpdateQuoteFaqAnswerId canAddQuoteService canDeleteQuoteService canUpdateQuoteService canCreateQuoteServicePhoto canUpdateQuoteServicePhoto canDeleteQuoteServicePhoto canCreateQuoteServiceVideo canDeleteQuoteServiceVideo canUpdateQuoteServiceVideo canCreateQuoteServiceAudio canDeleteQuoteServiceAudio canUpdateQuoteServiceAudio canGetQuoteFaqQuestionTemplate canCreateQuoteCreditPurchasLog canDeletePortfolio canUpdatePortfolio canCreatePortfolio canGetquoteBid canUpdateUser canCreateJob canUpdateJob canDeleteJob canListJobApply canUpdateJobApply canViewJobApply canCreateJobApply canListJobApplyStatus canCreateExamsQuestion canCreateExamAnswer canViewExamAnswer canDeleteExamAnswer canUpdateExamAnswer canListExamLevel canUpdateExamsAnswer canViewMyQuoteService canUserViewJob canUserPortfolio canViewMyContest canViewMyContestUser canDeleteContest canUpdateContest canCreateContest canDeleteContestUser canCreateContestUser canGetMe canUpdateContestUser canListJobStat canUserViewJobApply canListJobApplyStat canListResumeRating canCreateResumeRating canDeleteResumeRating canViewResumeRating canUpdateResumeRating canListEmployerJobApply canListJobApplyResumeRating canCreateMoneyTransferAccount canViewMoneyTransferAccount canUpdateMoneyTransferAccount canDeleteMoneyTransferAccount canListExamsQuestions
b9bee49800e6140fb892d580628fd4491e038b7d	2212711849319225	user3	2016-12-24 11:47:26	canViewUser canListUserTransactions canUserCreateUserCashWithdrawals canUserViewUserCashWithdrawals canUserListUserCashWithdrawals canUserCreateMoneyTransferAccount canUserUpdateMoneyTransferAccount canUserViewMoneyTransferAccount canUserListMoneyTransferAccount canUserDeleteMoneyTransferAccount canListQuoteBid canCreateQuoteRequest canListUserQuoteRequestFormField canPostQuoteFaqAnswer canDeleteQuoteFaqAnswerId canUpdateQuoteFaqAnswerId canAddQuoteService canDeleteQuoteService canUpdateQuoteService canCreateQuoteServicePhoto canUpdateQuoteServicePhoto canDeleteQuoteServicePhoto canCreateQuoteServiceVideo canDeleteQuoteServiceVideo canUpdateQuoteServiceVideo canCreateQuoteServiceAudio canDeleteQuoteServiceAudio canUpdateQuoteServiceAudio canGetQuoteFaqQuestionTemplate canCreateQuoteCreditPurchasLog canDeletePortfolio canUpdatePortfolio canCreatePortfolio canGetquoteBid canUpdateUser canCreateJob canUpdateJob canDeleteJob canListJobApply canUpdateJobApply canViewJobApply canCreateJobApply canListJobApplyStatus canCreateExamsQuestion canCreateExamAnswer canViewExamAnswer canDeleteExamAnswer canUpdateExamAnswer canListExamLevel canUpdateExamsAnswer canViewMyQuoteService canUserViewJob canUserPortfolio canViewMyContest canViewMyContestUser canDeleteContest canUpdateContest canCreateContest canDeleteContestUser canCreateContestUser canGetMe canUpdateContestUser canListJobStat canUserViewJobApply canListJobApplyStat canListResumeRating canCreateResumeRating canDeleteResumeRating canViewResumeRating canUpdateResumeRating canListEmployerJobApply canListJobApplyResumeRating canCreateMoneyTransferAccount canViewMoneyTransferAccount canUpdateMoneyTransferAccount canDeleteMoneyTransferAccount canListExamsQuestions
9949c0102e3a2095c3a483da0ad7ec4b70045594	2212711849319225	admin	2016-12-24 11:47:53	canCreateMoneyTransferAccount canViewMoneyTransferAccount canUpdateMoneyTransferAccount canDeleteMoneyTransferAccount
0cc4a017c66f8f074ac233db7be5106874bcc5ca	2212711849319225	admin	2016-12-24 11:47:58	canCreateMoneyTransferAccount canViewMoneyTransferAccount canUpdateMoneyTransferAccount canDeleteMoneyTransferAccount
37d00a28a5c907f00895b3b12ee314dc21e74ce6	2212711849319225	admin	2016-12-24 13:00:55	canCreateMoneyTransferAccount canViewMoneyTransferAccount canUpdateMoneyTransferAccount canDeleteMoneyTransferAccount
31d9017602397807915f9fae60d176612279e46a	2212711849319225	admin	2016-12-24 14:08:33	canCreateMoneyTransferAccount canViewMoneyTransferAccount canUpdateMoneyTransferAccount canDeleteMoneyTransferAccount
79091a7a1eda398e3e84b8987fa2148644562e45	2212711849319225	admin	2016-12-27 06:11:16	canCreateMoneyTransferAccount canViewMoneyTransferAccount canUpdateMoneyTransferAccount canDeleteMoneyTransferAccount
8eacb6c8ca676c5ca33106035ee269179c7a31cd	2212711849319225	admin	2016-12-27 07:17:33	canCreateMoneyTransferAccount canViewMoneyTransferAccount canUpdateMoneyTransferAccount canDeleteMoneyTransferAccount
33af3312889a9a8c5323af4eb5ea7702a84fad79	2212711849319225	admin	2016-12-27 08:44:22	canCreateMoneyTransferAccount canViewMoneyTransferAccount canUpdateMoneyTransferAccount canDeleteMoneyTransferAccount
302e7076b6a16f5fd4aca0921bc34841804df111	2212711849319225	admin	2016-12-27 08:50:34	canCreateMoneyTransferAccount canViewMoneyTransferAccount canUpdateMoneyTransferAccount canDeleteMoneyTransferAccount
9685199e58ac540dcb4509c4ac74060bfad9415d	2212711849319225	admin	2016-12-27 10:20:02	canCreateMoneyTransferAccount canViewMoneyTransferAccount canUpdateMoneyTransferAccount canDeleteMoneyTransferAccount
ae0ac1a94f030a2477d590459ffb6111918cfb67	2212711849319225	admin	2016-12-28 06:23:44	canCreateMoneyTransferAccount canViewMoneyTransferAccount canUpdateMoneyTransferAccount canDeleteMoneyTransferAccount
55dd1e1446a6ff6e2a0b1ec554937ee6b23eca63	2212711849319225	admin	2016-12-28 06:24:41	canCreateMoneyTransferAccount canViewMoneyTransferAccount canUpdateMoneyTransferAccount canDeleteMoneyTransferAccount
4e99080b4200fab6958c6d8743407a9a89b4e8d7	2212711849319225	user2	2016-12-28 06:41:11	canViewUser canListUserTransactions canUserCreateUserCashWithdrawals canUserViewUserCashWithdrawals canUserListUserCashWithdrawals canUserCreateMoneyTransferAccount canUserUpdateMoneyTransferAccount canUserViewMoneyTransferAccount canUserListMoneyTransferAccount canUserDeleteMoneyTransferAccount canListQuoteBid canCreateQuoteRequest canListUserQuoteRequestFormField canPostQuoteFaqAnswer canDeleteQuoteFaqAnswerId canUpdateQuoteFaqAnswerId canAddQuoteService canDeleteQuoteService canUpdateQuoteService canCreateQuoteServicePhoto canUpdateQuoteServicePhoto canDeleteQuoteServicePhoto canCreateQuoteServiceVideo canDeleteQuoteServiceVideo canUpdateQuoteServiceVideo canCreateQuoteServiceAudio canDeleteQuoteServiceAudio canUpdateQuoteServiceAudio canGetQuoteFaqQuestionTemplate canCreateQuoteCreditPurchasLog canDeletePortfolio canUpdatePortfolio canCreatePortfolio canGetquoteBid canUpdateUser canCreateJob canUpdateJob canDeleteJob canListJobApply canUpdateJobApply canViewJobApply canCreateJobApply canListJobApplyStatus canCreateExamsQuestion canCreateExamAnswer canViewExamAnswer canDeleteExamAnswer canUpdateExamAnswer canListExamLevel canUpdateExamsAnswer canViewMyQuoteService canUserViewJob canUserPortfolio canViewMyContest canViewMyContestUser canDeleteContest canUpdateContest canCreateContest canDeleteContestUser canCreateContestUser canGetMe canUpdateContestUser canListJobStat canUserViewJobApply canListJobApplyStat canListResumeRating canCreateResumeRating canDeleteResumeRating canViewResumeRating canUpdateResumeRating canListEmployerJobApply canListJobApplyResumeRating canCreateMoneyTransferAccount canViewMoneyTransferAccount canUpdateMoneyTransferAccount canDeleteMoneyTransferAccount canListExamsQuestions
c882ccd29b7ac270019c1b2d26de31f0598fbee5	2212711849319225	user3	2016-12-28 06:48:31	canViewUser canListUserTransactions canUserCreateUserCashWithdrawals canUserViewUserCashWithdrawals canUserListUserCashWithdrawals canUserCreateMoneyTransferAccount canUserUpdateMoneyTransferAccount canUserViewMoneyTransferAccount canUserListMoneyTransferAccount canUserDeleteMoneyTransferAccount canListQuoteBid canCreateQuoteRequest canListUserQuoteRequestFormField canPostQuoteFaqAnswer canDeleteQuoteFaqAnswerId canUpdateQuoteFaqAnswerId canAddQuoteService canDeleteQuoteService canUpdateQuoteService canCreateQuoteServicePhoto canUpdateQuoteServicePhoto canDeleteQuoteServicePhoto canCreateQuoteServiceVideo canDeleteQuoteServiceVideo canUpdateQuoteServiceVideo canCreateQuoteServiceAudio canDeleteQuoteServiceAudio canUpdateQuoteServiceAudio canGetQuoteFaqQuestionTemplate canCreateQuoteCreditPurchasLog canDeletePortfolio canUpdatePortfolio canCreatePortfolio canGetquoteBid canUpdateUser canCreateJob canUpdateJob canDeleteJob canListJobApply canUpdateJobApply canViewJobApply canCreateJobApply canListJobApplyStatus canCreateExamsQuestion canCreateExamAnswer canViewExamAnswer canDeleteExamAnswer canUpdateExamAnswer canListExamLevel canUpdateExamsAnswer canViewMyQuoteService canUserViewJob canUserPortfolio canViewMyContest canViewMyContestUser canDeleteContest canUpdateContest canCreateContest canDeleteContestUser canCreateContestUser canGetMe canUpdateContestUser canListJobStat canUserViewJobApply canListJobApplyStat canListResumeRating canCreateResumeRating canDeleteResumeRating canViewResumeRating canUpdateResumeRating canListEmployerJobApply canListJobApplyResumeRating canCreateMoneyTransferAccount canViewMoneyTransferAccount canUpdateMoneyTransferAccount canDeleteMoneyTransferAccount canListExamsQuestions
b20fe8dff2e03088903134ea606a3e48cb4d5b55	2212711849319225	user4	2016-12-28 06:53:34	canViewUser canListUserTransactions canUserCreateUserCashWithdrawals canUserViewUserCashWithdrawals canUserListUserCashWithdrawals canUserCreateMoneyTransferAccount canUserUpdateMoneyTransferAccount canUserViewMoneyTransferAccount canUserListMoneyTransferAccount canUserDeleteMoneyTransferAccount canListQuoteBid canCreateQuoteRequest canListUserQuoteRequestFormField canPostQuoteFaqAnswer canDeleteQuoteFaqAnswerId canUpdateQuoteFaqAnswerId canAddQuoteService canDeleteQuoteService canUpdateQuoteService canCreateQuoteServicePhoto canUpdateQuoteServicePhoto canDeleteQuoteServicePhoto canCreateQuoteServiceVideo canDeleteQuoteServiceVideo canUpdateQuoteServiceVideo canCreateQuoteServiceAudio canDeleteQuoteServiceAudio canUpdateQuoteServiceAudio canGetQuoteFaqQuestionTemplate canCreateQuoteCreditPurchasLog canDeletePortfolio canUpdatePortfolio canCreatePortfolio canGetquoteBid canUpdateUser canCreateJob canUpdateJob canDeleteJob canListJobApply canUpdateJobApply canViewJobApply canCreateJobApply canListJobApplyStatus canCreateExamsQuestion canCreateExamAnswer canViewExamAnswer canDeleteExamAnswer canUpdateExamAnswer canListExamLevel canUpdateExamsAnswer canViewMyQuoteService canUserViewJob canUserPortfolio canViewMyContest canViewMyContestUser canDeleteContest canUpdateContest canCreateContest canDeleteContestUser canCreateContestUser canGetMe canUpdateContestUser canListJobStat canUserViewJobApply canListJobApplyStat canListResumeRating canCreateResumeRating canDeleteResumeRating canViewResumeRating canUpdateResumeRating canListEmployerJobApply canListJobApplyResumeRating canCreateMoneyTransferAccount canViewMoneyTransferAccount canUpdateMoneyTransferAccount canDeleteMoneyTransferAccount canListExamsQuestions
36e52277cdd132e1af3e5e112130ee1262d0de87	2212711849319225	user3	2016-12-28 06:56:35	canViewUser canListUserTransactions canUserCreateUserCashWithdrawals canUserViewUserCashWithdrawals canUserListUserCashWithdrawals canUserCreateMoneyTransferAccount canUserUpdateMoneyTransferAccount canUserViewMoneyTransferAccount canUserListMoneyTransferAccount canUserDeleteMoneyTransferAccount canListQuoteBid canCreateQuoteRequest canListUserQuoteRequestFormField canPostQuoteFaqAnswer canDeleteQuoteFaqAnswerId canUpdateQuoteFaqAnswerId canAddQuoteService canDeleteQuoteService canUpdateQuoteService canCreateQuoteServicePhoto canUpdateQuoteServicePhoto canDeleteQuoteServicePhoto canCreateQuoteServiceVideo canDeleteQuoteServiceVideo canUpdateQuoteServiceVideo canCreateQuoteServiceAudio canDeleteQuoteServiceAudio canUpdateQuoteServiceAudio canGetQuoteFaqQuestionTemplate canCreateQuoteCreditPurchasLog canDeletePortfolio canUpdatePortfolio canCreatePortfolio canGetquoteBid canUpdateUser canCreateJob canUpdateJob canDeleteJob canListJobApply canUpdateJobApply canViewJobApply canCreateJobApply canListJobApplyStatus canCreateExamsQuestion canCreateExamAnswer canViewExamAnswer canDeleteExamAnswer canUpdateExamAnswer canListExamLevel canUpdateExamsAnswer canViewMyQuoteService canUserViewJob canUserPortfolio canViewMyContest canViewMyContestUser canDeleteContest canUpdateContest canCreateContest canDeleteContestUser canCreateContestUser canGetMe canUpdateContestUser canListJobStat canUserViewJobApply canListJobApplyStat canListResumeRating canCreateResumeRating canDeleteResumeRating canViewResumeRating canUpdateResumeRating canListEmployerJobApply canListJobApplyResumeRating canCreateMoneyTransferAccount canViewMoneyTransferAccount canUpdateMoneyTransferAccount canDeleteMoneyTransferAccount canListExamsQuestions
1267d727f168af9a760f95c4d9b0e81fe8b3e037	2212711849319225	user5	2016-12-28 06:58:22	canViewUser canListUserTransactions canUserCreateUserCashWithdrawals canUserViewUserCashWithdrawals canUserListUserCashWithdrawals canUserCreateMoneyTransferAccount canUserUpdateMoneyTransferAccount canUserViewMoneyTransferAccount canUserListMoneyTransferAccount canUserDeleteMoneyTransferAccount canListQuoteBid canCreateQuoteRequest canListUserQuoteRequestFormField canPostQuoteFaqAnswer canDeleteQuoteFaqAnswerId canUpdateQuoteFaqAnswerId canAddQuoteService canDeleteQuoteService canUpdateQuoteService canCreateQuoteServicePhoto canUpdateQuoteServicePhoto canDeleteQuoteServicePhoto canCreateQuoteServiceVideo canDeleteQuoteServiceVideo canUpdateQuoteServiceVideo canCreateQuoteServiceAudio canDeleteQuoteServiceAudio canUpdateQuoteServiceAudio canGetQuoteFaqQuestionTemplate canCreateQuoteCreditPurchasLog canDeletePortfolio canUpdatePortfolio canCreatePortfolio canGetquoteBid canUpdateUser canCreateJob canUpdateJob canDeleteJob canListJobApply canUpdateJobApply canViewJobApply canCreateJobApply canListJobApplyStatus canCreateExamsQuestion canCreateExamAnswer canViewExamAnswer canDeleteExamAnswer canUpdateExamAnswer canListExamLevel canUpdateExamsAnswer canViewMyQuoteService canUserViewJob canUserPortfolio canViewMyContest canViewMyContestUser canDeleteContest canUpdateContest canCreateContest canDeleteContestUser canCreateContestUser canGetMe canUpdateContestUser canListJobStat canUserViewJobApply canListJobApplyStat canListResumeRating canCreateResumeRating canDeleteResumeRating canViewResumeRating canUpdateResumeRating canListEmployerJobApply canListJobApplyResumeRating canCreateMoneyTransferAccount canViewMoneyTransferAccount canUpdateMoneyTransferAccount canDeleteMoneyTransferAccount canListExamsQuestions
2c6093ecdb9c03aea6324a483dac8df190656e96	2212711849319225	user4	2016-12-28 06:58:39	canViewUser canListUserTransactions canUserCreateUserCashWithdrawals canUserViewUserCashWithdrawals canUserListUserCashWithdrawals canUserCreateMoneyTransferAccount canUserUpdateMoneyTransferAccount canUserViewMoneyTransferAccount canUserListMoneyTransferAccount canUserDeleteMoneyTransferAccount canListQuoteBid canCreateQuoteRequest canListUserQuoteRequestFormField canPostQuoteFaqAnswer canDeleteQuoteFaqAnswerId canUpdateQuoteFaqAnswerId canAddQuoteService canDeleteQuoteService canUpdateQuoteService canCreateQuoteServicePhoto canUpdateQuoteServicePhoto canDeleteQuoteServicePhoto canCreateQuoteServiceVideo canDeleteQuoteServiceVideo canUpdateQuoteServiceVideo canCreateQuoteServiceAudio canDeleteQuoteServiceAudio canUpdateQuoteServiceAudio canGetQuoteFaqQuestionTemplate canCreateQuoteCreditPurchasLog canDeletePortfolio canUpdatePortfolio canCreatePortfolio canGetquoteBid canUpdateUser canCreateJob canUpdateJob canDeleteJob canListJobApply canUpdateJobApply canViewJobApply canCreateJobApply canListJobApplyStatus canCreateExamsQuestion canCreateExamAnswer canViewExamAnswer canDeleteExamAnswer canUpdateExamAnswer canListExamLevel canUpdateExamsAnswer canViewMyQuoteService canUserViewJob canUserPortfolio canViewMyContest canViewMyContestUser canDeleteContest canUpdateContest canCreateContest canDeleteContestUser canCreateContestUser canGetMe canUpdateContestUser canListJobStat canUserViewJobApply canListJobApplyStat canListResumeRating canCreateResumeRating canDeleteResumeRating canViewResumeRating canUpdateResumeRating canListEmployerJobApply canListJobApplyResumeRating canCreateMoneyTransferAccount canViewMoneyTransferAccount canUpdateMoneyTransferAccount canDeleteMoneyTransferAccount canListExamsQuestions
7557227dd7f3fdef94fb8ffedfbf3e2b939ab90a	2212711849319225	user2	2016-12-28 07:01:13	canViewUser canListUserTransactions canUserCreateUserCashWithdrawals canUserViewUserCashWithdrawals canUserListUserCashWithdrawals canUserCreateMoneyTransferAccount canUserUpdateMoneyTransferAccount canUserViewMoneyTransferAccount canUserListMoneyTransferAccount canUserDeleteMoneyTransferAccount canListQuoteBid canCreateQuoteRequest canListUserQuoteRequestFormField canPostQuoteFaqAnswer canDeleteQuoteFaqAnswerId canUpdateQuoteFaqAnswerId canAddQuoteService canDeleteQuoteService canUpdateQuoteService canCreateQuoteServicePhoto canUpdateQuoteServicePhoto canDeleteQuoteServicePhoto canCreateQuoteServiceVideo canDeleteQuoteServiceVideo canUpdateQuoteServiceVideo canCreateQuoteServiceAudio canDeleteQuoteServiceAudio canUpdateQuoteServiceAudio canGetQuoteFaqQuestionTemplate canCreateQuoteCreditPurchasLog canDeletePortfolio canUpdatePortfolio canCreatePortfolio canGetquoteBid canUpdateUser canCreateJob canUpdateJob canDeleteJob canListJobApply canUpdateJobApply canViewJobApply canCreateJobApply canListJobApplyStatus canCreateExamsQuestion canCreateExamAnswer canViewExamAnswer canDeleteExamAnswer canUpdateExamAnswer canListExamLevel canUpdateExamsAnswer canViewMyQuoteService canUserViewJob canUserPortfolio canViewMyContest canViewMyContestUser canDeleteContest canUpdateContest canCreateContest canDeleteContestUser canCreateContestUser canGetMe canUpdateContestUser canListJobStat canUserViewJobApply canListJobApplyStat canListResumeRating canCreateResumeRating canDeleteResumeRating canViewResumeRating canUpdateResumeRating canListEmployerJobApply canListJobApplyResumeRating canCreateMoneyTransferAccount canViewMoneyTransferAccount canUpdateMoneyTransferAccount canDeleteMoneyTransferAccount canListExamsQuestions
8fbd25065cbf2e52c6e92fd5eddd49ccdcd728ed	2212711849319225	user6	2016-12-28 07:01:59	canViewUser canListUserTransactions canUserCreateUserCashWithdrawals canUserViewUserCashWithdrawals canUserListUserCashWithdrawals canUserCreateMoneyTransferAccount canUserUpdateMoneyTransferAccount canUserViewMoneyTransferAccount canUserListMoneyTransferAccount canUserDeleteMoneyTransferAccount canListQuoteBid canCreateQuoteRequest canListUserQuoteRequestFormField canPostQuoteFaqAnswer canDeleteQuoteFaqAnswerId canUpdateQuoteFaqAnswerId canAddQuoteService canDeleteQuoteService canUpdateQuoteService canCreateQuoteServicePhoto canUpdateQuoteServicePhoto canDeleteQuoteServicePhoto canCreateQuoteServiceVideo canDeleteQuoteServiceVideo canUpdateQuoteServiceVideo canCreateQuoteServiceAudio canDeleteQuoteServiceAudio canUpdateQuoteServiceAudio canGetQuoteFaqQuestionTemplate canCreateQuoteCreditPurchasLog canDeletePortfolio canUpdatePortfolio canCreatePortfolio canGetquoteBid canUpdateUser canCreateJob canUpdateJob canDeleteJob canListJobApply canUpdateJobApply canViewJobApply canCreateJobApply canListJobApplyStatus canCreateExamsQuestion canCreateExamAnswer canViewExamAnswer canDeleteExamAnswer canUpdateExamAnswer canListExamLevel canUpdateExamsAnswer canViewMyQuoteService canUserViewJob canUserPortfolio canViewMyContest canViewMyContestUser canDeleteContest canUpdateContest canCreateContest canDeleteContestUser canCreateContestUser canGetMe canUpdateContestUser canListJobStat canUserViewJobApply canListJobApplyStat canListResumeRating canCreateResumeRating canDeleteResumeRating canViewResumeRating canUpdateResumeRating canListEmployerJobApply canListJobApplyResumeRating canCreateMoneyTransferAccount canViewMoneyTransferAccount canUpdateMoneyTransferAccount canDeleteMoneyTransferAccount canListExamsQuestions
bba21b924c592d1b7d0f62e776d92219a2628b04	2212711849319225	user7	2016-12-28 07:04:34	canViewUser canListUserTransactions canUserCreateUserCashWithdrawals canUserViewUserCashWithdrawals canUserListUserCashWithdrawals canUserCreateMoneyTransferAccount canUserUpdateMoneyTransferAccount canUserViewMoneyTransferAccount canUserListMoneyTransferAccount canUserDeleteMoneyTransferAccount canListQuoteBid canCreateQuoteRequest canListUserQuoteRequestFormField canPostQuoteFaqAnswer canDeleteQuoteFaqAnswerId canUpdateQuoteFaqAnswerId canAddQuoteService canDeleteQuoteService canUpdateQuoteService canCreateQuoteServicePhoto canUpdateQuoteServicePhoto canDeleteQuoteServicePhoto canCreateQuoteServiceVideo canDeleteQuoteServiceVideo canUpdateQuoteServiceVideo canCreateQuoteServiceAudio canDeleteQuoteServiceAudio canUpdateQuoteServiceAudio canGetQuoteFaqQuestionTemplate canCreateQuoteCreditPurchasLog canDeletePortfolio canUpdatePortfolio canCreatePortfolio canGetquoteBid canUpdateUser canCreateJob canUpdateJob canDeleteJob canListJobApply canUpdateJobApply canViewJobApply canCreateJobApply canListJobApplyStatus canCreateExamsQuestion canCreateExamAnswer canViewExamAnswer canDeleteExamAnswer canUpdateExamAnswer canListExamLevel canUpdateExamsAnswer canViewMyQuoteService canUserViewJob canUserPortfolio canViewMyContest canViewMyContestUser canDeleteContest canUpdateContest canCreateContest canDeleteContestUser canCreateContestUser canGetMe canUpdateContestUser canListJobStat canUserViewJobApply canListJobApplyStat canListResumeRating canCreateResumeRating canDeleteResumeRating canViewResumeRating canUpdateResumeRating canListEmployerJobApply canListJobApplyResumeRating canCreateMoneyTransferAccount canViewMoneyTransferAccount canUpdateMoneyTransferAccount canDeleteMoneyTransferAccount canListExamsQuestions
1c917e2895c0e2adae7356dfedfe443dd8469a25	2212711849319225	user5	2016-12-28 07:07:17	canViewUser canListUserTransactions canUserCreateUserCashWithdrawals canUserViewUserCashWithdrawals canUserListUserCashWithdrawals canUserCreateMoneyTransferAccount canUserUpdateMoneyTransferAccount canUserViewMoneyTransferAccount canUserListMoneyTransferAccount canUserDeleteMoneyTransferAccount canListQuoteBid canCreateQuoteRequest canListUserQuoteRequestFormField canPostQuoteFaqAnswer canDeleteQuoteFaqAnswerId canUpdateQuoteFaqAnswerId canAddQuoteService canDeleteQuoteService canUpdateQuoteService canCreateQuoteServicePhoto canUpdateQuoteServicePhoto canDeleteQuoteServicePhoto canCreateQuoteServiceVideo canDeleteQuoteServiceVideo canUpdateQuoteServiceVideo canCreateQuoteServiceAudio canDeleteQuoteServiceAudio canUpdateQuoteServiceAudio canGetQuoteFaqQuestionTemplate canCreateQuoteCreditPurchasLog canDeletePortfolio canUpdatePortfolio canCreatePortfolio canGetquoteBid canUpdateUser canCreateJob canUpdateJob canDeleteJob canListJobApply canUpdateJobApply canViewJobApply canCreateJobApply canListJobApplyStatus canCreateExamsQuestion canCreateExamAnswer canViewExamAnswer canDeleteExamAnswer canUpdateExamAnswer canListExamLevel canUpdateExamsAnswer canViewMyQuoteService canUserViewJob canUserPortfolio canViewMyContest canViewMyContestUser canDeleteContest canUpdateContest canCreateContest canDeleteContestUser canCreateContestUser canGetMe canUpdateContestUser canListJobStat canUserViewJobApply canListJobApplyStat canListResumeRating canCreateResumeRating canDeleteResumeRating canViewResumeRating canUpdateResumeRating canListEmployerJobApply canListJobApplyResumeRating canCreateMoneyTransferAccount canViewMoneyTransferAccount canUpdateMoneyTransferAccount canDeleteMoneyTransferAccount canListExamsQuestions
dfd7e585892ebea586e78d3019f7084c21e967a9	2212711849319225	admin	2016-12-28 07:13:41	canCreateMoneyTransferAccount canViewMoneyTransferAccount canUpdateMoneyTransferAccount canDeleteMoneyTransferAccount
c6463609849b1e5aec3557d73da6c8675b302fc3	2212711849319225	user1	2017-05-12 06:50:12	canViewUser canListUserTransactions canUserCreateUserCashWithdrawals canUserViewUserCashWithdrawals canUserListUserCashWithdrawals canUserCreateMoneyTransferAccount canUserUpdateMoneyTransferAccount canUserViewMoneyTransferAccount canUserListMoneyTransferAccount canUserDeleteMoneyTransferAccount canListQuoteBid canCreateQuoteRequest canListUserQuoteRequestFormField canPostQuoteFaqAnswer canDeleteQuoteFaqAnswerId canUpdateQuoteFaqAnswerId canAddQuoteService canDeleteQuoteService canUpdateQuoteService canCreateQuoteServicePhoto canUpdateQuoteServicePhoto canDeleteQuoteServicePhoto canCreateQuoteServiceVideo canDeleteQuoteServiceVideo canUpdateQuoteServiceVideo canCreateQuoteServiceAudio canDeleteQuoteServiceAudio canUpdateQuoteServiceAudio canGetQuoteFaqQuestionTemplate canCreateQuoteCreditPurchasLog canDeletePortfolio canUpdatePortfolio canCreatePortfolio canGetquoteBid canUpdateUser canCreateJob canUpdateJob canDeleteJob canUpdateJobApply canViewJobApply canCreateJobApply canListJobApplyStatus canCreateExamsQuestion canCreateExamAnswer canViewExamAnswer canDeleteExamAnswer canUpdateExamAnswer canListExamLevel canUpdateExamsAnswer canViewMyQuoteService canUserViewJob canUserPortfolio canViewMyContest canViewMyContestUser canDeleteContest canUpdateContest canCreateContest canDeleteContestUser canCreateContestUser canGetMe canUpdateContestUser canListJobStat canUserViewJobApply canListJobApplyStat canListResumeRating canCreateResumeRating canDeleteResumeRating canViewResumeRating canUpdateResumeRating canListEmployerJobApply canListJobApplyResumeRating canCreateMoneyTransferAccount canViewMoneyTransferAccount canUpdateMoneyTransferAccount canDeleteMoneyTransferAccount canListExamsQuestions canCreateExamUser canGetMyQuoteCreditPurchasLog canListMyQuoteRequest canUpdateQuoteBid canViewExamUser canUserViewExamsUsers canCreateProject canDeleteProject canUpdateProject canUserViewProjects canCreateBid canCreateFollower canUpdateBidUpdateStatus canUpdateProjectUpdateStatus canUpdateMilestoneUpdateStatus canCreateMilestone canListEmployerBid canListMyBid canUpdateMilestone canCreateMessage canCreateOrder canCreateProjectBidInvoice canUpdateProjectBidInvoice canListProjectBidInvoice canViewProjectBidInvoice canCreateWorkProfile canDeleteWorkProfile canUpdateWorkProfile canCreateEducation canUpdateEducation canDeleteEducation canCreateCertification canUpdateCertification canDeleteCertification canCreatePublication canDeletePublication canUpdatePublication canListBid canUpdatePaymentEscrow canListProjectDispute canCreateProjectDispute canGetQuoteFaqQuestionTemplateId canViewGetCoupon canListMilestone canListProjectStat canCreateHireRequest canListActiveProject canListDisputeOpenType canListProjectAttachment canCreateProjectAttachment canDeleteProjectAttachment canCreateWallet canDeleteFollower canCreateQuoteCategory canUpdateQuoteCategory canUpdateContestStatus canViewContestStatus canListContestStatus canListFollower canViewFollower canViewQuoteBid canViewContestType canUpdateQuoteRequest canDeleteBid canViewBid canUpdateBid canDeleteMilestone canViewMilestone canDeleteFlag canListMyMilestone canListActivity canListMeProjectBidInvoice canListEmployerProjectBidInvoice canListMyEmployerMilestone canDeleteProjectBidInvoice canUpdateHireRequest canDeleteHireRequest canListHireRequest
d375b1bca5c4bac60640a96197684df3df08ca0a	2212711849319225	user2	2017-05-12 06:51:26	canViewUser canListUserTransactions canUserCreateUserCashWithdrawals canUserViewUserCashWithdrawals canUserListUserCashWithdrawals canUserCreateMoneyTransferAccount canUserUpdateMoneyTransferAccount canUserViewMoneyTransferAccount canUserListMoneyTransferAccount canUserDeleteMoneyTransferAccount canListQuoteBid canCreateQuoteRequest canListUserQuoteRequestFormField canPostQuoteFaqAnswer canDeleteQuoteFaqAnswerId canUpdateQuoteFaqAnswerId canAddQuoteService canDeleteQuoteService canUpdateQuoteService canCreateQuoteServicePhoto canUpdateQuoteServicePhoto canDeleteQuoteServicePhoto canCreateQuoteServiceVideo canDeleteQuoteServiceVideo canUpdateQuoteServiceVideo canCreateQuoteServiceAudio canDeleteQuoteServiceAudio canUpdateQuoteServiceAudio canGetQuoteFaqQuestionTemplate canCreateQuoteCreditPurchasLog canDeletePortfolio canUpdatePortfolio canCreatePortfolio canGetquoteBid canUpdateUser canCreateJob canUpdateJob canDeleteJob canUpdateJobApply canViewJobApply canCreateJobApply canListJobApplyStatus canCreateExamsQuestion canCreateExamAnswer canViewExamAnswer canDeleteExamAnswer canUpdateExamAnswer canListExamLevel canUpdateExamsAnswer canViewMyQuoteService canUserViewJob canUserPortfolio canViewMyContest canViewMyContestUser canDeleteContest canUpdateContest canCreateContest canDeleteContestUser canCreateContestUser canGetMe canUpdateContestUser canListJobStat canUserViewJobApply canListJobApplyStat canListResumeRating canCreateResumeRating canDeleteResumeRating canViewResumeRating canUpdateResumeRating canListEmployerJobApply canListJobApplyResumeRating canCreateMoneyTransferAccount canViewMoneyTransferAccount canUpdateMoneyTransferAccount canDeleteMoneyTransferAccount canListExamsQuestions canCreateExamUser canGetMyQuoteCreditPurchasLog canListMyQuoteRequest canUpdateQuoteBid canViewExamUser canUserViewExamsUsers canCreateProject canDeleteProject canUpdateProject canUserViewProjects canCreateBid canCreateFollower canUpdateBidUpdateStatus canUpdateProjectUpdateStatus canUpdateMilestoneUpdateStatus canCreateMilestone canListEmployerBid canListMyBid canUpdateMilestone canCreateMessage canCreateOrder canCreateProjectBidInvoice canUpdateProjectBidInvoice canListProjectBidInvoice canViewProjectBidInvoice canCreateWorkProfile canDeleteWorkProfile canUpdateWorkProfile canCreateEducation canUpdateEducation canDeleteEducation canCreateCertification canUpdateCertification canDeleteCertification canCreatePublication canDeletePublication canUpdatePublication canListBid canUpdatePaymentEscrow canListProjectDispute canCreateProjectDispute canGetQuoteFaqQuestionTemplateId canViewGetCoupon canListMilestone canListProjectStat canCreateHireRequest canListActiveProject canListDisputeOpenType canListProjectAttachment canCreateProjectAttachment canDeleteProjectAttachment canCreateWallet canDeleteFollower canCreateQuoteCategory canUpdateQuoteCategory canUpdateContestStatus canViewContestStatus canListContestStatus canListFollower canViewFollower canViewQuoteBid canViewContestType canUpdateQuoteRequest canDeleteBid canViewBid canUpdateBid canDeleteMilestone canViewMilestone canDeleteFlag canListMyMilestone canListActivity canListMeProjectBidInvoice canListEmployerProjectBidInvoice canListMyEmployerMilestone canDeleteProjectBidInvoice canUpdateHireRequest canDeleteHireRequest canListHireRequest
87f948cfc982b7407698d55c45c532cb50d41e0c	2212711849319225	user1	2017-05-12 06:51:38	canViewUser canListUserTransactions canUserCreateUserCashWithdrawals canUserViewUserCashWithdrawals canUserListUserCashWithdrawals canUserCreateMoneyTransferAccount canUserUpdateMoneyTransferAccount canUserViewMoneyTransferAccount canUserListMoneyTransferAccount canUserDeleteMoneyTransferAccount canListQuoteBid canCreateQuoteRequest canListUserQuoteRequestFormField canPostQuoteFaqAnswer canDeleteQuoteFaqAnswerId canUpdateQuoteFaqAnswerId canAddQuoteService canDeleteQuoteService canUpdateQuoteService canCreateQuoteServicePhoto canUpdateQuoteServicePhoto canDeleteQuoteServicePhoto canCreateQuoteServiceVideo canDeleteQuoteServiceVideo canUpdateQuoteServiceVideo canCreateQuoteServiceAudio canDeleteQuoteServiceAudio canUpdateQuoteServiceAudio canGetQuoteFaqQuestionTemplate canCreateQuoteCreditPurchasLog canDeletePortfolio canUpdatePortfolio canCreatePortfolio canGetquoteBid canUpdateUser canCreateJob canUpdateJob canDeleteJob canUpdateJobApply canViewJobApply canCreateJobApply canListJobApplyStatus canCreateExamsQuestion canCreateExamAnswer canViewExamAnswer canDeleteExamAnswer canUpdateExamAnswer canListExamLevel canUpdateExamsAnswer canViewMyQuoteService canUserViewJob canUserPortfolio canViewMyContest canViewMyContestUser canDeleteContest canUpdateContest canCreateContest canDeleteContestUser canCreateContestUser canGetMe canUpdateContestUser canListJobStat canUserViewJobApply canListJobApplyStat canListResumeRating canCreateResumeRating canDeleteResumeRating canViewResumeRating canUpdateResumeRating canListEmployerJobApply canListJobApplyResumeRating canCreateMoneyTransferAccount canViewMoneyTransferAccount canUpdateMoneyTransferAccount canDeleteMoneyTransferAccount canListExamsQuestions canCreateExamUser canGetMyQuoteCreditPurchasLog canListMyQuoteRequest canUpdateQuoteBid canViewExamUser canUserViewExamsUsers canCreateProject canDeleteProject canUpdateProject canUserViewProjects canCreateBid canCreateFollower canUpdateBidUpdateStatus canUpdateProjectUpdateStatus canUpdateMilestoneUpdateStatus canCreateMilestone canListEmployerBid canListMyBid canUpdateMilestone canCreateMessage canCreateOrder canCreateProjectBidInvoice canUpdateProjectBidInvoice canListProjectBidInvoice canViewProjectBidInvoice canCreateWorkProfile canDeleteWorkProfile canUpdateWorkProfile canCreateEducation canUpdateEducation canDeleteEducation canCreateCertification canUpdateCertification canDeleteCertification canCreatePublication canDeletePublication canUpdatePublication canListBid canUpdatePaymentEscrow canListProjectDispute canCreateProjectDispute canGetQuoteFaqQuestionTemplateId canViewGetCoupon canListMilestone canListProjectStat canCreateHireRequest canListActiveProject canListDisputeOpenType canListProjectAttachment canCreateProjectAttachment canDeleteProjectAttachment canCreateWallet canDeleteFollower canCreateQuoteCategory canUpdateQuoteCategory canUpdateContestStatus canViewContestStatus canListContestStatus canListFollower canViewFollower canViewQuoteBid canViewContestType canUpdateQuoteRequest canDeleteBid canViewBid canUpdateBid canDeleteMilestone canViewMilestone canDeleteFlag canListMyMilestone canListActivity canListMeProjectBidInvoice canListEmployerProjectBidInvoice canListMyEmployerMilestone canDeleteProjectBidInvoice canUpdateHireRequest canDeleteHireRequest canListHireRequest
bf31de691d85c2e778a52659d9d099ee6fbf3da0	2212711849319225	user2	2017-05-12 07:45:59	canViewUser canListUserTransactions canUserCreateUserCashWithdrawals canUserViewUserCashWithdrawals canUserListUserCashWithdrawals canUserCreateMoneyTransferAccount canUserUpdateMoneyTransferAccount canUserViewMoneyTransferAccount canUserListMoneyTransferAccount canUserDeleteMoneyTransferAccount canListQuoteBid canCreateQuoteRequest canListUserQuoteRequestFormField canPostQuoteFaqAnswer canDeleteQuoteFaqAnswerId canUpdateQuoteFaqAnswerId canAddQuoteService canDeleteQuoteService canUpdateQuoteService canCreateQuoteServicePhoto canUpdateQuoteServicePhoto canDeleteQuoteServicePhoto canCreateQuoteServiceVideo canDeleteQuoteServiceVideo canUpdateQuoteServiceVideo canCreateQuoteServiceAudio canDeleteQuoteServiceAudio canUpdateQuoteServiceAudio canGetQuoteFaqQuestionTemplate canCreateQuoteCreditPurchasLog canDeletePortfolio canUpdatePortfolio canCreatePortfolio canGetquoteBid canUpdateUser canCreateJob canUpdateJob canDeleteJob canUpdateJobApply canViewJobApply canCreateJobApply canListJobApplyStatus canCreateExamsQuestion canCreateExamAnswer canViewExamAnswer canDeleteExamAnswer canUpdateExamAnswer canListExamLevel canUpdateExamsAnswer canViewMyQuoteService canUserViewJob canUserPortfolio canViewMyContest canViewMyContestUser canDeleteContest canUpdateContest canCreateContest canDeleteContestUser canCreateContestUser canGetMe canUpdateContestUser canListJobStat canUserViewJobApply canListJobApplyStat canListResumeRating canCreateResumeRating canDeleteResumeRating canViewResumeRating canUpdateResumeRating canListEmployerJobApply canListJobApplyResumeRating canCreateMoneyTransferAccount canViewMoneyTransferAccount canUpdateMoneyTransferAccount canDeleteMoneyTransferAccount canListExamsQuestions canCreateExamUser canGetMyQuoteCreditPurchasLog canListMyQuoteRequest canUpdateQuoteBid canViewExamUser canUserViewExamsUsers canCreateProject canDeleteProject canUpdateProject canUserViewProjects canCreateBid canCreateFollower canUpdateBidUpdateStatus canUpdateProjectUpdateStatus canUpdateMilestoneUpdateStatus canCreateMilestone canListEmployerBid canListMyBid canUpdateMilestone canCreateMessage canCreateOrder canCreateProjectBidInvoice canUpdateProjectBidInvoice canListProjectBidInvoice canViewProjectBidInvoice canCreateWorkProfile canDeleteWorkProfile canUpdateWorkProfile canCreateEducation canUpdateEducation canDeleteEducation canCreateCertification canUpdateCertification canDeleteCertification canCreatePublication canDeletePublication canUpdatePublication canListBid canUpdatePaymentEscrow canListProjectDispute canCreateProjectDispute canGetQuoteFaqQuestionTemplateId canViewGetCoupon canListMilestone canListProjectStat canCreateHireRequest canListActiveProject canListDisputeOpenType canListProjectAttachment canCreateProjectAttachment canDeleteProjectAttachment canCreateWallet canDeleteFollower canCreateQuoteCategory canUpdateQuoteCategory canUpdateContestStatus canViewContestStatus canListContestStatus canListFollower canViewFollower canViewQuoteBid canViewContestType canUpdateQuoteRequest canDeleteBid canViewBid canUpdateBid canDeleteMilestone canViewMilestone canDeleteFlag canListMyMilestone canListActivity canListMeProjectBidInvoice canListEmployerProjectBidInvoice canListMyEmployerMilestone canDeleteProjectBidInvoice canUpdateHireRequest canDeleteHireRequest canListHireRequest
093055b59a08693c5324e253836f6d938932aa9a	2212711849319225	user1	2017-05-12 07:56:50	canViewUser canListUserTransactions canUserCreateUserCashWithdrawals canUserViewUserCashWithdrawals canUserListUserCashWithdrawals canUserCreateMoneyTransferAccount canUserUpdateMoneyTransferAccount canUserViewMoneyTransferAccount canUserListMoneyTransferAccount canUserDeleteMoneyTransferAccount canListQuoteBid canCreateQuoteRequest canListUserQuoteRequestFormField canPostQuoteFaqAnswer canDeleteQuoteFaqAnswerId canUpdateQuoteFaqAnswerId canAddQuoteService canDeleteQuoteService canUpdateQuoteService canCreateQuoteServicePhoto canUpdateQuoteServicePhoto canDeleteQuoteServicePhoto canCreateQuoteServiceVideo canDeleteQuoteServiceVideo canUpdateQuoteServiceVideo canCreateQuoteServiceAudio canDeleteQuoteServiceAudio canUpdateQuoteServiceAudio canGetQuoteFaqQuestionTemplate canCreateQuoteCreditPurchasLog canDeletePortfolio canUpdatePortfolio canCreatePortfolio canGetquoteBid canUpdateUser canCreateJob canUpdateJob canDeleteJob canUpdateJobApply canViewJobApply canCreateJobApply canListJobApplyStatus canCreateExamsQuestion canCreateExamAnswer canViewExamAnswer canDeleteExamAnswer canUpdateExamAnswer canListExamLevel canUpdateExamsAnswer canViewMyQuoteService canUserViewJob canUserPortfolio canViewMyContest canViewMyContestUser canDeleteContest canUpdateContest canCreateContest canDeleteContestUser canCreateContestUser canGetMe canUpdateContestUser canListJobStat canUserViewJobApply canListJobApplyStat canListResumeRating canCreateResumeRating canDeleteResumeRating canViewResumeRating canUpdateResumeRating canListEmployerJobApply canListJobApplyResumeRating canCreateMoneyTransferAccount canViewMoneyTransferAccount canUpdateMoneyTransferAccount canDeleteMoneyTransferAccount canListExamsQuestions canCreateExamUser canGetMyQuoteCreditPurchasLog canListMyQuoteRequest canUpdateQuoteBid canViewExamUser canUserViewExamsUsers canCreateProject canDeleteProject canUpdateProject canUserViewProjects canCreateBid canCreateFollower canUpdateBidUpdateStatus canUpdateProjectUpdateStatus canUpdateMilestoneUpdateStatus canCreateMilestone canListEmployerBid canListMyBid canUpdateMilestone canCreateMessage canCreateOrder canCreateProjectBidInvoice canUpdateProjectBidInvoice canListProjectBidInvoice canViewProjectBidInvoice canCreateWorkProfile canDeleteWorkProfile canUpdateWorkProfile canCreateEducation canUpdateEducation canDeleteEducation canCreateCertification canUpdateCertification canDeleteCertification canCreatePublication canDeletePublication canUpdatePublication canListBid canUpdatePaymentEscrow canListProjectDispute canCreateProjectDispute canGetQuoteFaqQuestionTemplateId canViewGetCoupon canListMilestone canListProjectStat canCreateHireRequest canListActiveProject canListDisputeOpenType canListProjectAttachment canCreateProjectAttachment canDeleteProjectAttachment canCreateWallet canDeleteFollower canCreateQuoteCategory canUpdateQuoteCategory canUpdateContestStatus canViewContestStatus canListContestStatus canListFollower canViewFollower canViewQuoteBid canViewContestType canUpdateQuoteRequest canDeleteBid canViewBid canUpdateBid canDeleteMilestone canViewMilestone canDeleteFlag canListMyMilestone canListActivity canListMeProjectBidInvoice canListEmployerProjectBidInvoice canListMyEmployerMilestone canDeleteProjectBidInvoice canUpdateHireRequest canDeleteHireRequest canListHireRequest
d72ab15bed4a4a28a53570529f1da4355b6b25c8	2212711849319225	user1	2017-05-12 07:57:05	canViewUser canListUserTransactions canUserCreateUserCashWithdrawals canUserViewUserCashWithdrawals canUserListUserCashWithdrawals canUserCreateMoneyTransferAccount canUserUpdateMoneyTransferAccount canUserViewMoneyTransferAccount canUserListMoneyTransferAccount canUserDeleteMoneyTransferAccount canListQuoteBid canCreateQuoteRequest canListUserQuoteRequestFormField canPostQuoteFaqAnswer canDeleteQuoteFaqAnswerId canUpdateQuoteFaqAnswerId canAddQuoteService canDeleteQuoteService canUpdateQuoteService canCreateQuoteServicePhoto canUpdateQuoteServicePhoto canDeleteQuoteServicePhoto canCreateQuoteServiceVideo canDeleteQuoteServiceVideo canUpdateQuoteServiceVideo canCreateQuoteServiceAudio canDeleteQuoteServiceAudio canUpdateQuoteServiceAudio canGetQuoteFaqQuestionTemplate canCreateQuoteCreditPurchasLog canDeletePortfolio canUpdatePortfolio canCreatePortfolio canGetquoteBid canUpdateUser canCreateJob canUpdateJob canDeleteJob canUpdateJobApply canViewJobApply canCreateJobApply canListJobApplyStatus canCreateExamsQuestion canCreateExamAnswer canViewExamAnswer canDeleteExamAnswer canUpdateExamAnswer canListExamLevel canUpdateExamsAnswer canViewMyQuoteService canUserViewJob canUserPortfolio canViewMyContest canViewMyContestUser canDeleteContest canUpdateContest canCreateContest canDeleteContestUser canCreateContestUser canGetMe canUpdateContestUser canListJobStat canUserViewJobApply canListJobApplyStat canListResumeRating canCreateResumeRating canDeleteResumeRating canViewResumeRating canUpdateResumeRating canListEmployerJobApply canListJobApplyResumeRating canCreateMoneyTransferAccount canViewMoneyTransferAccount canUpdateMoneyTransferAccount canDeleteMoneyTransferAccount canListExamsQuestions canCreateExamUser canGetMyQuoteCreditPurchasLog canListMyQuoteRequest canUpdateQuoteBid canViewExamUser canUserViewExamsUsers canCreateProject canDeleteProject canUpdateProject canUserViewProjects canCreateBid canCreateFollower canUpdateBidUpdateStatus canUpdateProjectUpdateStatus canUpdateMilestoneUpdateStatus canCreateMilestone canListEmployerBid canListMyBid canUpdateMilestone canCreateMessage canCreateOrder canCreateProjectBidInvoice canUpdateProjectBidInvoice canListProjectBidInvoice canViewProjectBidInvoice canCreateWorkProfile canDeleteWorkProfile canUpdateWorkProfile canCreateEducation canUpdateEducation canDeleteEducation canCreateCertification canUpdateCertification canDeleteCertification canCreatePublication canDeletePublication canUpdatePublication canListBid canUpdatePaymentEscrow canListProjectDispute canCreateProjectDispute canGetQuoteFaqQuestionTemplateId canViewGetCoupon canListMilestone canListProjectStat canCreateHireRequest canListActiveProject canListDisputeOpenType canListProjectAttachment canCreateProjectAttachment canDeleteProjectAttachment canCreateWallet canDeleteFollower canCreateQuoteCategory canUpdateQuoteCategory canUpdateContestStatus canViewContestStatus canListContestStatus canListFollower canViewFollower canViewQuoteBid canViewContestType canUpdateQuoteRequest canDeleteBid canViewBid canUpdateBid canDeleteMilestone canViewMilestone canDeleteFlag canListMyMilestone canListActivity canListMeProjectBidInvoice canListEmployerProjectBidInvoice canListMyEmployerMilestone canDeleteProjectBidInvoice canUpdateHireRequest canDeleteHireRequest canListHireRequest
af271150340cd01db5dd2a2241d9b183626999b7	2212711849319225	user1	2017-05-12 07:57:51	canViewUser canListUserTransactions canUserCreateUserCashWithdrawals canUserViewUserCashWithdrawals canUserListUserCashWithdrawals canUserCreateMoneyTransferAccount canUserUpdateMoneyTransferAccount canUserViewMoneyTransferAccount canUserListMoneyTransferAccount canUserDeleteMoneyTransferAccount canListQuoteBid canCreateQuoteRequest canListUserQuoteRequestFormField canPostQuoteFaqAnswer canDeleteQuoteFaqAnswerId canUpdateQuoteFaqAnswerId canAddQuoteService canDeleteQuoteService canUpdateQuoteService canCreateQuoteServicePhoto canUpdateQuoteServicePhoto canDeleteQuoteServicePhoto canCreateQuoteServiceVideo canDeleteQuoteServiceVideo canUpdateQuoteServiceVideo canCreateQuoteServiceAudio canDeleteQuoteServiceAudio canUpdateQuoteServiceAudio canGetQuoteFaqQuestionTemplate canCreateQuoteCreditPurchasLog canDeletePortfolio canUpdatePortfolio canCreatePortfolio canGetquoteBid canUpdateUser canCreateJob canUpdateJob canDeleteJob canUpdateJobApply canViewJobApply canCreateJobApply canListJobApplyStatus canCreateExamsQuestion canCreateExamAnswer canViewExamAnswer canDeleteExamAnswer canUpdateExamAnswer canListExamLevel canUpdateExamsAnswer canViewMyQuoteService canUserViewJob canUserPortfolio canViewMyContest canViewMyContestUser canDeleteContest canUpdateContest canCreateContest canDeleteContestUser canCreateContestUser canGetMe canUpdateContestUser canListJobStat canUserViewJobApply canListJobApplyStat canListResumeRating canCreateResumeRating canDeleteResumeRating canViewResumeRating canUpdateResumeRating canListEmployerJobApply canListJobApplyResumeRating canCreateMoneyTransferAccount canViewMoneyTransferAccount canUpdateMoneyTransferAccount canDeleteMoneyTransferAccount canListExamsQuestions canCreateExamUser canGetMyQuoteCreditPurchasLog canListMyQuoteRequest canUpdateQuoteBid canViewExamUser canUserViewExamsUsers canCreateProject canDeleteProject canUpdateProject canUserViewProjects canCreateBid canCreateFollower canUpdateBidUpdateStatus canUpdateProjectUpdateStatus canUpdateMilestoneUpdateStatus canCreateMilestone canListEmployerBid canListMyBid canUpdateMilestone canCreateMessage canCreateOrder canCreateProjectBidInvoice canUpdateProjectBidInvoice canListProjectBidInvoice canViewProjectBidInvoice canCreateWorkProfile canDeleteWorkProfile canUpdateWorkProfile canCreateEducation canUpdateEducation canDeleteEducation canCreateCertification canUpdateCertification canDeleteCertification canCreatePublication canDeletePublication canUpdatePublication canListBid canUpdatePaymentEscrow canListProjectDispute canCreateProjectDispute canGetQuoteFaqQuestionTemplateId canViewGetCoupon canListMilestone canListProjectStat canCreateHireRequest canListActiveProject canListDisputeOpenType canListProjectAttachment canCreateProjectAttachment canDeleteProjectAttachment canCreateWallet canDeleteFollower canCreateQuoteCategory canUpdateQuoteCategory canUpdateContestStatus canViewContestStatus canListContestStatus canListFollower canViewFollower canViewQuoteBid canViewContestType canUpdateQuoteRequest canDeleteBid canViewBid canUpdateBid canDeleteMilestone canViewMilestone canDeleteFlag canListMyMilestone canListActivity canListMeProjectBidInvoice canListEmployerProjectBidInvoice canListMyEmployerMilestone canDeleteProjectBidInvoice canUpdateHireRequest canDeleteHireRequest canListHireRequest
eaa6f5c82f0c0afbe1358a4e5d9c9a8d9b4f11e1	2212711849319225	user1	2017-05-12 07:58:31	canViewUser canListUserTransactions canUserCreateUserCashWithdrawals canUserViewUserCashWithdrawals canUserListUserCashWithdrawals canUserCreateMoneyTransferAccount canUserUpdateMoneyTransferAccount canUserViewMoneyTransferAccount canUserListMoneyTransferAccount canUserDeleteMoneyTransferAccount canListQuoteBid canCreateQuoteRequest canListUserQuoteRequestFormField canPostQuoteFaqAnswer canDeleteQuoteFaqAnswerId canUpdateQuoteFaqAnswerId canAddQuoteService canDeleteQuoteService canUpdateQuoteService canCreateQuoteServicePhoto canUpdateQuoteServicePhoto canDeleteQuoteServicePhoto canCreateQuoteServiceVideo canDeleteQuoteServiceVideo canUpdateQuoteServiceVideo canCreateQuoteServiceAudio canDeleteQuoteServiceAudio canUpdateQuoteServiceAudio canGetQuoteFaqQuestionTemplate canCreateQuoteCreditPurchasLog canDeletePortfolio canUpdatePortfolio canCreatePortfolio canGetquoteBid canUpdateUser canCreateJob canUpdateJob canDeleteJob canUpdateJobApply canViewJobApply canCreateJobApply canListJobApplyStatus canCreateExamsQuestion canCreateExamAnswer canViewExamAnswer canDeleteExamAnswer canUpdateExamAnswer canListExamLevel canUpdateExamsAnswer canViewMyQuoteService canUserViewJob canUserPortfolio canViewMyContest canViewMyContestUser canDeleteContest canUpdateContest canCreateContest canDeleteContestUser canCreateContestUser canGetMe canUpdateContestUser canListJobStat canUserViewJobApply canListJobApplyStat canListResumeRating canCreateResumeRating canDeleteResumeRating canViewResumeRating canUpdateResumeRating canListEmployerJobApply canListJobApplyResumeRating canCreateMoneyTransferAccount canViewMoneyTransferAccount canUpdateMoneyTransferAccount canDeleteMoneyTransferAccount canListExamsQuestions canCreateExamUser canGetMyQuoteCreditPurchasLog canListMyQuoteRequest canUpdateQuoteBid canViewExamUser canUserViewExamsUsers canCreateProject canDeleteProject canUpdateProject canUserViewProjects canCreateBid canCreateFollower canUpdateBidUpdateStatus canUpdateProjectUpdateStatus canUpdateMilestoneUpdateStatus canCreateMilestone canListEmployerBid canListMyBid canUpdateMilestone canCreateMessage canCreateOrder canCreateProjectBidInvoice canUpdateProjectBidInvoice canListProjectBidInvoice canViewProjectBidInvoice canCreateWorkProfile canDeleteWorkProfile canUpdateWorkProfile canCreateEducation canUpdateEducation canDeleteEducation canCreateCertification canUpdateCertification canDeleteCertification canCreatePublication canDeletePublication canUpdatePublication canListBid canUpdatePaymentEscrow canListProjectDispute canCreateProjectDispute canGetQuoteFaqQuestionTemplateId canViewGetCoupon canListMilestone canListProjectStat canCreateHireRequest canListActiveProject canListDisputeOpenType canListProjectAttachment canCreateProjectAttachment canDeleteProjectAttachment canCreateWallet canDeleteFollower canCreateQuoteCategory canUpdateQuoteCategory canUpdateContestStatus canViewContestStatus canListContestStatus canListFollower canViewFollower canViewQuoteBid canViewContestType canUpdateQuoteRequest canDeleteBid canViewBid canUpdateBid canDeleteMilestone canViewMilestone canDeleteFlag canListMyMilestone canListActivity canListMeProjectBidInvoice canListEmployerProjectBidInvoice canListMyEmployerMilestone canDeleteProjectBidInvoice canUpdateHireRequest canDeleteHireRequest canListHireRequest
df930430f2a466f6d78e5feab40cc94998da6540	2212711849319225	user1	2017-05-12 07:59:14	canViewUser canListUserTransactions canUserCreateUserCashWithdrawals canUserViewUserCashWithdrawals canUserListUserCashWithdrawals canUserCreateMoneyTransferAccount canUserUpdateMoneyTransferAccount canUserViewMoneyTransferAccount canUserListMoneyTransferAccount canUserDeleteMoneyTransferAccount canListQuoteBid canCreateQuoteRequest canListUserQuoteRequestFormField canPostQuoteFaqAnswer canDeleteQuoteFaqAnswerId canUpdateQuoteFaqAnswerId canAddQuoteService canDeleteQuoteService canUpdateQuoteService canCreateQuoteServicePhoto canUpdateQuoteServicePhoto canDeleteQuoteServicePhoto canCreateQuoteServiceVideo canDeleteQuoteServiceVideo canUpdateQuoteServiceVideo canCreateQuoteServiceAudio canDeleteQuoteServiceAudio canUpdateQuoteServiceAudio canGetQuoteFaqQuestionTemplate canCreateQuoteCreditPurchasLog canDeletePortfolio canUpdatePortfolio canCreatePortfolio canGetquoteBid canUpdateUser canCreateJob canUpdateJob canDeleteJob canUpdateJobApply canViewJobApply canCreateJobApply canListJobApplyStatus canCreateExamsQuestion canCreateExamAnswer canViewExamAnswer canDeleteExamAnswer canUpdateExamAnswer canListExamLevel canUpdateExamsAnswer canViewMyQuoteService canUserViewJob canUserPortfolio canViewMyContest canViewMyContestUser canDeleteContest canUpdateContest canCreateContest canDeleteContestUser canCreateContestUser canGetMe canUpdateContestUser canListJobStat canUserViewJobApply canListJobApplyStat canListResumeRating canCreateResumeRating canDeleteResumeRating canViewResumeRating canUpdateResumeRating canListEmployerJobApply canListJobApplyResumeRating canCreateMoneyTransferAccount canViewMoneyTransferAccount canUpdateMoneyTransferAccount canDeleteMoneyTransferAccount canListExamsQuestions canCreateExamUser canGetMyQuoteCreditPurchasLog canListMyQuoteRequest canUpdateQuoteBid canViewExamUser canUserViewExamsUsers canCreateProject canDeleteProject canUpdateProject canUserViewProjects canCreateBid canCreateFollower canUpdateBidUpdateStatus canUpdateProjectUpdateStatus canUpdateMilestoneUpdateStatus canCreateMilestone canListEmployerBid canListMyBid canUpdateMilestone canCreateMessage canCreateOrder canCreateProjectBidInvoice canUpdateProjectBidInvoice canListProjectBidInvoice canViewProjectBidInvoice canCreateWorkProfile canDeleteWorkProfile canUpdateWorkProfile canCreateEducation canUpdateEducation canDeleteEducation canCreateCertification canUpdateCertification canDeleteCertification canCreatePublication canDeletePublication canUpdatePublication canListBid canUpdatePaymentEscrow canListProjectDispute canCreateProjectDispute canGetQuoteFaqQuestionTemplateId canViewGetCoupon canListMilestone canListProjectStat canCreateHireRequest canListActiveProject canListDisputeOpenType canListProjectAttachment canCreateProjectAttachment canDeleteProjectAttachment canCreateWallet canDeleteFollower canCreateQuoteCategory canUpdateQuoteCategory canUpdateContestStatus canViewContestStatus canListContestStatus canListFollower canViewFollower canViewQuoteBid canViewContestType canUpdateQuoteRequest canDeleteBid canViewBid canUpdateBid canDeleteMilestone canViewMilestone canDeleteFlag canListMyMilestone canListActivity canListMeProjectBidInvoice canListEmployerProjectBidInvoice canListMyEmployerMilestone canDeleteProjectBidInvoice canUpdateHireRequest canDeleteHireRequest canListHireRequest
5f740741ba8227bf4c8821f3d9486851aab30d68	2212711849319225	user2	2017-05-12 08:05:21	canViewUser canListUserTransactions canUserCreateUserCashWithdrawals canUserViewUserCashWithdrawals canUserListUserCashWithdrawals canUserCreateMoneyTransferAccount canUserUpdateMoneyTransferAccount canUserViewMoneyTransferAccount canUserListMoneyTransferAccount canUserDeleteMoneyTransferAccount canListQuoteBid canCreateQuoteRequest canListUserQuoteRequestFormField canPostQuoteFaqAnswer canDeleteQuoteFaqAnswerId canUpdateQuoteFaqAnswerId canAddQuoteService canDeleteQuoteService canUpdateQuoteService canCreateQuoteServicePhoto canUpdateQuoteServicePhoto canDeleteQuoteServicePhoto canCreateQuoteServiceVideo canDeleteQuoteServiceVideo canUpdateQuoteServiceVideo canCreateQuoteServiceAudio canDeleteQuoteServiceAudio canUpdateQuoteServiceAudio canGetQuoteFaqQuestionTemplate canCreateQuoteCreditPurchasLog canDeletePortfolio canUpdatePortfolio canCreatePortfolio canGetquoteBid canUpdateUser canCreateJob canUpdateJob canDeleteJob canUpdateJobApply canViewJobApply canCreateJobApply canListJobApplyStatus canCreateExamsQuestion canCreateExamAnswer canViewExamAnswer canDeleteExamAnswer canUpdateExamAnswer canListExamLevel canUpdateExamsAnswer canViewMyQuoteService canUserViewJob canUserPortfolio canViewMyContest canViewMyContestUser canDeleteContest canUpdateContest canCreateContest canDeleteContestUser canCreateContestUser canGetMe canUpdateContestUser canListJobStat canUserViewJobApply canListJobApplyStat canListResumeRating canCreateResumeRating canDeleteResumeRating canViewResumeRating canUpdateResumeRating canListEmployerJobApply canListJobApplyResumeRating canCreateMoneyTransferAccount canViewMoneyTransferAccount canUpdateMoneyTransferAccount canDeleteMoneyTransferAccount canListExamsQuestions canCreateExamUser canGetMyQuoteCreditPurchasLog canListMyQuoteRequest canUpdateQuoteBid canViewExamUser canUserViewExamsUsers canCreateProject canDeleteProject canUpdateProject canUserViewProjects canCreateBid canCreateFollower canUpdateBidUpdateStatus canUpdateProjectUpdateStatus canUpdateMilestoneUpdateStatus canCreateMilestone canListEmployerBid canListMyBid canUpdateMilestone canCreateMessage canCreateOrder canCreateProjectBidInvoice canUpdateProjectBidInvoice canListProjectBidInvoice canViewProjectBidInvoice canCreateWorkProfile canDeleteWorkProfile canUpdateWorkProfile canCreateEducation canUpdateEducation canDeleteEducation canCreateCertification canUpdateCertification canDeleteCertification canCreatePublication canDeletePublication canUpdatePublication canListBid canUpdatePaymentEscrow canListProjectDispute canCreateProjectDispute canGetQuoteFaqQuestionTemplateId canViewGetCoupon canListMilestone canListProjectStat canCreateHireRequest canListActiveProject canListDisputeOpenType canListProjectAttachment canCreateProjectAttachment canDeleteProjectAttachment canCreateWallet canDeleteFollower canCreateQuoteCategory canUpdateQuoteCategory canUpdateContestStatus canViewContestStatus canListContestStatus canListFollower canViewFollower canViewQuoteBid canViewContestType canUpdateQuoteRequest canDeleteBid canViewBid canUpdateBid canDeleteMilestone canViewMilestone canDeleteFlag canListMyMilestone canListActivity canListMeProjectBidInvoice canListEmployerProjectBidInvoice canListMyEmployerMilestone canDeleteProjectBidInvoice canUpdateHireRequest canDeleteHireRequest canListHireRequest
96805ebb21ec94c0c4ac0257960e5a680553af2c	2212711849319225	user2	2017-05-12 08:17:31	canViewUser canListUserTransactions canUserCreateUserCashWithdrawals canUserViewUserCashWithdrawals canUserListUserCashWithdrawals canUserCreateMoneyTransferAccount canUserUpdateMoneyTransferAccount canUserViewMoneyTransferAccount canUserListMoneyTransferAccount canUserDeleteMoneyTransferAccount canListQuoteBid canCreateQuoteRequest canListUserQuoteRequestFormField canPostQuoteFaqAnswer canDeleteQuoteFaqAnswerId canUpdateQuoteFaqAnswerId canAddQuoteService canDeleteQuoteService canUpdateQuoteService canCreateQuoteServicePhoto canUpdateQuoteServicePhoto canDeleteQuoteServicePhoto canCreateQuoteServiceVideo canDeleteQuoteServiceVideo canUpdateQuoteServiceVideo canCreateQuoteServiceAudio canDeleteQuoteServiceAudio canUpdateQuoteServiceAudio canGetQuoteFaqQuestionTemplate canCreateQuoteCreditPurchasLog canDeletePortfolio canUpdatePortfolio canCreatePortfolio canGetquoteBid canUpdateUser canCreateJob canUpdateJob canDeleteJob canUpdateJobApply canViewJobApply canCreateJobApply canListJobApplyStatus canCreateExamsQuestion canCreateExamAnswer canViewExamAnswer canDeleteExamAnswer canUpdateExamAnswer canListExamLevel canUpdateExamsAnswer canViewMyQuoteService canUserViewJob canUserPortfolio canViewMyContest canViewMyContestUser canDeleteContest canUpdateContest canCreateContest canDeleteContestUser canCreateContestUser canGetMe canUpdateContestUser canListJobStat canUserViewJobApply canListJobApplyStat canListResumeRating canCreateResumeRating canDeleteResumeRating canViewResumeRating canUpdateResumeRating canListEmployerJobApply canListJobApplyResumeRating canCreateMoneyTransferAccount canViewMoneyTransferAccount canUpdateMoneyTransferAccount canDeleteMoneyTransferAccount canListExamsQuestions canCreateExamUser canGetMyQuoteCreditPurchasLog canListMyQuoteRequest canUpdateQuoteBid canViewExamUser canUserViewExamsUsers canCreateProject canDeleteProject canUpdateProject canUserViewProjects canCreateBid canCreateFollower canUpdateBidUpdateStatus canUpdateProjectUpdateStatus canUpdateMilestoneUpdateStatus canCreateMilestone canListEmployerBid canListMyBid canUpdateMilestone canCreateMessage canCreateOrder canCreateProjectBidInvoice canUpdateProjectBidInvoice canListProjectBidInvoice canViewProjectBidInvoice canCreateWorkProfile canDeleteWorkProfile canUpdateWorkProfile canCreateEducation canUpdateEducation canDeleteEducation canCreateCertification canUpdateCertification canDeleteCertification canCreatePublication canDeletePublication canUpdatePublication canListBid canUpdatePaymentEscrow canListProjectDispute canCreateProjectDispute canGetQuoteFaqQuestionTemplateId canViewGetCoupon canListMilestone canListProjectStat canCreateHireRequest canListActiveProject canListDisputeOpenType canListProjectAttachment canCreateProjectAttachment canDeleteProjectAttachment canCreateWallet canDeleteFollower canCreateQuoteCategory canUpdateQuoteCategory canUpdateContestStatus canViewContestStatus canListContestStatus canListFollower canViewFollower canViewQuoteBid canViewContestType canUpdateQuoteRequest canDeleteBid canViewBid canUpdateBid canDeleteMilestone canViewMilestone canDeleteFlag canListMyMilestone canListActivity canListMeProjectBidInvoice canListEmployerProjectBidInvoice canListMyEmployerMilestone canDeleteProjectBidInvoice canUpdateHireRequest canDeleteHireRequest canListHireRequest
960381f15bb5e634616ff33d5e1c15354c0e5ca6	2212711849319225	user3	2017-05-12 08:34:05	canViewUser canListUserTransactions canUserCreateUserCashWithdrawals canUserViewUserCashWithdrawals canUserListUserCashWithdrawals canUserCreateMoneyTransferAccount canUserUpdateMoneyTransferAccount canUserViewMoneyTransferAccount canUserListMoneyTransferAccount canUserDeleteMoneyTransferAccount canListQuoteBid canCreateQuoteRequest canListUserQuoteRequestFormField canPostQuoteFaqAnswer canDeleteQuoteFaqAnswerId canUpdateQuoteFaqAnswerId canAddQuoteService canDeleteQuoteService canUpdateQuoteService canCreateQuoteServicePhoto canUpdateQuoteServicePhoto canDeleteQuoteServicePhoto canCreateQuoteServiceVideo canDeleteQuoteServiceVideo canUpdateQuoteServiceVideo canCreateQuoteServiceAudio canDeleteQuoteServiceAudio canUpdateQuoteServiceAudio canGetQuoteFaqQuestionTemplate canCreateQuoteCreditPurchasLog canDeletePortfolio canUpdatePortfolio canCreatePortfolio canGetquoteBid canUpdateUser canCreateJob canUpdateJob canDeleteJob canUpdateJobApply canViewJobApply canCreateJobApply canListJobApplyStatus canCreateExamsQuestion canCreateExamAnswer canViewExamAnswer canDeleteExamAnswer canUpdateExamAnswer canListExamLevel canUpdateExamsAnswer canViewMyQuoteService canUserViewJob canUserPortfolio canViewMyContest canViewMyContestUser canDeleteContest canUpdateContest canCreateContest canDeleteContestUser canCreateContestUser canGetMe canUpdateContestUser canListJobStat canUserViewJobApply canListJobApplyStat canListResumeRating canCreateResumeRating canDeleteResumeRating canViewResumeRating canUpdateResumeRating canListEmployerJobApply canListJobApplyResumeRating canCreateMoneyTransferAccount canViewMoneyTransferAccount canUpdateMoneyTransferAccount canDeleteMoneyTransferAccount canListExamsQuestions canCreateExamUser canGetMyQuoteCreditPurchasLog canListMyQuoteRequest canUpdateQuoteBid canViewExamUser canUserViewExamsUsers canCreateProject canDeleteProject canUpdateProject canUserViewProjects canCreateBid canCreateFollower canUpdateBidUpdateStatus canUpdateProjectUpdateStatus canUpdateMilestoneUpdateStatus canCreateMilestone canListEmployerBid canListMyBid canUpdateMilestone canCreateMessage canCreateOrder canCreateProjectBidInvoice canUpdateProjectBidInvoice canListProjectBidInvoice canViewProjectBidInvoice canCreateWorkProfile canDeleteWorkProfile canUpdateWorkProfile canCreateEducation canUpdateEducation canDeleteEducation canCreateCertification canUpdateCertification canDeleteCertification canCreatePublication canDeletePublication canUpdatePublication canListBid canUpdatePaymentEscrow canListProjectDispute canCreateProjectDispute canGetQuoteFaqQuestionTemplateId canViewGetCoupon canListMilestone canListProjectStat canListActiveProject canListDisputeOpenType canListProjectAttachment canCreateProjectAttachment canDeleteProjectAttachment canCreateWallet canDeleteFollower canCreateQuoteCategory canUpdateQuoteCategory canUpdateContestStatus canViewContestStatus canListContestStatus canListFollower canViewFollower canViewQuoteBid canViewContestType canUpdateQuoteRequest canDeleteBid canViewBid canUpdateBid canDeleteMilestone canViewMilestone canDeleteFlag canListMyMilestone canListActivity canListMeProjectBidInvoice canListEmployerProjectBidInvoice canListMyEmployerMilestone canDeleteProjectBidInvoice canCreateHireRequest canUpdateHireRequest canDeleteHireRequest canListHireRequest
ae55cdd1291184ff487ca5eea65bbcaf30dc27b2	2212711849319225	user3	2017-05-12 08:41:24	canViewUser canListUserTransactions canUserCreateUserCashWithdrawals canUserViewUserCashWithdrawals canUserListUserCashWithdrawals canUserCreateMoneyTransferAccount canUserUpdateMoneyTransferAccount canUserViewMoneyTransferAccount canUserListMoneyTransferAccount canUserDeleteMoneyTransferAccount canListQuoteBid canCreateQuoteRequest canListUserQuoteRequestFormField canPostQuoteFaqAnswer canDeleteQuoteFaqAnswerId canUpdateQuoteFaqAnswerId canAddQuoteService canDeleteQuoteService canUpdateQuoteService canCreateQuoteServicePhoto canUpdateQuoteServicePhoto canDeleteQuoteServicePhoto canCreateQuoteServiceVideo canDeleteQuoteServiceVideo canUpdateQuoteServiceVideo canCreateQuoteServiceAudio canDeleteQuoteServiceAudio canUpdateQuoteServiceAudio canGetQuoteFaqQuestionTemplate canCreateQuoteCreditPurchasLog canDeletePortfolio canUpdatePortfolio canCreatePortfolio canGetquoteBid canUpdateUser canCreateJob canUpdateJob canDeleteJob canUpdateJobApply canViewJobApply canCreateJobApply canListJobApplyStatus canCreateExamsQuestion canCreateExamAnswer canViewExamAnswer canDeleteExamAnswer canUpdateExamAnswer canListExamLevel canUpdateExamsAnswer canViewMyQuoteService canUserViewJob canUserPortfolio canViewMyContest canViewMyContestUser canDeleteContest canUpdateContest canCreateContest canDeleteContestUser canCreateContestUser canGetMe canUpdateContestUser canListJobStat canUserViewJobApply canListJobApplyStat canListResumeRating canCreateResumeRating canDeleteResumeRating canViewResumeRating canUpdateResumeRating canListEmployerJobApply canListJobApplyResumeRating canCreateMoneyTransferAccount canViewMoneyTransferAccount canUpdateMoneyTransferAccount canDeleteMoneyTransferAccount canListExamsQuestions canCreateExamUser canGetMyQuoteCreditPurchasLog canListMyQuoteRequest canUpdateQuoteBid canViewExamUser canUserViewExamsUsers canCreateProject canDeleteProject canUpdateProject canUserViewProjects canCreateBid canCreateFollower canUpdateBidUpdateStatus canUpdateProjectUpdateStatus canUpdateMilestoneUpdateStatus canCreateMilestone canListEmployerBid canListMyBid canUpdateMilestone canCreateMessage canCreateOrder canCreateProjectBidInvoice canUpdateProjectBidInvoice canListProjectBidInvoice canViewProjectBidInvoice canCreateWorkProfile canDeleteWorkProfile canUpdateWorkProfile canCreateEducation canUpdateEducation canDeleteEducation canCreateCertification canUpdateCertification canDeleteCertification canCreatePublication canDeletePublication canUpdatePublication canListBid canUpdatePaymentEscrow canListProjectDispute canCreateProjectDispute canGetQuoteFaqQuestionTemplateId canViewGetCoupon canListMilestone canListProjectStat canListActiveProject canListDisputeOpenType canListProjectAttachment canCreateProjectAttachment canDeleteProjectAttachment canCreateWallet canDeleteFollower canCreateQuoteCategory canUpdateQuoteCategory canUpdateContestStatus canViewContestStatus canListContestStatus canListFollower canViewFollower canViewQuoteBid canViewContestType canUpdateQuoteRequest canDeleteBid canViewBid canUpdateBid canDeleteMilestone canViewMilestone canDeleteFlag canListMyMilestone canListActivity canListMeProjectBidInvoice canListEmployerProjectBidInvoice canListMyEmployerMilestone canDeleteProjectBidInvoice canCreateHireRequest canUpdateHireRequest canDeleteHireRequest canListHireRequest
310da4bedbdad9d50266ba42329ac151fdf22bee	2212711849319225	user1	2017-05-12 08:48:36	canViewUser canListUserTransactions canUserCreateUserCashWithdrawals canUserViewUserCashWithdrawals canUserListUserCashWithdrawals canUserCreateMoneyTransferAccount canUserUpdateMoneyTransferAccount canUserViewMoneyTransferAccount canUserListMoneyTransferAccount canUserDeleteMoneyTransferAccount canListQuoteBid canCreateQuoteRequest canListUserQuoteRequestFormField canPostQuoteFaqAnswer canDeleteQuoteFaqAnswerId canUpdateQuoteFaqAnswerId canAddQuoteService canDeleteQuoteService canUpdateQuoteService canCreateQuoteServicePhoto canUpdateQuoteServicePhoto canDeleteQuoteServicePhoto canCreateQuoteServiceVideo canDeleteQuoteServiceVideo canUpdateQuoteServiceVideo canCreateQuoteServiceAudio canDeleteQuoteServiceAudio canUpdateQuoteServiceAudio canGetQuoteFaqQuestionTemplate canCreateQuoteCreditPurchasLog canDeletePortfolio canUpdatePortfolio canCreatePortfolio canGetquoteBid canUpdateUser canCreateJob canUpdateJob canDeleteJob canUpdateJobApply canViewJobApply canCreateJobApply canListJobApplyStatus canCreateExamsQuestion canCreateExamAnswer canViewExamAnswer canDeleteExamAnswer canUpdateExamAnswer canListExamLevel canUpdateExamsAnswer canViewMyQuoteService canUserViewJob canUserPortfolio canViewMyContest canViewMyContestUser canDeleteContest canUpdateContest canCreateContest canDeleteContestUser canCreateContestUser canGetMe canUpdateContestUser canListJobStat canUserViewJobApply canListJobApplyStat canListResumeRating canCreateResumeRating canDeleteResumeRating canViewResumeRating canUpdateResumeRating canListEmployerJobApply canListJobApplyResumeRating canCreateMoneyTransferAccount canViewMoneyTransferAccount canUpdateMoneyTransferAccount canDeleteMoneyTransferAccount canListExamsQuestions canCreateExamUser canGetMyQuoteCreditPurchasLog canListMyQuoteRequest canUpdateQuoteBid canViewExamUser canUserViewExamsUsers canCreateProject canDeleteProject canUpdateProject canUserViewProjects canCreateBid canCreateFollower canUpdateBidUpdateStatus canUpdateProjectUpdateStatus canUpdateMilestoneUpdateStatus canCreateMilestone canListEmployerBid canListMyBid canUpdateMilestone canCreateMessage canCreateOrder canCreateProjectBidInvoice canUpdateProjectBidInvoice canListProjectBidInvoice canViewProjectBidInvoice canCreateWorkProfile canDeleteWorkProfile canUpdateWorkProfile canCreateEducation canUpdateEducation canDeleteEducation canCreateCertification canUpdateCertification canDeleteCertification canCreatePublication canDeletePublication canUpdatePublication canListBid canUpdatePaymentEscrow canListProjectDispute canCreateProjectDispute canGetQuoteFaqQuestionTemplateId canViewGetCoupon canListMilestone canListProjectStat canCreateHireRequest canListActiveProject canListDisputeOpenType canListProjectAttachment canCreateProjectAttachment canDeleteProjectAttachment canCreateWallet canDeleteFollower canCreateQuoteCategory canUpdateQuoteCategory canUpdateContestStatus canViewContestStatus canListContestStatus canListFollower canViewFollower canViewQuoteBid canViewContestType canUpdateQuoteRequest canDeleteBid canViewBid canUpdateBid canDeleteMilestone canViewMilestone canDeleteFlag canListMyMilestone canListActivity canListMeProjectBidInvoice canListEmployerProjectBidInvoice canListMyEmployerMilestone canDeleteProjectBidInvoice canUpdateHireRequest canDeleteHireRequest canListHireRequest
bccbd0b23061d6d3693c45816e997f61683c75d5	2212711849319225	user2	2017-05-12 08:51:49	canViewUser canListUserTransactions canUserCreateUserCashWithdrawals canUserViewUserCashWithdrawals canUserListUserCashWithdrawals canUserCreateMoneyTransferAccount canUserUpdateMoneyTransferAccount canUserViewMoneyTransferAccount canUserListMoneyTransferAccount canUserDeleteMoneyTransferAccount canListQuoteBid canCreateQuoteRequest canListUserQuoteRequestFormField canPostQuoteFaqAnswer canDeleteQuoteFaqAnswerId canUpdateQuoteFaqAnswerId canAddQuoteService canDeleteQuoteService canUpdateQuoteService canCreateQuoteServicePhoto canUpdateQuoteServicePhoto canDeleteQuoteServicePhoto canCreateQuoteServiceVideo canDeleteQuoteServiceVideo canUpdateQuoteServiceVideo canCreateQuoteServiceAudio canDeleteQuoteServiceAudio canUpdateQuoteServiceAudio canGetQuoteFaqQuestionTemplate canCreateQuoteCreditPurchasLog canDeletePortfolio canUpdatePortfolio canCreatePortfolio canGetquoteBid canUpdateUser canCreateJob canUpdateJob canDeleteJob canUpdateJobApply canViewJobApply canCreateJobApply canListJobApplyStatus canCreateExamsQuestion canCreateExamAnswer canViewExamAnswer canDeleteExamAnswer canUpdateExamAnswer canListExamLevel canUpdateExamsAnswer canViewMyQuoteService canUserViewJob canUserPortfolio canViewMyContest canViewMyContestUser canDeleteContest canUpdateContest canCreateContest canDeleteContestUser canCreateContestUser canGetMe canUpdateContestUser canListJobStat canUserViewJobApply canListJobApplyStat canListResumeRating canCreateResumeRating canDeleteResumeRating canViewResumeRating canUpdateResumeRating canListEmployerJobApply canListJobApplyResumeRating canCreateMoneyTransferAccount canViewMoneyTransferAccount canUpdateMoneyTransferAccount canDeleteMoneyTransferAccount canListExamsQuestions canCreateExamUser canGetMyQuoteCreditPurchasLog canListMyQuoteRequest canUpdateQuoteBid canViewExamUser canUserViewExamsUsers canCreateProject canDeleteProject canUpdateProject canUserViewProjects canCreateBid canCreateFollower canUpdateBidUpdateStatus canUpdateProjectUpdateStatus canUpdateMilestoneUpdateStatus canCreateMilestone canListEmployerBid canListMyBid canUpdateMilestone canCreateMessage canCreateOrder canCreateProjectBidInvoice canUpdateProjectBidInvoice canListProjectBidInvoice canViewProjectBidInvoice canCreateWorkProfile canDeleteWorkProfile canUpdateWorkProfile canCreateEducation canUpdateEducation canDeleteEducation canCreateCertification canUpdateCertification canDeleteCertification canCreatePublication canDeletePublication canUpdatePublication canListBid canUpdatePaymentEscrow canListProjectDispute canCreateProjectDispute canGetQuoteFaqQuestionTemplateId canViewGetCoupon canListMilestone canListProjectStat canCreateHireRequest canListActiveProject canListDisputeOpenType canListProjectAttachment canCreateProjectAttachment canDeleteProjectAttachment canCreateWallet canDeleteFollower canCreateQuoteCategory canUpdateQuoteCategory canUpdateContestStatus canViewContestStatus canListContestStatus canListFollower canViewFollower canViewQuoteBid canViewContestType canUpdateQuoteRequest canDeleteBid canViewBid canUpdateBid canDeleteMilestone canViewMilestone canDeleteFlag canListMyMilestone canListActivity canListMeProjectBidInvoice canListEmployerProjectBidInvoice canListMyEmployerMilestone canDeleteProjectBidInvoice canUpdateHireRequest canDeleteHireRequest canListHireRequest
60576f98f7503ac2924fab4c57f231b869042c95	2212711849319225	user1	2017-05-12 08:56:25	canViewUser canListUserTransactions canUserCreateUserCashWithdrawals canUserViewUserCashWithdrawals canUserListUserCashWithdrawals canUserCreateMoneyTransferAccount canUserUpdateMoneyTransferAccount canUserViewMoneyTransferAccount canUserListMoneyTransferAccount canUserDeleteMoneyTransferAccount canListQuoteBid canCreateQuoteRequest canListUserQuoteRequestFormField canPostQuoteFaqAnswer canDeleteQuoteFaqAnswerId canUpdateQuoteFaqAnswerId canAddQuoteService canDeleteQuoteService canUpdateQuoteService canCreateQuoteServicePhoto canUpdateQuoteServicePhoto canDeleteQuoteServicePhoto canCreateQuoteServiceVideo canDeleteQuoteServiceVideo canUpdateQuoteServiceVideo canCreateQuoteServiceAudio canDeleteQuoteServiceAudio canUpdateQuoteServiceAudio canGetQuoteFaqQuestionTemplate canCreateQuoteCreditPurchasLog canDeletePortfolio canUpdatePortfolio canCreatePortfolio canGetquoteBid canUpdateUser canCreateJob canUpdateJob canDeleteJob canUpdateJobApply canViewJobApply canCreateJobApply canListJobApplyStatus canCreateExamsQuestion canCreateExamAnswer canViewExamAnswer canDeleteExamAnswer canUpdateExamAnswer canListExamLevel canUpdateExamsAnswer canViewMyQuoteService canUserViewJob canUserPortfolio canViewMyContest canViewMyContestUser canDeleteContest canUpdateContest canCreateContest canDeleteContestUser canCreateContestUser canGetMe canUpdateContestUser canListJobStat canUserViewJobApply canListJobApplyStat canListResumeRating canCreateResumeRating canDeleteResumeRating canViewResumeRating canUpdateResumeRating canListEmployerJobApply canListJobApplyResumeRating canCreateMoneyTransferAccount canViewMoneyTransferAccount canUpdateMoneyTransferAccount canDeleteMoneyTransferAccount canListExamsQuestions canCreateExamUser canGetMyQuoteCreditPurchasLog canListMyQuoteRequest canUpdateQuoteBid canViewExamUser canUserViewExamsUsers canCreateProject canDeleteProject canUpdateProject canUserViewProjects canCreateBid canCreateFollower canUpdateBidUpdateStatus canUpdateProjectUpdateStatus canUpdateMilestoneUpdateStatus canCreateMilestone canListEmployerBid canListMyBid canUpdateMilestone canCreateMessage canCreateOrder canCreateProjectBidInvoice canUpdateProjectBidInvoice canListProjectBidInvoice canViewProjectBidInvoice canCreateWorkProfile canDeleteWorkProfile canUpdateWorkProfile canCreateEducation canUpdateEducation canDeleteEducation canCreateCertification canUpdateCertification canDeleteCertification canCreatePublication canDeletePublication canUpdatePublication canListBid canUpdatePaymentEscrow canListProjectDispute canCreateProjectDispute canGetQuoteFaqQuestionTemplateId canViewGetCoupon canListMilestone canListProjectStat canCreateHireRequest canListActiveProject canListDisputeOpenType canListProjectAttachment canCreateProjectAttachment canDeleteProjectAttachment canCreateWallet canDeleteFollower canCreateQuoteCategory canUpdateQuoteCategory canUpdateContestStatus canViewContestStatus canListContestStatus canListFollower canViewFollower canViewQuoteBid canViewContestType canUpdateQuoteRequest canDeleteBid canViewBid canUpdateBid canDeleteMilestone canViewMilestone canDeleteFlag canListMyMilestone canListActivity canListMeProjectBidInvoice canListEmployerProjectBidInvoice canListMyEmployerMilestone canDeleteProjectBidInvoice canUpdateHireRequest canDeleteHireRequest canListHireRequest
e566f28ae3b0b4a1e3d2783a79be76aa041735ae	2212711849319225	user2	2017-05-12 09:01:02	canViewUser canListUserTransactions canUserCreateUserCashWithdrawals canUserViewUserCashWithdrawals canUserListUserCashWithdrawals canUserCreateMoneyTransferAccount canUserUpdateMoneyTransferAccount canUserViewMoneyTransferAccount canUserListMoneyTransferAccount canUserDeleteMoneyTransferAccount canListQuoteBid canCreateQuoteRequest canListUserQuoteRequestFormField canPostQuoteFaqAnswer canDeleteQuoteFaqAnswerId canUpdateQuoteFaqAnswerId canAddQuoteService canDeleteQuoteService canUpdateQuoteService canCreateQuoteServicePhoto canUpdateQuoteServicePhoto canDeleteQuoteServicePhoto canCreateQuoteServiceVideo canDeleteQuoteServiceVideo canUpdateQuoteServiceVideo canCreateQuoteServiceAudio canDeleteQuoteServiceAudio canUpdateQuoteServiceAudio canGetQuoteFaqQuestionTemplate canCreateQuoteCreditPurchasLog canDeletePortfolio canUpdatePortfolio canCreatePortfolio canGetquoteBid canUpdateUser canCreateJob canUpdateJob canDeleteJob canUpdateJobApply canViewJobApply canCreateJobApply canListJobApplyStatus canCreateExamsQuestion canCreateExamAnswer canViewExamAnswer canDeleteExamAnswer canUpdateExamAnswer canListExamLevel canUpdateExamsAnswer canViewMyQuoteService canUserViewJob canUserPortfolio canViewMyContest canViewMyContestUser canDeleteContest canUpdateContest canCreateContest canDeleteContestUser canCreateContestUser canGetMe canUpdateContestUser canListJobStat canUserViewJobApply canListJobApplyStat canListResumeRating canCreateResumeRating canDeleteResumeRating canViewResumeRating canUpdateResumeRating canListEmployerJobApply canListJobApplyResumeRating canCreateMoneyTransferAccount canViewMoneyTransferAccount canUpdateMoneyTransferAccount canDeleteMoneyTransferAccount canListExamsQuestions canCreateExamUser canGetMyQuoteCreditPurchasLog canListMyQuoteRequest canUpdateQuoteBid canViewExamUser canUserViewExamsUsers canCreateProject canDeleteProject canUpdateProject canUserViewProjects canCreateBid canCreateFollower canUpdateBidUpdateStatus canUpdateProjectUpdateStatus canUpdateMilestoneUpdateStatus canCreateMilestone canListEmployerBid canListMyBid canUpdateMilestone canCreateMessage canCreateOrder canCreateProjectBidInvoice canUpdateProjectBidInvoice canListProjectBidInvoice canViewProjectBidInvoice canCreateWorkProfile canDeleteWorkProfile canUpdateWorkProfile canCreateEducation canUpdateEducation canDeleteEducation canCreateCertification canUpdateCertification canDeleteCertification canCreatePublication canDeletePublication canUpdatePublication canListBid canUpdatePaymentEscrow canListProjectDispute canCreateProjectDispute canGetQuoteFaqQuestionTemplateId canViewGetCoupon canListMilestone canListProjectStat canCreateHireRequest canListActiveProject canListDisputeOpenType canListProjectAttachment canCreateProjectAttachment canDeleteProjectAttachment canCreateWallet canDeleteFollower canCreateQuoteCategory canUpdateQuoteCategory canUpdateContestStatus canViewContestStatus canListContestStatus canListFollower canViewFollower canViewQuoteBid canViewContestType canUpdateQuoteRequest canDeleteBid canViewBid canUpdateBid canDeleteMilestone canViewMilestone canDeleteFlag canListMyMilestone canListActivity canListMeProjectBidInvoice canListEmployerProjectBidInvoice canListMyEmployerMilestone canDeleteProjectBidInvoice canUpdateHireRequest canDeleteHireRequest canListHireRequest
2e462c64563808e88b946190f4d855993acadd82	2212711849319225	user1	2017-05-12 09:01:54	canViewUser canListUserTransactions canUserCreateUserCashWithdrawals canUserViewUserCashWithdrawals canUserListUserCashWithdrawals canUserCreateMoneyTransferAccount canUserUpdateMoneyTransferAccount canUserViewMoneyTransferAccount canUserListMoneyTransferAccount canUserDeleteMoneyTransferAccount canListQuoteBid canCreateQuoteRequest canListUserQuoteRequestFormField canPostQuoteFaqAnswer canDeleteQuoteFaqAnswerId canUpdateQuoteFaqAnswerId canAddQuoteService canDeleteQuoteService canUpdateQuoteService canCreateQuoteServicePhoto canUpdateQuoteServicePhoto canDeleteQuoteServicePhoto canCreateQuoteServiceVideo canDeleteQuoteServiceVideo canUpdateQuoteServiceVideo canCreateQuoteServiceAudio canDeleteQuoteServiceAudio canUpdateQuoteServiceAudio canGetQuoteFaqQuestionTemplate canCreateQuoteCreditPurchasLog canDeletePortfolio canUpdatePortfolio canCreatePortfolio canGetquoteBid canUpdateUser canCreateJob canUpdateJob canDeleteJob canUpdateJobApply canViewJobApply canCreateJobApply canListJobApplyStatus canCreateExamsQuestion canCreateExamAnswer canViewExamAnswer canDeleteExamAnswer canUpdateExamAnswer canListExamLevel canUpdateExamsAnswer canViewMyQuoteService canUserViewJob canUserPortfolio canViewMyContest canViewMyContestUser canDeleteContest canUpdateContest canCreateContest canDeleteContestUser canCreateContestUser canGetMe canUpdateContestUser canListJobStat canUserViewJobApply canListJobApplyStat canListResumeRating canCreateResumeRating canDeleteResumeRating canViewResumeRating canUpdateResumeRating canListEmployerJobApply canListJobApplyResumeRating canCreateMoneyTransferAccount canViewMoneyTransferAccount canUpdateMoneyTransferAccount canDeleteMoneyTransferAccount canListExamsQuestions canCreateExamUser canGetMyQuoteCreditPurchasLog canListMyQuoteRequest canUpdateQuoteBid canViewExamUser canUserViewExamsUsers canCreateProject canDeleteProject canUpdateProject canUserViewProjects canCreateBid canCreateFollower canUpdateBidUpdateStatus canUpdateProjectUpdateStatus canUpdateMilestoneUpdateStatus canCreateMilestone canListEmployerBid canListMyBid canUpdateMilestone canCreateMessage canCreateOrder canCreateProjectBidInvoice canUpdateProjectBidInvoice canListProjectBidInvoice canViewProjectBidInvoice canCreateWorkProfile canDeleteWorkProfile canUpdateWorkProfile canCreateEducation canUpdateEducation canDeleteEducation canCreateCertification canUpdateCertification canDeleteCertification canCreatePublication canDeletePublication canUpdatePublication canListBid canUpdatePaymentEscrow canListProjectDispute canCreateProjectDispute canGetQuoteFaqQuestionTemplateId canViewGetCoupon canListMilestone canListProjectStat canCreateHireRequest canListActiveProject canListDisputeOpenType canListProjectAttachment canCreateProjectAttachment canDeleteProjectAttachment canCreateWallet canDeleteFollower canCreateQuoteCategory canUpdateQuoteCategory canUpdateContestStatus canViewContestStatus canListContestStatus canListFollower canViewFollower canViewQuoteBid canViewContestType canUpdateQuoteRequest canDeleteBid canViewBid canUpdateBid canDeleteMilestone canViewMilestone canDeleteFlag canListMyMilestone canListActivity canListMeProjectBidInvoice canListEmployerProjectBidInvoice canListMyEmployerMilestone canDeleteProjectBidInvoice canUpdateHireRequest canDeleteHireRequest canListHireRequest
064bbf7fa9b3b89b4e1e03d647d8d1712ed940b0	2212711849319225	user1	2017-05-13 06:47:35	canViewUser canListUserTransactions canUserCreateUserCashWithdrawals canUserViewUserCashWithdrawals canUserListUserCashWithdrawals canUserCreateMoneyTransferAccount canUserUpdateMoneyTransferAccount canUserViewMoneyTransferAccount canUserListMoneyTransferAccount canUserDeleteMoneyTransferAccount canListQuoteBid canCreateQuoteRequest canListUserQuoteRequestFormField canPostQuoteFaqAnswer canDeleteQuoteFaqAnswerId canUpdateQuoteFaqAnswerId canAddQuoteService canDeleteQuoteService canUpdateQuoteService canCreateQuoteServicePhoto canUpdateQuoteServicePhoto canDeleteQuoteServicePhoto canCreateQuoteServiceVideo canDeleteQuoteServiceVideo canUpdateQuoteServiceVideo canCreateQuoteServiceAudio canDeleteQuoteServiceAudio canUpdateQuoteServiceAudio canGetQuoteFaqQuestionTemplate canCreateQuoteCreditPurchasLog canDeletePortfolio canUpdatePortfolio canCreatePortfolio canGetquoteBid canUpdateUser canCreateJob canUpdateJob canDeleteJob canUpdateJobApply canViewJobApply canCreateJobApply canListJobApplyStatus canCreateExamsQuestion canCreateExamAnswer canViewExamAnswer canDeleteExamAnswer canUpdateExamAnswer canListExamLevel canUpdateExamsAnswer canViewMyQuoteService canUserViewJob canUserPortfolio canViewMyContest canViewMyContestUser canDeleteContest canUpdateContest canCreateContest canDeleteContestUser canCreateContestUser canGetMe canUpdateContestUser canListJobStat canUserViewJobApply canListJobApplyStat canListResumeRating canCreateResumeRating canDeleteResumeRating canViewResumeRating canUpdateResumeRating canListEmployerJobApply canListJobApplyResumeRating canCreateMoneyTransferAccount canViewMoneyTransferAccount canUpdateMoneyTransferAccount canDeleteMoneyTransferAccount canListExamsQuestions canCreateExamUser canGetMyQuoteCreditPurchasLog canListMyQuoteRequest canUpdateQuoteBid canViewExamUser canUserViewExamsUsers canCreateProject canDeleteProject canUpdateProject canUserViewProjects canCreateBid canCreateFollower canUpdateBidUpdateStatus canUpdateProjectUpdateStatus canUpdateMilestoneUpdateStatus canCreateMilestone canListEmployerBid canListMyBid canUpdateMilestone canCreateMessage canCreateOrder canCreateProjectBidInvoice canUpdateProjectBidInvoice canListProjectBidInvoice canViewProjectBidInvoice canCreateWorkProfile canDeleteWorkProfile canUpdateWorkProfile canCreateEducation canUpdateEducation canDeleteEducation canCreateCertification canUpdateCertification canDeleteCertification canCreatePublication canDeletePublication canUpdatePublication canListBid canUpdatePaymentEscrow canListProjectDispute canCreateProjectDispute canGetQuoteFaqQuestionTemplateId canViewGetCoupon canListMilestone canListProjectStat canCreateHireRequest canListActiveProject canListDisputeOpenType canListProjectAttachment canCreateProjectAttachment canDeleteProjectAttachment canCreateWallet canDeleteFollower canCreateQuoteCategory canUpdateQuoteCategory canUpdateContestStatus canViewContestStatus canListContestStatus canListFollower canViewFollower canViewQuoteBid canViewContestType canUpdateQuoteRequest canDeleteBid canViewBid canUpdateBid canDeleteMilestone canViewMilestone canDeleteFlag canListMyMilestone canListActivity canListMeProjectBidInvoice canListEmployerProjectBidInvoice canListMyEmployerMilestone canDeleteProjectBidInvoice canUpdateHireRequest canDeleteHireRequest canListHireRequest canQuoteServiceStats canViewProjectStats canViewFreelancerBidStats canEmployerPayStats canQuoteRequestStats
39bdeb092821b220f8366041f804687b78bed271	2212711849319225	admin	2017-05-13 07:35:21	canCreateMoneyTransferAccount canViewMoneyTransferAccount canUpdateMoneyTransferAccount canDeleteMoneyTransferAccount canViewExamUser
8fb582b5df3a516d737cb676e22ed8914fdf3aac	2212711849319225	user2	2017-05-13 07:36:57	canViewUser canListUserTransactions canUserCreateUserCashWithdrawals canUserViewUserCashWithdrawals canUserListUserCashWithdrawals canUserCreateMoneyTransferAccount canUserUpdateMoneyTransferAccount canUserViewMoneyTransferAccount canUserListMoneyTransferAccount canUserDeleteMoneyTransferAccount canListQuoteBid canCreateQuoteRequest canListUserQuoteRequestFormField canPostQuoteFaqAnswer canDeleteQuoteFaqAnswerId canUpdateQuoteFaqAnswerId canAddQuoteService canDeleteQuoteService canUpdateQuoteService canCreateQuoteServicePhoto canUpdateQuoteServicePhoto canDeleteQuoteServicePhoto canCreateQuoteServiceVideo canDeleteQuoteServiceVideo canUpdateQuoteServiceVideo canCreateQuoteServiceAudio canDeleteQuoteServiceAudio canUpdateQuoteServiceAudio canGetQuoteFaqQuestionTemplate canCreateQuoteCreditPurchasLog canDeletePortfolio canUpdatePortfolio canCreatePortfolio canGetquoteBid canUpdateUser canCreateJob canUpdateJob canDeleteJob canUpdateJobApply canViewJobApply canCreateJobApply canListJobApplyStatus canCreateExamsQuestion canCreateExamAnswer canViewExamAnswer canDeleteExamAnswer canUpdateExamAnswer canListExamLevel canUpdateExamsAnswer canViewMyQuoteService canUserViewJob canUserPortfolio canViewMyContest canViewMyContestUser canDeleteContest canUpdateContest canCreateContest canDeleteContestUser canCreateContestUser canGetMe canUpdateContestUser canListJobStat canUserViewJobApply canListJobApplyStat canListResumeRating canCreateResumeRating canDeleteResumeRating canViewResumeRating canUpdateResumeRating canListEmployerJobApply canListJobApplyResumeRating canCreateMoneyTransferAccount canViewMoneyTransferAccount canUpdateMoneyTransferAccount canDeleteMoneyTransferAccount canListExamsQuestions canCreateExamUser canGetMyQuoteCreditPurchasLog canListMyQuoteRequest canUpdateQuoteBid canViewExamUser canUserViewExamsUsers canCreateProject canDeleteProject canUpdateProject canUserViewProjects canCreateBid canCreateFollower canUpdateBidUpdateStatus canUpdateProjectUpdateStatus canUpdateMilestoneUpdateStatus canCreateMilestone canListEmployerBid canListMyBid canUpdateMilestone canCreateMessage canCreateOrder canCreateProjectBidInvoice canUpdateProjectBidInvoice canListProjectBidInvoice canViewProjectBidInvoice canCreateWorkProfile canDeleteWorkProfile canUpdateWorkProfile canCreateEducation canUpdateEducation canDeleteEducation canCreateCertification canUpdateCertification canDeleteCertification canCreatePublication canDeletePublication canUpdatePublication canListBid canUpdatePaymentEscrow canListProjectDispute canCreateProjectDispute canGetQuoteFaqQuestionTemplateId canViewGetCoupon canListMilestone canListProjectStat canCreateHireRequest canListActiveProject canListDisputeOpenType canListProjectAttachment canCreateProjectAttachment canDeleteProjectAttachment canCreateWallet canDeleteFollower canCreateQuoteCategory canUpdateQuoteCategory canUpdateContestStatus canViewContestStatus canListContestStatus canListFollower canViewFollower canViewQuoteBid canViewContestType canUpdateQuoteRequest canDeleteBid canViewBid canUpdateBid canDeleteMilestone canViewMilestone canDeleteFlag canListMyMilestone canListActivity canListMeProjectBidInvoice canListEmployerProjectBidInvoice canListMyEmployerMilestone canDeleteProjectBidInvoice canUpdateHireRequest canDeleteHireRequest canListHireRequest canQuoteServiceStats canViewProjectStats canViewFreelancerBidStats canEmployerPayStats canQuoteRequestStats
82402cc7ea03f569e481a68db450de048894fa6e	2212711849319225	user3	2017-05-13 07:45:25	canViewUser canListUserTransactions canUserCreateUserCashWithdrawals canUserViewUserCashWithdrawals canUserListUserCashWithdrawals canUserCreateMoneyTransferAccount canUserUpdateMoneyTransferAccount canUserViewMoneyTransferAccount canUserListMoneyTransferAccount canUserDeleteMoneyTransferAccount canListQuoteBid canCreateQuoteRequest canListUserQuoteRequestFormField canPostQuoteFaqAnswer canDeleteQuoteFaqAnswerId canUpdateQuoteFaqAnswerId canAddQuoteService canDeleteQuoteService canUpdateQuoteService canCreateQuoteServicePhoto canUpdateQuoteServicePhoto canDeleteQuoteServicePhoto canCreateQuoteServiceVideo canDeleteQuoteServiceVideo canUpdateQuoteServiceVideo canCreateQuoteServiceAudio canDeleteQuoteServiceAudio canUpdateQuoteServiceAudio canGetQuoteFaqQuestionTemplate canCreateQuoteCreditPurchasLog canDeletePortfolio canUpdatePortfolio canCreatePortfolio canGetquoteBid canUpdateUser canCreateJob canUpdateJob canDeleteJob canUpdateJobApply canViewJobApply canCreateJobApply canListJobApplyStatus canCreateExamsQuestion canCreateExamAnswer canViewExamAnswer canDeleteExamAnswer canUpdateExamAnswer canListExamLevel canUpdateExamsAnswer canViewMyQuoteService canUserViewJob canUserPortfolio canViewMyContest canViewMyContestUser canDeleteContest canUpdateContest canCreateContest canDeleteContestUser canCreateContestUser canGetMe canUpdateContestUser canListJobStat canUserViewJobApply canListJobApplyStat canListResumeRating canCreateResumeRating canDeleteResumeRating canViewResumeRating canUpdateResumeRating canListEmployerJobApply canListJobApplyResumeRating canCreateMoneyTransferAccount canViewMoneyTransferAccount canUpdateMoneyTransferAccount canDeleteMoneyTransferAccount canListExamsQuestions canCreateExamUser canGetMyQuoteCreditPurchasLog canListMyQuoteRequest canUpdateQuoteBid canViewExamUser canUserViewExamsUsers canCreateProject canDeleteProject canUpdateProject canUserViewProjects canCreateBid canCreateFollower canUpdateBidUpdateStatus canUpdateProjectUpdateStatus canUpdateMilestoneUpdateStatus canCreateMilestone canListEmployerBid canListMyBid canUpdateMilestone canCreateMessage canCreateOrder canCreateProjectBidInvoice canUpdateProjectBidInvoice canListProjectBidInvoice canViewProjectBidInvoice canCreateWorkProfile canDeleteWorkProfile canUpdateWorkProfile canCreateEducation canUpdateEducation canDeleteEducation canCreateCertification canUpdateCertification canDeleteCertification canCreatePublication canDeletePublication canUpdatePublication canListBid canUpdatePaymentEscrow canListProjectDispute canCreateProjectDispute canGetQuoteFaqQuestionTemplateId canViewGetCoupon canListMilestone canListProjectStat canListActiveProject canListDisputeOpenType canListProjectAttachment canCreateProjectAttachment canDeleteProjectAttachment canCreateWallet canDeleteFollower canCreateQuoteCategory canUpdateQuoteCategory canUpdateContestStatus canViewContestStatus canListContestStatus canListFollower canViewFollower canViewQuoteBid canViewContestType canUpdateQuoteRequest canDeleteBid canViewBid canUpdateBid canDeleteMilestone canViewMilestone canDeleteFlag canListMyMilestone canListActivity canListMeProjectBidInvoice canListEmployerProjectBidInvoice canListMyEmployerMilestone canDeleteProjectBidInvoice canCreateHireRequest canUpdateHireRequest canDeleteHireRequest canListHireRequest canQuoteServiceStats canViewProjectStats canViewFreelancerBidStats canEmployerPayStats canQuoteRequestStats
515002d75e778a4b5a63d1141403149d6e15879f	2212711849319225	admin	2017-05-13 07:46:41	canCreateMoneyTransferAccount canViewMoneyTransferAccount canUpdateMoneyTransferAccount canDeleteMoneyTransferAccount canViewExamUser
fcaa5596676a15c8a2d2c9c168244a0757715e38	2212711849319225	user5	2017-05-13 07:49:32	canViewUser canListUserTransactions canUserCreateUserCashWithdrawals canUserViewUserCashWithdrawals canUserListUserCashWithdrawals canUserCreateMoneyTransferAccount canUserUpdateMoneyTransferAccount canUserViewMoneyTransferAccount canUserListMoneyTransferAccount canUserDeleteMoneyTransferAccount canListQuoteBid canCreateQuoteRequest canListUserQuoteRequestFormField canPostQuoteFaqAnswer canDeleteQuoteFaqAnswerId canUpdateQuoteFaqAnswerId canAddQuoteService canDeleteQuoteService canUpdateQuoteService canCreateQuoteServicePhoto canUpdateQuoteServicePhoto canDeleteQuoteServicePhoto canCreateQuoteServiceVideo canDeleteQuoteServiceVideo canUpdateQuoteServiceVideo canCreateQuoteServiceAudio canDeleteQuoteServiceAudio canUpdateQuoteServiceAudio canGetQuoteFaqQuestionTemplate canCreateQuoteCreditPurchasLog canDeletePortfolio canUpdatePortfolio canCreatePortfolio canGetquoteBid canUpdateUser canCreateJob canUpdateJob canDeleteJob canUpdateJobApply canViewJobApply canCreateJobApply canListJobApplyStatus canCreateExamsQuestion canCreateExamAnswer canViewExamAnswer canDeleteExamAnswer canUpdateExamAnswer canListExamLevel canUpdateExamsAnswer canViewMyQuoteService canUserViewJob canUserPortfolio canViewMyContest canViewMyContestUser canDeleteContest canUpdateContest canCreateContest canDeleteContestUser canCreateContestUser canGetMe canUpdateContestUser canListJobStat canUserViewJobApply canListJobApplyStat canListResumeRating canCreateResumeRating canDeleteResumeRating canViewResumeRating canUpdateResumeRating canListEmployerJobApply canListJobApplyResumeRating canCreateMoneyTransferAccount canViewMoneyTransferAccount canUpdateMoneyTransferAccount canDeleteMoneyTransferAccount canListExamsQuestions canCreateExamUser canGetMyQuoteCreditPurchasLog canListMyQuoteRequest canUpdateQuoteBid canViewExamUser canUserViewExamsUsers canCreateProject canDeleteProject canUpdateProject canUserViewProjects canCreateBid canCreateFollower canUpdateBidUpdateStatus canUpdateProjectUpdateStatus canUpdateMilestoneUpdateStatus canCreateMilestone canListEmployerBid canListMyBid canUpdateMilestone canCreateMessage canCreateOrder canCreateProjectBidInvoice canUpdateProjectBidInvoice canListProjectBidInvoice canViewProjectBidInvoice canCreateWorkProfile canDeleteWorkProfile canUpdateWorkProfile canCreateEducation canUpdateEducation canDeleteEducation canCreateCertification canUpdateCertification canDeleteCertification canCreatePublication canDeletePublication canUpdatePublication canListBid canUpdatePaymentEscrow canListProjectDispute canCreateProjectDispute canGetQuoteFaqQuestionTemplateId canViewGetCoupon canListMilestone canListProjectStat canCreateHireRequest canListActiveProject canListDisputeOpenType canListProjectAttachment canCreateProjectAttachment canDeleteProjectAttachment canCreateWallet canDeleteFollower canCreateQuoteCategory canUpdateQuoteCategory canUpdateContestStatus canViewContestStatus canListContestStatus canListFollower canViewFollower canViewQuoteBid canViewContestType canUpdateQuoteRequest canDeleteBid canViewBid canUpdateBid canDeleteMilestone canViewMilestone canDeleteFlag canListMyMilestone canListActivity canListMeProjectBidInvoice canListEmployerProjectBidInvoice canListMyEmployerMilestone canDeleteProjectBidInvoice canUpdateHireRequest canDeleteHireRequest canListHireRequest canQuoteServiceStats canViewProjectStats canViewFreelancerBidStats canEmployerPayStats canQuoteRequestStats
30d57e2b64009e4cf748f8422cb2528bfb61c55d	2212711849319225	user1	2017-05-13 07:56:23	canViewUser canListUserTransactions canUserCreateUserCashWithdrawals canUserViewUserCashWithdrawals canUserListUserCashWithdrawals canUserCreateMoneyTransferAccount canUserUpdateMoneyTransferAccount canUserViewMoneyTransferAccount canUserListMoneyTransferAccount canUserDeleteMoneyTransferAccount canListQuoteBid canCreateQuoteRequest canListUserQuoteRequestFormField canPostQuoteFaqAnswer canDeleteQuoteFaqAnswerId canUpdateQuoteFaqAnswerId canAddQuoteService canDeleteQuoteService canUpdateQuoteService canCreateQuoteServicePhoto canUpdateQuoteServicePhoto canDeleteQuoteServicePhoto canCreateQuoteServiceVideo canDeleteQuoteServiceVideo canUpdateQuoteServiceVideo canCreateQuoteServiceAudio canDeleteQuoteServiceAudio canUpdateQuoteServiceAudio canGetQuoteFaqQuestionTemplate canCreateQuoteCreditPurchasLog canDeletePortfolio canUpdatePortfolio canCreatePortfolio canGetquoteBid canUpdateUser canCreateJob canUpdateJob canDeleteJob canUpdateJobApply canViewJobApply canCreateJobApply canListJobApplyStatus canCreateExamsQuestion canCreateExamAnswer canViewExamAnswer canDeleteExamAnswer canUpdateExamAnswer canListExamLevel canUpdateExamsAnswer canViewMyQuoteService canUserViewJob canUserPortfolio canViewMyContest canViewMyContestUser canDeleteContest canUpdateContest canCreateContest canDeleteContestUser canCreateContestUser canGetMe canUpdateContestUser canListJobStat canUserViewJobApply canListJobApplyStat canListResumeRating canCreateResumeRating canDeleteResumeRating canViewResumeRating canUpdateResumeRating canListEmployerJobApply canListJobApplyResumeRating canCreateMoneyTransferAccount canViewMoneyTransferAccount canUpdateMoneyTransferAccount canDeleteMoneyTransferAccount canListExamsQuestions canCreateExamUser canGetMyQuoteCreditPurchasLog canListMyQuoteRequest canUpdateQuoteBid canViewExamUser canUserViewExamsUsers canCreateProject canDeleteProject canUpdateProject canUserViewProjects canCreateBid canCreateFollower canUpdateBidUpdateStatus canUpdateProjectUpdateStatus canUpdateMilestoneUpdateStatus canCreateMilestone canListEmployerBid canListMyBid canUpdateMilestone canCreateMessage canCreateOrder canCreateProjectBidInvoice canUpdateProjectBidInvoice canListProjectBidInvoice canViewProjectBidInvoice canCreateWorkProfile canDeleteWorkProfile canUpdateWorkProfile canCreateEducation canUpdateEducation canDeleteEducation canCreateCertification canUpdateCertification canDeleteCertification canCreatePublication canDeletePublication canUpdatePublication canListBid canUpdatePaymentEscrow canListProjectDispute canCreateProjectDispute canGetQuoteFaqQuestionTemplateId canViewGetCoupon canListMilestone canListProjectStat canCreateHireRequest canListActiveProject canListDisputeOpenType canListProjectAttachment canCreateProjectAttachment canDeleteProjectAttachment canCreateWallet canDeleteFollower canCreateQuoteCategory canUpdateQuoteCategory canUpdateContestStatus canViewContestStatus canListContestStatus canListFollower canViewFollower canViewQuoteBid canViewContestType canUpdateQuoteRequest canDeleteBid canViewBid canUpdateBid canDeleteMilestone canViewMilestone canDeleteFlag canListMyMilestone canListActivity canListMeProjectBidInvoice canListEmployerProjectBidInvoice canListMyEmployerMilestone canDeleteProjectBidInvoice canUpdateHireRequest canDeleteHireRequest canListHireRequest canQuoteServiceStats canViewProjectStats canViewFreelancerBidStats canEmployerPayStats canQuoteRequestStats
97065f45963854fd46bcdf6bc7364c377084915a	2212711849319225	user2	2017-05-13 08:56:50	canViewUser canListUserTransactions canUserCreateUserCashWithdrawals canUserViewUserCashWithdrawals canUserListUserCashWithdrawals canUserCreateMoneyTransferAccount canUserUpdateMoneyTransferAccount canUserViewMoneyTransferAccount canUserListMoneyTransferAccount canUserDeleteMoneyTransferAccount canListQuoteBid canCreateQuoteRequest canListUserQuoteRequestFormField canPostQuoteFaqAnswer canDeleteQuoteFaqAnswerId canUpdateQuoteFaqAnswerId canAddQuoteService canDeleteQuoteService canUpdateQuoteService canCreateQuoteServicePhoto canUpdateQuoteServicePhoto canDeleteQuoteServicePhoto canCreateQuoteServiceVideo canDeleteQuoteServiceVideo canUpdateQuoteServiceVideo canCreateQuoteServiceAudio canDeleteQuoteServiceAudio canUpdateQuoteServiceAudio canGetQuoteFaqQuestionTemplate canCreateQuoteCreditPurchasLog canDeletePortfolio canUpdatePortfolio canCreatePortfolio canGetquoteBid canUpdateUser canCreateJob canUpdateJob canDeleteJob canUpdateJobApply canViewJobApply canCreateJobApply canListJobApplyStatus canCreateExamsQuestion canCreateExamAnswer canViewExamAnswer canDeleteExamAnswer canUpdateExamAnswer canListExamLevel canUpdateExamsAnswer canViewMyQuoteService canUserViewJob canUserPortfolio canViewMyContest canViewMyContestUser canDeleteContest canUpdateContest canCreateContest canDeleteContestUser canCreateContestUser canGetMe canUpdateContestUser canListJobStat canUserViewJobApply canListJobApplyStat canListResumeRating canCreateResumeRating canDeleteResumeRating canViewResumeRating canUpdateResumeRating canListEmployerJobApply canListJobApplyResumeRating canCreateMoneyTransferAccount canViewMoneyTransferAccount canUpdateMoneyTransferAccount canDeleteMoneyTransferAccount canListExamsQuestions canCreateExamUser canGetMyQuoteCreditPurchasLog canListMyQuoteRequest canUpdateQuoteBid canViewExamUser canUserViewExamsUsers canCreateProject canDeleteProject canUpdateProject canUserViewProjects canCreateBid canCreateFollower canUpdateBidUpdateStatus canUpdateProjectUpdateStatus canUpdateMilestoneUpdateStatus canCreateMilestone canListEmployerBid canListMyBid canUpdateMilestone canCreateMessage canCreateOrder canCreateProjectBidInvoice canUpdateProjectBidInvoice canListProjectBidInvoice canViewProjectBidInvoice canCreateWorkProfile canDeleteWorkProfile canUpdateWorkProfile canCreateEducation canUpdateEducation canDeleteEducation canCreateCertification canUpdateCertification canDeleteCertification canCreatePublication canDeletePublication canUpdatePublication canListBid canUpdatePaymentEscrow canListProjectDispute canCreateProjectDispute canGetQuoteFaqQuestionTemplateId canViewGetCoupon canListMilestone canListProjectStat canCreateHireRequest canListActiveProject canListDisputeOpenType canListProjectAttachment canCreateProjectAttachment canDeleteProjectAttachment canCreateWallet canDeleteFollower canCreateQuoteCategory canUpdateQuoteCategory canUpdateContestStatus canViewContestStatus canListContestStatus canListFollower canViewFollower canViewQuoteBid canViewContestType canUpdateQuoteRequest canDeleteBid canViewBid canUpdateBid canDeleteMilestone canViewMilestone canDeleteFlag canListMyMilestone canListActivity canListMeProjectBidInvoice canListEmployerProjectBidInvoice canListMyEmployerMilestone canDeleteProjectBidInvoice canUpdateHireRequest canDeleteHireRequest canListHireRequest canQuoteServiceStats canViewProjectStats canViewFreelancerBidStats canEmployerPayStats canQuoteRequestStats
0bad817009cee75ee5456586b48aa0d430b98458	2212711849319225	user1	2017-05-13 08:57:16	canViewUser canListUserTransactions canUserCreateUserCashWithdrawals canUserViewUserCashWithdrawals canUserListUserCashWithdrawals canUserCreateMoneyTransferAccount canUserUpdateMoneyTransferAccount canUserViewMoneyTransferAccount canUserListMoneyTransferAccount canUserDeleteMoneyTransferAccount canListQuoteBid canCreateQuoteRequest canListUserQuoteRequestFormField canPostQuoteFaqAnswer canDeleteQuoteFaqAnswerId canUpdateQuoteFaqAnswerId canAddQuoteService canDeleteQuoteService canUpdateQuoteService canCreateQuoteServicePhoto canUpdateQuoteServicePhoto canDeleteQuoteServicePhoto canCreateQuoteServiceVideo canDeleteQuoteServiceVideo canUpdateQuoteServiceVideo canCreateQuoteServiceAudio canDeleteQuoteServiceAudio canUpdateQuoteServiceAudio canGetQuoteFaqQuestionTemplate canCreateQuoteCreditPurchasLog canDeletePortfolio canUpdatePortfolio canCreatePortfolio canGetquoteBid canUpdateUser canCreateJob canUpdateJob canDeleteJob canUpdateJobApply canViewJobApply canCreateJobApply canListJobApplyStatus canCreateExamsQuestion canCreateExamAnswer canViewExamAnswer canDeleteExamAnswer canUpdateExamAnswer canListExamLevel canUpdateExamsAnswer canViewMyQuoteService canUserViewJob canUserPortfolio canViewMyContest canViewMyContestUser canDeleteContest canUpdateContest canCreateContest canDeleteContestUser canCreateContestUser canGetMe canUpdateContestUser canListJobStat canUserViewJobApply canListJobApplyStat canListResumeRating canCreateResumeRating canDeleteResumeRating canViewResumeRating canUpdateResumeRating canListEmployerJobApply canListJobApplyResumeRating canCreateMoneyTransferAccount canViewMoneyTransferAccount canUpdateMoneyTransferAccount canDeleteMoneyTransferAccount canListExamsQuestions canCreateExamUser canGetMyQuoteCreditPurchasLog canListMyQuoteRequest canUpdateQuoteBid canViewExamUser canUserViewExamsUsers canCreateProject canDeleteProject canUpdateProject canUserViewProjects canCreateBid canCreateFollower canUpdateBidUpdateStatus canUpdateProjectUpdateStatus canUpdateMilestoneUpdateStatus canCreateMilestone canListEmployerBid canListMyBid canUpdateMilestone canCreateMessage canCreateOrder canCreateProjectBidInvoice canUpdateProjectBidInvoice canListProjectBidInvoice canViewProjectBidInvoice canCreateWorkProfile canDeleteWorkProfile canUpdateWorkProfile canCreateEducation canUpdateEducation canDeleteEducation canCreateCertification canUpdateCertification canDeleteCertification canCreatePublication canDeletePublication canUpdatePublication canListBid canUpdatePaymentEscrow canListProjectDispute canCreateProjectDispute canGetQuoteFaqQuestionTemplateId canViewGetCoupon canListMilestone canListProjectStat canCreateHireRequest canListActiveProject canListDisputeOpenType canListProjectAttachment canCreateProjectAttachment canDeleteProjectAttachment canCreateWallet canDeleteFollower canCreateQuoteCategory canUpdateQuoteCategory canUpdateContestStatus canViewContestStatus canListContestStatus canListFollower canViewFollower canViewQuoteBid canViewContestType canUpdateQuoteRequest canDeleteBid canViewBid canUpdateBid canDeleteMilestone canViewMilestone canDeleteFlag canListMyMilestone canListActivity canListMeProjectBidInvoice canListEmployerProjectBidInvoice canListMyEmployerMilestone canDeleteProjectBidInvoice canUpdateHireRequest canDeleteHireRequest canListHireRequest canQuoteServiceStats canViewProjectStats canViewFreelancerBidStats canEmployerPayStats canQuoteRequestStats
8c2115bfa31f59d73bf56f89e0ab9276832ef5cb	2212711849319225	user2	2017-05-13 09:30:56	canViewUser canListUserTransactions canUserCreateUserCashWithdrawals canUserViewUserCashWithdrawals canUserListUserCashWithdrawals canUserCreateMoneyTransferAccount canUserUpdateMoneyTransferAccount canUserViewMoneyTransferAccount canUserListMoneyTransferAccount canUserDeleteMoneyTransferAccount canListQuoteBid canCreateQuoteRequest canListUserQuoteRequestFormField canPostQuoteFaqAnswer canDeleteQuoteFaqAnswerId canUpdateQuoteFaqAnswerId canAddQuoteService canDeleteQuoteService canUpdateQuoteService canCreateQuoteServicePhoto canUpdateQuoteServicePhoto canDeleteQuoteServicePhoto canCreateQuoteServiceVideo canDeleteQuoteServiceVideo canUpdateQuoteServiceVideo canCreateQuoteServiceAudio canDeleteQuoteServiceAudio canUpdateQuoteServiceAudio canGetQuoteFaqQuestionTemplate canCreateQuoteCreditPurchasLog canDeletePortfolio canUpdatePortfolio canCreatePortfolio canGetquoteBid canUpdateUser canCreateJob canUpdateJob canDeleteJob canUpdateJobApply canViewJobApply canCreateJobApply canListJobApplyStatus canCreateExamsQuestion canCreateExamAnswer canViewExamAnswer canDeleteExamAnswer canUpdateExamAnswer canListExamLevel canUpdateExamsAnswer canViewMyQuoteService canUserViewJob canUserPortfolio canViewMyContest canViewMyContestUser canDeleteContest canUpdateContest canCreateContest canDeleteContestUser canCreateContestUser canGetMe canUpdateContestUser canListJobStat canUserViewJobApply canListJobApplyStat canListResumeRating canCreateResumeRating canDeleteResumeRating canViewResumeRating canUpdateResumeRating canListEmployerJobApply canListJobApplyResumeRating canCreateMoneyTransferAccount canViewMoneyTransferAccount canUpdateMoneyTransferAccount canDeleteMoneyTransferAccount canListExamsQuestions canCreateExamUser canGetMyQuoteCreditPurchasLog canListMyQuoteRequest canUpdateQuoteBid canViewExamUser canUserViewExamsUsers canCreateProject canDeleteProject canUpdateProject canUserViewProjects canCreateBid canCreateFollower canUpdateBidUpdateStatus canUpdateProjectUpdateStatus canUpdateMilestoneUpdateStatus canCreateMilestone canListEmployerBid canListMyBid canUpdateMilestone canCreateMessage canCreateOrder canCreateProjectBidInvoice canUpdateProjectBidInvoice canListProjectBidInvoice canViewProjectBidInvoice canCreateWorkProfile canDeleteWorkProfile canUpdateWorkProfile canCreateEducation canUpdateEducation canDeleteEducation canCreateCertification canUpdateCertification canDeleteCertification canCreatePublication canDeletePublication canUpdatePublication canListBid canUpdatePaymentEscrow canListProjectDispute canCreateProjectDispute canGetQuoteFaqQuestionTemplateId canViewGetCoupon canListMilestone canListProjectStat canCreateHireRequest canListActiveProject canListDisputeOpenType canListProjectAttachment canCreateProjectAttachment canDeleteProjectAttachment canCreateWallet canDeleteFollower canCreateQuoteCategory canUpdateQuoteCategory canUpdateContestStatus canViewContestStatus canListContestStatus canListFollower canViewFollower canViewQuoteBid canViewContestType canUpdateQuoteRequest canDeleteBid canViewBid canUpdateBid canDeleteMilestone canViewMilestone canDeleteFlag canListMyMilestone canListActivity canListMeProjectBidInvoice canListEmployerProjectBidInvoice canListMyEmployerMilestone canDeleteProjectBidInvoice canUpdateHireRequest canDeleteHireRequest canListHireRequest canQuoteServiceStats canViewProjectStats canViewFreelancerBidStats canEmployerPayStats canQuoteRequestStats
83161efb8c94ef45a127bb7fc50915b1a34a8f17	2212711849319225	user1	2017-05-13 09:58:08	canViewUser canListUserTransactions canUserCreateUserCashWithdrawals canUserViewUserCashWithdrawals canUserListUserCashWithdrawals canUserCreateMoneyTransferAccount canUserUpdateMoneyTransferAccount canUserViewMoneyTransferAccount canUserListMoneyTransferAccount canUserDeleteMoneyTransferAccount canListQuoteBid canCreateQuoteRequest canListUserQuoteRequestFormField canPostQuoteFaqAnswer canDeleteQuoteFaqAnswerId canUpdateQuoteFaqAnswerId canAddQuoteService canDeleteQuoteService canUpdateQuoteService canCreateQuoteServicePhoto canUpdateQuoteServicePhoto canDeleteQuoteServicePhoto canCreateQuoteServiceVideo canDeleteQuoteServiceVideo canUpdateQuoteServiceVideo canCreateQuoteServiceAudio canDeleteQuoteServiceAudio canUpdateQuoteServiceAudio canGetQuoteFaqQuestionTemplate canCreateQuoteCreditPurchasLog canDeletePortfolio canUpdatePortfolio canCreatePortfolio canGetquoteBid canUpdateUser canCreateJob canUpdateJob canDeleteJob canUpdateJobApply canViewJobApply canCreateJobApply canListJobApplyStatus canCreateExamsQuestion canCreateExamAnswer canViewExamAnswer canDeleteExamAnswer canUpdateExamAnswer canListExamLevel canUpdateExamsAnswer canViewMyQuoteService canUserViewJob canUserPortfolio canViewMyContest canViewMyContestUser canDeleteContest canUpdateContest canCreateContest canDeleteContestUser canCreateContestUser canGetMe canUpdateContestUser canListJobStat canUserViewJobApply canListJobApplyStat canListResumeRating canCreateResumeRating canDeleteResumeRating canViewResumeRating canUpdateResumeRating canListEmployerJobApply canListJobApplyResumeRating canCreateMoneyTransferAccount canViewMoneyTransferAccount canUpdateMoneyTransferAccount canDeleteMoneyTransferAccount canListExamsQuestions canCreateExamUser canGetMyQuoteCreditPurchasLog canListMyQuoteRequest canUpdateQuoteBid canViewExamUser canUserViewExamsUsers canCreateProject canDeleteProject canUpdateProject canUserViewProjects canCreateBid canCreateFollower canUpdateBidUpdateStatus canUpdateProjectUpdateStatus canUpdateMilestoneUpdateStatus canCreateMilestone canListEmployerBid canListMyBid canUpdateMilestone canCreateMessage canCreateOrder canCreateProjectBidInvoice canUpdateProjectBidInvoice canListProjectBidInvoice canViewProjectBidInvoice canCreateWorkProfile canDeleteWorkProfile canUpdateWorkProfile canCreateEducation canUpdateEducation canDeleteEducation canCreateCertification canUpdateCertification canDeleteCertification canCreatePublication canDeletePublication canUpdatePublication canListBid canUpdatePaymentEscrow canListProjectDispute canCreateProjectDispute canGetQuoteFaqQuestionTemplateId canViewGetCoupon canListMilestone canListProjectStat canCreateHireRequest canListActiveProject canListDisputeOpenType canListProjectAttachment canCreateProjectAttachment canDeleteProjectAttachment canCreateWallet canDeleteFollower canCreateQuoteCategory canUpdateQuoteCategory canUpdateContestStatus canViewContestStatus canListContestStatus canListFollower canViewFollower canViewQuoteBid canViewContestType canUpdateQuoteRequest canDeleteBid canViewBid canUpdateBid canDeleteMilestone canViewMilestone canDeleteFlag canListMyMilestone canListActivity canListMeProjectBidInvoice canListEmployerProjectBidInvoice canListMyEmployerMilestone canDeleteProjectBidInvoice canUpdateHireRequest canDeleteHireRequest canListHireRequest canQuoteServiceStats canViewProjectStats canViewFreelancerBidStats canEmployerPayStats canQuoteRequestStats
04063875fca0be1f1d735129d3e0a30a7e22fc82	2212711849319225	user1	2017-05-13 10:13:01	canViewUser canListUserTransactions canUserCreateUserCashWithdrawals canUserViewUserCashWithdrawals canUserListUserCashWithdrawals canUserCreateMoneyTransferAccount canUserUpdateMoneyTransferAccount canUserViewMoneyTransferAccount canUserListMoneyTransferAccount canUserDeleteMoneyTransferAccount canListQuoteBid canCreateQuoteRequest canListUserQuoteRequestFormField canPostQuoteFaqAnswer canDeleteQuoteFaqAnswerId canUpdateQuoteFaqAnswerId canAddQuoteService canDeleteQuoteService canUpdateQuoteService canCreateQuoteServicePhoto canUpdateQuoteServicePhoto canDeleteQuoteServicePhoto canCreateQuoteServiceVideo canDeleteQuoteServiceVideo canUpdateQuoteServiceVideo canCreateQuoteServiceAudio canDeleteQuoteServiceAudio canUpdateQuoteServiceAudio canGetQuoteFaqQuestionTemplate canCreateQuoteCreditPurchasLog canDeletePortfolio canUpdatePortfolio canCreatePortfolio canGetquoteBid canUpdateUser canCreateJob canUpdateJob canDeleteJob canUpdateJobApply canViewJobApply canCreateJobApply canListJobApplyStatus canCreateExamsQuestion canCreateExamAnswer canViewExamAnswer canDeleteExamAnswer canUpdateExamAnswer canListExamLevel canUpdateExamsAnswer canViewMyQuoteService canUserViewJob canUserPortfolio canViewMyContest canViewMyContestUser canDeleteContest canUpdateContest canCreateContest canDeleteContestUser canCreateContestUser canGetMe canUpdateContestUser canListJobStat canUserViewJobApply canListJobApplyStat canListResumeRating canCreateResumeRating canDeleteResumeRating canViewResumeRating canUpdateResumeRating canListEmployerJobApply canListJobApplyResumeRating canCreateMoneyTransferAccount canViewMoneyTransferAccount canUpdateMoneyTransferAccount canDeleteMoneyTransferAccount canListExamsQuestions canCreateExamUser canGetMyQuoteCreditPurchasLog canListMyQuoteRequest canUpdateQuoteBid canViewExamUser canUserViewExamsUsers canCreateProject canDeleteProject canUpdateProject canUserViewProjects canCreateBid canCreateFollower canUpdateBidUpdateStatus canUpdateProjectUpdateStatus canUpdateMilestoneUpdateStatus canCreateMilestone canListEmployerBid canListMyBid canUpdateMilestone canCreateMessage canCreateOrder canCreateProjectBidInvoice canUpdateProjectBidInvoice canListProjectBidInvoice canViewProjectBidInvoice canCreateWorkProfile canDeleteWorkProfile canUpdateWorkProfile canCreateEducation canUpdateEducation canDeleteEducation canCreateCertification canUpdateCertification canDeleteCertification canCreatePublication canDeletePublication canUpdatePublication canListBid canUpdatePaymentEscrow canListProjectDispute canCreateProjectDispute canGetQuoteFaqQuestionTemplateId canViewGetCoupon canListMilestone canListProjectStat canCreateHireRequest canListActiveProject canListDisputeOpenType canListProjectAttachment canCreateProjectAttachment canDeleteProjectAttachment canCreateWallet canDeleteFollower canCreateQuoteCategory canUpdateQuoteCategory canUpdateContestStatus canViewContestStatus canListContestStatus canListFollower canViewFollower canViewQuoteBid canViewContestType canUpdateQuoteRequest canDeleteBid canViewBid canUpdateBid canDeleteMilestone canViewMilestone canDeleteFlag canListMyMilestone canListActivity canListMeProjectBidInvoice canListEmployerProjectBidInvoice canListMyEmployerMilestone canDeleteProjectBidInvoice canUpdateHireRequest canDeleteHireRequest canListHireRequest canQuoteServiceStats canViewProjectStats canViewFreelancerBidStats canEmployerPayStats canQuoteRequestStats
e4b9d27142919210abc1541a374f877ece125830	2212711849319225	user2	2017-05-13 10:13:16	canViewUser canListUserTransactions canUserCreateUserCashWithdrawals canUserViewUserCashWithdrawals canUserListUserCashWithdrawals canUserCreateMoneyTransferAccount canUserUpdateMoneyTransferAccount canUserViewMoneyTransferAccount canUserListMoneyTransferAccount canUserDeleteMoneyTransferAccount canListQuoteBid canCreateQuoteRequest canListUserQuoteRequestFormField canPostQuoteFaqAnswer canDeleteQuoteFaqAnswerId canUpdateQuoteFaqAnswerId canAddQuoteService canDeleteQuoteService canUpdateQuoteService canCreateQuoteServicePhoto canUpdateQuoteServicePhoto canDeleteQuoteServicePhoto canCreateQuoteServiceVideo canDeleteQuoteServiceVideo canUpdateQuoteServiceVideo canCreateQuoteServiceAudio canDeleteQuoteServiceAudio canUpdateQuoteServiceAudio canGetQuoteFaqQuestionTemplate canCreateQuoteCreditPurchasLog canDeletePortfolio canUpdatePortfolio canCreatePortfolio canGetquoteBid canUpdateUser canCreateJob canUpdateJob canDeleteJob canUpdateJobApply canViewJobApply canCreateJobApply canListJobApplyStatus canCreateExamsQuestion canCreateExamAnswer canViewExamAnswer canDeleteExamAnswer canUpdateExamAnswer canListExamLevel canUpdateExamsAnswer canViewMyQuoteService canUserViewJob canUserPortfolio canViewMyContest canViewMyContestUser canDeleteContest canUpdateContest canCreateContest canDeleteContestUser canCreateContestUser canGetMe canUpdateContestUser canListJobStat canUserViewJobApply canListJobApplyStat canListResumeRating canCreateResumeRating canDeleteResumeRating canViewResumeRating canUpdateResumeRating canListEmployerJobApply canListJobApplyResumeRating canCreateMoneyTransferAccount canViewMoneyTransferAccount canUpdateMoneyTransferAccount canDeleteMoneyTransferAccount canListExamsQuestions canCreateExamUser canGetMyQuoteCreditPurchasLog canListMyQuoteRequest canUpdateQuoteBid canViewExamUser canUserViewExamsUsers canCreateProject canDeleteProject canUpdateProject canUserViewProjects canCreateBid canCreateFollower canUpdateBidUpdateStatus canUpdateProjectUpdateStatus canUpdateMilestoneUpdateStatus canCreateMilestone canListEmployerBid canListMyBid canUpdateMilestone canCreateMessage canCreateOrder canCreateProjectBidInvoice canUpdateProjectBidInvoice canListProjectBidInvoice canViewProjectBidInvoice canCreateWorkProfile canDeleteWorkProfile canUpdateWorkProfile canCreateEducation canUpdateEducation canDeleteEducation canCreateCertification canUpdateCertification canDeleteCertification canCreatePublication canDeletePublication canUpdatePublication canListBid canUpdatePaymentEscrow canListProjectDispute canCreateProjectDispute canGetQuoteFaqQuestionTemplateId canViewGetCoupon canListMilestone canListProjectStat canCreateHireRequest canListActiveProject canListDisputeOpenType canListProjectAttachment canCreateProjectAttachment canDeleteProjectAttachment canCreateWallet canDeleteFollower canCreateQuoteCategory canUpdateQuoteCategory canUpdateContestStatus canViewContestStatus canListContestStatus canListFollower canViewFollower canViewQuoteBid canViewContestType canUpdateQuoteRequest canDeleteBid canViewBid canUpdateBid canDeleteMilestone canViewMilestone canDeleteFlag canListMyMilestone canListActivity canListMeProjectBidInvoice canListEmployerProjectBidInvoice canListMyEmployerMilestone canDeleteProjectBidInvoice canUpdateHireRequest canDeleteHireRequest canListHireRequest canQuoteServiceStats canViewProjectStats canViewFreelancerBidStats canEmployerPayStats canQuoteRequestStats
e9b3908022a916a362c2cfbdfd55c2c7abffd49c	2212711849319225	user1	2017-05-13 10:30:47	canViewUser canListUserTransactions canUserCreateUserCashWithdrawals canUserViewUserCashWithdrawals canUserListUserCashWithdrawals canUserCreateMoneyTransferAccount canUserUpdateMoneyTransferAccount canUserViewMoneyTransferAccount canUserListMoneyTransferAccount canUserDeleteMoneyTransferAccount canListQuoteBid canCreateQuoteRequest canListUserQuoteRequestFormField canPostQuoteFaqAnswer canDeleteQuoteFaqAnswerId canUpdateQuoteFaqAnswerId canAddQuoteService canDeleteQuoteService canUpdateQuoteService canCreateQuoteServicePhoto canUpdateQuoteServicePhoto canDeleteQuoteServicePhoto canCreateQuoteServiceVideo canDeleteQuoteServiceVideo canUpdateQuoteServiceVideo canCreateQuoteServiceAudio canDeleteQuoteServiceAudio canUpdateQuoteServiceAudio canGetQuoteFaqQuestionTemplate canCreateQuoteCreditPurchasLog canDeletePortfolio canUpdatePortfolio canCreatePortfolio canGetquoteBid canUpdateUser canCreateJob canUpdateJob canDeleteJob canUpdateJobApply canViewJobApply canCreateJobApply canListJobApplyStatus canCreateExamsQuestion canCreateExamAnswer canViewExamAnswer canDeleteExamAnswer canUpdateExamAnswer canListExamLevel canUpdateExamsAnswer canViewMyQuoteService canUserViewJob canUserPortfolio canViewMyContest canViewMyContestUser canDeleteContest canUpdateContest canCreateContest canDeleteContestUser canCreateContestUser canGetMe canUpdateContestUser canListJobStat canUserViewJobApply canListJobApplyStat canListResumeRating canCreateResumeRating canDeleteResumeRating canViewResumeRating canUpdateResumeRating canListEmployerJobApply canListJobApplyResumeRating canCreateMoneyTransferAccount canViewMoneyTransferAccount canUpdateMoneyTransferAccount canDeleteMoneyTransferAccount canListExamsQuestions canCreateExamUser canGetMyQuoteCreditPurchasLog canListMyQuoteRequest canUpdateQuoteBid canViewExamUser canUserViewExamsUsers canCreateProject canDeleteProject canUpdateProject canUserViewProjects canCreateBid canCreateFollower canUpdateBidUpdateStatus canUpdateProjectUpdateStatus canUpdateMilestoneUpdateStatus canCreateMilestone canListEmployerBid canListMyBid canUpdateMilestone canCreateMessage canCreateOrder canCreateProjectBidInvoice canUpdateProjectBidInvoice canListProjectBidInvoice canViewProjectBidInvoice canCreateWorkProfile canDeleteWorkProfile canUpdateWorkProfile canCreateEducation canUpdateEducation canDeleteEducation canCreateCertification canUpdateCertification canDeleteCertification canCreatePublication canDeletePublication canUpdatePublication canListBid canUpdatePaymentEscrow canListProjectDispute canCreateProjectDispute canGetQuoteFaqQuestionTemplateId canViewGetCoupon canListMilestone canListProjectStat canCreateHireRequest canListActiveProject canListDisputeOpenType canListProjectAttachment canCreateProjectAttachment canDeleteProjectAttachment canCreateWallet canDeleteFollower canCreateQuoteCategory canUpdateQuoteCategory canUpdateContestStatus canViewContestStatus canListContestStatus canListFollower canViewFollower canViewQuoteBid canViewContestType canUpdateQuoteRequest canDeleteBid canViewBid canUpdateBid canDeleteMilestone canViewMilestone canDeleteFlag canListMyMilestone canListActivity canListMeProjectBidInvoice canListEmployerProjectBidInvoice canListMyEmployerMilestone canDeleteProjectBidInvoice canUpdateHireRequest canDeleteHireRequest canListHireRequest canQuoteServiceStats canViewProjectStats canViewFreelancerBidStats canEmployerPayStats canQuoteRequestStats
111e288803437ceef018b6c85bc978e01172970c	2212711849319225	user1	2017-05-13 12:32:40	canViewUser canListUserTransactions canUserCreateUserCashWithdrawals canUserViewUserCashWithdrawals canUserListUserCashWithdrawals canUserCreateMoneyTransferAccount canUserUpdateMoneyTransferAccount canUserViewMoneyTransferAccount canUserListMoneyTransferAccount canUserDeleteMoneyTransferAccount canListQuoteBid canCreateQuoteRequest canListUserQuoteRequestFormField canPostQuoteFaqAnswer canDeleteQuoteFaqAnswerId canUpdateQuoteFaqAnswerId canAddQuoteService canDeleteQuoteService canUpdateQuoteService canCreateQuoteServicePhoto canUpdateQuoteServicePhoto canDeleteQuoteServicePhoto canCreateQuoteServiceVideo canDeleteQuoteServiceVideo canUpdateQuoteServiceVideo canCreateQuoteServiceAudio canDeleteQuoteServiceAudio canUpdateQuoteServiceAudio canGetQuoteFaqQuestionTemplate canCreateQuoteCreditPurchasLog canDeletePortfolio canUpdatePortfolio canCreatePortfolio canGetquoteBid canUpdateUser canCreateJob canUpdateJob canDeleteJob canUpdateJobApply canViewJobApply canCreateJobApply canListJobApplyStatus canCreateExamsQuestion canCreateExamAnswer canViewExamAnswer canDeleteExamAnswer canUpdateExamAnswer canListExamLevel canUpdateExamsAnswer canViewMyQuoteService canUserViewJob canUserPortfolio canViewMyContest canViewMyContestUser canDeleteContest canUpdateContest canCreateContest canDeleteContestUser canCreateContestUser canGetMe canUpdateContestUser canListJobStat canUserViewJobApply canListJobApplyStat canListResumeRating canCreateResumeRating canDeleteResumeRating canViewResumeRating canUpdateResumeRating canListEmployerJobApply canListJobApplyResumeRating canCreateMoneyTransferAccount canViewMoneyTransferAccount canUpdateMoneyTransferAccount canDeleteMoneyTransferAccount canListExamsQuestions canCreateExamUser canGetMyQuoteCreditPurchasLog canListMyQuoteRequest canUpdateQuoteBid canViewExamUser canUserViewExamsUsers canCreateProject canDeleteProject canUpdateProject canUserViewProjects canCreateBid canCreateFollower canUpdateBidUpdateStatus canUpdateProjectUpdateStatus canUpdateMilestoneUpdateStatus canCreateMilestone canListEmployerBid canListMyBid canUpdateMilestone canCreateMessage canCreateOrder canCreateProjectBidInvoice canUpdateProjectBidInvoice canListProjectBidInvoice canViewProjectBidInvoice canCreateWorkProfile canDeleteWorkProfile canUpdateWorkProfile canCreateEducation canUpdateEducation canDeleteEducation canCreateCertification canUpdateCertification canDeleteCertification canCreatePublication canDeletePublication canUpdatePublication canListBid canUpdatePaymentEscrow canListProjectDispute canCreateProjectDispute canGetQuoteFaqQuestionTemplateId canViewGetCoupon canListMilestone canListProjectStat canCreateHireRequest canListActiveProject canListDisputeOpenType canListProjectAttachment canCreateProjectAttachment canDeleteProjectAttachment canCreateWallet canDeleteFollower canCreateQuoteCategory canUpdateQuoteCategory canUpdateContestStatus canViewContestStatus canListContestStatus canListFollower canViewFollower canViewQuoteBid canViewContestType canUpdateQuoteRequest canDeleteBid canViewBid canUpdateBid canDeleteMilestone canViewMilestone canDeleteFlag canListMyMilestone canListActivity canListMeProjectBidInvoice canListEmployerProjectBidInvoice canListMyEmployerMilestone canDeleteProjectBidInvoice canUpdateHireRequest canDeleteHireRequest canListHireRequest canQuoteServiceStats canViewProjectStats canViewFreelancerBidStats canEmployerPayStats canQuoteRequestStats
12d8e1190a45f7456a567d83d6a308df8c3d3797	2212711849319225	user2	2017-05-13 13:06:34	canViewUser canListUserTransactions canUserCreateUserCashWithdrawals canUserViewUserCashWithdrawals canUserListUserCashWithdrawals canUserCreateMoneyTransferAccount canUserUpdateMoneyTransferAccount canUserViewMoneyTransferAccount canUserListMoneyTransferAccount canUserDeleteMoneyTransferAccount canListQuoteBid canCreateQuoteRequest canListUserQuoteRequestFormField canPostQuoteFaqAnswer canDeleteQuoteFaqAnswerId canUpdateQuoteFaqAnswerId canAddQuoteService canDeleteQuoteService canUpdateQuoteService canCreateQuoteServicePhoto canUpdateQuoteServicePhoto canDeleteQuoteServicePhoto canCreateQuoteServiceVideo canDeleteQuoteServiceVideo canUpdateQuoteServiceVideo canCreateQuoteServiceAudio canDeleteQuoteServiceAudio canUpdateQuoteServiceAudio canGetQuoteFaqQuestionTemplate canCreateQuoteCreditPurchasLog canDeletePortfolio canUpdatePortfolio canCreatePortfolio canGetquoteBid canUpdateUser canCreateJob canUpdateJob canDeleteJob canUpdateJobApply canViewJobApply canCreateJobApply canListJobApplyStatus canCreateExamsQuestion canCreateExamAnswer canViewExamAnswer canDeleteExamAnswer canUpdateExamAnswer canListExamLevel canUpdateExamsAnswer canViewMyQuoteService canUserViewJob canUserPortfolio canViewMyContest canViewMyContestUser canDeleteContest canUpdateContest canCreateContest canDeleteContestUser canCreateContestUser canGetMe canUpdateContestUser canListJobStat canUserViewJobApply canListJobApplyStat canListResumeRating canCreateResumeRating canDeleteResumeRating canViewResumeRating canUpdateResumeRating canListEmployerJobApply canListJobApplyResumeRating canCreateMoneyTransferAccount canViewMoneyTransferAccount canUpdateMoneyTransferAccount canDeleteMoneyTransferAccount canListExamsQuestions canCreateExamUser canGetMyQuoteCreditPurchasLog canListMyQuoteRequest canUpdateQuoteBid canViewExamUser canUserViewExamsUsers canCreateProject canDeleteProject canUpdateProject canUserViewProjects canCreateBid canCreateFollower canUpdateBidUpdateStatus canUpdateProjectUpdateStatus canUpdateMilestoneUpdateStatus canCreateMilestone canListEmployerBid canListMyBid canUpdateMilestone canCreateMessage canCreateOrder canCreateProjectBidInvoice canUpdateProjectBidInvoice canListProjectBidInvoice canViewProjectBidInvoice canCreateWorkProfile canDeleteWorkProfile canUpdateWorkProfile canCreateEducation canUpdateEducation canDeleteEducation canCreateCertification canUpdateCertification canDeleteCertification canCreatePublication canDeletePublication canUpdatePublication canListBid canUpdatePaymentEscrow canListProjectDispute canCreateProjectDispute canGetQuoteFaqQuestionTemplateId canViewGetCoupon canListMilestone canListProjectStat canCreateHireRequest canListActiveProject canListDisputeOpenType canListProjectAttachment canCreateProjectAttachment canDeleteProjectAttachment canCreateWallet canDeleteFollower canCreateQuoteCategory canUpdateQuoteCategory canUpdateContestStatus canViewContestStatus canListContestStatus canListFollower canViewFollower canViewQuoteBid canViewContestType canUpdateQuoteRequest canDeleteBid canViewBid canUpdateBid canDeleteMilestone canViewMilestone canDeleteFlag canListMyMilestone canListActivity canListMeProjectBidInvoice canListEmployerProjectBidInvoice canListMyEmployerMilestone canDeleteProjectBidInvoice canUpdateHireRequest canDeleteHireRequest canListHireRequest canQuoteServiceStats canViewProjectStats canViewFreelancerBidStats canEmployerPayStats canQuoteRequestStats
0c1a6f82603d5f0926a9f2da98b361c16580174b	2212711849319225	user3	2017-05-13 13:19:38	canViewUser canListUserTransactions canUserCreateUserCashWithdrawals canUserViewUserCashWithdrawals canUserListUserCashWithdrawals canUserCreateMoneyTransferAccount canUserUpdateMoneyTransferAccount canUserViewMoneyTransferAccount canUserListMoneyTransferAccount canUserDeleteMoneyTransferAccount canListQuoteBid canCreateQuoteRequest canListUserQuoteRequestFormField canPostQuoteFaqAnswer canDeleteQuoteFaqAnswerId canUpdateQuoteFaqAnswerId canAddQuoteService canDeleteQuoteService canUpdateQuoteService canCreateQuoteServicePhoto canUpdateQuoteServicePhoto canDeleteQuoteServicePhoto canCreateQuoteServiceVideo canDeleteQuoteServiceVideo canUpdateQuoteServiceVideo canCreateQuoteServiceAudio canDeleteQuoteServiceAudio canUpdateQuoteServiceAudio canGetQuoteFaqQuestionTemplate canCreateQuoteCreditPurchasLog canDeletePortfolio canUpdatePortfolio canCreatePortfolio canGetquoteBid canUpdateUser canCreateJob canUpdateJob canDeleteJob canUpdateJobApply canViewJobApply canCreateJobApply canListJobApplyStatus canCreateExamsQuestion canCreateExamAnswer canViewExamAnswer canDeleteExamAnswer canUpdateExamAnswer canListExamLevel canUpdateExamsAnswer canViewMyQuoteService canUserViewJob canUserPortfolio canViewMyContest canViewMyContestUser canDeleteContest canUpdateContest canCreateContest canDeleteContestUser canCreateContestUser canGetMe canUpdateContestUser canListJobStat canUserViewJobApply canListJobApplyStat canListResumeRating canCreateResumeRating canDeleteResumeRating canViewResumeRating canUpdateResumeRating canListEmployerJobApply canListJobApplyResumeRating canCreateMoneyTransferAccount canViewMoneyTransferAccount canUpdateMoneyTransferAccount canDeleteMoneyTransferAccount canListExamsQuestions canCreateExamUser canGetMyQuoteCreditPurchasLog canListMyQuoteRequest canUpdateQuoteBid canViewExamUser canUserViewExamsUsers canCreateProject canDeleteProject canUpdateProject canUserViewProjects canCreateBid canCreateFollower canUpdateBidUpdateStatus canUpdateProjectUpdateStatus canUpdateMilestoneUpdateStatus canCreateMilestone canListEmployerBid canListMyBid canUpdateMilestone canCreateMessage canCreateOrder canCreateProjectBidInvoice canUpdateProjectBidInvoice canListProjectBidInvoice canViewProjectBidInvoice canCreateWorkProfile canDeleteWorkProfile canUpdateWorkProfile canCreateEducation canUpdateEducation canDeleteEducation canCreateCertification canUpdateCertification canDeleteCertification canCreatePublication canDeletePublication canUpdatePublication canListBid canUpdatePaymentEscrow canListProjectDispute canCreateProjectDispute canGetQuoteFaqQuestionTemplateId canViewGetCoupon canListMilestone canListProjectStat canListActiveProject canListDisputeOpenType canListProjectAttachment canCreateProjectAttachment canDeleteProjectAttachment canCreateWallet canDeleteFollower canCreateQuoteCategory canUpdateQuoteCategory canUpdateContestStatus canViewContestStatus canListContestStatus canListFollower canViewFollower canViewQuoteBid canViewContestType canUpdateQuoteRequest canDeleteBid canViewBid canUpdateBid canDeleteMilestone canViewMilestone canDeleteFlag canListMyMilestone canListActivity canListMeProjectBidInvoice canListEmployerProjectBidInvoice canListMyEmployerMilestone canDeleteProjectBidInvoice canCreateHireRequest canUpdateHireRequest canDeleteHireRequest canListHireRequest canQuoteServiceStats canViewProjectStats canViewFreelancerBidStats canEmployerPayStats canQuoteRequestStats
67752d342f9539015ea88078e5f5d842942a656a	2212711849319225	user1	2017-05-13 13:20:45	canViewUser canListUserTransactions canUserCreateUserCashWithdrawals canUserViewUserCashWithdrawals canUserListUserCashWithdrawals canUserCreateMoneyTransferAccount canUserUpdateMoneyTransferAccount canUserViewMoneyTransferAccount canUserListMoneyTransferAccount canUserDeleteMoneyTransferAccount canListQuoteBid canCreateQuoteRequest canListUserQuoteRequestFormField canPostQuoteFaqAnswer canDeleteQuoteFaqAnswerId canUpdateQuoteFaqAnswerId canAddQuoteService canDeleteQuoteService canUpdateQuoteService canCreateQuoteServicePhoto canUpdateQuoteServicePhoto canDeleteQuoteServicePhoto canCreateQuoteServiceVideo canDeleteQuoteServiceVideo canUpdateQuoteServiceVideo canCreateQuoteServiceAudio canDeleteQuoteServiceAudio canUpdateQuoteServiceAudio canGetQuoteFaqQuestionTemplate canCreateQuoteCreditPurchasLog canDeletePortfolio canUpdatePortfolio canCreatePortfolio canGetquoteBid canUpdateUser canCreateJob canUpdateJob canDeleteJob canUpdateJobApply canViewJobApply canCreateJobApply canListJobApplyStatus canCreateExamsQuestion canCreateExamAnswer canViewExamAnswer canDeleteExamAnswer canUpdateExamAnswer canListExamLevel canUpdateExamsAnswer canViewMyQuoteService canUserViewJob canUserPortfolio canViewMyContest canViewMyContestUser canDeleteContest canUpdateContest canCreateContest canDeleteContestUser canCreateContestUser canGetMe canUpdateContestUser canListJobStat canUserViewJobApply canListJobApplyStat canListResumeRating canCreateResumeRating canDeleteResumeRating canViewResumeRating canUpdateResumeRating canListEmployerJobApply canListJobApplyResumeRating canCreateMoneyTransferAccount canViewMoneyTransferAccount canUpdateMoneyTransferAccount canDeleteMoneyTransferAccount canListExamsQuestions canCreateExamUser canGetMyQuoteCreditPurchasLog canListMyQuoteRequest canUpdateQuoteBid canViewExamUser canUserViewExamsUsers canCreateProject canDeleteProject canUpdateProject canUserViewProjects canCreateBid canCreateFollower canUpdateBidUpdateStatus canUpdateProjectUpdateStatus canUpdateMilestoneUpdateStatus canCreateMilestone canListEmployerBid canListMyBid canUpdateMilestone canCreateMessage canCreateOrder canCreateProjectBidInvoice canUpdateProjectBidInvoice canListProjectBidInvoice canViewProjectBidInvoice canCreateWorkProfile canDeleteWorkProfile canUpdateWorkProfile canCreateEducation canUpdateEducation canDeleteEducation canCreateCertification canUpdateCertification canDeleteCertification canCreatePublication canDeletePublication canUpdatePublication canListBid canUpdatePaymentEscrow canListProjectDispute canCreateProjectDispute canGetQuoteFaqQuestionTemplateId canViewGetCoupon canListMilestone canListProjectStat canCreateHireRequest canListActiveProject canListDisputeOpenType canListProjectAttachment canCreateProjectAttachment canDeleteProjectAttachment canCreateWallet canDeleteFollower canCreateQuoteCategory canUpdateQuoteCategory canUpdateContestStatus canViewContestStatus canListContestStatus canListFollower canViewFollower canViewQuoteBid canViewContestType canUpdateQuoteRequest canDeleteBid canViewBid canUpdateBid canDeleteMilestone canViewMilestone canDeleteFlag canListMyMilestone canListActivity canListMeProjectBidInvoice canListEmployerProjectBidInvoice canListMyEmployerMilestone canDeleteProjectBidInvoice canUpdateHireRequest canDeleteHireRequest canListHireRequest canQuoteServiceStats canViewProjectStats canViewFreelancerBidStats canEmployerPayStats canQuoteRequestStats
49ca220db607bf8b77bb703336e23b47ba981b0f	2212711849319225	user2	2017-05-13 13:29:14	canViewUser canListUserTransactions canUserCreateUserCashWithdrawals canUserViewUserCashWithdrawals canUserListUserCashWithdrawals canUserCreateMoneyTransferAccount canUserUpdateMoneyTransferAccount canUserViewMoneyTransferAccount canUserListMoneyTransferAccount canUserDeleteMoneyTransferAccount canListQuoteBid canCreateQuoteRequest canListUserQuoteRequestFormField canPostQuoteFaqAnswer canDeleteQuoteFaqAnswerId canUpdateQuoteFaqAnswerId canAddQuoteService canDeleteQuoteService canUpdateQuoteService canCreateQuoteServicePhoto canUpdateQuoteServicePhoto canDeleteQuoteServicePhoto canCreateQuoteServiceVideo canDeleteQuoteServiceVideo canUpdateQuoteServiceVideo canCreateQuoteServiceAudio canDeleteQuoteServiceAudio canUpdateQuoteServiceAudio canGetQuoteFaqQuestionTemplate canCreateQuoteCreditPurchasLog canDeletePortfolio canUpdatePortfolio canCreatePortfolio canGetquoteBid canUpdateUser canCreateJob canUpdateJob canDeleteJob canUpdateJobApply canViewJobApply canCreateJobApply canListJobApplyStatus canCreateExamsQuestion canCreateExamAnswer canViewExamAnswer canDeleteExamAnswer canUpdateExamAnswer canListExamLevel canUpdateExamsAnswer canViewMyQuoteService canUserViewJob canUserPortfolio canViewMyContest canViewMyContestUser canDeleteContest canUpdateContest canCreateContest canDeleteContestUser canCreateContestUser canGetMe canUpdateContestUser canListJobStat canUserViewJobApply canListJobApplyStat canListResumeRating canCreateResumeRating canDeleteResumeRating canViewResumeRating canUpdateResumeRating canListEmployerJobApply canListJobApplyResumeRating canCreateMoneyTransferAccount canViewMoneyTransferAccount canUpdateMoneyTransferAccount canDeleteMoneyTransferAccount canListExamsQuestions canCreateExamUser canGetMyQuoteCreditPurchasLog canListMyQuoteRequest canUpdateQuoteBid canViewExamUser canUserViewExamsUsers canCreateProject canDeleteProject canUpdateProject canUserViewProjects canCreateBid canCreateFollower canUpdateBidUpdateStatus canUpdateProjectUpdateStatus canUpdateMilestoneUpdateStatus canCreateMilestone canListEmployerBid canListMyBid canUpdateMilestone canCreateMessage canCreateOrder canCreateProjectBidInvoice canUpdateProjectBidInvoice canListProjectBidInvoice canViewProjectBidInvoice canCreateWorkProfile canDeleteWorkProfile canUpdateWorkProfile canCreateEducation canUpdateEducation canDeleteEducation canCreateCertification canUpdateCertification canDeleteCertification canCreatePublication canDeletePublication canUpdatePublication canListBid canUpdatePaymentEscrow canListProjectDispute canCreateProjectDispute canGetQuoteFaqQuestionTemplateId canViewGetCoupon canListMilestone canListProjectStat canCreateHireRequest canListActiveProject canListDisputeOpenType canListProjectAttachment canCreateProjectAttachment canDeleteProjectAttachment canCreateWallet canDeleteFollower canCreateQuoteCategory canUpdateQuoteCategory canUpdateContestStatus canViewContestStatus canListContestStatus canListFollower canViewFollower canViewQuoteBid canViewContestType canUpdateQuoteRequest canDeleteBid canViewBid canUpdateBid canDeleteMilestone canViewMilestone canDeleteFlag canListMyMilestone canListActivity canListMeProjectBidInvoice canListEmployerProjectBidInvoice canListMyEmployerMilestone canDeleteProjectBidInvoice canUpdateHireRequest canDeleteHireRequest canListHireRequest canQuoteServiceStats canViewProjectStats canViewFreelancerBidStats canEmployerPayStats canQuoteRequestStats
0faf19cbe6c0b1f31b34c07d4256f52f82fd7f18	2212711849319225	user1	2017-05-22 08:48:59	canViewUser canListUserTransactions canUserCreateUserCashWithdrawals canUserViewUserCashWithdrawals canUserListUserCashWithdrawals canUserCreateMoneyTransferAccount canUserUpdateMoneyTransferAccount canUserViewMoneyTransferAccount canUserListMoneyTransferAccount canUserDeleteMoneyTransferAccount canListQuoteBid canCreateQuoteRequest canListUserQuoteRequestFormField canPostQuoteFaqAnswer canDeleteQuoteFaqAnswerId canUpdateQuoteFaqAnswerId canAddQuoteService canDeleteQuoteService canUpdateQuoteService canCreateQuoteServicePhoto canUpdateQuoteServicePhoto canDeleteQuoteServicePhoto canCreateQuoteServiceVideo canDeleteQuoteServiceVideo canUpdateQuoteServiceVideo canCreateQuoteServiceAudio canDeleteQuoteServiceAudio canUpdateQuoteServiceAudio canGetQuoteFaqQuestionTemplate canCreateQuoteCreditPurchasLog canDeletePortfolio canUpdatePortfolio canCreatePortfolio canGetquoteBid canUpdateUser canCreateJob canUpdateJob canDeleteJob canUpdateJobApply canViewJobApply canCreateJobApply canListJobApplyStatus canCreateExamsQuestion canCreateExamAnswer canViewExamAnswer canDeleteExamAnswer canUpdateExamAnswer canListExamLevel canUpdateExamsAnswer canViewMyQuoteService canUserViewJob canUserPortfolio canViewMyContest canViewMyContestUser canDeleteContest canUpdateContest canCreateContest canDeleteContestUser canCreateContestUser canGetMe canUpdateContestUser canListJobStat canUserViewJobApply canListJobApplyStat canListResumeRating canCreateResumeRating canDeleteResumeRating canViewResumeRating canUpdateResumeRating canListEmployerJobApply canListJobApplyResumeRating canCreateMoneyTransferAccount canViewMoneyTransferAccount canUpdateMoneyTransferAccount canDeleteMoneyTransferAccount canListExamsQuestions canCreateExamUser canGetMyQuoteCreditPurchasLog canListMyQuoteRequest canUpdateQuoteBid canViewExamUser canUserViewExamsUsers canCreateProject canDeleteProject canUpdateProject canUserViewProjects canCreateBid canCreateFollower canUpdateBidUpdateStatus canUpdateProjectUpdateStatus canUpdateMilestoneUpdateStatus canCreateMilestone canListEmployerBid canListMyBid canUpdateMilestone canCreateMessage canCreateOrder canCreateProjectBidInvoice canUpdateProjectBidInvoice canListProjectBidInvoice canViewProjectBidInvoice canCreateWorkProfile canDeleteWorkProfile canUpdateWorkProfile canCreateEducation canUpdateEducation canDeleteEducation canCreateCertification canUpdateCertification canDeleteCertification canCreatePublication canDeletePublication canUpdatePublication canListBid canUpdatePaymentEscrow canListProjectDispute canCreateProjectDispute canGetQuoteFaqQuestionTemplateId canViewGetCoupon canListMilestone canListProjectStat canCreateHireRequest canListActiveProject canListDisputeOpenType canListProjectAttachment canCreateProjectAttachment canDeleteProjectAttachment canCreateWallet canDeleteFollower canCreateQuoteCategory canUpdateQuoteCategory canUpdateContestStatus canViewContestStatus canListContestStatus canListFollower canViewFollower canViewQuoteBid canViewContestType canUpdateQuoteRequest canDeleteBid canViewBid canUpdateBid canDeleteMilestone canViewMilestone canDeleteFlag canListMyMilestone canListActivity canListMeProjectBidInvoice canListEmployerProjectBidInvoice canListMyEmployerMilestone canDeleteProjectBidInvoice canUpdateHireRequest canDeleteHireRequest canListHireRequest canQuoteServiceStats canViewProjectStats canViewFreelancerBidStats canEmployerPayStats canQuoteRequestStats
42a83ce3e8b17260c2fa6a3455721b47ae7cff83	2212711849319225	user2	2017-05-22 08:57:05	canViewUser canListUserTransactions canUserCreateUserCashWithdrawals canUserViewUserCashWithdrawals canUserListUserCashWithdrawals canUserCreateMoneyTransferAccount canUserUpdateMoneyTransferAccount canUserViewMoneyTransferAccount canUserListMoneyTransferAccount canUserDeleteMoneyTransferAccount canListQuoteBid canCreateQuoteRequest canListUserQuoteRequestFormField canPostQuoteFaqAnswer canDeleteQuoteFaqAnswerId canUpdateQuoteFaqAnswerId canAddQuoteService canDeleteQuoteService canUpdateQuoteService canCreateQuoteServicePhoto canUpdateQuoteServicePhoto canDeleteQuoteServicePhoto canCreateQuoteServiceVideo canDeleteQuoteServiceVideo canUpdateQuoteServiceVideo canCreateQuoteServiceAudio canDeleteQuoteServiceAudio canUpdateQuoteServiceAudio canGetQuoteFaqQuestionTemplate canCreateQuoteCreditPurchasLog canDeletePortfolio canUpdatePortfolio canCreatePortfolio canGetquoteBid canUpdateUser canCreateJob canUpdateJob canDeleteJob canUpdateJobApply canViewJobApply canCreateJobApply canListJobApplyStatus canCreateExamsQuestion canCreateExamAnswer canViewExamAnswer canDeleteExamAnswer canUpdateExamAnswer canListExamLevel canUpdateExamsAnswer canViewMyQuoteService canUserViewJob canUserPortfolio canViewMyContest canViewMyContestUser canDeleteContest canUpdateContest canCreateContest canDeleteContestUser canCreateContestUser canGetMe canUpdateContestUser canListJobStat canUserViewJobApply canListJobApplyStat canListResumeRating canCreateResumeRating canDeleteResumeRating canViewResumeRating canUpdateResumeRating canListEmployerJobApply canListJobApplyResumeRating canCreateMoneyTransferAccount canViewMoneyTransferAccount canUpdateMoneyTransferAccount canDeleteMoneyTransferAccount canListExamsQuestions canCreateExamUser canGetMyQuoteCreditPurchasLog canListMyQuoteRequest canUpdateQuoteBid canViewExamUser canUserViewExamsUsers canCreateProject canDeleteProject canUpdateProject canUserViewProjects canCreateBid canCreateFollower canUpdateBidUpdateStatus canUpdateProjectUpdateStatus canUpdateMilestoneUpdateStatus canCreateMilestone canListEmployerBid canListMyBid canUpdateMilestone canCreateMessage canCreateOrder canCreateProjectBidInvoice canUpdateProjectBidInvoice canListProjectBidInvoice canViewProjectBidInvoice canCreateWorkProfile canDeleteWorkProfile canUpdateWorkProfile canCreateEducation canUpdateEducation canDeleteEducation canCreateCertification canUpdateCertification canDeleteCertification canCreatePublication canDeletePublication canUpdatePublication canListBid canUpdatePaymentEscrow canListProjectDispute canCreateProjectDispute canGetQuoteFaqQuestionTemplateId canViewGetCoupon canListMilestone canListProjectStat canCreateHireRequest canListActiveProject canListDisputeOpenType canListProjectAttachment canCreateProjectAttachment canDeleteProjectAttachment canCreateWallet canDeleteFollower canCreateQuoteCategory canUpdateQuoteCategory canUpdateContestStatus canViewContestStatus canListContestStatus canListFollower canViewFollower canViewQuoteBid canViewContestType canUpdateQuoteRequest canDeleteBid canViewBid canUpdateBid canDeleteMilestone canViewMilestone canDeleteFlag canListMyMilestone canListActivity canListMeProjectBidInvoice canListEmployerProjectBidInvoice canListMyEmployerMilestone canDeleteProjectBidInvoice canUpdateHireRequest canDeleteHireRequest canListHireRequest canQuoteServiceStats canViewProjectStats canViewFreelancerBidStats canEmployerPayStats canQuoteRequestStats
f71ef1fa83b1ec069d9cc329b669f737267cbd24	2212711849319225	user1	2017-05-22 09:10:58	canViewUser canListUserTransactions canUserCreateUserCashWithdrawals canUserViewUserCashWithdrawals canUserListUserCashWithdrawals canUserCreateMoneyTransferAccount canUserUpdateMoneyTransferAccount canUserViewMoneyTransferAccount canUserListMoneyTransferAccount canUserDeleteMoneyTransferAccount canListQuoteBid canCreateQuoteRequest canListUserQuoteRequestFormField canPostQuoteFaqAnswer canDeleteQuoteFaqAnswerId canUpdateQuoteFaqAnswerId canAddQuoteService canDeleteQuoteService canUpdateQuoteService canCreateQuoteServicePhoto canUpdateQuoteServicePhoto canDeleteQuoteServicePhoto canCreateQuoteServiceVideo canDeleteQuoteServiceVideo canUpdateQuoteServiceVideo canCreateQuoteServiceAudio canDeleteQuoteServiceAudio canUpdateQuoteServiceAudio canGetQuoteFaqQuestionTemplate canCreateQuoteCreditPurchasLog canDeletePortfolio canUpdatePortfolio canCreatePortfolio canGetquoteBid canUpdateUser canCreateJob canUpdateJob canDeleteJob canUpdateJobApply canViewJobApply canCreateJobApply canListJobApplyStatus canCreateExamsQuestion canCreateExamAnswer canViewExamAnswer canDeleteExamAnswer canUpdateExamAnswer canListExamLevel canUpdateExamsAnswer canViewMyQuoteService canUserViewJob canUserPortfolio canViewMyContest canViewMyContestUser canDeleteContest canUpdateContest canCreateContest canDeleteContestUser canCreateContestUser canGetMe canUpdateContestUser canListJobStat canUserViewJobApply canListJobApplyStat canListResumeRating canCreateResumeRating canDeleteResumeRating canViewResumeRating canUpdateResumeRating canListEmployerJobApply canListJobApplyResumeRating canCreateMoneyTransferAccount canViewMoneyTransferAccount canUpdateMoneyTransferAccount canDeleteMoneyTransferAccount canListExamsQuestions canCreateExamUser canGetMyQuoteCreditPurchasLog canListMyQuoteRequest canUpdateQuoteBid canViewExamUser canUserViewExamsUsers canCreateProject canDeleteProject canUpdateProject canUserViewProjects canCreateBid canCreateFollower canUpdateBidUpdateStatus canUpdateProjectUpdateStatus canUpdateMilestoneUpdateStatus canCreateMilestone canListEmployerBid canListMyBid canUpdateMilestone canCreateMessage canCreateOrder canCreateProjectBidInvoice canUpdateProjectBidInvoice canListProjectBidInvoice canViewProjectBidInvoice canCreateWorkProfile canDeleteWorkProfile canUpdateWorkProfile canCreateEducation canUpdateEducation canDeleteEducation canCreateCertification canUpdateCertification canDeleteCertification canCreatePublication canDeletePublication canUpdatePublication canListBid canUpdatePaymentEscrow canListProjectDispute canCreateProjectDispute canGetQuoteFaqQuestionTemplateId canViewGetCoupon canListMilestone canListProjectStat canCreateHireRequest canListActiveProject canListDisputeOpenType canListProjectAttachment canCreateProjectAttachment canDeleteProjectAttachment canCreateWallet canDeleteFollower canCreateQuoteCategory canUpdateQuoteCategory canUpdateContestStatus canViewContestStatus canListContestStatus canListFollower canViewFollower canViewQuoteBid canViewContestType canUpdateQuoteRequest canDeleteBid canViewBid canUpdateBid canDeleteMilestone canViewMilestone canDeleteFlag canListMyMilestone canListActivity canListMeProjectBidInvoice canListEmployerProjectBidInvoice canListMyEmployerMilestone canDeleteProjectBidInvoice canUpdateHireRequest canDeleteHireRequest canListHireRequest canQuoteServiceStats canViewProjectStats canViewFreelancerBidStats canEmployerPayStats canQuoteRequestStats
a3be5752c01164431cd1cc02e5240cd5afae3df4	2212711849319225	user3	2017-05-22 09:26:53	canViewUser canListUserTransactions canUserCreateUserCashWithdrawals canUserViewUserCashWithdrawals canUserListUserCashWithdrawals canUserCreateMoneyTransferAccount canUserUpdateMoneyTransferAccount canUserViewMoneyTransferAccount canUserListMoneyTransferAccount canUserDeleteMoneyTransferAccount canListQuoteBid canCreateQuoteRequest canListUserQuoteRequestFormField canPostQuoteFaqAnswer canDeleteQuoteFaqAnswerId canUpdateQuoteFaqAnswerId canAddQuoteService canDeleteQuoteService canUpdateQuoteService canCreateQuoteServicePhoto canUpdateQuoteServicePhoto canDeleteQuoteServicePhoto canCreateQuoteServiceVideo canDeleteQuoteServiceVideo canUpdateQuoteServiceVideo canCreateQuoteServiceAudio canDeleteQuoteServiceAudio canUpdateQuoteServiceAudio canGetQuoteFaqQuestionTemplate canCreateQuoteCreditPurchasLog canDeletePortfolio canUpdatePortfolio canCreatePortfolio canGetquoteBid canUpdateUser canCreateJob canUpdateJob canDeleteJob canUpdateJobApply canViewJobApply canCreateJobApply canListJobApplyStatus canCreateExamsQuestion canCreateExamAnswer canViewExamAnswer canDeleteExamAnswer canUpdateExamAnswer canListExamLevel canUpdateExamsAnswer canViewMyQuoteService canUserViewJob canUserPortfolio canViewMyContest canViewMyContestUser canDeleteContest canUpdateContest canCreateContest canDeleteContestUser canCreateContestUser canGetMe canUpdateContestUser canListJobStat canUserViewJobApply canListJobApplyStat canListResumeRating canCreateResumeRating canDeleteResumeRating canViewResumeRating canUpdateResumeRating canListEmployerJobApply canListJobApplyResumeRating canCreateMoneyTransferAccount canViewMoneyTransferAccount canUpdateMoneyTransferAccount canDeleteMoneyTransferAccount canListExamsQuestions canCreateExamUser canGetMyQuoteCreditPurchasLog canListMyQuoteRequest canUpdateQuoteBid canViewExamUser canUserViewExamsUsers canCreateProject canDeleteProject canUpdateProject canUserViewProjects canCreateBid canCreateFollower canUpdateBidUpdateStatus canUpdateProjectUpdateStatus canUpdateMilestoneUpdateStatus canCreateMilestone canListEmployerBid canListMyBid canUpdateMilestone canCreateMessage canCreateOrder canCreateProjectBidInvoice canUpdateProjectBidInvoice canListProjectBidInvoice canViewProjectBidInvoice canCreateWorkProfile canDeleteWorkProfile canUpdateWorkProfile canCreateEducation canUpdateEducation canDeleteEducation canCreateCertification canUpdateCertification canDeleteCertification canCreatePublication canDeletePublication canUpdatePublication canListBid canUpdatePaymentEscrow canListProjectDispute canCreateProjectDispute canGetQuoteFaqQuestionTemplateId canViewGetCoupon canListMilestone canListProjectStat canListActiveProject canListDisputeOpenType canListProjectAttachment canCreateProjectAttachment canDeleteProjectAttachment canCreateWallet canDeleteFollower canCreateQuoteCategory canUpdateQuoteCategory canUpdateContestStatus canViewContestStatus canListContestStatus canListFollower canViewFollower canViewQuoteBid canViewContestType canUpdateQuoteRequest canDeleteBid canViewBid canUpdateBid canDeleteMilestone canViewMilestone canDeleteFlag canListMyMilestone canListActivity canListMeProjectBidInvoice canListEmployerProjectBidInvoice canListMyEmployerMilestone canDeleteProjectBidInvoice canCreateHireRequest canUpdateHireRequest canDeleteHireRequest canListHireRequest canQuoteServiceStats canViewProjectStats canViewFreelancerBidStats canEmployerPayStats canQuoteRequestStats
fca92f699b947030fc1d80e3e50130b44c616c96	2212711849319225	user4	2017-05-22 09:27:08	canViewUser canListUserTransactions canUserCreateUserCashWithdrawals canUserViewUserCashWithdrawals canUserListUserCashWithdrawals canUserCreateMoneyTransferAccount canUserUpdateMoneyTransferAccount canUserViewMoneyTransferAccount canUserListMoneyTransferAccount canUserDeleteMoneyTransferAccount canListQuoteBid canCreateQuoteRequest canListUserQuoteRequestFormField canPostQuoteFaqAnswer canDeleteQuoteFaqAnswerId canUpdateQuoteFaqAnswerId canAddQuoteService canDeleteQuoteService canUpdateQuoteService canCreateQuoteServicePhoto canUpdateQuoteServicePhoto canDeleteQuoteServicePhoto canCreateQuoteServiceVideo canDeleteQuoteServiceVideo canUpdateQuoteServiceVideo canCreateQuoteServiceAudio canDeleteQuoteServiceAudio canUpdateQuoteServiceAudio canGetQuoteFaqQuestionTemplate canCreateQuoteCreditPurchasLog canDeletePortfolio canUpdatePortfolio canCreatePortfolio canGetquoteBid canUpdateUser canCreateJob canUpdateJob canDeleteJob canUpdateJobApply canViewJobApply canCreateJobApply canListJobApplyStatus canCreateExamsQuestion canCreateExamAnswer canViewExamAnswer canDeleteExamAnswer canUpdateExamAnswer canListExamLevel canUpdateExamsAnswer canViewMyQuoteService canUserViewJob canUserPortfolio canViewMyContest canViewMyContestUser canDeleteContest canUpdateContest canCreateContest canDeleteContestUser canCreateContestUser canGetMe canUpdateContestUser canListJobStat canUserViewJobApply canListJobApplyStat canListResumeRating canCreateResumeRating canDeleteResumeRating canViewResumeRating canUpdateResumeRating canListEmployerJobApply canListJobApplyResumeRating canCreateMoneyTransferAccount canViewMoneyTransferAccount canUpdateMoneyTransferAccount canDeleteMoneyTransferAccount canListExamsQuestions canCreateExamUser canGetMyQuoteCreditPurchasLog canListMyQuoteRequest canUpdateQuoteBid canViewExamUser canUserViewExamsUsers canCreateProject canDeleteProject canUpdateProject canUserViewProjects canCreateBid canCreateFollower canUpdateBidUpdateStatus canUpdateProjectUpdateStatus canUpdateMilestoneUpdateStatus canCreateMilestone canListEmployerBid canListMyBid canUpdateMilestone canCreateMessage canCreateOrder canCreateProjectBidInvoice canUpdateProjectBidInvoice canListProjectBidInvoice canViewProjectBidInvoice canCreateWorkProfile canDeleteWorkProfile canUpdateWorkProfile canCreateEducation canUpdateEducation canDeleteEducation canCreateCertification canUpdateCertification canDeleteCertification canCreatePublication canDeletePublication canUpdatePublication canListBid canUpdatePaymentEscrow canListProjectDispute canCreateProjectDispute canGetQuoteFaqQuestionTemplateId canViewGetCoupon canListMilestone canListProjectStat canListActiveProject canListDisputeOpenType canListProjectAttachment canCreateProjectAttachment canDeleteProjectAttachment canCreateWallet canDeleteFollower canCreateQuoteCategory canUpdateQuoteCategory canUpdateContestStatus canViewContestStatus canListContestStatus canListFollower canViewFollower canViewQuoteBid canViewContestType canUpdateQuoteRequest canDeleteBid canViewBid canUpdateBid canDeleteMilestone canViewMilestone canDeleteFlag canListMyMilestone canListActivity canListMeProjectBidInvoice canListEmployerProjectBidInvoice canListMyEmployerMilestone canDeleteProjectBidInvoice canCreateHireRequest canUpdateHireRequest canDeleteHireRequest canListHireRequest canQuoteServiceStats canViewProjectStats canViewFreelancerBidStats canEmployerPayStats canQuoteRequestStats
5f5f31bbbcf08178d54d62d56e69d2d5fc9cbb29	2212711849319225	user1	2017-05-22 09:34:19	canViewUser canListUserTransactions canUserCreateUserCashWithdrawals canUserViewUserCashWithdrawals canUserListUserCashWithdrawals canUserCreateMoneyTransferAccount canUserUpdateMoneyTransferAccount canUserViewMoneyTransferAccount canUserListMoneyTransferAccount canUserDeleteMoneyTransferAccount canListQuoteBid canCreateQuoteRequest canListUserQuoteRequestFormField canPostQuoteFaqAnswer canDeleteQuoteFaqAnswerId canUpdateQuoteFaqAnswerId canAddQuoteService canDeleteQuoteService canUpdateQuoteService canCreateQuoteServicePhoto canUpdateQuoteServicePhoto canDeleteQuoteServicePhoto canCreateQuoteServiceVideo canDeleteQuoteServiceVideo canUpdateQuoteServiceVideo canCreateQuoteServiceAudio canDeleteQuoteServiceAudio canUpdateQuoteServiceAudio canGetQuoteFaqQuestionTemplate canCreateQuoteCreditPurchasLog canDeletePortfolio canUpdatePortfolio canCreatePortfolio canGetquoteBid canUpdateUser canCreateJob canUpdateJob canDeleteJob canUpdateJobApply canViewJobApply canCreateJobApply canListJobApplyStatus canCreateExamsQuestion canCreateExamAnswer canViewExamAnswer canDeleteExamAnswer canUpdateExamAnswer canListExamLevel canUpdateExamsAnswer canViewMyQuoteService canUserViewJob canUserPortfolio canViewMyContest canViewMyContestUser canDeleteContest canUpdateContest canCreateContest canDeleteContestUser canCreateContestUser canGetMe canUpdateContestUser canListJobStat canUserViewJobApply canListJobApplyStat canListResumeRating canCreateResumeRating canDeleteResumeRating canViewResumeRating canUpdateResumeRating canListEmployerJobApply canListJobApplyResumeRating canCreateMoneyTransferAccount canViewMoneyTransferAccount canUpdateMoneyTransferAccount canDeleteMoneyTransferAccount canListExamsQuestions canCreateExamUser canGetMyQuoteCreditPurchasLog canListMyQuoteRequest canUpdateQuoteBid canViewExamUser canUserViewExamsUsers canCreateProject canDeleteProject canUpdateProject canUserViewProjects canCreateBid canCreateFollower canUpdateBidUpdateStatus canUpdateProjectUpdateStatus canUpdateMilestoneUpdateStatus canCreateMilestone canListEmployerBid canListMyBid canUpdateMilestone canCreateMessage canCreateOrder canCreateProjectBidInvoice canUpdateProjectBidInvoice canListProjectBidInvoice canViewProjectBidInvoice canCreateWorkProfile canDeleteWorkProfile canUpdateWorkProfile canCreateEducation canUpdateEducation canDeleteEducation canCreateCertification canUpdateCertification canDeleteCertification canCreatePublication canDeletePublication canUpdatePublication canListBid canUpdatePaymentEscrow canListProjectDispute canCreateProjectDispute canGetQuoteFaqQuestionTemplateId canViewGetCoupon canListMilestone canListProjectStat canCreateHireRequest canListActiveProject canListDisputeOpenType canListProjectAttachment canCreateProjectAttachment canDeleteProjectAttachment canCreateWallet canDeleteFollower canCreateQuoteCategory canUpdateQuoteCategory canUpdateContestStatus canViewContestStatus canListContestStatus canListFollower canViewFollower canViewQuoteBid canViewContestType canUpdateQuoteRequest canDeleteBid canViewBid canUpdateBid canDeleteMilestone canViewMilestone canDeleteFlag canListMyMilestone canListActivity canListMeProjectBidInvoice canListEmployerProjectBidInvoice canListMyEmployerMilestone canDeleteProjectBidInvoice canUpdateHireRequest canDeleteHireRequest canListHireRequest canQuoteServiceStats canViewProjectStats canViewFreelancerBidStats canEmployerPayStats canQuoteRequestStats
18ca04e99c363c96ce98c45508869fa9ca25b05c	2212711849319225	user4	2017-05-22 09:36:38	canViewUser canListUserTransactions canUserCreateUserCashWithdrawals canUserViewUserCashWithdrawals canUserListUserCashWithdrawals canUserCreateMoneyTransferAccount canUserUpdateMoneyTransferAccount canUserViewMoneyTransferAccount canUserListMoneyTransferAccount canUserDeleteMoneyTransferAccount canListQuoteBid canCreateQuoteRequest canListUserQuoteRequestFormField canPostQuoteFaqAnswer canDeleteQuoteFaqAnswerId canUpdateQuoteFaqAnswerId canAddQuoteService canDeleteQuoteService canUpdateQuoteService canCreateQuoteServicePhoto canUpdateQuoteServicePhoto canDeleteQuoteServicePhoto canCreateQuoteServiceVideo canDeleteQuoteServiceVideo canUpdateQuoteServiceVideo canCreateQuoteServiceAudio canDeleteQuoteServiceAudio canUpdateQuoteServiceAudio canGetQuoteFaqQuestionTemplate canCreateQuoteCreditPurchasLog canDeletePortfolio canUpdatePortfolio canCreatePortfolio canGetquoteBid canUpdateUser canCreateJob canUpdateJob canDeleteJob canUpdateJobApply canViewJobApply canCreateJobApply canListJobApplyStatus canCreateExamsQuestion canCreateExamAnswer canViewExamAnswer canDeleteExamAnswer canUpdateExamAnswer canListExamLevel canUpdateExamsAnswer canViewMyQuoteService canUserViewJob canUserPortfolio canViewMyContest canViewMyContestUser canDeleteContest canUpdateContest canCreateContest canDeleteContestUser canCreateContestUser canGetMe canUpdateContestUser canListJobStat canUserViewJobApply canListJobApplyStat canListResumeRating canCreateResumeRating canDeleteResumeRating canViewResumeRating canUpdateResumeRating canListEmployerJobApply canListJobApplyResumeRating canCreateMoneyTransferAccount canViewMoneyTransferAccount canUpdateMoneyTransferAccount canDeleteMoneyTransferAccount canListExamsQuestions canCreateExamUser canGetMyQuoteCreditPurchasLog canListMyQuoteRequest canUpdateQuoteBid canViewExamUser canUserViewExamsUsers canCreateProject canDeleteProject canUpdateProject canUserViewProjects canCreateBid canCreateFollower canUpdateBidUpdateStatus canUpdateProjectUpdateStatus canUpdateMilestoneUpdateStatus canCreateMilestone canListEmployerBid canListMyBid canUpdateMilestone canCreateMessage canCreateOrder canCreateProjectBidInvoice canUpdateProjectBidInvoice canListProjectBidInvoice canViewProjectBidInvoice canCreateWorkProfile canDeleteWorkProfile canUpdateWorkProfile canCreateEducation canUpdateEducation canDeleteEducation canCreateCertification canUpdateCertification canDeleteCertification canCreatePublication canDeletePublication canUpdatePublication canListBid canUpdatePaymentEscrow canListProjectDispute canCreateProjectDispute canGetQuoteFaqQuestionTemplateId canViewGetCoupon canListMilestone canListProjectStat canListActiveProject canListDisputeOpenType canListProjectAttachment canCreateProjectAttachment canDeleteProjectAttachment canCreateWallet canDeleteFollower canCreateQuoteCategory canUpdateQuoteCategory canUpdateContestStatus canViewContestStatus canListContestStatus canListFollower canViewFollower canViewQuoteBid canViewContestType canUpdateQuoteRequest canDeleteBid canViewBid canUpdateBid canDeleteMilestone canViewMilestone canDeleteFlag canListMyMilestone canListActivity canListMeProjectBidInvoice canListEmployerProjectBidInvoice canListMyEmployerMilestone canDeleteProjectBidInvoice canCreateHireRequest canUpdateHireRequest canDeleteHireRequest canListHireRequest canQuoteServiceStats canViewProjectStats canViewFreelancerBidStats canEmployerPayStats canQuoteRequestStats
5d0c763513674dd9fe49650aa96afb21c4faefb3	2212711849319225	user1	2017-05-22 09:42:11	canViewUser canListUserTransactions canUserCreateUserCashWithdrawals canUserViewUserCashWithdrawals canUserListUserCashWithdrawals canUserCreateMoneyTransferAccount canUserUpdateMoneyTransferAccount canUserViewMoneyTransferAccount canUserListMoneyTransferAccount canUserDeleteMoneyTransferAccount canListQuoteBid canCreateQuoteRequest canListUserQuoteRequestFormField canPostQuoteFaqAnswer canDeleteQuoteFaqAnswerId canUpdateQuoteFaqAnswerId canAddQuoteService canDeleteQuoteService canUpdateQuoteService canCreateQuoteServicePhoto canUpdateQuoteServicePhoto canDeleteQuoteServicePhoto canCreateQuoteServiceVideo canDeleteQuoteServiceVideo canUpdateQuoteServiceVideo canCreateQuoteServiceAudio canDeleteQuoteServiceAudio canUpdateQuoteServiceAudio canGetQuoteFaqQuestionTemplate canCreateQuoteCreditPurchasLog canDeletePortfolio canUpdatePortfolio canCreatePortfolio canGetquoteBid canUpdateUser canCreateJob canUpdateJob canDeleteJob canUpdateJobApply canViewJobApply canCreateJobApply canListJobApplyStatus canCreateExamsQuestion canCreateExamAnswer canViewExamAnswer canDeleteExamAnswer canUpdateExamAnswer canListExamLevel canUpdateExamsAnswer canViewMyQuoteService canUserViewJob canUserPortfolio canViewMyContest canViewMyContestUser canDeleteContest canUpdateContest canCreateContest canDeleteContestUser canCreateContestUser canGetMe canUpdateContestUser canListJobStat canUserViewJobApply canListJobApplyStat canListResumeRating canCreateResumeRating canDeleteResumeRating canViewResumeRating canUpdateResumeRating canListEmployerJobApply canListJobApplyResumeRating canCreateMoneyTransferAccount canViewMoneyTransferAccount canUpdateMoneyTransferAccount canDeleteMoneyTransferAccount canListExamsQuestions canCreateExamUser canGetMyQuoteCreditPurchasLog canListMyQuoteRequest canUpdateQuoteBid canViewExamUser canUserViewExamsUsers canCreateProject canDeleteProject canUpdateProject canUserViewProjects canCreateBid canCreateFollower canUpdateBidUpdateStatus canUpdateProjectUpdateStatus canUpdateMilestoneUpdateStatus canCreateMilestone canListEmployerBid canListMyBid canUpdateMilestone canCreateMessage canCreateOrder canCreateProjectBidInvoice canUpdateProjectBidInvoice canListProjectBidInvoice canViewProjectBidInvoice canCreateWorkProfile canDeleteWorkProfile canUpdateWorkProfile canCreateEducation canUpdateEducation canDeleteEducation canCreateCertification canUpdateCertification canDeleteCertification canCreatePublication canDeletePublication canUpdatePublication canListBid canUpdatePaymentEscrow canListProjectDispute canCreateProjectDispute canGetQuoteFaqQuestionTemplateId canViewGetCoupon canListMilestone canListProjectStat canCreateHireRequest canListActiveProject canListDisputeOpenType canListProjectAttachment canCreateProjectAttachment canDeleteProjectAttachment canCreateWallet canDeleteFollower canCreateQuoteCategory canUpdateQuoteCategory canUpdateContestStatus canViewContestStatus canListContestStatus canListFollower canViewFollower canViewQuoteBid canViewContestType canUpdateQuoteRequest canDeleteBid canViewBid canUpdateBid canDeleteMilestone canViewMilestone canDeleteFlag canListMyMilestone canListActivity canListMeProjectBidInvoice canListEmployerProjectBidInvoice canListMyEmployerMilestone canDeleteProjectBidInvoice canUpdateHireRequest canDeleteHireRequest canListHireRequest canQuoteServiceStats canViewProjectStats canViewFreelancerBidStats canEmployerPayStats canQuoteRequestStats
4a2cbce91f774b1fd8816c8cbfdaf66a510bbb2b	2212711849319225	user4	2017-05-22 09:42:40	canViewUser canListUserTransactions canUserCreateUserCashWithdrawals canUserViewUserCashWithdrawals canUserListUserCashWithdrawals canUserCreateMoneyTransferAccount canUserUpdateMoneyTransferAccount canUserViewMoneyTransferAccount canUserListMoneyTransferAccount canUserDeleteMoneyTransferAccount canListQuoteBid canCreateQuoteRequest canListUserQuoteRequestFormField canPostQuoteFaqAnswer canDeleteQuoteFaqAnswerId canUpdateQuoteFaqAnswerId canAddQuoteService canDeleteQuoteService canUpdateQuoteService canCreateQuoteServicePhoto canUpdateQuoteServicePhoto canDeleteQuoteServicePhoto canCreateQuoteServiceVideo canDeleteQuoteServiceVideo canUpdateQuoteServiceVideo canCreateQuoteServiceAudio canDeleteQuoteServiceAudio canUpdateQuoteServiceAudio canGetQuoteFaqQuestionTemplate canCreateQuoteCreditPurchasLog canDeletePortfolio canUpdatePortfolio canCreatePortfolio canGetquoteBid canUpdateUser canCreateJob canUpdateJob canDeleteJob canUpdateJobApply canViewJobApply canCreateJobApply canListJobApplyStatus canCreateExamsQuestion canCreateExamAnswer canViewExamAnswer canDeleteExamAnswer canUpdateExamAnswer canListExamLevel canUpdateExamsAnswer canViewMyQuoteService canUserViewJob canUserPortfolio canViewMyContest canViewMyContestUser canDeleteContest canUpdateContest canCreateContest canDeleteContestUser canCreateContestUser canGetMe canUpdateContestUser canListJobStat canUserViewJobApply canListJobApplyStat canListResumeRating canCreateResumeRating canDeleteResumeRating canViewResumeRating canUpdateResumeRating canListEmployerJobApply canListJobApplyResumeRating canCreateMoneyTransferAccount canViewMoneyTransferAccount canUpdateMoneyTransferAccount canDeleteMoneyTransferAccount canListExamsQuestions canCreateExamUser canGetMyQuoteCreditPurchasLog canListMyQuoteRequest canUpdateQuoteBid canViewExamUser canUserViewExamsUsers canCreateProject canDeleteProject canUpdateProject canUserViewProjects canCreateBid canCreateFollower canUpdateBidUpdateStatus canUpdateProjectUpdateStatus canUpdateMilestoneUpdateStatus canCreateMilestone canListEmployerBid canListMyBid canUpdateMilestone canCreateMessage canCreateOrder canCreateProjectBidInvoice canUpdateProjectBidInvoice canListProjectBidInvoice canViewProjectBidInvoice canCreateWorkProfile canDeleteWorkProfile canUpdateWorkProfile canCreateEducation canUpdateEducation canDeleteEducation canCreateCertification canUpdateCertification canDeleteCertification canCreatePublication canDeletePublication canUpdatePublication canListBid canUpdatePaymentEscrow canListProjectDispute canCreateProjectDispute canGetQuoteFaqQuestionTemplateId canViewGetCoupon canListMilestone canListProjectStat canListActiveProject canListDisputeOpenType canListProjectAttachment canCreateProjectAttachment canDeleteProjectAttachment canCreateWallet canDeleteFollower canCreateQuoteCategory canUpdateQuoteCategory canUpdateContestStatus canViewContestStatus canListContestStatus canListFollower canViewFollower canViewQuoteBid canViewContestType canUpdateQuoteRequest canDeleteBid canViewBid canUpdateBid canDeleteMilestone canViewMilestone canDeleteFlag canListMyMilestone canListActivity canListMeProjectBidInvoice canListEmployerProjectBidInvoice canListMyEmployerMilestone canDeleteProjectBidInvoice canCreateHireRequest canUpdateHireRequest canDeleteHireRequest canListHireRequest canQuoteServiceStats canViewProjectStats canViewFreelancerBidStats canEmployerPayStats canQuoteRequestStats
82ddeb52cbbe9c6825e370bfb5565d48858d00a0	2212711849319225	user5	2017-05-22 09:52:07	canViewUser canListUserTransactions canUserCreateUserCashWithdrawals canUserViewUserCashWithdrawals canUserListUserCashWithdrawals canUserCreateMoneyTransferAccount canUserUpdateMoneyTransferAccount canUserViewMoneyTransferAccount canUserListMoneyTransferAccount canUserDeleteMoneyTransferAccount canListQuoteBid canCreateQuoteRequest canListUserQuoteRequestFormField canPostQuoteFaqAnswer canDeleteQuoteFaqAnswerId canUpdateQuoteFaqAnswerId canAddQuoteService canDeleteQuoteService canUpdateQuoteService canCreateQuoteServicePhoto canUpdateQuoteServicePhoto canDeleteQuoteServicePhoto canCreateQuoteServiceVideo canDeleteQuoteServiceVideo canUpdateQuoteServiceVideo canCreateQuoteServiceAudio canDeleteQuoteServiceAudio canUpdateQuoteServiceAudio canGetQuoteFaqQuestionTemplate canCreateQuoteCreditPurchasLog canDeletePortfolio canUpdatePortfolio canCreatePortfolio canGetquoteBid canUpdateUser canCreateJob canUpdateJob canDeleteJob canUpdateJobApply canViewJobApply canCreateJobApply canListJobApplyStatus canCreateExamsQuestion canCreateExamAnswer canViewExamAnswer canDeleteExamAnswer canUpdateExamAnswer canListExamLevel canUpdateExamsAnswer canViewMyQuoteService canUserViewJob canUserPortfolio canViewMyContest canViewMyContestUser canDeleteContest canUpdateContest canCreateContest canDeleteContestUser canCreateContestUser canGetMe canUpdateContestUser canListJobStat canUserViewJobApply canListJobApplyStat canListResumeRating canCreateResumeRating canDeleteResumeRating canViewResumeRating canUpdateResumeRating canListEmployerJobApply canListJobApplyResumeRating canCreateMoneyTransferAccount canViewMoneyTransferAccount canUpdateMoneyTransferAccount canDeleteMoneyTransferAccount canListExamsQuestions canCreateExamUser canGetMyQuoteCreditPurchasLog canListMyQuoteRequest canUpdateQuoteBid canViewExamUser canUserViewExamsUsers canCreateProject canDeleteProject canUpdateProject canUserViewProjects canCreateBid canCreateFollower canUpdateBidUpdateStatus canUpdateProjectUpdateStatus canUpdateMilestoneUpdateStatus canCreateMilestone canListEmployerBid canListMyBid canUpdateMilestone canCreateMessage canCreateOrder canCreateProjectBidInvoice canUpdateProjectBidInvoice canListProjectBidInvoice canViewProjectBidInvoice canCreateWorkProfile canDeleteWorkProfile canUpdateWorkProfile canCreateEducation canUpdateEducation canDeleteEducation canCreateCertification canUpdateCertification canDeleteCertification canCreatePublication canDeletePublication canUpdatePublication canListBid canUpdatePaymentEscrow canListProjectDispute canCreateProjectDispute canGetQuoteFaqQuestionTemplateId canViewGetCoupon canListMilestone canListProjectStat canCreateHireRequest canListActiveProject canListDisputeOpenType canListProjectAttachment canCreateProjectAttachment canDeleteProjectAttachment canCreateWallet canDeleteFollower canCreateQuoteCategory canUpdateQuoteCategory canUpdateContestStatus canViewContestStatus canListContestStatus canListFollower canViewFollower canViewQuoteBid canViewContestType canUpdateQuoteRequest canDeleteBid canViewBid canUpdateBid canDeleteMilestone canViewMilestone canDeleteFlag canListMyMilestone canListActivity canListMeProjectBidInvoice canListEmployerProjectBidInvoice canListMyEmployerMilestone canDeleteProjectBidInvoice canUpdateHireRequest canDeleteHireRequest canListHireRequest canQuoteServiceStats canViewProjectStats canViewFreelancerBidStats canEmployerPayStats canQuoteRequestStats
523fb4db75e06d65af05ff1c1d96c86aee18e95b	2212711849319225	user6	2017-05-22 09:54:29	canViewUser canListUserTransactions canUserCreateUserCashWithdrawals canUserViewUserCashWithdrawals canUserListUserCashWithdrawals canUserCreateMoneyTransferAccount canUserUpdateMoneyTransferAccount canUserViewMoneyTransferAccount canUserListMoneyTransferAccount canUserDeleteMoneyTransferAccount canListQuoteBid canCreateQuoteRequest canListUserQuoteRequestFormField canPostQuoteFaqAnswer canDeleteQuoteFaqAnswerId canUpdateQuoteFaqAnswerId canAddQuoteService canDeleteQuoteService canUpdateQuoteService canCreateQuoteServicePhoto canUpdateQuoteServicePhoto canDeleteQuoteServicePhoto canCreateQuoteServiceVideo canDeleteQuoteServiceVideo canUpdateQuoteServiceVideo canCreateQuoteServiceAudio canDeleteQuoteServiceAudio canUpdateQuoteServiceAudio canGetQuoteFaqQuestionTemplate canCreateQuoteCreditPurchasLog canDeletePortfolio canUpdatePortfolio canCreatePortfolio canGetquoteBid canUpdateUser canCreateJob canUpdateJob canDeleteJob canUpdateJobApply canViewJobApply canCreateJobApply canListJobApplyStatus canCreateExamsQuestion canCreateExamAnswer canViewExamAnswer canDeleteExamAnswer canUpdateExamAnswer canListExamLevel canUpdateExamsAnswer canViewMyQuoteService canUserViewJob canUserPortfolio canViewMyContest canViewMyContestUser canDeleteContest canUpdateContest canCreateContest canDeleteContestUser canCreateContestUser canGetMe canUpdateContestUser canListJobStat canUserViewJobApply canListJobApplyStat canListResumeRating canCreateResumeRating canDeleteResumeRating canViewResumeRating canUpdateResumeRating canListEmployerJobApply canListJobApplyResumeRating canCreateMoneyTransferAccount canViewMoneyTransferAccount canUpdateMoneyTransferAccount canDeleteMoneyTransferAccount canListExamsQuestions canCreateExamUser canGetMyQuoteCreditPurchasLog canListMyQuoteRequest canUpdateQuoteBid canViewExamUser canUserViewExamsUsers canCreateProject canDeleteProject canUpdateProject canUserViewProjects canCreateBid canCreateFollower canUpdateBidUpdateStatus canUpdateProjectUpdateStatus canUpdateMilestoneUpdateStatus canCreateMilestone canListEmployerBid canListMyBid canUpdateMilestone canCreateMessage canCreateOrder canCreateProjectBidInvoice canUpdateProjectBidInvoice canListProjectBidInvoice canViewProjectBidInvoice canCreateWorkProfile canDeleteWorkProfile canUpdateWorkProfile canCreateEducation canUpdateEducation canDeleteEducation canCreateCertification canUpdateCertification canDeleteCertification canCreatePublication canDeletePublication canUpdatePublication canListBid canUpdatePaymentEscrow canListProjectDispute canCreateProjectDispute canGetQuoteFaqQuestionTemplateId canViewGetCoupon canListMilestone canListProjectStat canCreateHireRequest canListActiveProject canListDisputeOpenType canListProjectAttachment canCreateProjectAttachment canDeleteProjectAttachment canCreateWallet canDeleteFollower canCreateQuoteCategory canUpdateQuoteCategory canUpdateContestStatus canViewContestStatus canListContestStatus canListFollower canViewFollower canViewQuoteBid canViewContestType canUpdateQuoteRequest canDeleteBid canViewBid canUpdateBid canDeleteMilestone canViewMilestone canDeleteFlag canListMyMilestone canListActivity canListMeProjectBidInvoice canListEmployerProjectBidInvoice canListMyEmployerMilestone canDeleteProjectBidInvoice canUpdateHireRequest canDeleteHireRequest canListHireRequest canQuoteServiceStats canViewProjectStats canViewFreelancerBidStats canEmployerPayStats canQuoteRequestStats
57f2738be49bbd25899ca5adc759d19bf305750b	2212711849319225	user7	2017-05-22 09:54:57	canViewUser canListUserTransactions canUserCreateUserCashWithdrawals canUserViewUserCashWithdrawals canUserListUserCashWithdrawals canUserCreateMoneyTransferAccount canUserUpdateMoneyTransferAccount canUserViewMoneyTransferAccount canUserListMoneyTransferAccount canUserDeleteMoneyTransferAccount canListQuoteBid canCreateQuoteRequest canListUserQuoteRequestFormField canPostQuoteFaqAnswer canDeleteQuoteFaqAnswerId canUpdateQuoteFaqAnswerId canAddQuoteService canDeleteQuoteService canUpdateQuoteService canCreateQuoteServicePhoto canUpdateQuoteServicePhoto canDeleteQuoteServicePhoto canCreateQuoteServiceVideo canDeleteQuoteServiceVideo canUpdateQuoteServiceVideo canCreateQuoteServiceAudio canDeleteQuoteServiceAudio canUpdateQuoteServiceAudio canGetQuoteFaqQuestionTemplate canCreateQuoteCreditPurchasLog canDeletePortfolio canUpdatePortfolio canCreatePortfolio canGetquoteBid canUpdateUser canCreateJob canUpdateJob canDeleteJob canUpdateJobApply canViewJobApply canCreateJobApply canListJobApplyStatus canCreateExamsQuestion canCreateExamAnswer canViewExamAnswer canDeleteExamAnswer canUpdateExamAnswer canListExamLevel canUpdateExamsAnswer canViewMyQuoteService canUserViewJob canUserPortfolio canViewMyContest canViewMyContestUser canDeleteContest canUpdateContest canCreateContest canDeleteContestUser canCreateContestUser canGetMe canUpdateContestUser canListJobStat canUserViewJobApply canListJobApplyStat canListResumeRating canCreateResumeRating canDeleteResumeRating canViewResumeRating canUpdateResumeRating canListEmployerJobApply canListJobApplyResumeRating canCreateMoneyTransferAccount canViewMoneyTransferAccount canUpdateMoneyTransferAccount canDeleteMoneyTransferAccount canListExamsQuestions canCreateExamUser canGetMyQuoteCreditPurchasLog canListMyQuoteRequest canUpdateQuoteBid canViewExamUser canUserViewExamsUsers canCreateProject canDeleteProject canUpdateProject canUserViewProjects canCreateBid canCreateFollower canUpdateBidUpdateStatus canUpdateProjectUpdateStatus canUpdateMilestoneUpdateStatus canCreateMilestone canListEmployerBid canListMyBid canUpdateMilestone canCreateMessage canCreateOrder canCreateProjectBidInvoice canUpdateProjectBidInvoice canListProjectBidInvoice canViewProjectBidInvoice canCreateWorkProfile canDeleteWorkProfile canUpdateWorkProfile canCreateEducation canUpdateEducation canDeleteEducation canCreateCertification canUpdateCertification canDeleteCertification canCreatePublication canDeletePublication canUpdatePublication canListBid canUpdatePaymentEscrow canListProjectDispute canCreateProjectDispute canGetQuoteFaqQuestionTemplateId canViewGetCoupon canListMilestone canListProjectStat canCreateHireRequest canListActiveProject canListDisputeOpenType canListProjectAttachment canCreateProjectAttachment canDeleteProjectAttachment canCreateWallet canDeleteFollower canCreateQuoteCategory canUpdateQuoteCategory canUpdateContestStatus canViewContestStatus canListContestStatus canListFollower canViewFollower canViewQuoteBid canViewContestType canUpdateQuoteRequest canDeleteBid canViewBid canUpdateBid canDeleteMilestone canViewMilestone canDeleteFlag canListMyMilestone canListActivity canListMeProjectBidInvoice canListEmployerProjectBidInvoice canListMyEmployerMilestone canDeleteProjectBidInvoice canUpdateHireRequest canDeleteHireRequest canListHireRequest canQuoteServiceStats canViewProjectStats canViewFreelancerBidStats canEmployerPayStats canQuoteRequestStats
4f91289caa4b53e41b85965c92c49bfd08dc13a4	2212711849319225	admin	2017-07-22 07:31:56	canCreateMoneyTransferAccount canViewMoneyTransferAccount canUpdateMoneyTransferAccount canDeleteMoneyTransferAccount canViewExamUser
22bf35ef8d54f1e24259820b22bcfccaf610ee1e	2212711849319225	user1	2017-07-22 08:00:02	canViewUser canListUserTransactions canUserCreateUserCashWithdrawals canUserViewUserCashWithdrawals canUserListUserCashWithdrawals canUserCreateMoneyTransferAccount canUserUpdateMoneyTransferAccount canUserViewMoneyTransferAccount canUserListMoneyTransferAccount canUserDeleteMoneyTransferAccount canListQuoteBid canCreateQuoteRequest canListUserQuoteRequestFormField canPostQuoteFaqAnswer canDeleteQuoteFaqAnswerId canUpdateQuoteFaqAnswerId canAddQuoteService canDeleteQuoteService canUpdateQuoteService canCreateQuoteServicePhoto canUpdateQuoteServicePhoto canDeleteQuoteServicePhoto canCreateQuoteServiceVideo canDeleteQuoteServiceVideo canUpdateQuoteServiceVideo canCreateQuoteServiceAudio canDeleteQuoteServiceAudio canUpdateQuoteServiceAudio canGetQuoteFaqQuestionTemplate canCreateQuoteCreditPurchasLog canDeletePortfolio canUpdatePortfolio canCreatePortfolio canGetquoteBid canUpdateUser canCreateJob canUpdateJob canDeleteJob canUpdateJobApply canViewJobApply canCreateJobApply canListJobApplyStatus canCreateExamsQuestion canCreateExamAnswer canViewExamAnswer canDeleteExamAnswer canUpdateExamAnswer canListExamLevel canUpdateExamsAnswer canViewMyQuoteService canUserViewJob canUserPortfolio canViewMyContest canViewMyContestUser canDeleteContest canUpdateContest canCreateContest canDeleteContestUser canCreateContestUser canGetMe canUpdateContestUser canListJobStat canUserViewJobApply canListJobApplyStat canListResumeRating canCreateResumeRating canDeleteResumeRating canViewResumeRating canUpdateResumeRating canListEmployerJobApply canListJobApplyResumeRating canCreateMoneyTransferAccount canViewMoneyTransferAccount canUpdateMoneyTransferAccount canDeleteMoneyTransferAccount canListExamsQuestions canCreateExamUser canGetMyQuoteCreditPurchasLog canListMyQuoteRequest canUpdateQuoteBid canViewExamUser canUserViewExamsUsers canCreateProject canDeleteProject canUpdateProject canUserViewProjects canCreateBid canCreateFollower canUpdateBidUpdateStatus canUpdateProjectUpdateStatus canUpdateMilestoneUpdateStatus canCreateMilestone canListEmployerBid canListMyBid canUpdateMilestone canCreateMessage canCreateOrder canCreateProjectBidInvoice canUpdateProjectBidInvoice canListProjectBidInvoice canViewProjectBidInvoice canCreateWorkProfile canDeleteWorkProfile canUpdateWorkProfile canCreateEducation canUpdateEducation canDeleteEducation canCreateCertification canUpdateCertification canDeleteCertification canCreatePublication canDeletePublication canUpdatePublication canListBid canUpdatePaymentEscrow canListProjectDispute canCreateProjectDispute canGetQuoteFaqQuestionTemplateId canViewGetCoupon canListMilestone canListProjectStat canCreateHireRequest canListActiveProject canListDisputeOpenType canListProjectAttachment canCreateProjectAttachment canDeleteProjectAttachment canCreateWallet canDeleteFollower canCreateQuoteCategory canUpdateQuoteCategory canUpdateContestStatus canViewContestStatus canListContestStatus canListFollower canViewFollower canViewQuoteBid canViewContestType canUpdateQuoteRequest canDeleteBid canViewBid canUpdateBid canDeleteMilestone canViewMilestone canDeleteFlag canListMyMilestone canListMeProjectBidInvoice canListEmployerProjectBidInvoice canListMyEmployerMilestone canDeleteProjectBidInvoice canUpdateHireRequest canDeleteHireRequest canListHireRequest canQuoteServiceStats canViewFreelancerBidStats canEmployerPayStats canQuoteRequestStats canCreateValut canUpdateValut canDeleteValut canListMeActivity
f77460f8aa34b8259499dfa2deb71ae96db4e755	2212711849319225	user2	2017-07-22 08:00:38	canViewUser canListUserTransactions canUserCreateUserCashWithdrawals canUserViewUserCashWithdrawals canUserListUserCashWithdrawals canUserCreateMoneyTransferAccount canUserUpdateMoneyTransferAccount canUserViewMoneyTransferAccount canUserListMoneyTransferAccount canUserDeleteMoneyTransferAccount canListQuoteBid canCreateQuoteRequest canListUserQuoteRequestFormField canPostQuoteFaqAnswer canDeleteQuoteFaqAnswerId canUpdateQuoteFaqAnswerId canAddQuoteService canDeleteQuoteService canUpdateQuoteService canCreateQuoteServicePhoto canUpdateQuoteServicePhoto canDeleteQuoteServicePhoto canCreateQuoteServiceVideo canDeleteQuoteServiceVideo canUpdateQuoteServiceVideo canCreateQuoteServiceAudio canDeleteQuoteServiceAudio canUpdateQuoteServiceAudio canGetQuoteFaqQuestionTemplate canCreateQuoteCreditPurchasLog canDeletePortfolio canUpdatePortfolio canCreatePortfolio canGetquoteBid canUpdateUser canCreateJob canUpdateJob canDeleteJob canUpdateJobApply canViewJobApply canCreateJobApply canListJobApplyStatus canCreateExamsQuestion canCreateExamAnswer canViewExamAnswer canDeleteExamAnswer canUpdateExamAnswer canListExamLevel canUpdateExamsAnswer canViewMyQuoteService canUserViewJob canUserPortfolio canViewMyContest canViewMyContestUser canDeleteContest canUpdateContest canCreateContest canDeleteContestUser canCreateContestUser canGetMe canUpdateContestUser canListJobStat canUserViewJobApply canListJobApplyStat canListResumeRating canCreateResumeRating canDeleteResumeRating canViewResumeRating canUpdateResumeRating canListEmployerJobApply canListJobApplyResumeRating canCreateMoneyTransferAccount canViewMoneyTransferAccount canUpdateMoneyTransferAccount canDeleteMoneyTransferAccount canListExamsQuestions canCreateExamUser canGetMyQuoteCreditPurchasLog canListMyQuoteRequest canUpdateQuoteBid canViewExamUser canUserViewExamsUsers canCreateProject canDeleteProject canUpdateProject canUserViewProjects canCreateBid canCreateFollower canUpdateBidUpdateStatus canUpdateProjectUpdateStatus canUpdateMilestoneUpdateStatus canCreateMilestone canListEmployerBid canListMyBid canUpdateMilestone canCreateMessage canCreateOrder canCreateProjectBidInvoice canUpdateProjectBidInvoice canListProjectBidInvoice canViewProjectBidInvoice canCreateWorkProfile canDeleteWorkProfile canUpdateWorkProfile canCreateEducation canUpdateEducation canDeleteEducation canCreateCertification canUpdateCertification canDeleteCertification canCreatePublication canDeletePublication canUpdatePublication canListBid canUpdatePaymentEscrow canListProjectDispute canCreateProjectDispute canGetQuoteFaqQuestionTemplateId canViewGetCoupon canListMilestone canListProjectStat canCreateHireRequest canListActiveProject canListDisputeOpenType canListProjectAttachment canCreateProjectAttachment canDeleteProjectAttachment canCreateWallet canDeleteFollower canCreateQuoteCategory canUpdateQuoteCategory canUpdateContestStatus canViewContestStatus canListContestStatus canListFollower canViewFollower canViewQuoteBid canViewContestType canUpdateQuoteRequest canDeleteBid canViewBid canUpdateBid canDeleteMilestone canViewMilestone canDeleteFlag canListMyMilestone canListMeProjectBidInvoice canListEmployerProjectBidInvoice canListMyEmployerMilestone canDeleteProjectBidInvoice canUpdateHireRequest canDeleteHireRequest canListHireRequest canQuoteServiceStats canViewFreelancerBidStats canEmployerPayStats canQuoteRequestStats canCreateValut canUpdateValut canDeleteValut canListMeActivity
cae7834cda3ff0bac7aaad3ef0b36c4b0a12f028	2212711849319225	user3	2017-07-22 08:01:03	canViewUser canListUserTransactions canUserCreateUserCashWithdrawals canUserViewUserCashWithdrawals canUserListUserCashWithdrawals canUserCreateMoneyTransferAccount canUserUpdateMoneyTransferAccount canUserViewMoneyTransferAccount canUserListMoneyTransferAccount canUserDeleteMoneyTransferAccount canListQuoteBid canCreateQuoteRequest canListUserQuoteRequestFormField canPostQuoteFaqAnswer canDeleteQuoteFaqAnswerId canUpdateQuoteFaqAnswerId canAddQuoteService canDeleteQuoteService canUpdateQuoteService canCreateQuoteServicePhoto canUpdateQuoteServicePhoto canDeleteQuoteServicePhoto canCreateQuoteServiceVideo canDeleteQuoteServiceVideo canUpdateQuoteServiceVideo canCreateQuoteServiceAudio canDeleteQuoteServiceAudio canUpdateQuoteServiceAudio canGetQuoteFaqQuestionTemplate canCreateQuoteCreditPurchasLog canDeletePortfolio canUpdatePortfolio canCreatePortfolio canGetquoteBid canUpdateUser canCreateJob canUpdateJob canDeleteJob canUpdateJobApply canViewJobApply canCreateJobApply canListJobApplyStatus canCreateExamsQuestion canCreateExamAnswer canViewExamAnswer canDeleteExamAnswer canUpdateExamAnswer canListExamLevel canUpdateExamsAnswer canViewMyQuoteService canUserViewJob canUserPortfolio canViewMyContest canViewMyContestUser canDeleteContest canUpdateContest canCreateContest canDeleteContestUser canCreateContestUser canGetMe canUpdateContestUser canListJobStat canUserViewJobApply canListJobApplyStat canListResumeRating canCreateResumeRating canDeleteResumeRating canViewResumeRating canUpdateResumeRating canListEmployerJobApply canListJobApplyResumeRating canCreateMoneyTransferAccount canViewMoneyTransferAccount canUpdateMoneyTransferAccount canDeleteMoneyTransferAccount canListExamsQuestions canCreateExamUser canGetMyQuoteCreditPurchasLog canListMyQuoteRequest canUpdateQuoteBid canViewExamUser canUserViewExamsUsers canCreateProject canDeleteProject canUpdateProject canUserViewProjects canCreateBid canCreateFollower canUpdateBidUpdateStatus canUpdateProjectUpdateStatus canUpdateMilestoneUpdateStatus canCreateMilestone canListEmployerBid canListMyBid canUpdateMilestone canCreateMessage canCreateOrder canCreateProjectBidInvoice canUpdateProjectBidInvoice canListProjectBidInvoice canViewProjectBidInvoice canCreateWorkProfile canDeleteWorkProfile canUpdateWorkProfile canCreateEducation canUpdateEducation canDeleteEducation canCreateCertification canUpdateCertification canDeleteCertification canCreatePublication canDeletePublication canUpdatePublication canListBid canUpdatePaymentEscrow canListProjectDispute canCreateProjectDispute canGetQuoteFaqQuestionTemplateId canViewGetCoupon canListMilestone canListProjectStat canListActiveProject canListDisputeOpenType canListProjectAttachment canCreateProjectAttachment canDeleteProjectAttachment canCreateWallet canDeleteFollower canCreateQuoteCategory canUpdateQuoteCategory canUpdateContestStatus canViewContestStatus canListContestStatus canListFollower canViewFollower canViewQuoteBid canViewContestType canUpdateQuoteRequest canDeleteBid canViewBid canUpdateBid canDeleteMilestone canViewMilestone canDeleteFlag canListMyMilestone canListMeProjectBidInvoice canListEmployerProjectBidInvoice canListMyEmployerMilestone canDeleteProjectBidInvoice canCreateHireRequest canUpdateHireRequest canDeleteHireRequest canListHireRequest canQuoteServiceStats canViewFreelancerBidStats canEmployerPayStats canQuoteRequestStats canCreateValut canUpdateValut canDeleteValut canListMeActivity
\.


--
-- Data for Name: oauth_scopes; Type: TABLE DATA; Schema: public; Owner: -
--

COPY oauth_scopes (scope, is_default) FROM stdin;
canViewUser	f
canListUserTransactions	f
canUserCreateUserCashWithdrawals	f
canUserViewUserCashWithdrawals	f
canUserListUserCashWithdrawals	f
canUserCreateMoneyTransferAccount	f
canUserUpdateMoneyTransferAccount	f
canUserViewMoneyTransferAccount	f
canUserListMoneyTransferAccount	f
canUserDeleteMoneyTransferAccount	f
canListQuoteBid	f
canCreateQuoteRequest	f
canListUserQuoteRequestFormField	f
canPostQuoteFaqAnswer	f
canDeleteQuoteFaqAnswerId	f
canUpdateQuoteFaqAnswerId	f
canAddQuoteService	f
canDeleteQuoteService	f
canUpdateQuoteService	f
canCreateQuoteServicePhoto	f
canUpdateQuoteServicePhoto	f
canDeleteQuoteServicePhoto	f
canCreateQuoteServiceVideo	f
canDeleteQuoteServiceVideo	f
canUpdateQuoteServiceVideo	f
canCreateQuoteServiceAudio	f
canDeleteQuoteServiceAudio	f
canUpdateQuoteServiceAudio	f
canGetQuoteFaqQuestionTemplate	f
canCreateQuoteCreditPurchasLog	f
canUserListQuoteFormField	f
canDeletePortfolio	f
canUpdatePortfolio	f
canCreatePortfolio	f
canGetquoteBid	f
canUpdateUser	f
canCreateJob	f
canUpdateJob	f
canDeleteJob	f
canUpdateJobApply	f
canViewJobApply	f
canCreateJobApply	f
canListJobApplyStatus	f
canCreateExamsQuestion	f
canCreateExamAnswer	f
canViewExamAnswer	f
canDeleteExamAnswer	f
canUpdateExamAnswer	f
canListExamLevel	f
canUserViewJob	f
canUserPortfolio	f
canUpdateExamsAnswer	f
canViewMyQuoteService	f
canGetMe	f
canViewMyContest	f
canViewMyContestUser	f
canDeleteContest	f
canUpdateContest	f
canCreateContest	f
canDeleteContestUser	f
canCreateContestUser	f
canUpdateContestUser	f
canUserViewJobApply	f
canListJobStat	f
canListJobApplyStat	f
canListResumeRating	f
canCreateResumeRating	f
canDeleteResumeRating	f
canViewResumeRating	f
canUpdateResumeRating	f
canListEmployerJobApply	f
canListJobApplyResumeRating	f
canCreateMoneyTransferAccount	t
canViewMoneyTransferAccount	t
canUpdateMoneyTransferAccount	t
canDeleteMoneyTransferAccount	t
canListExamsQuestions	f
canGetMyQuoteCreditPurchasLog	f
canListMyQuoteRequest	f
canCreateExamUser	f
canUpdateQuoteBid	f
canViewExamUser	t
canUserViewExamsUsers	f
canCreateProject	f
canDeleteProject	f
canUpdateProject	f
canUserViewProjects	f
canCreateBid	f
canUpdateProjectUpdateStatus	f
canCreateFollower	f
canCreateMilestone	f
canUpdateMilestoneUpdateStatus	f
canCreateMessage	f
canListEmployerBid	f
canListMyBid	f
canUpdateBidUpdateStatus	f
canUpdateMilestone	f
canCreateOrder	f
canCreateWorkProfile	f
canUpdateWorkProfile	f
canDeleteWorkProfile	f
canCreateEducation	f
canUpdateEducation	f
canDeleteEducation	f
canCreateCertification	f
canUpdateCertification	f
canDeleteCertification	f
canCreatePublication	f
canDeletePublication	f
canUpdatePublication	f
canCreateProjectBidInvoice	f
canUpdateProjectBidInvoice	f
canListProjectBidInvoice	f
canViewProjectBidInvoice	f
canListBid	f
canUpdatePaymentEscrow	f
canListProjectDispute	f
canCreateProjectDispute	f
canGetQuoteFaqQuestionTemplateId	f
canViewGetCoupon	f
canListMilestone	f
canListProjectStat	f
canCreateHireRequest	f
canListActiveProject	f
canListDisputeOpenType	f
canListProjectAttachment	f
canCreateProjectAttachment	f
canDeleteProjectAttachment	f
canCreateWallet	f
canDeleteFollower	f
canCreateQuoteCategory	f
canUpdateQuoteCategory	f
canUpdateContestStatus	f
canViewContestStatus	f
canListContestStatus	f
canListFollower	f
canViewFollower	f
canViewQuoteBid	f
canViewContestType	f
canUpdateQuoteRequest	f
canDeleteBid	f
canViewBid	f
canUpdateBid	f
canDeleteMilestone	f
canViewMilestone	f
canDeleteFlag	f
canListMyMilestone	f
canListMeProjectBidInvoice	f
canListEmployerProjectBidInvoice	f
canListMyEmployerMilestone	f
canDeleteProjectBidInvoice	f
canListHireRequest	f
canDeleteHireRequest	f
canUpdateHireRequest	f
canQuoteServiceStats	f
canViewFreelancerBidStats	f
canEmployerPayStats	f
canQuoteRequestStats	f
canCreateValut	f
canUpdateValut	f
canDeleteValut	f
canListMeActivity	f
\.


--
-- Data for Name: pages; Type: TABLE DATA; Schema: public; Owner: -
--

COPY pages (id, created_at, updated_at, parent_id, title, title_es, content, content_es, template, draft, lft, rght, level, meta_keywords, description_meta_tag, url, slug, is_default) FROM stdin;
2	2009-07-11 11:16:54	2009-07-21 15:53:27	\N	About		<p>Lorem ipsum dolor sit amet, consectetur adipiscing elit. Duis rhoncus convallis leo sit amet commodo. Sed adipiscing mi et dui elementum sed fringilla leo volutpat. Donec at malesuada sem. Nullam risus libero, interdum sit amet aliquam luctus, condimentum at nisi. Praesent fermentum bibendum sem, sit amet semper nunc tempor et. Lorem ipsum dolor sit amet, consectetur adipiscing elit. Proin lacinia nisl nec neque egestas adipiscing pellentesque dolor convallis. In blandit nulla vitae diam semper non pellentesque risus dictum. In mollis semper neque. Integer suscipit hendrerit metus ac ornare. Maecenas posuere varius adipiscing. Aenean feugiat, turpis sed dictum gravida, orci neque luctus nulla, eu facilisis mi nulla porta enim. Nunc at ipsum dui, bibendum ultricies eros. Nam est lorem, mollis vel aliquam sed, tristique vel odio. In hac habitasse platea dictumst.</p>\r\n\r\n<p>Cras metus dolor, egestas ut commodo sed, laoreet ac quam. Quisque sed ante risus, non scelerisque tortor. Cras lacinia dui sed dui cursus ultricies. In hac habitasse platea dictumst. Morbi diam sem, sodales sit amet viverra quis, sagittis in nunc. Phasellus fermentum, nunc at consequat sagittis, metus tortor sollicitudin velit, tempus elementum elit sapien sit amet dui. Maecenas sodales, urna et dignissim pharetra, nulla leo ultrices lorem, vitae iaculis justo dolor sed mauris.</p>\r\n\r\n<p>Etiam condimentum bibendum felis, sit amet placerat libero bibendum at. Donec tincidunt magna sit amet sapien consequat commodo. Integer sit amet magna tincidunt leo congue blandit et nec leo. Proin id lectus condimentum velit auctor pharetra eget eget enim. Donec nec suscipit erat. Nullam lacinia nibh sed nibh eleifend suscipit eget porttitor metus. Integer lobortis est tempus dolor sagittis sit amet tristique nisi congue. Quisque viverra, velit non euismod ornare, risus erat convallis risus, a pretium mauris dolor vitae eros. Suspendisse sed diam id massa interdum auctor at fringilla ipsum. Curabitur pellentesque, elit vel mollis ullamcorper, nunc diam sollicitudin quam, eget accumsan risus lorem at erat. Sed pharetra purus urna. Nam euismod felis sit amet libero placerat at consequat tortor molestie.</p>	\N	about.ctp	f	\N	\N	0	\N	\N	\N	about	f
7	2009-07-21 15:56:45	2015-05-27 16:24:57	\N	Term and conditions		<h2>Web Site Terms and Conditions of Use</h2><h3>1. Terms</h3>By accessing this web site you are agreeing to be bound by these web site Terms and Conditions of Use all applicable laws and regulations and agree that you are responsible for compliance with any applicable local laws. If you do not agree with any of these terms you are prohibited from using or accessing this site. The materials contained in this web site are protected by applicable copyright and trade mark law.<h3>2. Use License</h3><ol><li>Permission is granted to temporarily download one copy of the materials (information or software) on Agriya's web site for personal non-commercial transitory viewing only. This is the grant of a license not a transfer of title and under this license you may not:<ol><li>modify or copy the materials;</li><li>use the materials for any commercial purpose or for any public display (commercial or non-commercial);</li><li>attempt to decompile or reverse engineer any software contained on&nbsp;Agriya's web site;</li><li>remove any copyright or other proprietary notations from the materials; or</li><li>transfer the materials to another person or mirror the materials on any other server.</li></ol></li><li>This license shall automatically terminate if you violate any of these restrictions and may be terminated by&nbsp;Agriya&nbsp;at any&nbsp;time. Upon terminating your viewing of these materials or upon the termination of this license you must destroy any downloaded materials in your possession whether in electronic or printed format.</li></ol><h3>3. Disclaimer</h3>The materials on&nbsp;Agriya's web site are provided as is.&nbsp;Agriya&nbsp;makes no warranties expressed or implied and hereby&nbsp;disclaims&nbsp;and negates all other warranties including without limitation implied warranties or conditions of merchantability fitness for a particular purpose or non-infringement of intellectual property or other violation of rights. Further&nbsp;Agriya&nbsp;does not warrant or make any representations concerning the accuracy likely results or reliability of the use of&nbsp;the materials on its Internet web site or otherwise relating to such materials or on any sites linked to this site.<h3>4. Limitations</h3>In no event shall&nbsp;Agriya&nbsp;or its suppliers be liable for any damages (including without limitation damages for loss of data or profit&nbsp;or due to business interruption) arising out of the use or inability to use the materials on&nbsp;Agriya's Internet site even if&nbsp;Agriya&nbsp;or a&nbsp;Agriya&nbsp;authorized representative has been notified orally or in writing of the possibility of such&nbsp;damage.&nbsp;Because some jurisdictions do not allow limitations on implied warranties or limitations of liability for consequential or incidental damages these limitations may not apply to you.<h3>5. Revisions and Errata</h3>The materials appearing on&nbsp;Agriya's web site could include technical typographical or photographic errors.&nbsp;Agriya&nbsp;does&nbsp;not&nbsp;warrant that any of the materials on its web site are accurate complete or current.&nbsp;Agriya&nbsp;may make&nbsp;changes to the materials contained on its web site at any time without notice.&nbsp;Agriya&nbsp;does not however make any&nbsp;commitment to update the materials.<h3>6. Links</h3>Agriya&nbsp;has not reviewed all of the sites linked to its Internet web site and is not responsible for the contents of any such linked site. The inclusion of any link does not imply endorsement by&nbsp;Agriya&nbsp;of the site. Use of any such linked web site is at the&nbsp;user's own risk.<h3>7. Site Terms of Use Modifications</h3>Agriya&nbsp;may revise these terms of use for its web site at any time without notice. By using this web site you are agreeing to be bound by the then current version of these Terms and Conditions of Use.	\N		f	\N	\N	0			/term-and-conditions	term-and-conditions	f
9	2011-06-24 16:55:35	2011-10-07 05:42:07	\N	Privacy		<p>For each visitor to our Web page our Web server automatically recognizes no information regarding the domain or e-mail address.</p><p>We collect the e-mail addresses of those who post messages to our bulletin board the e-mail addresses of those who communicate with us via e-mail the e-mail addresses of those who make postings to our chat areas user-specific information on what pages consumers access or visit information volunteered by the consumer such as survey information and/or site registrations name and address telephone number.</p><p>The information we collect is disclosed when legally required to do so at the request of governmental authorities conducting an investigation to verify or enforce compliance with the policies governing our Website and applicable laws or to protect against misuse or unauthorized use of our Website to a successor entity in connection with a corporate merger consolidation sale of assets or other corporate change respecting the Website.</p><p>With respect to cookies. We use cookies to record session information such as items that consumers add to their shopping cart.</p><p>If you do not want to receive e-mail from us in the future please let us know by sending us e-mail at the above address.</p><p>Persons who supply us with their telephone numbers on-line will only receive telephone contact from us with information regarding orders they have placed on-line. Please provide us with your name and phone number. We will be sure your name is removed from the list we share with other organizations.</p><p>With respect to Ad Servers. We do not partner with or have special relationships with any ad server companies.</p><p>From time to time we may use customer information for new unanticipated uses not previously disclosed in our privacy notice. If our information practices change at some time in the future we will post the policy changes to our Web site to notify you of these changes and we will use for these new purposes only data collected from the time of the policy change forward. If you are concerned about how your information is used you should check back at our Web site periodically.</p><p>Upon request we provide site visitors with access to transaction information (e.g. dates on which customers made purchases amounts and types of purchases) that we maintain about them.</p><p>Upon request we offer visitors the ability to have inaccuracies corrected in contact information transaction information.</p><p>With respect to security. When we transfer and receive certain types of sensitive information such as financial or health information we redirect visitors to a secure server and will notify visitors through a pop-up screen on our site.</p><p>If you feel that this site is not following its stated information policy you may contact us at the above addresses or phone number.</p>\r\n	\N	\N	f	\N	\N	0	\N		/privacy	privacy	f
14	2011-04-01 20:05:15	2011-04-01 20:05:15	\N	How It Works		<p>Lorem ipsum dolor sit amet, consectetur adipiscing elit. Integer erat  augue, condimentum ac commodo in, consectetur pellentesque quam. Sed  varius semper suscipit. Fusce tincidunt pharetra leo, quis tincidunt  magna posuere non. Quisque hendrerit quam nec elit ornare volutpat.  Proin consectetur iaculis orci ac tincidunt. Nam ultrices fermentum mi  eu consectetur. Praesent ante quam, viverra placerat mollis non,  scelerisque quis erat. Maecenas elit sapien, gravida nec sagittis at,  ultricies bibendum dolor.</p>\r\n<p>Suspendisse dolor ante, dignissim nec aliquet rhoncus, egestas rhoncus  dui. Nulla rutrum, ipsum at ullamcorper porttitor, dolor erat eleifend  odio, in consectetur nisl mi eget nulla. In non enim quis eros viverra  interdum. Phasellus venenatis sem in mi accumsan vel pretium ligula  sodales. Praesent eu gravida sem. In et semper urna. Suspendisse  potenti. Proin a ipsum sit amet purus laoreet hendrerit sed sed tellus.  Nulla feugiat enim sapien, at feugiat turpis. Aliquam ac ante in ipsum  feugiat dignissim.</p>\r\n<p>Cras tempus venenatis dictum. Fusce laoreet turpis hendrerit tortor  gravida non lacinia lectus elementum. Proin posuere odio fermentum orci  placerat ac tempor mauris condimentum. Pellentesque luctus turpis eget  ligula imperdiet auctor. Nam eros elit, fermentum vitae varius non,  dignissim quis erat. Ut accumsan bibendum dui eget elementum. Mauris  ante magna, lacinia aliquet sollicitudin at, interdum vel lorem. Nullam  odio dui, malesuada a feugiat sed, tincidunt non augue.</p>	\N	\N	f	\N	\N	0	\N	\N	/how-it-works	how-it-works	f
15	2011-04-01 20:05:15	2011-04-01 20:05:15	\N	Acceptable Use Policy		<p>You are independently responsible for complying with all applicable  laws in all of your actions related to your use of PayPal&rsquo;s services,  regardless of the purpose of the use. In addition, you must adhere to  the terms of this Acceptable Use Policy.</p>\r\n<p><strong>Prohibited Activities</strong></p>\r\n<p>You may not use the PayPal service for activities that:</p>\r\n<ol>\r\n<li> violate any law, statute, ordinance or regulation </li>\r\n<li> relate to sales of (a) narcotics, steroids, certain  controlled substances or other products that present a risk to consumer  safety, (b) drug paraphernalia, (c) items that encourage, promote,  facilitate or instruct others to engage in illegal activity, (d) items  that promote hate, violence, racial intolerance, or the financial  exploitation of a crime, (e) items that are considered obscene, (f)  items that infringe or violate any copyright, trademark, right of  publicity or privacy or any other proprietary right under the laws of  any jurisdiction, (g) certain sexually oriented materials or services,  (h) ammunition, firearms, or certain firearm parts or accessories, or  (i) certain weapons or knives regulated under applicable law </li>\r\n<li> relate to transactions that (a) show the personal information  of third parties in violation of applicable law, (b) support pyramid or  ponzi schemes, matrix programs, other &ldquo;get rich quick&rdquo; schemes or  certain multi-level marketing programs, (c) are associated with  purchases of real property, annuities or lottery contracts, lay-away  systems, off-shore banking or transactions to finance or refinance debts  funded by a credit card, (d) are for the sale of certain items before  the seller has control or possession of the item, (e) are by payment  processors to collect payments on behalf of merchants, (f) are  associated with the following Money Service Business Activities: the  sale of traveler&rsquo;s cheques or money orders, currency exchanges or cheque  cashing, or (g) provide certain credit repair or debt settlement  services </li>\r\n<li> involve the sales of products or services identified by government agencies to have a high likelihood of being fraudulent </li>\r\n<li>violate applicable laws or industry regulations regarding the  sale of (a) tobacco products, or (b) prescription drugs and devices</li>\r\n<li> involve gambling, gaming and/or any other activity with an  entry fee and a prize, including, but not limited to casino games,  sports betting, horse or greyhound racing, lottery tickets, other  ventures that facilitate gambling, games of skill (whether or not it is  legally defined as a lottery) and sweepstakes unless the operator has  obtained prior approval from PayPal and the operator and customers are  located exclusively in jurisdictions where such activities are permitted  by law. </li>\r\n</ol>	\N	\N	f	\N	\N	0	\N	\N	/aup	aup	f
16	2016-12-16 11:27:37	2016-12-16 11:27:37	\N	FAQ		<p>Lorem ipsum dolor sit amet, consectetur adipiscing elit. Integer erat  augue, condimentum ac commodo in, consectetur pellentesque quam. Sed  varius semper suscipit. Fusce tincidunt pharetra leo, quis tincidunt  magna posuere non. Quisque hendrerit quam nec elit ornare volutpat.  Proin consectetur iaculis orci ac tincidunt. Nam ultrices fermentum mi  eu consectetur. Praesent ante quam, viverra placerat mollis non,  scelerisque quis erat. Maecenas elit sapien, gravida nec sagittis at,  ultricies bibendum dolor.</p>\n<p>Suspendisse dolor ante, dignissim nec aliquet rhoncus, egestas rhoncus  dui. Nulla rutrum, ipsum at ullamcorper porttitor, dolor erat eleifend  odio, in consectetur nisl mi eget nulla. In non enim quis eros viverra  interdum. Phasellus venenatis sem in mi accumsan vel pretium ligula  sodales. Praesent eu gravida sem. In et semper urna. Suspendisse  potenti. Proin a ipsum sit amet purus laoreet hendrerit sed sed tellus.  Nulla feugiat enim sapien, at feugiat turpis. Aliquam ac ante in ipsum  feugiat dignissim.</p>\n<p>Cras tempus venenatis dictum. Fusce laoreet turpis hendrerit tortor  gravida non lacinia lectus elementum. Proin posuere odio fermentum orci  placerat ac tempor mauris condimentum. Pellentesque luctus turpis eget  ligula imperdiet auctor. Nam eros elit, fermentum vitae varius non,  dignissim quis erat. Ut accumsan bibendum dui eget elementum. Mauris  ante magna, lacinia aliquet sollicitudin at, interdum vel lorem. Nullam  odio dui, malesuada a feugiat sed, tincidunt non augue.</p>	NULL	NULL	f	\N	\N	0	NULL	\N	/faq	faq	f
18	2016-12-16 11:18:33	2016-12-16 11:18:33	\N	Help		<p>Lorem ipsum dolor sit amet, consectetur adipiscing elit. Integer erat  augue, condimentum ac commodo in, consectetur pellentesque quam. Sed  varius semper suscipit. Fusce tincidunt pharetra leo, quis tincidunt  magna posuere non. Quisque hendrerit quam nec elit ornare volutpat.  Proin consectetur iaculis orci ac tincidunt. Nam ultrices fermentum mi  eu consectetur. Praesent ante quam, viverra placerat mollis non,  scelerisque quis erat. Maecenas elit sapien, gravida nec sagittis at,  ultricies bibendum dolor.</p>\r\n<p>Suspendisse dolor ante, dignissim nec aliquet rhoncus, egestas rhoncus  dui. Nulla rutrum, ipsum at ullamcorper porttitor, dolor erat eleifend  odio, in consectetur nisl mi eget nulla. In non enim quis eros viverra  interdum. Phasellus venenatis sem in mi accumsan vel pretium ligula  sodales. Praesent eu gravida sem. In et semper urna. Suspendisse  potenti. Proin a ipsum sit amet purus laoreet hendrerit sed sed tellus.  Nulla feugiat enim sapien, at feugiat turpis. Aliquam ac ante in ipsum  feugiat dignissim.</p>\r\n<p>Cras tempus venenatis dictum. Fusce laoreet turpis hendrerit tortor  gravida non lacinia lectus elementum. Proin posuere odio fermentum orci  placerat ac tempor mauris condimentum. Pellentesque luctus turpis eget  ligula imperdiet auctor. Nam eros elit, fermentum vitae varius non,  dignissim quis erat. Ut accumsan bibendum dui eget elementum. Mauris  ante magna, lacinia aliquet sollicitudin at, interdum vel lorem. Nullam  odio dui, malesuada a feugiat sed, tincidunt non augue.</p>	\N	NULL	f	\N	\N	0	NULL	\N	/help	help	f
\.


--
-- Name: pages_id_seq; Type: SEQUENCE SET; Schema: public; Owner: -
--

SELECT pg_catalog.setval('pages_id_seq', 20, true);


--
-- Data for Name: payment_gateway_settings; Type: TABLE DATA; Schema: public; Owner: -
--

COPY payment_gateway_settings (id, created_at, updated_at, payment_gateway_id, name, type, options, test_mode_value, live_mode_value, label, description) FROM stdin;
31	2013-08-26 13:36:25	2013-08-26 13:36:27	2	is_payment_via_api	checkbox					Enable/Disable the ##CURRENT_PAYMENT## option
38	2015-02-13 00:00:00	2015-02-13 00:00:00	2	zazpay_transaction_fee_payer	text		Buyer	Buyer		
49	2016-08-10 16:38:04	2016-08-10 16:38:04	1	payment_gateway_all_credentials	text				All Gateway Credentials	All Payment Gateway Credentials
30	2013-08-26 12:34:11	2013-08-26 12:34:13	2	zazpay_subscription_plan	text		One Time Payment			Subscription plan name
48	2016-08-10 16:38:04	2016-12-10 11:17:59	1	zazpay_subscription_plan	text		One Time Payment	Pay as you go	Zazpay Subscription Plan	
26	2013-08-26 12:32:41	2013-08-26 12:32:43	2	zazpay_merchant_id	text		17671			
29	2013-08-26 12:33:42	2013-08-26 12:33:44	2	zazpay_api_key	text		3ddf96f8c31930d84c5a16073db50d7c9fe4dd27			
28	2013-08-26 12:33:25	2013-08-26 12:33:27	2	zazpay_secret_string	text		1ab0af3e03fd457cd42ee7907653bb633ed8d833			
27	2013-08-26 12:33:01	2013-08-26 12:33:04	2	zazpay_website_id	text		17999			
51	2017-05-16 11:29:32	2017-05-16 11:29:32	3	paypal_client_id	text		AaFSgezSJciunkPSb4CkRXq4peg90miVeOqfckaCsMOw57TcYfxRDnXXSctqWPZEWx-euOKJJ4wz6Hr-	\N	Client ID	PayPal Client ID
52	2017-05-16 11:29:32	2017-05-16 11:29:32	3	paypal_client_Secret	text		EGDZ_szCqR9VC1AlrYmN0YnVfsaX6qAVcoF1UI-RuRK5Die_1ji5blzUmUkrQ5ofh5P3v_x6th5mtq7G	CLIENT_SECRET	Client Secret	PayPal Client Secret
\.


--
-- Name: payment_gateway_settings_id_seq; Type: SEQUENCE SET; Schema: public; Owner: -
--

SELECT pg_catalog.setval('payment_gateway_settings_id_seq', 53, true);


--
-- Data for Name: payment_gateways; Type: TABLE DATA; Schema: public; Owner: -
--

COPY payment_gateways (id, created_at, updated_at, name, slug, description, is_test_mode, is_active, display_name) FROM stdin;
1	2010-05-10 10:43:02	2011-02-28 07:59:19	Wallet	wallet	Payment within the website using user's account balance.	t	t	Wallet
2	2013-08-26 12:28:30	2013-08-26 12:28:33	ZazPay	zazpay	Payment through ZazPay	t	t	ZazPay
3	2017-05-16 12:28:30	2017-05-16 12:28:30	PayPalREST	paypalrest	Payment through PayPalREST	t	t	PayPal
\.


--
-- Name: payment_gateways_id_seq; Type: SEQUENCE SET; Schema: public; Owner: -
--

SELECT pg_catalog.setval('payment_gateways_id_seq', 4, true);


--
-- Name: portfolio_reviews_id_seq; Type: SEQUENCE SET; Schema: public; Owner: -
--

SELECT pg_catalog.setval('portfolio_reviews_id_seq', 1, false);


--
-- Name: portfolio_tags_id_seq; Type: SEQUENCE SET; Schema: public; Owner: -
--

SELECT pg_catalog.setval('portfolio_tags_id_seq', 1, false);


--
-- Name: portfolio_thumbs_id_seq; Type: SEQUENCE SET; Schema: public; Owner: -
--

SELECT pg_catalog.setval('portfolio_thumbs_id_seq', 1, false);


--
-- Name: portfolio_views_id_seq; Type: SEQUENCE SET; Schema: public; Owner: -
--

SELECT pg_catalog.setval('portfolio_views_id_seq', 1, false);


--
-- Data for Name: portfolios; Type: TABLE DATA; Schema: public; Owner: -
--

COPY portfolios (id, created_at, updated_at, user_id, description, message_count, follower_count, view_count, flag_count, title, is_admin_suspend, is_notification_sent) FROM stdin;
1	2017-04-29 13:23:38	2017-04-29 13:23:38	2	App development	0	0	0	0	App development	f	t
2	2017-04-29 13:24:45	2017-04-29 13:24:45	2	App Icons	0	0	0	0	App Icons	f	t
3	2017-04-29 13:25:14	2017-04-29 13:25:14	2	APP Icons	0	0	0	0	APP Icons	f	t
4	2017-04-29 13:25:48	2017-04-29 13:25:48	2	APP Zone	0	0	0	0	APP Zone	f	t
5	2017-04-29 13:27:37	2017-04-29 13:27:37	2	Background image	0	0	0	0	Background image	f	t
6	2017-04-29 13:28:19	2017-04-29 13:28:19	2	Background image	0	0	0	0	Background image	f	t
7	2017-04-29 13:28:43	2017-04-29 13:28:43	2	Design	0	0	0	0	Design	f	t
8	2017-04-29 13:29:04	2017-04-29 13:29:04	2	Apps	0	0	0	0	Apps	f	t
9	2017-04-29 13:30:53	2017-04-29 13:30:53	3	Icons	0	0	0	0	Icons	f	t
10	2017-04-29 13:31:18	2017-04-29 13:31:18	3	Icons	0	0	0	0	Icons	f	t
11	2017-04-29 13:31:53	2017-04-29 13:31:53	3	Destop Icons	0	0	0	0	Destop Icons	f	t
12	2017-04-29 13:32:27	2017-04-29 13:32:27	3	3D image	0	0	0	0	3D image	f	t
\.


--
-- Name: portfolios_id_seq; Type: SEQUENCE SET; Schema: public; Owner: -
--

SELECT pg_catalog.setval('portfolios_id_seq', 12, true);


--
-- Name: portfolios_tags_id_seq; Type: SEQUENCE SET; Schema: public; Owner: -
--

SELECT pg_catalog.setval('portfolios_tags_id_seq', 1, false);


--
-- Data for Name: pricing_days; Type: TABLE DATA; Schema: public; Owner: -
--

COPY pricing_days (id, created_at, updated_at, no_of_days, global_price, is_active) FROM stdin;
1	2016-12-10 11:53:04	2016-12-10 11:53:04	30	50	t
2	2016-12-10 13:06:09	2016-12-10 13:06:09	360	50	t
3	2016-12-10 13:06:22	2016-12-10 13:06:22	1	10	t
4	2016-12-10 13:06:52	2016-12-10 13:06:52	10	20	t
5	2016-12-10 13:07:07	2016-12-10 13:07:07	25	40	t
6	2016-12-10 13:07:19	2016-12-10 13:07:19	5	15	t
\.


--
-- Name: pricing_days_id_seq; Type: SEQUENCE SET; Schema: public; Owner: -
--

SELECT pg_catalog.setval('pricing_days_id_seq', 6, true);


--
-- Data for Name: pricing_packages; Type: TABLE DATA; Schema: public; Owner: -
--

COPY pricing_packages (id, created_at, updated_at, name, description, global_price, participant_commision, maximum_entry_allowed, features, is_active) FROM stdin;
1	2016-12-10 11:51:51	2016-12-10 11:51:51	Silver	Our Silver package includes a bigger prize, so youll have more designs to choose from.	140	5	24	Creative design for less Expect ~15 designs Basic designer prize Skilled phone, email and chat support 100% money-back guarantee	t
2	2016-12-10 13:01:10	2016-12-10 13:01:10	Gold	Attract great designers and get priority support	195	50	30	Your project will be shown to designers before silver projects	t
3	2016-12-10 13:02:37	2016-12-10 13:02:37	Bronze	Bronze	10	0	20	 	t
4	2016-12-10 13:04:39	2016-12-10 13:04:39	Platinum	Attract the best designers and receive one-on-one assistance	295	10	40	 	t
\.


--
-- Name: pricing_packages_id_seq; Type: SEQUENCE SET; Schema: public; Owner: -
--

SELECT pg_catalog.setval('pricing_packages_id_seq', 4, true);


--
-- Data for Name: project_bid_invoice_items; Type: TABLE DATA; Schema: public; Owner: -
--

COPY project_bid_invoice_items (id, created_at, updated_at, project_bid_invoice_id, description, amount) FROM stdin;
1	2017-04-29 08:27:30	2017-04-29 08:27:30	1	Need to pay for getting Paid plugin for SEO	20
\.


--
-- Name: project_bid_invoice_items_id_seq; Type: SEQUENCE SET; Schema: public; Owner: -
--

SELECT pg_catalog.setval('project_bid_invoice_items_id_seq', 1, true);


--
-- Data for Name: project_bid_invoices; Type: TABLE DATA; Schema: public; Owner: -
--

COPY project_bid_invoices (id, created_at, updated_at, project_id, bid_id, amount, site_fee, paid_on, pay_key, zazpay_pay_key, zazpay_payment_id, zazpay_gateway_id, zazpay_revised_amount, site_commission_from_employer, site_commission_from_freelancer, user_id, is_paid, payment_gateway_id, paypal_pay_key) FROM stdin;
1	2017-04-29 08:27:30	2017-04-29 08:27:30	1	3	20	0	\N	\N	\N	\N	\N	\N	2	2	3	t	\N	\N
\.


--
-- Name: project_bid_invoices_id_seq; Type: SEQUENCE SET; Schema: public; Owner: -
--

SELECT pg_catalog.setval('project_bid_invoices_id_seq', 1, true);


--
-- Data for Name: project_bids; Type: TABLE DATA; Schema: public; Owner: -
--

COPY project_bids (id, created_at, updated_at, user_id, project_id, amount, duration, total_bid_amount, closed_date, is_closed, is_active, bidding_start_date, bidding_end_date, site_commission_from_employer, site_commission_from_freelancer, total_paid_amount, lowest_bid_amount, bid_count) FROM stdin;
5	2017-04-28 07:40:34	2017-04-28 07:40:34	2	5	10	\N	\N	\N	f	t	2017-04-28 07:40:34	2017-10-21 07:40:34	0	0	0	0	0
6	2017-04-28 07:42:27	2017-04-28 07:42:27	2	6	5	\N	\N	\N	f	t	2017-04-28 07:42:27	2017-11-27 07:42:27	0	0	0	0	0
2	2017-04-28 07:34:10	2017-04-28 09:00:12	3	2	1000	100	1900	2017-04-28 09:00:12	t	t	2017-04-28 07:34:10	2017-08-06 07:34:10	0	0	0	900	2
1	2017-04-28 07:19:58	2017-04-28 09:00:34	3	1	200	90	355	2017-04-28 09:00:34	t	t	2017-04-28 07:19:58	2017-07-27 07:19:58	0	0	0	155	2
7	2017-04-29 06:59:32	2017-04-29 07:52:46	2	7	15	\N	200	\N	f	t	2017-04-29 06:59:32	2017-12-08 06:59:32	0	0	0	200	1
3	2017-04-28 07:35:48	2017-04-29 07:55:16	2	3	20	\N	430	\N	f	t	2017-04-28 07:35:48	2017-10-27 07:35:48	0	0	0	80	3
10	2017-04-29 07:44:44	2017-04-29 07:55:34	3	10	10	\N	300	\N	f	t	2017-04-29 07:44:44	2017-12-18 07:44:44	0	0	0	100	2
8	2017-04-29 07:39:49	2017-04-29 08:01:06	3	8	15	\N	380	\N	f	t	2017-04-29 07:39:49	2017-12-28 07:39:49	0	0	0	180	2
9	2017-04-29 07:41:52	2017-04-29 08:01:31	3	9	5	\N	1300	\N	f	t	2017-04-29 07:41:52	2017-12-28 07:41:52	0	0	0	400	3
4	2017-04-28 07:38:06	2017-04-29 09:33:40	2	4	10	\N	1150	\N	f	t	2017-04-28 07:38:06	2017-10-30 07:38:06	0	0	0	250	3
\.


--
-- Name: project_bids_id_seq; Type: SEQUENCE SET; Schema: public; Owner: -
--

SELECT pg_catalog.setval('project_bids_id_seq', 10, true);


--
-- Data for Name: project_categories; Type: TABLE DATA; Schema: public; Owner: -
--

COPY project_categories (id, created_at, updated_at, name, project_count, is_active, active_project_count, icon_class) FROM stdin;
10	2011-07-27 12:29:01	2013-11-14 15:09:21	Data Entry	0	t	0	\N
11	2011-07-27 12:29:32	2013-11-14 11:27:38	Product Sourcing & Manufacturing	0	t	0	\N
13	2011-07-27 12:30:16	2013-11-14 13:35:40	Business, Accounting & Legal	0	t	0	\N
14	2011-07-27 12:30:41	2013-11-12 08:02:59	Customized	0	t	0	\N
9	2011-07-27 12:28:41	2017-04-28 07:40:34	Design	3	t	2	\N
12	2011-07-27 12:29:54	2017-04-29 07:47:08	Sales & Marketing	1	t	1	\N
8	2011-07-27 12:27:59	2017-04-29 07:47:08	Writing	1	t	1	\N
6	2011-07-27 12:26:55	2017-04-29 07:47:08	Websites IT & Software	9	t	6	\N
7	2011-07-27 12:27:23	2017-04-29 07:47:08	Mobile	2	t	1	\N
\.


--
-- Name: project_categories_id_seq; Type: SEQUENCE SET; Schema: public; Owner: -
--

SELECT pg_catalog.setval('project_categories_id_seq', 14, true);


--
-- Data for Name: project_disputes; Type: TABLE DATA; Schema: public; Owner: -
--

COPY project_disputes (id, created_at, updated_at, user_id, project_id, dispute_open_type_id, reason, dispute_status_id, resolved_date, favour_role_id, last_replied_user_id, last_replied_date, dispute_closed_type_id, message_count, expected_rating, bid_id) FROM stdin;
\.


--
-- Name: project_disputes_id_seq; Type: SEQUENCE SET; Schema: public; Owner: -
--

SELECT pg_catalog.setval('project_disputes_id_seq', 1, false);


--
-- Data for Name: project_ranges; Type: TABLE DATA; Schema: public; Owner: -
--

COPY project_ranges (id, created_at, updated_at, name, min_amount, max_amount, is_active, project_count, active_project_count, user_id) FROM stdin;
3	2011-03-30 07:54:17	2017-04-28 07:42:27	Medium	500	2000	t	2	1	0
4	2017-04-29 06:48:11	2017-04-29 06:48:11	Custom Range	500	2000	f	1	0	2
1	2011-03-30 07:53:09	2017-04-29 07:47:08	Very Small	10	200	t	5	4	0
2	2011-03-30 07:53:41	2017-04-29 07:47:08	Small	200	500	t	3	2	0
\.


--
-- Name: project_ranges_id_seq; Type: SEQUENCE SET; Schema: public; Owner: -
--

SELECT pg_catalog.setval('project_ranges_id_seq', 4, true);


--
-- Data for Name: project_statuses; Type: TABLE DATA; Schema: public; Owner: -
--

COPY project_statuses (id, created_at, updated_at, name, project_count, is_active) FROM stdin;
5	2011-03-29 10:55:22	2011-03-29 10:55:25	Bidding Expired	0	t
9	2011-03-29 10:55:22	2011-03-29 10:55:25	Bidding Closed	0	t
10	2011-03-29 10:55:22	2011-03-29 10:55:25	Employer Canceled	0	t
12	2011-03-29 10:55:22	2011-03-29 10:55:25	Mutually Canceled	0	t
13	2011-03-29 10:55:22	2011-03-29 10:55:25	Canceled By Admin	0	t
16	2011-03-29 10:55:22	2011-03-29 10:55:25	Closed	0	t
6	2011-03-29 10:55:22	2017-04-28 09:00:34	Winner Selected	2	t
11	2011-03-29 10:55:22	2017-04-28 09:01:37	Under Development	1	t
1	2011-03-29 10:55:22	2017-04-29 06:48:11	Draft	2	t
3	2011-03-29 10:55:22	2017-04-29 07:25:00	Pending For Approval	1	t
2	2011-03-29 10:55:22	2017-04-29 07:44:44	Payment Pending	1	t
4	2011-03-29 10:55:22	2017-04-29 07:47:08	Open For Bidding	6	t
15	2011-03-29 10:55:22	2017-04-29 09:01:06	Completed	1	t
14	2011-03-29 10:55:22	2017-04-29 09:01:41	Final Review Pending	1	t
\.


--
-- Name: project_statuses_id_seq; Type: SEQUENCE SET; Schema: public; Owner: -
--

SELECT pg_catalog.setval('project_statuses_id_seq', 17, true);


--
-- Data for Name: projects; Type: TABLE DATA; Schema: public; Owner: -
--

COPY projects (id, created_at, updated_at, user_id, project_status_id, project_range_id, name, slug, description, total_listing_fee, cancelled_date, ip_id, freelancer_user_id, bid_duration, is_featured, is_private, is_hidded_bid, is_pre_paid, is_urgent, is_active, is_dispute, is_cancel_request_freelancer, is_cancel_request_employer, funded_date, last_reopened_date, payment_completed_date, listing_fee, is_paid, is_reopened, zazpay_gateway_id, zazpay_payment_id, zazpay_pay_key, zazpay_revised_amount, is_notification_sent, project_type_id, site_commission_from_employer, site_commission_from_freelancer, total_paid_amount, additional_descriptions, mutual_cancel_note, project_rating_count, flag_count, message_count, follower_count, total_ratings, milestone_count, view_count, project_bid_invoice_count, payment_gateway_id, paypal_pay_key) FROM stdin;
1	2017-04-28 07:19:58	2017-04-29 09:05:09	2	16	1	Wordpress Template Updates	wordpress-template-updates	We already have a template, need to update the pictures and content. More information share later.	20	\N	\N	3	90	t	f	f	f	t	t	f	f	f	\N	\N	\N	0	t	f	\N	\N	\N	\N	t	1	0	0	-300	\N	\N	0	0	0	1	0	2	0	1	\N	\N
2	2017-04-28 07:34:10	2017-07-08 07:33:18	2	6	3	Write an iPhone application	write-an-iphone-application	I need an iOS app for one of my client. App should have features like geolocation tagging, messaging, notification.\r\nMore details will be provided to selected candidate.	20	\N	\N	3	100	t	f	f	f	t	t	f	f	f	\N	\N	\N	0	t	f	\N	\N	\N	\N	t	1	0	0	0	\N	\N	0	0	0	2	0	0	5	0	\N	\N
6	2017-04-28 07:42:27	2017-07-08 07:49:16	2	1	4	Mobile App Android, iOS	mobile-app-android-ios	I need an Android &amp; iOS app like ShareIt..\r\n1. front end unique design,\r\n2. Functionality working as much as Same or better in ShareIt,\r\n3. I including app advertisement, Admob, applovin, chart post ads space.\r\n4. Need Without any bug Issue\r\n5. unique Logo,\r\n6. in app purchase\r\n7. Admin panels, can change logo, ads space, Etc\r\n8. Other details request upon with selected Freelancer	5	\N	\N	\N	90	t	f	f	f	t	t	f	f	f	\N	\N	\N	0	f	f	\N	\N	\N	\N	t	1	0	0	0	\N	\N	0	0	0	0	0	0	2	0	\N	\N
3	2017-04-28 07:35:48	2017-07-08 07:34:04	2	4	1	Make HTML/CSS Adjustments	make-html-css-adjustments	Require to perform some amendments to a HTML page.\r\nOnly experts in HTML5/CSS/Bootstrap to bid.\r\nRequire to be complete in max 6 hours.\r\nThank you.	20	\N	\N	\N	90	t	f	f	f	t	t	f	f	f	\N	\N	\N	0	t	f	\N	\N	\N	\N	t	1	0	0	0	\N	\N	0	0	0	1	0	0	4	0	\N	\N
8	2017-04-29 07:39:49	2017-07-08 08:02:10	3	4	1	Need Someone to type from Images with 100% Accuracy	need-someone-to-type-from-images-with-100-accuracy	Hi, i have mathematics solution in images format (Total 19 Images), i need someone to type them on MS-Word with 100% Accuracy...\r\nAccuracy is very important for me.\r\nI would like to get job done, in next 3-4 Hours\r\nEasy Project, Will be awarding soon..\r\nBudget : 10$ (Fixed)\r\nImages are Uploaded in attachment..\r\nTma & 2nd tma are images set	15	\N	\N	\N	60	t	f	f	f	f	t	f	f	f	\N	\N	\N	0	t	f	\N	\N	edb49470-783c-4a49-8ecc-25945ef10fec	\N	t	1	0	0	0	\N	\N	0	0	0	0	0	0	12	0	\N	\N
5	2017-04-28 07:40:34	2017-07-08 07:48:03	2	3	2	I need some Graphic Design	i-need-some-graphic-design	We need some high-quality product photo for our store. I have uploaded a photo and some sample pictures. I need the photo to look like sample pictures quality. We have 1000s of item to do. But first, please send me the sample work before we proceed.\r\n\r\nTask: Edit the picture [17909300.....] with true colur. After bidding, please send me the work before I award you.	10	\N	\N	\N	60	f	f	f	f	f	t	f	f	f	\N	\N	\N	0	t	f	\N	\N	c862fb22-ec00-4cc2-9ca9-e3f4ae7d7cbc	\N	t	1	0	0	0	\N	\N	0	0	0	0	0	0	4	0	\N	\N
9	2017-04-29 07:41:52	2017-07-08 08:01:58	3	4	2	Create unity 3D script for android and ios	create-unity-3d-script-for-android-and-ios	I have logic all set ,i want someone to develop script in unity to get the tilt angle og device (both android and ios), I have all logic in documented so just require some really smart guy who have experience with mobile sensor values (accelerometer and orientation) to go according to logic and detect angle of tilt, basically its a script to detect lenght, height and width from the object........ write (hola) so that i understand u have read the description and then bid	5	\N	\N	\N	90	f	f	f	f	f	t	f	f	f	\N	\N	\N	0	t	f	\N	\N	cfe46d8f-8953-444b-80b1-f192276d37dd	\N	t	1	0	0	0	\N	\N	0	0	0	1	0	0	7	0	\N	\N
7	2017-04-29 06:59:32	2017-07-08 08:02:14	2	4	1	SHOPIFY THEME TWEAKS	shopify-theme-tweaks	Have some theme tweaks for a shopify e-commerce site which is being developed. Nothing major. Custom fonts, change some layouts...will start with one task now and move forward with more if I like working with you.\r\n\r\nHours of work: 40 Hr / week	15	\N	\N	\N	40	t	f	f	f	t	t	f	f	f	\N	\N	\N	0	t	f	\N	\N	75c52a6b-bd12-482a-8c58-05e696df80b0	\N	t	1	0	0	0	\N	\N	0	0	0	1	0	0	6	0	\N	\N
10	2017-04-29 07:44:44	2017-07-08 08:01:54	3	4	1	Get Traffic to my Website	get-traffic-to-my-website	This is a travel affiliate website which i just bought and I will get paid by pay per click for both flights and hotels.\r\nI have SEO for this website and you may refer as per attachment the details of the work.\r\nOnce reviewed kindly let me know what are the action that needs to be taken prior start flowing the traffic at my website.	10	\N	\N	\N	80	f	f	f	f	t	t	f	f	f	\N	\N	\N	0	t	f	\N	\N	572ede03-e892-4609-8e48-fa4084cf0455	\N	t	1	0	0	0	\N	\N	0	0	0	1	0	0	7	0	\N	\N
4	2017-04-28 07:38:06	2017-07-08 08:02:07	2	4	2	Wordpress Website Optimization	wordpress-website-optimization	I am looking for a developer with expertise in optimising Wordpress websites for speed. I have several of our clients' websites that aren't as fast as we would like them to be and aren't getting good enough results in GTMETRIX tests.\r\nHours of work: 6 Hr / week	10	\N	\N	\N	90	t	f	f	f	f	t	f	f	f	\N	\N	\N	0	t	f	\N	\N	\N	\N	t	1	0	0	0	\N	\N	0	0	0	0	0	0	6	0	\N	\N
\.


--
-- Name: projects_id_seq; Type: SEQUENCE SET; Schema: public; Owner: -
--

SELECT pg_catalog.setval('projects_id_seq', 10, true);


--
-- Data for Name: projects_project_categories; Type: TABLE DATA; Schema: public; Owner: -
--

COPY projects_project_categories (id, created_at, updated_at, project_category_id, project_id) FROM stdin;
1	2017-04-28 07:19:58	2017-04-28 07:19:58	9	1
2	2017-04-28 07:19:58	2017-04-28 07:19:58	6	1
3	2017-04-28 07:34:10	2017-04-28 07:34:10	7	2
4	2017-04-28 07:34:10	2017-04-28 07:34:10	6	2
5	2017-04-28 07:35:48	2017-04-28 07:35:48	6	3
6	2017-04-28 07:35:48	2017-04-28 07:35:48	9	3
7	2017-04-28 07:38:06	2017-04-28 07:38:06	6	4
8	2017-04-28 07:40:34	2017-04-28 07:40:34	9	5
10	2017-04-29 06:48:11	2017-04-29 06:48:11	6	6
11	2017-04-29 06:59:32	2017-04-29 06:59:32	6	7
12	2017-04-29 07:39:49	2017-04-29 07:39:49	6	8
13	2017-04-29 07:41:52	2017-04-29 07:41:52	6	9
14	2017-04-29 07:41:52	2017-04-29 07:41:52	7	9
15	2017-04-29 07:44:44	2017-04-29 07:44:44	12	10
16	2017-04-29 07:44:44	2017-04-29 07:44:44	6	10
17	2017-04-29 07:44:44	2017-04-29 07:44:44	8	10
\.


--
-- Name: projects_project_categories_id_seq; Type: SEQUENCE SET; Schema: public; Owner: -
--

SELECT pg_catalog.setval('projects_project_categories_id_seq', 17, true);


--
-- Name: projects_users_id_seq; Type: SEQUENCE SET; Schema: public; Owner: -
--

SELECT pg_catalog.setval('projects_users_id_seq', 1, false);


--
-- Data for Name: provider_users; Type: TABLE DATA; Schema: public; Owner: -
--

COPY provider_users (id, created_at, updated_at, user_id, provider_id, foreign_id, access_token, access_token_secret, is_connected, profile_picture_url) FROM stdin;
\.


--
-- Name: provider_users_id_seq; Type: SEQUENCE SET; Schema: public; Owner: -
--

SELECT pg_catalog.setval('provider_users_id_seq', 1, false);


--
-- Data for Name: providers; Type: TABLE DATA; Schema: public; Owner: -
--

COPY providers (id, created_at, updated_at, name, slug, secret_key, api_key, icon_class, button_class, is_active, "position") FROM stdin;
1	2017-01-02 06:38:18	2017-01-02 06:38:18	Twitter	twitter	\N	\N	fa-twitter	btn-twitter	t	2
2	2017-01-02 06:38:18	2017-01-02 06:38:18	Facebook	facebook	\N	\N	fa-facebook	btn-facebook	t	2
3	2017-01-02 06:38:18	2017-01-02 06:38:18	Google	google	\N	\N	fa-google-plus	btn-google	t	3
\.


--
-- Name: providers_id_seq; Type: SEQUENCE SET; Schema: public; Owner: -
--

SELECT pg_catalog.setval('providers_id_seq', 3, true);


--
-- Data for Name: publications; Type: TABLE DATA; Schema: public; Owner: -
--

COPY publications (id, created_at, updated_at, user_id, title, publisher, description) FROM stdin;
1	2017-04-28 08:47:50	2017-04-28 08:47:50	4	A-Z Design	Nic Org	I focus on creating the best design.\n \nRelease a book of A-Z Design for biggner at 2014. \n\nReference site about Lorem Ipsum, giving information on its origins, as well as a random Lipsum generator.
2	2017-04-28 08:56:13	2017-04-28 08:56:13	3	Friendship Blog	Our friend circle	It's funny,personal experience sharing ,gathering  feelings. Nothing serious .\n\nIt's funny,personal experience sharing ,gathering  feelings. Nothing serious .
\.


--
-- Name: publications_id_seq; Type: SEQUENCE SET; Schema: public; Owner: -
--

SELECT pg_catalog.setval('publications_id_seq', 2, true);


--
-- Data for Name: question_answer_options; Type: TABLE DATA; Schema: public; Owner: -
--

COPY question_answer_options (id, created_at, updated_at, question_id, option, is_correct_answer) FROM stdin;
7	2016-01-21 12:51:58	2016-01-21 12:51:58	1	0	t
6	2016-01-21 12:51:58	2016-01-21 12:51:58	1	1	f
5	2016-01-21 12:51:58	2016-01-21 12:51:58	1	-1	f
8	2016-01-21 12:51:58	2016-01-21 12:51:58	1	Programs do not return a value.	f
9	2016-01-21 12:54:06	2016-01-21 12:54:06	2	start()	f
10	2016-01-21 12:54:06	2016-01-21 12:54:06	2	system()	f
11	2016-01-21 12:54:06	2016-01-21 12:54:06	2	main()	t
12	2016-01-21 12:54:06	2016-01-21 12:54:06	2	program()	f
13	2016-01-21 12:56:39	2016-01-21 12:56:39	3	{ }	t
14	2016-01-21 12:56:39	2016-01-21 12:56:39	3	-> and <-	f
15	2016-01-21 12:56:39	2016-01-21 12:56:39	3	BEGIN and END	f
16	2016-01-21 12:56:39	2016-01-21 12:56:39	3	( and )	f
17	2016-01-21 13:00:22	2016-01-21 13:00:22	4	. (dot)	f
18	2016-01-21 13:00:22	2016-01-21 13:00:22	4	; (semi-colon)	t
19	2016-01-21 13:00:22	2016-01-21 13:00:22	4	: (colon)	f
20	2016-01-21 13:00:22	2016-01-21 13:00:22	4	' (single quote)	f
21	2016-01-21 13:02:26	2016-01-21 13:02:26	5	*/ Comments */	f
22	2016-01-21 13:02:26	2016-01-21 13:02:26	5	** Comment **	f
23	2016-01-21 13:02:26	2016-01-21 13:02:26	5	/* Comment */	t
24	2016-01-21 13:02:26	2016-01-21 13:02:26	5	{ Comment }	f
25	2016-01-21 13:03:56	2016-01-21 13:03:56	6	float	f
26	2016-01-21 13:03:56	2016-01-21 13:03:56	6	real	t
27	2016-01-21 13:03:56	2016-01-21 13:03:56	6	int	f
28	2016-01-21 13:03:56	2016-01-21 13:03:56	6	double	f
29	2016-01-21 13:36:31	2016-01-21 13:36:31	7	:=	f
30	2016-01-21 13:36:31	2016-01-21 13:36:31	7	=	f
31	2016-01-21 13:36:31	2016-01-21 13:36:31	7	equal	f
32	2016-01-21 13:36:31	2016-01-21 13:36:31	7	==	t
33	2016-01-21 13:38:15	2016-01-21 13:38:15	8	1	f
34	2016-01-21 13:38:15	2016-01-21 13:38:15	8	66	f
35	2016-01-21 13:38:15	2016-01-21 13:38:15	8	.1	f
36	2016-01-21 13:38:15	2016-01-21 13:38:15	8	-1	f
37	2016-01-21 13:38:15	2016-01-21 13:38:15	8	All of the above	t
38	2016-01-21 13:39:32	2016-01-21 13:39:32	9	&	f
39	2016-01-21 13:39:32	2016-01-21 13:39:32	9	&&	t
40	2016-01-21 13:39:32	2016-01-21 13:39:32	9	|	f
41	2016-01-21 13:39:32	2016-01-21 13:39:32	9	|&	f
42	2016-01-21 13:41:51	2016-01-21 13:41:51	10	True	t
43	2016-01-21 13:41:51	2016-01-21 13:41:51	10	False	f
44	2016-01-21 13:41:51	2016-01-21 13:41:51	10	Unevaluatable	f
45	2016-01-21 13:43:31	2016-01-21 13:43:31	11	Programmer can use comments to include short explanations within the source code itself.	f
46	2016-01-21 13:43:31	2016-01-21 13:43:31	11	All lines beginning with two slash signs are considered comments.	t
47	2016-01-21 13:43:31	2016-01-21 13:43:31	11	Comments very important effect on the behaviour of the program	f
48	2016-01-21 13:43:31	2016-01-21 13:43:31	11	both	f
49	2016-01-21 13:44:34	2016-01-21 13:44:34	12	Ampersand symbol (&)	f
50	2016-01-21 13:44:34	2016-01-21 13:44:34	12	Two Slashes (//)	f
51	2016-01-21 13:44:34	2016-01-21 13:44:34	12	Number Sign (#)	t
52	2016-01-21 13:44:34	2016-01-21 13:44:34	12	Less than symbol (<)	f
53	2016-01-21 13:46:11	2016-01-21 13:46:11	13	The declarations of the basic standard input-output library.	t
54	2016-01-21 13:46:11	2016-01-21 13:46:11	13	The streams of includes and outputs of program effect.	f
55	2016-01-21 13:46:11	2016-01-21 13:46:11	13	Both of these	f
56	2016-01-21 13:46:11	2016-01-21 13:46:11	13	None of these	f
57	2016-01-21 13:48:51	2016-01-21 13:48:51	14	Start()	f
58	2016-01-21 13:48:51	2016-01-21 13:48:51	14	Begin()	f
59	2016-01-21 13:48:51	2016-01-21 13:48:51	14	Main()	t
60	2016-01-21 13:48:51	2016-01-21 13:48:51	14	Output()	f
61	2016-01-21 13:49:55	2016-01-21 13:49:55	15	Parameters	f
62	2016-01-21 13:49:55	2016-01-21 13:49:55	15	Parenthesis	t
63	2016-01-21 13:49:55	2016-01-21 13:49:55	15	Curly braces	f
64	2016-01-21 13:49:55	2016-01-21 13:49:55	15	None of these	f
65	2016-01-21 13:51:02	2016-01-21 13:51:02	16	Cout represents the standard output stream in c++.	f
66	2016-01-21 13:51:02	2016-01-21 13:51:02	16	Cout is declared in the iostream standard file	f
67	2016-01-21 13:51:02	2016-01-21 13:51:02	16	Cout is declared within the std namespace	f
68	2016-01-21 13:51:02	2016-01-21 13:51:02	16	None of above	t
69	2016-01-21 13:51:57	2016-01-21 13:51:57	17	A full stop (.)	f
70	2016-01-21 13:51:57	2016-01-21 13:51:57	17	A Comma (,)	f
71	2016-01-21 13:51:57	2016-01-21 13:51:57	17	A Semicolon (;)	t
72	2016-01-21 13:51:57	2016-01-21 13:51:57	17	A colon (:)	f
73	2016-01-21 13:53:04	2016-01-21 13:53:04	18	These are lines read and processed by the preprocessor	f
74	2016-01-21 13:53:04	2016-01-21 13:53:04	18	They do not produce any code by themselves	f
75	2016-01-21 13:53:04	2016-01-21 13:53:04	18	These must be written on their own line	f
76	2016-01-21 13:53:04	2016-01-21 13:53:04	18	They end with a semicolon	t
77	2016-01-21 13:53:57	2016-01-21 13:53:57	19	Starting every line with double slashes (//)	f
78	2016-01-21 13:53:57	2016-01-21 13:53:57	19	Starting  with /* and ending with */	t
79	2016-01-21 13:53:57	2016-01-21 13:53:57	19	Starting with //* and ending with *//	f
80	2016-01-21 13:53:57	2016-01-21 13:53:57	19	Starting with <!- and ending with -!>	f
81	2016-01-21 13:56:58	2016-01-21 13:56:58	20	Use code and  /* comment on the same line	f
82	2016-01-21 13:56:58	2016-01-21 13:56:58	20	Use code and // comments on the same line	t
83	2016-01-21 13:56:58	2016-01-21 13:56:58	20	Use code and //* comments on the same line	f
84	2016-01-21 13:56:58	2016-01-21 13:56:58	20	Use code and <!- comments on the same line	f
85	2016-01-21 13:58:25	2016-01-21 13:58:25	21	String that varies during program execution	f
86	2016-01-21 13:58:25	2016-01-21 13:58:25	21	A portion of memory to store a determined value	t
87	2016-01-21 13:58:25	2016-01-21 13:58:25	21	Those numbers that are frequently required in programs	f
88	2016-01-21 13:58:25	2016-01-21 13:58:25	21	None of these	f
89	2016-01-21 13:59:45	2016-01-21 13:59:45	22	Letters	f
90	2016-01-21 13:59:45	2016-01-21 13:59:45	22	Digits	f
91	2016-01-21 13:59:45	2016-01-21 13:59:45	22	Underscores	f
92	2016-01-21 13:59:45	2016-01-21 13:59:45	22	Spaces	t
93	2016-01-21 14:00:43	2016-01-21 14:00:43	23	papername	f
94	2016-01-21 14:00:43	2016-01-21 14:00:43	23	writername	f
95	2016-01-21 14:00:43	2016-01-21 14:00:43	23	typename	t
96	2016-01-21 14:00:43	2016-01-21 14:00:43	23	printname	f
97	2016-01-21 14:01:28	2016-01-21 14:01:28	24	bitand	t
98	2016-01-21 14:01:28	2016-01-21 14:01:28	24	bittand	f
99	2016-01-21 14:01:28	2016-01-21 14:01:28	24	biand	f
100	2016-01-21 14:01:28	2016-01-21 14:01:28	24	band	f
101	2016-01-21 14:02:22	2016-01-21 14:02:22	25	The first one refers to a variable whose identifier is x and the second one refers to the character constant x	t
102	2016-01-21 14:02:22	2016-01-21 14:02:22	25	The first one is a character constant x and second one is the string literal x	f
195	2016-01-21 14:30:55	2016-01-21 14:30:55	46	RTS	f
103	2016-01-21 14:02:22	2016-01-21 14:02:22	25	Both are same	f
104	2016-01-21 14:02:22	2016-01-21 14:02:22	25	None of above	f
105	2016-01-21 14:03:21	2016-01-21 14:03:21	26	\\\\t	f
106	2016-01-21 14:03:21	2016-01-21 14:03:21	26	\\\\v	f
107	2016-01-21 14:03:21	2016-01-21 14:03:21	26	\\\\f	f
108	2016-01-21 14:03:21	2016-01-21 14:03:21	26	\\\\w	t
109	2016-01-21 14:04:11	2016-01-21 14:04:11	27	String Literals can extend to more than a single line of code by putting a backslash sign at the end of each unfinished line.	f
110	2016-01-21 14:04:11	2016-01-21 14:04:11	27	You can also concatenate several string constants separating them by one or several blank spaces, tabulators, newline or any other valid blank character	f
111	2016-01-21 14:04:11	2016-01-21 14:04:11	27	If we want the string literal to explicitly made of wide characters, we can precede the constant with the L prefix	f
112	2016-01-21 14:04:11	2016-01-21 14:04:11	27	All of above	t
113	2016-01-21 14:05:05	2016-01-21 14:05:05	28	It is not C++ statement but the directive for the preprocessor	f
114	2016-01-21 14:05:05	2016-01-21 14:05:05	28	This does not require a semicolon at the end of line	f
115	2016-01-21 14:05:05	2016-01-21 14:05:05	28	It is a C++ statement that declares a constant in C++	t
116	2016-01-21 14:05:05	2016-01-21 14:05:05	28	None of the above	f
117	2016-01-21 14:06:07	2016-01-21 14:06:07	29	Declares a variable pathwidth with 100 as its initial value	f
118	2016-01-21 14:06:07	2016-01-21 14:06:07	29	Declares a construction pathwidth with 100 as its initial value	f
119	2016-01-21 14:06:07	2016-01-21 14:06:07	29	Declares a constant pathwidth whose value will be 100	t
120	2016-01-21 14:06:07	2016-01-21 14:06:07	29	Constructs an integer type variable with pathwidth as identifier and 100 as value	f
121	2016-01-21 14:07:02	2016-01-21 14:07:02	30	The lvalue must always be a variable	f
122	2016-01-21 14:07:02	2016-01-21 14:07:02	30	The rvalue might be a constant, a variable, an expression or any combination of these	f
123	2016-01-21 14:07:02	2016-01-21 14:07:02	30	The assignment always takes place from right to left and never the other way	f
124	2016-01-21 14:07:02	2016-01-21 14:07:02	30	All of above	t
125	2016-01-21 14:09:18	2016-01-21 14:09:18	31	session layer	t
126	2016-01-21 14:09:18	2016-01-21 14:09:18	31	network layer	f
127	2016-01-21 14:09:18	2016-01-21 14:09:18	31	transport layer	f
128	2016-01-21 14:09:18	2016-01-21 14:09:18	31	data link layer	f
129	2016-01-21 14:09:18	2016-01-21 14:09:18	31	none of above	f
130	2016-01-21 14:10:25	2016-01-21 14:10:25	32	network layer	t
131	2016-01-21 14:10:25	2016-01-21 14:10:25	32	data link layer	f
132	2016-01-21 14:10:25	2016-01-21 14:10:25	32	transport layer	f
133	2016-01-21 14:10:25	2016-01-21 14:10:25	32	session layer	f
134	2016-01-21 14:10:25	2016-01-21 14:10:25	32	none of above	f
135	2016-01-21 14:11:38	2016-01-21 14:11:38	33	fiber optics	f
136	2016-01-21 14:11:38	2016-01-21 14:11:38	33	satellite	f
137	2016-01-21 14:11:38	2016-01-21 14:11:38	33	coaxial cable	f
138	2016-01-21 14:11:38	2016-01-21 14:11:38	33	modem	t
139	2016-01-21 14:11:38	2016-01-21 14:11:38	33	none of the above	f
140	2016-01-21 14:12:43	2016-01-21 14:12:43	34	modulation	f
141	2016-01-21 14:12:43	2016-01-21 14:12:43	34	demodulation	f
142	2016-01-21 14:12:43	2016-01-21 14:12:43	34	synchronizing	f
143	2016-01-21 14:12:43	2016-01-21 14:12:43	34	digitising	t
144	2016-01-21 14:14:09	2016-01-21 14:14:09	35	Two	f
145	2016-01-21 14:14:09	2016-01-21 14:14:09	35	Three	t
146	2016-01-21 14:14:09	2016-01-21 14:14:09	35	Seven	f
147	2016-01-21 14:14:09	2016-01-21 14:14:09	35	Six	f
148	2016-01-21 14:14:09	2016-01-21 14:14:09	35	None of above	f
149	2016-01-21 14:16:02	2016-01-21 14:16:02	36	physical layer	t
150	2016-01-21 14:16:02	2016-01-21 14:16:02	36	link layer	f
151	2016-01-21 14:16:02	2016-01-21 14:16:02	36	transport layer	f
152	2016-01-21 14:16:02	2016-01-21 14:16:02	36	network layer	f
153	2016-01-21 14:16:02	2016-01-21 14:16:02	36	none of above	f
154	2016-01-21 14:18:57	2016-01-21 14:18:57	37	technique for start-stop data	f
155	2016-01-21 14:18:57	2016-01-21 14:18:57	37	technique for dial access	f
156	2016-01-21 14:18:57	2016-01-21 14:18:57	37	DTE/DCE interface	t
157	2016-01-21 14:18:57	2016-01-21 14:18:57	37	data bit rate	f
158	2016-01-21 14:18:57	2016-01-21 14:18:57	37	none of above	f
159	2016-01-21 14:20:20	2016-01-21 14:20:20	38	simplex	f
160	2016-01-21 14:20:20	2016-01-21 14:20:20	38	half duplex	t
161	2016-01-21 14:20:20	2016-01-21 14:20:20	38	three-quarters duplex	f
162	2016-01-21 14:20:20	2016-01-21 14:20:20	38	all of the above	f
163	2016-01-21 14:20:20	2016-01-21 14:20:20	38	none of the above	f
164	2016-01-21 14:21:33	2016-01-21 14:21:33	39	front end processor	f
165	2016-01-21 14:21:33	2016-01-21 14:21:33	39	multiplexer	f
166	2016-01-21 14:21:33	2016-01-21 14:21:33	39	controller	f
167	2016-01-21 14:21:33	2016-01-21 14:21:33	39	concentrator	f
168	2016-01-21 14:21:33	2016-01-21 14:21:33	39	all of the above	t
169	2016-01-21 14:23:14	2016-01-21 14:23:14	40	4	f
170	2016-01-21 14:23:14	2016-01-21 14:23:14	40	2	f
171	2016-01-21 14:23:14	2016-01-21 14:23:14	40	6	f
172	2016-01-21 14:23:14	2016-01-21 14:23:14	40	3	t
173	2016-01-21 14:23:14	2016-01-21 14:23:14	40	none of the above	f
174	2016-01-21 14:25:30	2016-01-21 14:25:30	41	simplex lines	f
175	2016-01-21 14:25:30	2016-01-21 14:25:30	41	half-duplex lines	t
176	2016-01-21 14:25:30	2016-01-21 14:25:30	41	full duplex lines	f
177	2016-01-21 14:25:30	2016-01-21 14:25:30	41	biflex-lines	f
178	2016-01-21 14:27:21	2016-01-21 14:27:21	42	The difference between synchronous and asynchronous transmission is the clocking derived from the data in synchronous transmission.	f
179	2016-01-21 14:27:21	2016-01-21 14:27:21	42	Half duplex line is a communication line in which data can move in two directions, but not at the same time.	f
180	2016-01-21 14:27:21	2016-01-21 14:27:21	42	Teleprocessing combines telecommunications and DP techniques in online activities	f
181	2016-01-21 14:27:21	2016-01-21 14:27:21	42	Batch processing is the prefered processing mode for telecommunication operation.	t
182	2016-01-21 14:28:19	2016-01-21 14:28:19	43	coaxial cable	f
183	2016-01-21 14:28:19	2016-01-21 14:28:19	43	fiber optics cable	f
184	2016-01-21 14:28:19	2016-01-21 14:28:19	43	microwave circuits	f
185	2016-01-21 14:28:19	2016-01-21 14:28:19	43	all of above	t
186	2016-01-21 14:29:06	2016-01-21 14:29:06	44	telephone lines	f
187	2016-01-21 14:29:06	2016-01-21 14:29:06	44	coaxial cables	f
188	2016-01-21 14:29:06	2016-01-21 14:29:06	44	modem	t
189	2016-01-21 14:29:06	2016-01-21 14:29:06	44	microwave systems	f
190	2016-01-21 14:29:59	2016-01-21 14:29:59	45	doubleplexer	t
191	2016-01-21 14:29:59	2016-01-21 14:29:59	45	multiplexer	f
192	2016-01-21 14:29:59	2016-01-21 14:29:59	45	concentrator	f
193	2016-01-21 14:29:59	2016-01-21 14:29:59	45	controller	f
194	2016-01-21 14:30:55	2016-01-21 14:30:55	46	VDR	t
196	2016-01-21 14:30:55	2016-01-21 14:30:55	46	CTS	f
197	2016-01-21 14:30:55	2016-01-21 14:30:55	46	DSR	f
198	2016-01-21 14:32:10	2016-01-21 14:32:10	47	Multiplexers are designed to accept data from several I/O devices and transmit a unified stream of data on one communication line	f
199	2016-01-21 14:32:10	2016-01-21 14:32:10	47	HDLC is a standard synchronous communication protocol.	f
200	2016-01-21 14:32:10	2016-01-21 14:32:10	47	RTS/CTS is the way the DTE indicates that it is ready to transmit data and the way the DCW indicates that it is ready to accept data	f
201	2016-01-21 14:32:10	2016-01-21 14:32:10	47	RTS/CTS is the way the terminal indicates ringing	t
202	2016-01-21 14:33:16	2016-01-21 14:33:16	48	resistance to data theft	f
203	2016-01-21 14:33:16	2016-01-21 14:33:16	48	fast data transmission rate	f
204	2016-01-21 14:33:16	2016-01-21 14:33:16	48	low noise level	f
205	2016-01-21 14:33:16	2016-01-21 14:33:16	48	all of above	t
206	2016-01-21 14:34:25	2016-01-21 14:34:25	49	communications software	f
207	2016-01-21 14:34:25	2016-01-21 14:34:25	49	protocol	f
208	2016-01-21 14:34:25	2016-01-21 14:34:25	49	communication hardware	f
209	2016-01-21 14:34:25	2016-01-21 14:34:25	49	all of above including access to transmission medium	t
210	2016-01-21 14:35:14	2016-01-21 14:35:14	50	Bipolar	t
211	2016-01-21 14:35:14	2016-01-21 14:35:14	50	NRZ	f
212	2016-01-21 14:35:14	2016-01-21 14:35:14	50	Manchester	f
213	2016-01-21 14:35:14	2016-01-21 14:35:14	50	Binary	f
214	2016-01-21 14:36:39	2016-01-21 14:36:39	51	simplex	f
215	2016-01-21 14:36:39	2016-01-21 14:36:39	51	half-duplex	f
216	2016-01-21 14:36:39	2016-01-21 14:36:39	51	full-duplex	t
217	2016-01-21 14:36:39	2016-01-21 14:36:39	51	b and c	f
218	2016-01-21 14:36:39	2016-01-21 14:36:39	51	None of above	f
219	2016-01-21 14:38:04	2016-01-21 14:38:04	52	1	f
220	2016-01-21 14:38:04	2016-01-21 14:38:04	52	2	t
221	2016-01-21 14:38:04	2016-01-21 14:38:04	52	4	f
222	2016-01-21 14:38:04	2016-01-21 14:38:04	52	6	f
223	2016-01-21 14:38:04	2016-01-21 14:38:04	52	none of above	f
224	2016-01-21 14:39:52	2016-01-21 14:39:52	53	wide band channel	f
225	2016-01-21 14:39:52	2016-01-21 14:39:52	53	voice band challen	f
226	2016-01-21 14:39:52	2016-01-21 14:39:52	53	narrow band channel	t
227	2016-01-21 14:41:04	2016-01-21 14:41:04	54	simplex lines	f
228	2016-01-21 14:41:04	2016-01-21 14:41:04	54	wideband channel	f
229	2016-01-21 14:41:04	2016-01-21 14:41:04	54	narrowband channel	t
230	2016-01-21 14:41:04	2016-01-21 14:41:04	54	dialed service	f
231	2016-01-21 14:42:17	2016-01-21 14:42:17	55	concentrator	f
232	2016-01-21 14:42:17	2016-01-21 14:42:17	55	modifier	f
233	2016-01-21 14:42:17	2016-01-21 14:42:17	55	multiplexer	t
234	2016-01-21 14:42:17	2016-01-21 14:42:17	55	full-duplex line	f
235	2016-01-21 14:43:42	2016-01-21 14:43:42	56	100 microwatts	t
236	2016-01-21 14:43:42	2016-01-21 14:43:42	56	440 microwatts	f
237	2016-01-21 14:43:42	2016-01-21 14:43:42	56	100 picowatts	f
238	2016-01-21 14:43:42	2016-01-21 14:43:42	56	10 miliwatts	f
239	2016-01-21 14:45:02	2016-01-21 14:45:02	57	they produce large volume of data	f
240	2016-01-21 14:45:02	2016-01-21 14:45:02	57	they contain clock recovery circuits	t
241	2016-01-21 14:45:02	2016-01-21 14:45:02	57	they transmit the data with stop and start bits	f
242	2016-01-21 14:45:02	2016-01-21 14:45:02	57	they operate with a larger bandwidth	f
243	2016-01-21 14:45:02	2016-01-21 14:45:02	57	none of above	f
244	2016-01-21 14:46:11	2016-01-21 14:46:11	58	terminal section of a synchronous modem contains the scrambler	f
245	2016-01-21 14:46:11	2016-01-21 14:46:11	58	receiver section of a synchronous modem contains the scrambler	f
246	2016-01-21 14:46:11	2016-01-21 14:46:11	58	transmission section of a synchronous modem contains the scrambler	t
247	2016-01-21 14:46:11	2016-01-21 14:46:11	58	control section of a synchronous modem contains the scrambler	f
248	2016-01-21 14:46:11	2016-01-21 14:46:11	58	none of the above	f
249	2016-01-21 14:47:16	2016-01-21 14:47:16	59	equilizer	t
250	2016-01-21 14:47:16	2016-01-21 14:47:16	59	modulator	f
251	2016-01-21 14:47:16	2016-01-21 14:47:16	59	demodulator	f
252	2016-01-21 14:47:16	2016-01-21 14:47:16	59	terminal	f
253	2016-01-21 14:47:16	2016-01-21 14:47:16	59	none of aobve	f
254	2016-01-21 14:49:10	2016-01-21 14:49:10	60	narrow band channel	f
255	2016-01-21 14:49:10	2016-01-21 14:49:10	60	simplex lines	f
256	2016-01-21 14:49:10	2016-01-21 14:49:10	60	full duplex lines	t
257	2016-01-21 14:49:10	2016-01-21 14:49:10	60	mixed band channels	f
258	2016-01-21 14:51:33	2016-01-21 14:51:33	61	bit-byte-record-field-file-database	f
259	2016-01-21 14:51:33	2016-01-21 14:51:33	61	byte-bit-field-record-file-database	f
260	2016-01-21 14:51:33	2016-01-21 14:51:33	61	bit-byte-field-record-file-database	t
261	2016-01-21 14:51:33	2016-01-21 14:51:33	61	bit-byte-file-record-field-database	f
262	2016-01-21 14:53:12	2016-01-21 14:53:12	62	It is a physical representation of the data	f
263	2016-01-21 14:53:12	2016-01-21 14:53:12	62	It allows a many-to-many relationship	t
264	2016-01-21 14:53:12	2016-01-21 14:53:12	62	It is conceptually simple	f
265	2016-01-21 14:53:12	2016-01-21 14:53:12	62	It will be dominant data base of the future	f
266	2016-01-21 14:54:54	2016-01-21 14:54:54	63	difficult to update	f
267	2016-01-21 14:54:54	2016-01-21 14:54:54	63	lack of data independence	f
268	2016-01-21 14:54:54	2016-01-21 14:54:54	63	data redundancy	f
269	2016-01-21 14:54:54	2016-01-21 14:54:54	63	program dependence	f
270	2016-01-21 14:54:54	2016-01-21 14:54:54	63	all of above	t
271	2016-01-21 14:56:34	2016-01-21 14:56:34	64	DB/DC dictionary	t
272	2016-01-21 14:56:34	2016-01-21 14:56:34	64	TOTAL	f
273	2016-01-21 14:56:34	2016-01-21 14:56:34	64	ACCESS	f
274	2016-01-21 14:56:34	2016-01-21 14:56:34	64	Datapac	f
275	2016-01-21 14:56:34	2016-01-21 14:56:34	64	Data Manager	f
276	2016-01-21 14:57:41	2016-01-21 14:57:41	65	to check all input data	f
277	2016-01-21 14:57:41	2016-01-21 14:57:41	65	to check all spelling	f
278	2016-01-21 14:57:41	2016-01-21 14:57:41	65	to collect and organize input data	t
279	2016-01-21 14:57:41	2016-01-21 14:57:41	65	to output data	f
280	2016-01-21 14:58:51	2016-01-21 14:58:51	66	High level language	f
281	2016-01-21 14:58:51	2016-01-21 14:58:51	66	SQL	f
282	2016-01-21 14:58:51	2016-01-21 14:58:51	66	Query Language	t
283	2016-01-21 14:58:51	2016-01-21 14:58:51	66	4GL	f
571	2016-01-22 06:22:47	2016-01-22 06:22:47	138	Dir	f
284	2016-01-21 14:59:51	2016-01-21 14:59:51	67	handwritten list	f
285	2016-01-21 14:59:51	2016-01-21 14:59:51	67	a Rolodex card file	f
286	2016-01-21 14:59:51	2016-01-21 14:59:51	67	a business form	f
287	2016-01-21 14:59:51	2016-01-21 14:59:51	67	all of above	t
288	2016-01-21 15:01:11	2016-01-21 15:01:11	68	print	f
289	2016-01-21 15:01:11	2016-01-21 15:01:11	68	sort	f
290	2016-01-21 15:01:11	2016-01-21 15:01:11	68	look-up	t
291	2016-01-21 15:01:11	2016-01-21 15:01:11	68	all of above	f
292	2016-01-21 15:02:07	2016-01-21 15:02:07	69	each user can "see" only a small part of the entire database	t
293	2016-01-21 15:02:07	2016-01-21 15:02:07	69	each subschema contains every field in the logical schema	f
294	2016-01-21 15:02:07	2016-01-21 15:02:07	69	each user can access every subschema	f
295	2016-01-21 15:03:14	2016-01-21 15:03:14	70	spreadsheet program	f
296	2016-01-21 15:03:14	2016-01-21 15:03:14	70	word processor program	f
297	2016-01-21 15:03:14	2016-01-21 15:03:14	70	graphics program	f
298	2016-01-21 15:03:14	2016-01-21 15:03:14	70	all of the above	t
299	2016-01-21 15:04:23	2016-01-21 15:04:23	71	class	f
300	2016-01-21 15:04:23	2016-01-21 15:04:23	71	Social Security Number	t
301	2016-01-21 15:04:23	2016-01-21 15:04:23	71	GPA	f
302	2016-01-21 15:04:23	2016-01-21 15:04:23	71	Major	f
303	2016-01-21 15:05:40	2016-01-21 15:05:40	72	Elimination of data redundancy	f
304	2016-01-21 15:05:40	2016-01-21 15:05:40	72	Ability of associate deleted data	f
305	2016-01-21 15:05:40	2016-01-21 15:05:40	72	increased security	f
306	2016-01-21 15:05:40	2016-01-21 15:05:40	72	program/data independence	f
307	2016-01-21 15:05:40	2016-01-21 15:05:40	72	all of the above 	t
308	2016-01-21 15:07:30	2016-01-21 15:07:30	73	report writer	f
309	2016-01-21 15:07:30	2016-01-21 15:07:30	73	query language	f
310	2016-01-21 15:07:30	2016-01-21 15:07:30	73	data manipulation language	f
311	2016-01-21 15:07:30	2016-01-21 15:07:30	73	transaction log	t
312	2016-01-21 15:07:30	2016-01-21 15:07:30	73	none of the above	f
313	2016-01-21 15:08:50	2016-01-21 15:08:50	74	storage function	f
314	2016-01-21 15:08:50	2016-01-21 15:08:50	74	processing functions	t
315	2016-01-21 15:08:50	2016-01-21 15:08:50	74	access control	f
316	2016-01-21 15:08:50	2016-01-21 15:08:50	74	all of the above	f
317	2016-01-21 15:08:50	2016-01-21 15:08:50	74	none of the above	f
318	2016-01-21 15:09:53	2016-01-21 15:09:53	75	database management system (DBMS)	f
319	2016-01-21 15:09:53	2016-01-21 15:09:53	75	database processing system (DBPS)	f
320	2016-01-21 15:09:53	2016-01-21 15:09:53	75	data management system (DMS)	f
321	2016-01-21 15:09:53	2016-01-21 15:09:53	75	all of above	t
322	2016-01-21 15:11:27	2016-01-21 15:11:27	76	full media	f
323	2016-01-21 15:11:27	2016-01-21 15:11:27	76	graphics media	f
324	2016-01-21 15:11:27	2016-01-21 15:11:27	76	multimedia	t
325	2016-01-21 15:11:27	2016-01-21 15:11:27	76	hypertext	f
326	2016-01-21 15:12:25	2016-01-21 15:12:25	77	can handle many files of information at a time	f
327	2016-01-21 15:12:25	2016-01-21 15:12:25	77	can be used to extract information stored in a computer file	t
328	2016-01-21 15:12:25	2016-01-21 15:12:25	77	always uses a list as its model	f
329	2016-01-21 15:12:25	2016-01-21 15:12:25	77	both a and b 	f
330	2016-01-21 15:13:08	2016-01-21 15:13:08	78	insert	f
331	2016-01-21 15:13:08	2016-01-21 15:13:08	78	modify	t
332	2016-01-21 15:13:08	2016-01-21 15:13:08	78	lookup	f
333	2016-01-21 15:13:08	2016-01-21 15:13:08	78	none of above	f
334	2016-01-21 15:14:01	2016-01-21 15:14:01	79	can not hide sensitive information from users	f
335	2016-01-21 15:14:01	2016-01-21 15:14:01	79	keeps its logical structure hidden from users	f
336	2016-01-21 15:14:01	2016-01-21 15:14:01	79	keeps its physical structure hidden from users	t
337	2016-01-21 15:14:01	2016-01-21 15:14:01	79	both b and c	f
338	2016-01-21 15:15:02	2016-01-21 15:15:02	80	is generally stored on disk in an ASCII text fromat	t
339	2016-01-21 15:15:02	2016-01-21 15:15:02	80	can be used as is by the DBMS	f
340	2016-01-21 15:15:02	2016-01-21 15:15:02	80	both a and b	f
341	2016-01-21 15:15:02	2016-01-21 15:15:02	80	none of the above	f
342	2016-01-21 15:16:30	2016-01-21 15:16:30	81	there is common sharing of data among the various applications	t
343	2016-01-21 15:16:30	2016-01-21 15:16:30	81	it is file oriented	f
344	2016-01-21 15:16:30	2016-01-21 15:16:30	81	programs are dependent on the file	f
345	2016-01-21 15:16:30	2016-01-21 15:16:30	81	it is inflexible	f
346	2016-01-21 15:16:30	2016-01-21 15:16:30	81	all of the above are true	f
347	2016-01-21 15:18:22	2016-01-21 15:18:22	82	high resolution video display	f
348	2016-01-21 15:18:22	2016-01-21 15:18:22	82	printer	f
349	2016-01-21 15:18:22	2016-01-21 15:18:22	82	high speed, large capacity disk	t
350	2016-01-21 15:18:22	2016-01-21 15:18:22	82	plotter	f
351	2016-01-21 15:18:22	2016-01-21 15:18:22	82	mouse	f
352	2016-01-21 15:19:36	2016-01-21 15:19:36	83	true	f
353	2016-01-21 15:19:36	2016-01-21 15:19:36	83	false	t
354	2016-01-21 15:22:29	2016-01-21 15:22:29	84	large computer system is available	f
355	2016-01-21 15:22:29	2016-01-21 15:22:29	84	only a small computer system is avilbale	f
356	2016-01-21 15:22:29	2016-01-21 15:22:29	84	only a few transactions are involved	f
357	2016-01-21 15:22:29	2016-01-21 15:22:29	84	all of the above	f
358	2016-01-21 15:22:29	2016-01-21 15:22:29	84	none of the above	t
359	2016-01-21 15:23:18	2016-01-21 15:23:18	85	fields	f
360	2016-01-21 15:23:18	2016-01-21 15:23:18	85	records	f
361	2016-01-21 15:23:18	2016-01-21 15:23:18	85	database	t
362	2016-01-21 15:23:18	2016-01-21 15:23:18	85	sectors	f
363	2016-01-21 15:24:08	2016-01-21 15:24:08	86	dBase IV	f
364	2016-01-21 15:24:08	2016-01-21 15:24:08	86	4th Dimension	f
365	2016-01-21 15:24:08	2016-01-21 15:24:08	86	FoxPro	f
366	2016-01-21 15:24:08	2016-01-21 15:24:08	86	Reflex	t
367	2016-01-21 15:25:13	2016-01-21 15:25:13	87	you need to understand the low level details of how information is stored	f
368	2016-01-21 15:25:13	2016-01-21 15:25:13	87	you need to understand the model the record management system uses	t
369	2016-01-21 15:25:13	2016-01-21 15:25:13	87	bother a and b	f
370	2016-01-21 15:25:13	2016-01-21 15:25:13	87	none of the above	f
371	2016-01-21 15:26:18	2016-01-21 15:26:18	88	are faster than index/report generators	f
372	2016-01-21 15:26:18	2016-01-21 15:26:18	88	require more disk space than indexed/report generators	t
373	2016-01-21 15:26:18	2016-01-21 15:26:18	88	do not need to sort before generating report	f
374	2016-01-21 15:26:18	2016-01-21 15:26:18	88	both a and b	f
375	2016-01-21 15:28:04	2016-01-21 15:28:04	89	storage space is wasted	f
376	2016-01-21 15:28:04	2016-01-21 15:28:04	89	changing the data in one spot will cause data inconsistency	f
377	2016-01-21 15:28:04	2016-01-21 15:28:04	89	in can be more easily accessed	f
378	2016-01-21 15:28:04	2016-01-21 15:28:04	89	both and b	t
379	2016-01-21 15:29:21	2016-01-21 15:29:21	90	is used to make backup copies	f
380	2016-01-21 15:29:21	2016-01-21 15:29:21	90	is the recorded history of operations performed on a file	t
381	2016-01-21 15:29:21	2016-01-21 15:29:21	90	can be used to restore lost information	f
382	2016-01-21 15:29:21	2016-01-21 15:29:21	90	none of the aobve	f
383	2016-01-21 15:31:28	2016-01-21 15:31:28	91	Program or sequence of instructions that is interpreted or carried out by processor directly	f
384	2016-01-21 15:31:28	2016-01-21 15:31:28	91	Program or sequence of instruction that is interpreted or carried out by another program	t
385	2016-01-21 15:31:28	2016-01-21 15:31:28	91	Program or sequence of instruction that is interpreted or carried out by web server only	f
386	2016-01-21 15:31:28	2016-01-21 15:31:28	91	None of above	f
387	2016-01-21 15:32:12	2016-01-21 15:32:12	92	Faster	f
388	2016-01-21 15:32:12	2016-01-21 15:32:12	92	Slower	t
389	2016-01-21 15:32:12	2016-01-21 15:32:12	92	The execution speed is similar	f
390	2016-01-21 15:32:12	2016-01-21 15:32:12	92	All of above	f
391	2016-01-21 15:34:10	2016-01-21 15:34:10	93	Open source general purpose	t
392	2016-01-21 15:34:10	2016-01-21 15:34:10	93	Proprietary general purpose	f
393	2016-01-21 15:34:10	2016-01-21 15:34:10	93	Open source special purpose	f
394	2016-01-21 15:34:10	2016-01-21 15:34:10	93	Proprietary special purpose	f
395	2016-01-21 15:35:13	2016-01-21 15:35:13	94	PHP can be used to develop web applications.	f
396	2016-01-21 15:35:13	2016-01-21 15:35:13	94	PHP makes a website dynamic.	f
397	2016-01-21 15:35:13	2016-01-21 15:35:13	94	PHP applications can not be compiled.	f
398	2016-01-21 15:35:13	2016-01-21 15:35:13	94	PHP can not be embedded into html.	t
399	2016-01-21 15:36:54	2016-01-21 15:36:54	95	$get	f
400	2016-01-21 15:36:54	2016-01-21 15:36:54	95	$ask	t
401	2016-01-21 15:36:54	2016-01-21 15:36:54	95	$request	f
402	2016-01-21 15:36:54	2016-01-21 15:36:54	95	$post	f
403	2016-01-21 15:37:57	2016-01-21 15:37:57	96	It can never be changed or undefined	t
404	2016-01-21 15:37:57	2016-01-21 15:37:57	96	It can never be changed but can be undefined	f
405	2016-01-21 15:37:57	2016-01-21 15:37:57	96	It can be changed but can not be undefined	f
406	2016-01-21 15:37:57	2016-01-21 15:37:57	96	It can be changed and can be undefined	f
407	2016-01-21 15:38:55	2016-01-21 15:38:55	97	admin	f
408	2016-01-21 15:38:55	2016-01-21 15:38:55	97	admin@psexam	f
409	2016-01-21 15:38:55	2016-01-21 15:38:55	97	@psexam.com	t
410	2016-01-21 15:38:55	2016-01-21 15:38:55	97	psexam.com	f
411	2016-01-21 15:39:53	2016-01-21 15:39:53	98	count($variable)	f
412	2016-01-21 15:39:53	2016-01-21 15:39:53	98	len($variable)	f
413	2016-01-21 15:39:53	2016-01-21 15:39:53	98	strcount($variable)	f
414	2016-01-21 15:39:53	2016-01-21 15:39:53	98	strlen($variable)	t
415	2016-01-21 15:40:45	2016-01-21 15:40:45	99	chr( );	f
416	2016-01-21 15:40:45	2016-01-21 15:40:45	99	asc( );	f
417	2016-01-21 15:40:45	2016-01-21 15:40:45	99	ord( );	t
418	2016-01-21 15:40:45	2016-01-21 15:40:45	99	val( );	f
419	2016-01-21 15:41:47	2016-01-21 15:41:47	100	echo ucwords($word)	f
420	2016-01-21 15:41:47	2016-01-21 15:41:47	100	echo ucwords(strtolower($word)	t
421	2016-01-21 15:41:47	2016-01-21 15:41:47	100	echo ucfirst($word)	f
422	2016-01-21 15:41:47	2016-01-21 15:41:47	100	echo ucfirst(strtolower($word)	f
423	2016-01-21 15:43:02	2016-01-21 15:43:02	101	The message	f
424	2016-01-21 15:43:02	2016-01-21 15:43:02	101	The recipient	f
425	2016-01-21 15:43:02	2016-01-21 15:43:02	101	The header	f
426	2016-01-21 15:43:02	2016-01-21 15:43:02	101	The subject	t
427	2016-01-21 15:45:05	2016-01-21 15:45:05	102	1, 4, 2, 3, 5	t
428	2016-01-21 15:45:05	2016-01-21 15:45:05	102	4, 1, 2, 3, 5	f
429	2016-01-21 15:45:05	2016-01-21 15:45:05	102	1, 5, 4, 2, 1	f
430	2016-01-21 15:45:05	2016-01-21 15:45:05	102	4, 1, 3, 2, 5	f
431	2016-01-21 15:45:55	2016-01-21 15:45:55	103	sssion_decode	f
432	2016-01-21 15:45:55	2016-01-21 15:45:55	103	session_destroy	f
433	2016-01-21 15:45:55	2016-01-21 15:45:55	103	session_id	f
434	2016-01-21 15:45:55	2016-01-21 15:45:55	103	session_pw	t
435	2016-01-21 15:46:47	2016-01-21 15:46:47	104	Uplaod is not successful, error occurred	f
436	2016-01-21 15:46:47	2016-01-21 15:46:47	104	The file uploaded with success	t
437	2016-01-21 15:46:47	2016-01-21 15:46:47	104	Uploaded file size is 0	f
438	2016-01-21 15:46:47	2016-01-21 15:46:47	104	File upload progress is 0% completed	f
439	2016-01-21 15:47:53	2016-01-21 15:47:53	105	<? php ?>	t
440	2016-01-21 15:47:53	2016-01-21 15:47:53	105	<%   %>	f
441	2016-01-21 15:47:53	2016-01-21 15:47:53	105	<?     ?>	f
442	2016-01-21 15:47:53	2016-01-21 15:47:53	105	<script language="php"> </script>	f
443	2016-01-21 15:49:02	2016-01-21 15:49:02	106	<?echo "This is php example"; ?>	f
444	2016-01-21 15:49:02	2016-01-21 15:49:02	106	<P="This is php example"; ?>	f
445	2016-01-21 15:49:02	2016-01-21 15:49:02	106	<?PHP echo "This is php example"; php?>	t
446	2016-01-21 15:49:02	2016-01-21 15:49:02	106	<script language="php"> print "This is php example";</script>	f
447	2016-01-21 15:52:51	2016-01-21 15:52:51	107	You can use any of the delimiting style	f
448	2016-01-21 15:52:51	2016-01-21 15:52:51	107	You can use different delimiting styles in same page	f
449	2016-01-21 15:52:51	2016-01-21 15:52:51	107	You can use any delimiting style but must use a single style consistently for a page	t
450	2016-01-21 15:52:51	2016-01-21 15:52:51	107	Variables declared in previous blocks are remenbered on later blocks too!	f
451	2016-01-21 15:53:45	2016-01-21 15:53:45	108	echo ( )	f
452	2016-01-21 15:53:45	2016-01-21 15:53:45	108	print ( )	t
453	2016-01-21 15:53:45	2016-01-21 15:53:45	108	both	f
454	2016-01-21 15:53:45	2016-01-21 15:53:45	108	None	f
455	2016-01-21 15:54:35	2016-01-21 15:54:35	109	Array	t
456	2016-01-21 15:54:35	2016-01-21 15:54:35	109	String	f
457	2016-01-21 15:54:35	2016-01-21 15:54:35	109	Float	f
458	2016-01-21 15:54:35	2016-01-21 15:54:35	109	Boolean	f
459	2016-01-21 15:55:30	2016-01-21 15:55:30	110	8 bit integer value	f
460	2016-01-21 15:55:30	2016-01-21 15:55:30	110	16 bit integer value	f
461	2016-01-21 15:55:30	2016-01-21 15:55:30	110	32 bit integer value	f
462	2016-01-21 15:55:30	2016-01-21 15:55:30	110	64 bit integer value	t
463	2016-01-22 05:52:29	2016-01-22 05:52:29	111	floats	f
464	2016-01-22 05:52:29	2016-01-22 05:52:29	111	integer	t
465	2016-01-22 05:52:29	2016-01-22 05:52:29	111	doubles	f
466	2016-01-22 05:52:29	2016-01-22 05:52:29	111	Real number	f
467	2016-01-22 05:54:55	2016-01-22 05:54:55	112	4.5678	f
468	2016-01-22 05:54:55	2016-01-22 05:54:55	112	4.0	f
469	2016-01-22 05:54:55	2016-01-22 05:54:55	112	7e4	f
470	2016-01-22 05:54:55	2016-01-22 05:54:55	112	All of above	t
471	2016-01-22 05:57:46	2016-01-22 05:57:46	113	Integer	f
472	2016-01-22 05:57:46	2016-01-22 05:57:46	113	Float	f
473	2016-01-22 05:57:46	2016-01-22 05:57:46	113	String	t
474	2016-01-22 05:57:46	2016-01-22 05:57:46	113	Booleans	f
475	2016-01-22 05:58:46	2016-01-22 05:58:46	114	(array)	f
476	2016-01-22 05:58:46	2016-01-22 05:58:46	114	(int64)	t
477	2016-01-22 05:58:46	2016-01-22 05:58:46	114	(real) or (double) or (float)	f
478	2016-01-22 05:58:46	2016-01-22 05:58:46	114	(object)	f
479	2016-01-22 05:59:58	2016-01-22 05:59:58	115	Identifier are case sensitive. So $result is different than $ result	f
688	2016-01-22 06:58:53	2016-01-22 06:58:53	166	20	f
480	2016-01-22 05:59:58	2016-01-22 05:59:58	115	Identifiers can be any length	f
481	2016-01-22 05:59:58	2016-01-22 05:59:58	115	Both of above	t
482	2016-01-22 05:59:58	2016-01-22 05:59:58	115	None of above	f
483	2016-01-22 06:01:03	2016-01-22 06:01:03	116	my-function	f
484	2016-01-22 06:01:03	2016-01-22 06:01:03	116	size	f
485	2016-01-22 06:01:03	2016-01-22 06:01:03	116	some word	f
486	2016-01-22 06:01:03	2016-01-22 06:01:03	116	This&that	t
487	2016-01-22 06:02:07	2016-01-22 06:02:07	117	Local variables	f
488	2016-01-22 06:02:07	2016-01-22 06:02:07	117	Function parameters	f
489	2016-01-22 06:02:07	2016-01-22 06:02:07	117	Hidden variables	t
490	2016-01-22 06:02:07	2016-01-22 06:02:07	117	Global variables	f
491	2016-01-22 06:03:12	2016-01-22 06:03:12	118	somerar is 15	f
492	2016-01-22 06:03:12	2016-01-22 06:03:12	118	somerar is 16	t
493	2016-01-22 06:03:12	2016-01-22 06:03:12	118	somerar is 1	f
494	2016-01-22 06:03:12	2016-01-22 06:03:12	118	somerar is $ somerar	f
495	2016-01-22 06:04:03	2016-01-22 06:04:03	119	multiplication	f
496	2016-01-22 06:04:03	2016-01-22 06:04:03	119	concatenation	t
497	2016-01-22 06:04:03	2016-01-22 06:04:03	119	separate object and its member	f
498	2016-01-22 06:04:03	2016-01-22 06:04:03	119	delimeter	f
499	2016-01-22 06:05:28	2016-01-22 06:05:28	120	Any code found within an included file will inherit the variable scope of the location of its caller	f
500	2016-01-22 06:05:28	2016-01-22 06:05:28	120	Because the included code will be embedded in a PHP execution block, the PHP execution block, the PHP escape tags (<?php?>Wink aren't required on the file to be included	t
501	2016-01-22 06:05:28	2016-01-22 06:05:28	120	For the inclusion of remote files the allow-url-pope must be enabled ad URL wrapper must be supported	f
502	2016-01-22 06:05:28	2016-01-22 06:05:28	120	Including a file produces the same result as copying the data from the file specified into the location in which the statement appears.	f
503	2016-01-22 06:07:31	2016-01-22 06:07:31	121	MS	f
504	2016-01-22 06:07:31	2016-01-22 06:07:31	121	DOS	f
505	2016-01-22 06:07:31	2016-01-22 06:07:31	121	Ms-DOS	f
506	2016-01-22 06:07:31	2016-01-22 06:07:31	121	6.22	t
507	2016-01-22 06:08:32	2016-01-22 06:08:32	122	Date command	t
508	2016-01-22 06:08:32	2016-01-22 06:08:32	122	Ver command	f
509	2016-01-22 06:08:32	2016-01-22 06:08:32	122	Disk command	f
510	2016-01-22 06:08:32	2016-01-22 06:08:32	122	Format command	f
511	2016-01-22 06:09:25	2016-01-22 06:09:25	123	Copy	t
512	2016-01-22 06:09:25	2016-01-22 06:09:25	123	Diskcopy	f
513	2016-01-22 06:09:25	2016-01-22 06:09:25	123	Time	f
514	2016-01-22 06:09:25	2016-01-22 06:09:25	123	Rename	f
515	2016-01-22 06:10:21	2016-01-22 06:10:21	124	Copy	f
516	2016-01-22 06:10:21	2016-01-22 06:10:21	124	Ver	f
517	2016-01-22 06:10:21	2016-01-22 06:10:21	124	Time	t
518	2016-01-22 06:10:21	2016-01-22 06:10:21	124	Format	f
519	2016-01-22 06:11:20	2016-01-22 06:11:20	125	Ver	f
520	2016-01-22 06:11:20	2016-01-22 06:11:20	125	Format	t
521	2016-01-22 06:11:20	2016-01-22 06:11:20	125	Fat	f
522	2016-01-22 06:11:20	2016-01-22 06:11:20	125	Chkdsk	f
523	2016-01-22 06:12:07	2016-01-22 06:12:07	126	Command.com, io.sys	f
524	2016-01-22 06:12:07	2016-01-22 06:12:07	126	Command.com, date.com, dir.com	f
525	2016-01-22 06:12:07	2016-01-22 06:12:07	126	Command.com, io.sys, msdos.sys	t
526	2016-01-22 06:12:07	2016-01-22 06:12:07	126	Chkdsk.exe	f
527	2016-01-22 06:12:50	2016-01-22 06:12:50	127	Copy	f
528	2016-01-22 06:12:50	2016-01-22 06:12:50	127	Diskcopy	t
529	2016-01-22 06:12:50	2016-01-22 06:12:50	127	Chkdsk	f
530	2016-01-22 06:12:50	2016-01-22 05:12:50	127	Format	f
531	2016-01-22 06:13:30	2016-01-22 06:13:30	128	Bak	t
532	2016-01-22 06:13:30	2016-01-22 06:13:30	128	Bas	f
533	2016-01-22 06:13:30	2016-01-22 06:13:30	128	Com	f
534	2016-01-22 06:13:30	2016-01-22 06:13:30	128	Txt	f
535	2016-01-22 06:14:16	2016-01-22 06:14:16	129	Copy	f
536	2016-01-22 06:14:16	2016-01-22 06:14:16	129	Tree	f
537	2016-01-22 06:14:16	2016-01-22 06:14:16	129	Cd	f
538	2016-01-22 06:14:16	2016-01-22 06:14:16	129	Dir	t
539	2016-01-22 06:15:06	2016-01-22 06:15:06	130	Dir/w	t
540	2016-01-22 06:15:06	2016-01-22 06:15:06	130	Dir a:	f
541	2016-01-22 06:15:06	2016-01-22 06:15:06	130	Dir/s	f
542	2016-01-22 06:15:06	2016-01-22 06:15:06	130	Dir/b	f
543	2016-01-22 06:16:37	2016-01-22 06:16:37	131	Dir filename.*	t
544	2016-01-22 06:16:37	2016-01-22 06:16:37	131	Dir filename.ext	f
545	2016-01-22 06:16:37	2016-01-22 06:16:37	131	Dir *.sys	f
546	2016-01-22 06:16:37	2016-01-22 06:16:37	131	Dir *.ext	f
547	2016-01-22 06:17:32	2016-01-22 06:17:32	132	Dir/w	f
548	2016-01-22 06:17:32	2016-01-22 06:17:32	132	Dir a:	f
549	2016-01-22 06:17:32	2016-01-22 06:17:32	132	Dir /b	t
550	2016-01-22 06:17:32	2016-01-22 06:17:32	132	Dir /s	f
551	2016-01-22 06:18:16	2016-01-22 06:18:16	133	Dir/w	f
552	2016-01-22 06:18:16	2016-01-22 06:18:16	133	Dir/s	f
553	2016-01-22 06:18:16	2016-01-22 06:18:16	133	Dir/b	f
554	2016-01-22 06:18:16	2016-01-22 06:18:16	133	Dir/c	t
555	2016-01-22 06:19:09	2016-01-22 06:19:09	134	Dir filename.*	f
556	2016-01-22 06:19:09	2016-01-22 06:19:09	134	Dir filename.ext	f
557	2016-01-22 06:19:09	2016-01-22 06:19:09	134	Dir *.sys	f
558	2016-01-22 06:19:09	2016-01-22 06:19:09	134	Dir *.ext	t
559	2016-01-22 06:20:00	2016-01-22 06:20:00	135	Dir \\\\ pathname	f
560	2016-01-22 06:20:00	2016-01-22 06:20:00	135	Dir \\\\ pathname\\\\pathname	t
561	2016-01-22 06:20:00	2016-01-22 06:20:00	135	Dir / ch	f
562	2016-01-22 06:20:00	2016-01-22 06:20:00	135	Dir \\\\pathname\\\\filename	f
563	2016-01-22 06:20:46	2016-01-22 06:20:46	136	Dir/s/f	f
564	2016-01-22 06:20:46	2016-01-22 06:20:46	136	Tree/f	t
565	2016-01-22 06:20:46	2016-01-22 06:20:46	136	Tree/s/f	f
566	2016-01-22 06:20:46	2016-01-22 06:20:46	136	Dir/f	f
567	2016-01-22 06:22:01	2016-01-22 06:22:01	137	Dir \\\\pathname	f
568	2016-01-22 06:22:01	2016-01-22 06:22:01	137	Dir \\\\pathname\\\\pathname	f
569	2016-01-22 06:22:01	2016-01-22 06:22:01	137	Dir/ch	f
570	2016-01-22 06:22:01	2016-01-22 06:22:01	137	Dir \\\\pathname\\\\filename	t
572	2016-01-22 06:22:47	2016-01-22 06:22:47	138	Mkdir	f
573	2016-01-22 06:22:47	2016-01-22 06:22:47	138	Md	f
574	2016-01-22 06:22:47	2016-01-22 06:22:47	138	Both b and c	t
575	2016-01-22 06:23:38	2016-01-22 06:23:38	139	Chdir	f
576	2016-01-22 06:23:38	2016-01-22 06:23:38	139	Cd	f
577	2016-01-22 06:23:38	2016-01-22 06:23:38	139	Mkdir	f
578	2016-01-22 06:23:38	2016-01-22 06:23:38	139	Both a and b	t
579	2016-01-22 06:24:36	2016-01-22 06:24:36	140	Del *.*	f
580	2016-01-22 06:24:36	2016-01-22 06:24:36	140	RD	t
581	2016-01-22 06:24:36	2016-01-22 06:24:36	140	Erase	f
582	2016-01-22 06:24:36	2016-01-22 06:24:36	140	MD	f
583	2016-01-22 06:26:14	2016-01-22 06:26:14	141	13 character	f
584	2016-01-22 06:26:14	2016-01-22 06:26:14	141	36 character	f
585	2016-01-22 06:26:14	2016-01-22 06:26:14	141	63 character	t
586	2016-01-22 06:26:14	2016-01-22 06:26:14	141	53 character	f
587	2016-01-22 06:27:00	2016-01-22 06:27:00	142	1910	f
588	2016-01-22 06:27:00	2016-01-22 06:27:00	142	1940	f
589	2016-01-22 06:27:00	2016-01-22 06:27:00	142	1950	t
590	2016-01-22 06:27:00	2016-01-22 06:27:00	142	1980	f
591	2016-01-22 06:27:41	2016-01-22 06:27:41	143	1991	f
592	2016-01-22 06:27:41	2016-01-22 06:27:41	143	1984	t
593	2016-01-22 06:27:41	2016-01-22 06:27:41	143	1971	f
594	2016-01-22 06:27:41	2016-01-22 06:27:41	143	1961	f
595	2016-01-22 06:28:37	2016-01-22 06:28:37	144	26 characters	f
596	2016-01-22 06:28:37	2016-01-22 06:28:37	144	87 characters	f
597	2016-01-22 06:28:37	2016-01-22 06:28:37	144	127 characters	t
598	2016-01-22 06:28:37	2016-01-22 06:28:37	144	None of above	f
599	2016-01-22 06:30:42	2016-01-22 06:30:42	145	Ctrl + A	f
600	2016-01-22 06:30:42	2016-01-22 06:30:42	145	Ctrl + B	f
601	2016-01-22 06:30:42	2016-01-22 06:30:42	145	Ctrl + C	t
602	2016-01-22 06:30:42	2016-01-22 06:30:42	145	Ctrl + D	f
603	2016-01-22 06:31:44	2016-01-22 06:31:44	146	Analyze the hard disk error	f
604	2016-01-22 06:31:44	2016-01-22 06:31:44	146	Diagnose the hard disk error	f
605	2016-01-22 06:31:44	2016-01-22 06:31:44	146	Report the status of files on disk	f
606	2016-01-22 06:31:44	2016-01-22 06:31:44	146	All of the above	t
607	2016-01-22 06:32:34	2016-01-22 06:32:34	147	Autoexec.bat	t
608	2016-01-22 06:32:34	2016-01-22 06:32:34	147	Auto-batch	f
609	2016-01-22 06:32:34	2016-01-22 06:32:34	147	Autoexecutive.bat	f
610	2016-01-22 06:32:34	2016-01-22 06:32:34	147	Auto.bat	f
611	2016-01-22 06:33:41	2016-01-22 06:33:41	148	BACKUP	f
612	2016-01-22 06:33:41	2016-01-22 06:33:41	148	MSBACKUP	t
613	2016-01-22 06:33:41	2016-01-22 06:33:41	148	MSBACKEDUP	f
614	2016-01-22 06:33:41	2016-01-22 06:33:41	148	All of the above	f
615	2016-01-22 06:35:03	2016-01-22 06:35:03	149	Both are internal command of DOS	f
616	2016-01-22 06:35:03	2016-01-22 06:35:03	149	Both are external commands of DOS	f
617	2016-01-22 06:35:03	2016-01-22 06:35:03	149	Both can be used to copy file or group of files	t
618	2016-01-22 06:35:03	2016-01-22 06:35:03	149	Both a and b	f
619	2016-01-22 06:37:03	2016-01-22 06:37:03	150	Cd	f
620	2016-01-22 06:37:03	2016-01-22 06:37:03	150	Md	f
621	2016-01-22 06:37:03	2016-01-22 06:37:03	150	Rename	f
622	2016-01-22 06:37:03	2016-01-22 06:37:03	150	cls	t
623	2016-01-22 06:39:18	2016-01-22 06:39:18	151	Office XP	f
624	2016-01-22 06:39:18	2016-01-22 06:39:18	151	Office Vista	t
625	2016-01-22 06:39:18	2016-01-22 06:39:18	151	Office 2007	f
626	2016-01-22 06:39:18	2016-01-22 06:39:18	151	None of above	f
627	2016-01-22 06:40:13	2016-01-22 06:40:13	152	Choosing File menu then Exit submenu	f
628	2016-01-22 06:40:13	2016-01-22 06:40:13	152	Press Alt+F4	f
629	2016-01-22 06:40:13	2016-01-22 06:40:13	152	Click X button on title bar	f
630	2016-01-22 06:40:13	2016-01-22 06:40:13	152	From File menu choose Close submenu	t
631	2016-01-22 06:41:08	2016-01-22 06:41:08	153	Save As dialog box	t
632	2016-01-22 06:41:08	2016-01-22 06:41:08	153	Open dialog box	f
633	2016-01-22 06:41:08	2016-01-22 06:41:08	153	Save dialog box	f
634	2016-01-22 06:41:08	2016-01-22 06:41:08	153	Close dialog box	f
635	2016-01-22 06:42:41	2016-01-22 06:42:41	154	F12	f
636	2016-01-22 06:42:41	2016-01-22 06:42:41	154	Shift F12	f
637	2016-01-22 06:42:41	2016-01-22 06:42:41	154	Alt + F12	f
638	2016-01-22 06:42:41	2016-01-22 06:42:41	154	Ctrl + F12	t
639	2016-01-22 06:43:42	2016-01-22 06:43:42	155	Save tab on Options dialog box	t
640	2016-01-22 06:43:42	2016-01-22 06:43:42	155	Save As dialog box	f
641	2016-01-22 06:43:42	2016-01-22 06:43:42	155	Both of above	f
642	2016-01-22 06:43:42	2016-01-22 06:43:42	155	None of above	f
643	2016-01-22 06:44:54	2016-01-22 06:44:54	156	On the left of horizontal scroll bar	f
644	2016-01-22 06:44:54	2016-01-22 06:44:54	156	On the right of horizontal scroll bar	f
645	2016-01-22 06:44:54	2016-01-22 06:44:54	156	On the top of vertical scroll bar	t
646	2016-01-22 06:44:54	2016-01-22 06:44:54	156	On the bottom of vertical scroll bar	f
647	2016-01-22 06:46:42	2016-01-22 06:46:42	157	Tab stop box	f
648	2016-01-22 06:46:42	2016-01-22 06:46:42	157	Left Indent	f
649	2016-01-22 06:46:42	2016-01-22 06:46:42	157	Right Indent	f
650	2016-01-22 06:46:42	2016-01-22 06:46:42	157	Center Indent	t
651	2016-01-22 06:46:42	2016-01-22 06:46:42	157	All of them are available on ruler	f
652	2016-01-22 06:49:48	2016-01-22 06:49:48	158	Tab stop buttons	f
653	2016-01-22 06:49:48	2016-01-22 06:49:48	158	View buttons	t
654	2016-01-22 06:49:48	2016-01-22 06:49:48	158	Split buttons	f
655	2016-01-22 06:49:48	2016-01-22 06:49:48	158	Indicators	f
656	2016-01-22 06:49:48	2016-01-22 06:49:48	158	None of above	f
657	2016-01-22 06:51:18	2016-01-22 06:51:18	159	Winword.exe	t
658	2016-01-22 06:51:18	2016-01-22 06:51:18	159	Word.exe	f
659	2016-01-22 06:51:18	2016-01-22 06:51:18	159	Msword.exe	f
660	2016-01-22 06:51:18	2016-01-22 06:51:18	159	Word2003.exe	f
661	2016-01-22 06:52:08	2016-01-22 06:52:08	160	3	t
662	2016-01-22 06:52:08	2016-01-22 06:52:08	160	4	f
663	2016-01-22 06:52:08	2016-01-22 06:52:08	160	5	f
664	2016-01-22 06:52:08	2016-01-22 06:52:08	160	6	f
665	2016-01-22 06:54:04	2016-01-22 06:54:04	161	A word	f
666	2016-01-22 06:54:04	2016-01-22 06:54:04	161	A sentence	t
667	2016-01-22 06:54:04	2016-01-22 06:54:04	161	A paragraph	f
668	2016-01-22 06:54:04	2016-01-22 06:54:04	161	Entire document	f
669	2016-01-22 06:54:57	2016-01-22 06:54:57	162	It activates extended selection	f
670	2016-01-22 06:54:57	2016-01-22 06:54:57	162	It activates the rectangular selection	t
671	2016-01-22 06:54:57	2016-01-22 06:54:57	162	It selects the paragraph on which the insertion line is.	f
672	2016-01-22 06:54:57	2016-01-22 06:54:57	162	None of above	f
673	2016-01-22 06:55:54	2016-01-22 06:55:54	163	Press F8 again to disable	f
674	2016-01-22 06:55:54	2016-01-22 06:55:54	163	Press Del to disable	f
675	2016-01-22 06:55:54	2016-01-22 06:55:54	163	Press Esc to disable	t
676	2016-01-22 06:55:54	2016-01-22 06:55:54	163	Press Enter to disable	f
677	2016-01-22 06:56:53	2016-01-22 06:56:53	164	It indicates whether the external text is pasted on document or not	f
678	2016-01-22 06:56:53	2016-01-22 06:56:53	164	It indicates whether extended add-ons are installed on MS Word or not	f
679	2016-01-22 06:56:53	2016-01-22 06:56:53	164	It indicates whether Extended Selection mode is turned on or off	t
680	2016-01-22 06:56:53	2016-01-22 06:56:53	164	None of above	f
681	2016-01-22 06:57:49	2016-01-22 06:57:49	165	3	f
682	2016-01-22 06:57:49	2016-01-22 06:57:49	165	10	t
683	2016-01-22 06:57:49	2016-01-22 06:57:49	165	15	f
684	2016-01-22 06:57:49	2016-01-22 06:57:49	165	20	f
685	2016-01-22 06:58:53	2016-01-22 06:58:53	166	3	t
686	2016-01-22 06:58:53	2016-01-22 06:58:53	166	10	f
687	2016-01-22 06:58:53	2016-01-22 06:58:53	166	15	f
689	2016-01-22 06:59:59	2016-01-22 06:59:59	167	Alt+Ctrl+C	t
690	2016-01-22 06:59:59	2016-01-22 06:59:59	167	Alt + C	f
691	2016-01-22 06:59:59	2016-01-22 06:59:59	167	Ctrl + C	f
692	2016-01-22 06:59:59	2016-01-22 06:59:59	167	Ctrl + Shift + C	f
693	2016-01-22 07:00:37	2016-01-22 07:00:37	168	35	f
694	2016-01-22 07:00:37	2016-01-22 07:00:37	168	45	t
695	2016-01-22 07:00:37	2016-01-22 07:00:37	168	55	f
696	2016-01-22 07:00:37	2016-01-22 07:00:37	168	65	f
697	2016-01-22 07:01:20	2016-01-22 07:01:20	169	8 and 72	t
698	2016-01-22 07:01:20	2016-01-22 07:01:20	169	8 and 64	f
699	2016-01-22 07:01:20	2016-01-22 07:01:20	169	12 and 72	f
700	2016-01-22 07:01:20	2016-01-22 07:01:20	169	None of above	f
701	2016-01-22 07:02:40	2016-01-22 07:02:40	170	163	f
702	2016-01-22 07:02:40	2016-01-22 07:02:40	170	1638	t
703	2016-01-22 07:02:40	2016-01-22 07:02:40	170	16038	f
704	2016-01-22 07:02:40	2016-01-22 07:02:40	170	None of above	f
705	2016-01-22 07:03:34	2016-01-22 07:03:34	171	It inserts a clipart picture into document	f
706	2016-01-22 07:03:34	2016-01-22 07:03:34	171	It lets you choose clipart to insert into document	f
707	2016-01-22 07:03:34	2016-01-22 07:03:34	171	It opens Clip Art taskbar	t
708	2016-01-22 07:03:34	2016-01-22 07:03:34	171	None of above	f
709	2016-01-22 07:04:51	2016-01-22 07:04:51	172	Fixed Column Width	f
710	2016-01-22 07:04:51	2016-01-22 07:04:51	172	AutoFit to Contents	f
711	2016-01-22 07:04:51	2016-01-22 07:04:51	172	Autofit to Window	f
712	2016-01-22 07:04:51	2016-01-22 07:04:51	172	Autofit to Column	t
713	2016-01-22 07:05:51	2016-01-22 07:05:51	173	Double click the right border of column	t
714	2016-01-22 07:05:51	2016-01-22 07:05:51	173	Double click the left border of column	f
715	2016-01-22 07:05:51	2016-01-22 07:05:51	173	Double click the column header	f
716	2016-01-22 07:05:51	2016-01-22 07:05:51	173	All of above	f
717	2016-01-22 07:06:41	2016-01-22 07:06:41	174	Insert Menu	f
718	2016-01-22 07:06:41	2016-01-22 07:06:41	174	View Menu	t
719	2016-01-22 07:06:41	2016-01-22 07:06:41	174	Format menu	f
720	2016-01-22 07:06:41	2016-01-22 07:06:41	174	Tools Menu	f
721	2016-01-22 07:07:34	2016-01-22 07:07:34	175	Press PageDown key and type the text for footer	f
722	2016-01-22 07:07:34	2016-01-22 07:07:34	175	Click on Switch between Heder & Footer then type the text	t
723	2016-01-22 07:07:34	2016-01-22 07:07:34	175	Both of above	f
724	2016-01-22 07:07:34	2016-01-22 07:07:34	175	None of above	f
725	2016-01-22 07:08:34	2016-01-22 07:08:34	176	From format menu choose bullets and Numbering and configure necessary setting	f
726	2016-01-22 07:08:34	2016-01-22 07:08:34	176	From Insert menu choose Page Number and specify necessary setting	f
727	2016-01-22 07:08:34	2016-01-22 07:08:34	176	Click on Page Number Format tool and specify required setting	t
728	2016-01-22 07:08:34	2016-01-22 07:08:34	176	All of above	f
729	2016-01-22 07:09:50	2016-01-22 07:09:50	177	You can set different header footer for even and odd pages	f
730	2016-01-22 07:09:50	2016-01-22 07:09:50	177	You can set different page number formats for different sections	f
731	2016-01-22 07:09:50	2016-01-22 07:09:50	177	You can set different header footer for first page of a section	f
732	2016-01-22 07:09:50	2016-01-22 07:09:50	177	You can set different header and footer for last page of a section	t
733	2016-01-22 07:10:52	2016-01-22 07:10:52	178	Formatting toolbar	f
734	2016-01-22 07:10:52	2016-01-22 07:10:52	178	Paragraph dialog box	f
735	2016-01-22 07:10:52	2016-01-22 07:10:52	178	Page Setup dialog box	t
736	2016-01-22 07:10:52	2016-01-22 07:10:52	178	Standard toolbar	f
737	2016-01-22 07:11:48	2016-01-22 07:11:48	179	Insert	t
738	2016-01-22 07:11:48	2016-01-22 07:11:48	179	Format	f
739	2016-01-22 07:11:48	2016-01-22 07:11:48	179	Tools	f
740	2016-01-22 07:11:48	2016-01-22 07:11:48	179	Table	f
741	2016-01-22 07:13:00	2016-01-22 07:13:00	180	Wingdings	f
742	2016-01-22 07:13:00	2016-01-22 07:13:00	180	Wingdings 3	f
743	2016-01-22 07:13:00	2016-01-22 07:13:00	180	Webdings	f
744	2016-01-22 07:13:00	2016-01-22 07:13:00	180	Symbol	t
745	2016-01-22 07:19:23	2016-01-22 07:19:23	181	.jpg	f
746	2016-01-22 07:19:23	2016-01-22 07:19:23	181	.giv	f
747	2016-01-22 07:19:23	2016-01-22 07:19:23	181	.wav	f
748	2016-01-22 07:19:23	2016-01-22 07:19:23	181	All of the above	t
749	2016-01-22 07:20:46	2016-01-22 07:20:46	182	.wav files and .mid files	t
750	2016-01-22 07:20:46	2016-01-22 07:20:46	182	.wav files and .gif files	f
751	2016-01-22 07:20:46	2016-01-22 07:20:46	182	.wav files and .jpg files	f
752	2016-01-22 07:20:46	2016-01-22 07:20:46	182	.jpg files and .gif files	f
753	2016-01-22 07:22:05	2016-01-22 07:22:05	183	A table slide	t
754	2016-01-22 07:22:05	2016-01-22 07:22:05	183	A bullet slide	f
755	2016-01-22 07:22:05	2016-01-22 07:22:05	183	A title slide	f
756	2016-01-22 07:22:05	2016-01-22 07:22:05	183	All of the above	f
757	2016-01-22 07:22:54	2016-01-22 07:22:54	184	A type of animation entrance effect	f
758	2016-01-22 07:22:54	2016-01-22 07:22:54	184	A method of advancing slides	f
759	2016-01-22 07:22:54	2016-01-22 07:22:54	184	A method of moving items on a slide	t
760	2016-01-22 07:22:54	2016-01-22 07:22:54	184	All of the above	f
761	2016-01-22 07:23:41	2016-01-22 07:23:41	185	The title area and text area of a specific slide	f
762	2016-01-22 07:23:41	2016-01-22 07:23:41	185	a slide master and title master merged into a single slide	f
763	2016-01-22 07:23:41	2016-01-22 07:23:41	185	A slide master and title master for a specific design template	t
764	2016-01-22 07:23:41	2016-01-22 07:23:41	185	All of above	f
765	2016-01-22 07:24:27	2016-01-22 07:24:27	186	the slide layout option	f
766	2016-01-22 07:24:27	2016-01-22 07:24:27	186	add a slide option	f
767	2016-01-22 07:24:27	2016-01-22 07:24:27	186	outline view	f
768	2016-01-22 07:24:27	2016-01-22 07:24:27	186	a presentation design template	t
769	2016-01-22 07:25:21	2016-01-22 07:25:21	187	An action button that advances to the next slide	f
770	2016-01-22 07:25:21	2016-01-22 07:25:21	187	An item on the slide that performs an action when clicked	t
771	2016-01-22 07:25:21	2016-01-22 07:25:21	187	The name of a motion path	f
772	2016-01-22 07:25:21	2016-01-22 07:25:21	187	All of above	f
773	2016-01-22 07:26:23	2016-01-22 07:26:23	188	Inclusion	f
774	2016-01-22 07:26:23	2016-01-22 07:26:23	188	Attachment	t
775	2016-01-22 07:26:23	2016-01-22 07:26:23	188	Reply	f
776	2016-01-22 07:26:23	2016-01-22 07:26:23	188	Forward	f
777	2016-01-22 07:27:10	2016-01-22 07:27:10	189	Triple click the chart object	f
778	2016-01-22 07:27:10	2016-01-22 07:27:10	189	Click and drag the chart object	f
779	2016-01-22 07:27:10	2016-01-22 07:27:10	189	Double click the chart object	t
780	2016-01-22 07:27:10	2016-01-22 07:27:10	189	Click the chart object	f
781	2016-01-22 07:28:24	2016-01-22 07:28:24	190	click the application minimize button	f
782	2016-01-22 07:28:24	2016-01-22 07:28:24	190	click the document close button	f
879	2016-01-22 10:56:57	2016-01-22 10:56:57	215	They are for images only	f
783	2016-01-22 07:28:24	2016-01-22 07:28:24	190	double click the applications control menu icon	t
784	2016-01-22 07:28:24	2016-01-22 07:28:24	190	double click the document control menu icon	f
785	2016-01-22 07:29:34	2016-01-22 07:29:34	191	Add effect	t
786	2016-01-22 07:29:34	2016-01-22 07:29:34	191	Emphasis	f
787	2016-01-22 07:29:34	2016-01-22 07:29:34	191	Animate now	f
788	2016-01-22 07:29:34	2016-01-22 07:29:34	191	All of the above	f
789	2016-01-22 07:30:22	2016-01-22 07:30:22	192	Group	f
790	2016-01-22 07:30:22	2016-01-22 07:30:22	192	Flip	f
791	2016-01-22 07:30:22	2016-01-22 07:30:22	192	Rotate	t
792	2016-01-22 07:30:22	2016-01-22 07:30:22	192	All of the above	f
793	2016-01-22 07:31:34	2016-01-22 07:31:34	193	table slide	f
794	2016-01-22 07:31:34	2016-01-22 07:31:34	193	graph slide	f
795	2016-01-22 07:31:34	2016-01-22 07:31:34	193	bullet slide	f
796	2016-01-22 07:31:34	2016-01-22 07:31:34	193	title slide	t
797	2016-01-22 07:32:22	2016-01-22 07:32:22	194	Slide show	f
798	2016-01-22 07:32:22	2016-01-22 07:32:22	194	Insert	f
799	2016-01-22 07:32:22	2016-01-22 07:32:22	194	Slide maser	f
800	2016-01-22 07:32:22	2016-01-22 07:32:22	194	Zoom	t
801	2016-01-22 07:33:11	2016-01-22 07:33:11	195	Create effect	f
802	2016-01-22 07:33:11	2016-01-22 07:33:11	195	Insert motion path	f
803	2016-01-22 07:33:11	2016-01-22 07:33:11	195	Draw custom path	t
804	2016-01-22 07:33:11	2016-01-22 07:33:11	195	All of the above	f
805	2016-01-22 07:34:01	2016-01-22 07:34:01	196	File, add a new slide	f
806	2016-01-22 07:34:01	2016-01-22 07:34:01	196	Insert, New slide	t
807	2016-01-22 07:34:01	2016-01-22 07:34:01	196	File Open	f
808	2016-01-22 07:34:01	2016-01-22 07:34:01	196	File, New	f
809	2016-01-22 07:34:50	2016-01-22 07:34:50	197	Is determined by the presentation design and can not be changed	f
810	2016-01-22 07:34:50	2016-01-22 07:34:50	197	Is determined by the presentation design but can be changed in PowerPoint	f
811	2016-01-22 07:34:50	2016-01-22 07:34:50	197	Is dependent on the amount of text within the organization chart	f
812	2016-01-22 07:34:50	2016-01-22 07:34:50	197	b and c	t
813	2016-01-22 07:35:54	2016-01-22 07:35:54	198	rVertical	f
814	2016-01-22 07:35:54	2016-01-22 07:35:54	198	Landscape	t
815	2016-01-22 07:35:54	2016-01-22 07:35:54	198	Portrait	f
816	2016-01-22 07:35:54	2016-01-22 07:35:54	198	None of above	f
817	2016-01-22 07:36:43	2016-01-22 07:36:43	199	Use random slide transitions	t
818	2016-01-22 07:36:43	2016-01-22 07:36:43	199	Launch an online broadcast	f
819	2016-01-22 07:36:43	2016-01-22 07:36:43	199	Loop continuously	f
820	2016-01-22 07:36:43	2016-01-22 07:36:43	199	All of the above	f
821	2016-01-22 07:37:26	2016-01-22 07:37:26	200	Slide formatting	f
822	2016-01-22 07:37:26	2016-01-22 07:37:26	200	Layout of audience handout notes	t
823	2016-01-22 07:37:26	2016-01-22 07:37:26	200	Handout content formatting for Microsoft word export	f
824	2016-01-22 07:37:26	2016-01-22 07:37:26	200	All of above	f
825	2016-01-22 07:42:47	2016-01-22 07:42:47	201	Clicking and edit and select all	f
826	2016-01-22 07:42:47	2016-01-22 07:42:47	201	Right click the chart background and then click select all	f
827	2016-01-22 07:42:47	2016-01-22 07:42:47	201	Press and hgold the SHIFT key and click each box	f
828	2016-01-22 07:42:47	2016-01-22 07:42:47	201	All of above	t
829	2016-01-22 07:43:28	2016-01-22 07:43:28	202	Clicking the shortcut button on the formatting toolbar	f
830	2016-01-22 07:43:28	2016-01-22 07:43:28	202	Right clicking the current slide	t
831	2016-01-22 07:43:28	2016-01-22 07:43:28	202	Clicking an icon on the current slide	f
832	2016-01-22 07:43:28	2016-01-22 07:43:28	202	a and b	f
833	2016-01-22 07:44:37	2016-01-22 07:44:37	203	Automatically places clipart in your presentation	f
834	2016-01-22 07:44:37	2016-01-22 07:44:37	203	Scans your presentation for incorrect spelling in your words on each slide	f
835	2016-01-22 07:44:37	2016-01-22 07:44:37	203	Scans your presentation for incorrect spelling in Word Arts objects	f
836	2016-01-22 07:44:37	2016-01-22 07:44:37	203	All of above	t
837	2016-01-22 07:45:34	2016-01-22 07:45:34	204	select the box and text, then make changes	t
838	2016-01-22 07:45:34	2016-01-22 07:45:34	204	select the box, then make the dchanges	f
839	2016-01-22 07:45:34	2016-01-22 07:45:34	204	highlight the text, them make the changes	f
840	2016-01-22 07:45:34	2016-01-22 07:45:34	204	a and b both	f
841	2016-01-22 07:46:53	2016-01-22 07:46:53	205	Alt + Click each slide	f
842	2016-01-22 07:46:53	2016-01-22 07:46:53	205	Shift + drag each slide	f
843	2016-01-22 07:46:53	2016-01-22 07:46:53	205	Shift + Click each slide	t
844	2016-01-22 07:46:53	2016-01-22 07:46:53	205	Ctrl + Click each slide	f
845	2016-01-22 07:47:37	2016-01-22 07:47:37	206	slide show	f
846	2016-01-22 07:47:37	2016-01-22 07:47:37	206	slide sorter view	t
847	2016-01-22 07:47:37	2016-01-22 07:47:37	206	notes page view	f
848	2016-01-22 07:47:37	2016-01-22 07:47:37	206	outline view	f
849	2016-01-22 07:48:25	2016-01-22 07:48:25	207	Slide show	f
850	2016-01-22 07:48:25	2016-01-22 07:48:25	207	Slide sorter view	f
851	2016-01-22 07:48:25	2016-01-22 07:48:25	207	Notes page view	f
852	2016-01-22 07:48:25	2016-01-22 07:48:25	207	Outline view	t
853	2016-01-22 07:49:59	2016-01-22 07:49:59	208	animation	f
854	2016-01-22 07:49:59	2016-01-22 07:49:59	208	slide transition	t
855	2016-01-22 07:49:59	2016-01-22 07:49:59	208	custom animation	f
856	2016-01-22 07:49:59	2016-01-22 07:49:59	208	preset animation	f
857	2016-01-22 07:50:57	2016-01-22 07:50:57	209	Slide comments	f
858	2016-01-22 07:50:57	2016-01-22 07:50:57	209	Slide transitions	t
959	2016-01-22 10:56:57	2016-01-22 10:56:57	241	2	f
859	2016-01-22 07:50:57	2016-01-22 07:50:57	209	Speaker note font and color	f
860	2016-01-22 07:50:57	2016-01-22 07:50:57	209	All of above	f
861	2016-01-22 07:52:09	2016-01-22 07:52:09	210	Outline	f
862	2016-01-22 07:52:09	2016-01-22 07:52:09	210	Speaker notes	f
863	2016-01-22 07:52:09	2016-01-22 07:52:09	210	Audience handouts	t
864	2016-01-22 07:52:09	2016-01-22 07:52:09	210	All of the above	f
865	2016-01-22 07:54:37	2016-01-22 07:54:37	211	Yes - many companies and parents actually do	t
866	2016-01-22 07:54:37	2016-01-22 07:54:37	211	No	f
867	2016-01-22 07:54:37	2016-01-22 07:54:37	211	Only with a cybersitter add on	f
868	2016-01-22 10:56:57	2016-01-22 10:56:57	212	Always	f
869	2016-01-22 10:56:57	2016-01-22 10:56:57	212	Never	f
870	2016-01-22 10:56:57	2016-01-22 10:56:57	212	Unless border is set to zero	t
871	2016-01-22 10:56:57	2016-01-22 10:56:57	213	#BBRRGG	f
872	2016-01-22 10:56:57	2016-01-22 10:56:57	213	#BBGGRR	f
873	2016-01-22 10:56:57	2016-01-22 10:56:57	213	#RRGGBB	t
874	2016-01-22 10:56:57	2016-01-22 10:56:57	214	F	t
875	2016-01-22 10:56:57	2016-01-22 10:56:57	214	B	f
876	2016-01-22 10:56:57	2016-01-22 10:56:57	214	15	f
877	2016-01-22 10:56:57	2016-01-22 10:56:57	215	They can be repeated	t
878	2016-01-22 10:56:57	2016-01-22 10:56:57	215	They work on anything	f
1036	2016-01-22 10:56:57	2016-01-22 10:56:57	261	TRUE	t
880	2016-01-22 10:56:57	2016-01-22 10:56:57	216	visited link	t
881	2016-01-22 10:56:57	2016-01-22 10:56:57	216	very good link	f
882	2016-01-22 10:56:57	2016-01-22 10:56:57	216	active link	f
883	2016-01-22 10:56:57	2016-01-22 10:56:57	217	fonts	f
884	2016-01-22 10:56:57	2016-01-22 10:56:57	217	gif	t
885	2016-01-22 10:56:57	2016-01-22 10:56:57	217	jpg	f
886	2016-01-22 10:56:57	2016-01-22 10:56:57	218	JPG	t
887	2016-01-22 10:56:57	2016-01-22 10:56:57	218	HTML	f
888	2016-01-22 10:56:57	2016-01-22 10:56:57	218	GIF	f
889	2016-01-22 10:56:57	2016-01-22 10:56:57	219	Audio-voiced text	f
890	2016-01-22 10:56:57	2016-01-22 10:56:57	219	Adding links to your page	t
891	2016-01-22 10:56:57	2016-01-22 10:56:57	219	Aligning text	f
892	2016-01-22 10:56:57	2016-01-22 10:56:57	220	What type of server your page is on	f
893	2016-01-22 10:56:57	2016-01-22 10:56:57	220	Which program was used to produce the page	t
894	2016-01-22 10:56:57	2016-01-22 10:56:57	220	Who designed the page	f
895	2016-01-22 10:56:57	2016-01-22 10:56:57	221	<colspan>	f
896	2016-01-22 10:56:57	2016-01-22 10:56:57	221	<td>	t
897	2016-01-22 10:56:57	2016-01-22 10:56:57	221	<tr>	f
898	2016-01-22 10:56:57	2016-01-22 10:56:57	222	columns	t
899	2016-01-22 10:56:57	2016-01-22 10:56:57	222	rows	f
900	2016-01-22 10:56:57	2016-01-22 10:56:57	222	steps	f
901	2016-01-22 10:56:57	2016-01-22 10:56:57	223	Refresh your keywords	f
902	2016-01-22 10:56:57	2016-01-22 10:56:57	223	Allow search engines to relist your page	f
903	2016-01-22 10:56:57	2016-01-22 10:56:57	223	Redirect to a new domain	t
904	2016-01-22 10:56:57	2016-01-22 10:56:57	224	Green, Blue, and Yellow	f
905	2016-01-22 10:56:57	2016-01-22 10:56:57	224	Crayola Colors	f
906	2016-01-22 10:56:57	2016-01-22 10:56:57	224	Red, Green and Blue	t
907	2016-01-22 10:56:57	2016-01-22 10:56:57	225	<meta refresh> tag	f
908	2016-01-22 10:56:57	2016-01-22 10:56:57	225	<meta keywords> tag	f
909	2016-01-22 10:56:57	2016-01-22 10:56:57	225	icra.org registered <meta http-equiv="pics-label">	t
910	2016-01-22 10:56:57	2016-01-22 10:56:57	226	<targetfont>	f
911	2016-01-22 10:56:57	2016-01-22 10:56:57	226	<defaultfont>	f
912	2016-01-22 10:56:57	2016-01-22 10:56:57	226	<basefont>	t
913	2016-01-22 10:56:57	2016-01-22 10:56:57	227	Increase the distance between cell and content	t
914	2016-01-22 10:56:57	2016-01-22 10:56:57	227	Increase the space between cells	f
915	2016-01-22 10:56:57	2016-01-22 10:56:57	227	Increase the softness of your site	f
916	2016-01-22 10:56:57	2016-01-22 10:56:57	228	Neither	f
917	2016-01-22 10:56:57	2016-01-22 10:56:57	228	Cell settings	t
918	2016-01-22 10:56:57	2016-01-22 10:56:57	228	Table settings	f
919	2016-01-22 10:56:57	2016-01-22 10:56:57	229	pliers	f
920	2016-01-22 10:56:57	2016-01-22 10:56:57	229	height and width	t
921	2016-01-22 10:56:57	2016-01-22 10:56:57	229	bigger and smaller	f
922	2016-01-22 10:56:57	2016-01-22 10:56:57	230	True for Internet Explorer, False for Netscape browsers	f
923	2016-01-22 10:56:57	2016-01-22 10:56:57	230	False, colors can also be specified with names and CSS	t
924	2016-01-22 10:56:57	2016-01-22 10:56:57	230	True, computer screens only understands hexadecimal values.	f
925	2016-01-22 10:56:57	2016-01-22 10:56:57	231	Hyper Text Markup Language	t
926	2016-01-22 10:56:57	2016-01-22 10:56:57	231	Hyperlinks and Text Markup Language	f
927	2016-01-22 10:56:57	2016-01-22 10:56:57	231	Home Tool Markup Language	f
928	2016-01-22 10:56:57	2016-01-22 10:56:57	232	<body background="yellow">	f
929	2016-01-22 10:56:57	2016-01-22 10:56:57	232	<background>yellow</background>	f
930	2016-01-22 10:56:57	2016-01-22 10:56:57	232	<body style="background-color:white">	t
931	2016-01-22 10:56:57	2016-01-22 10:56:57	233	Do not use colors	f
932	2016-01-22 10:56:57	2016-01-22 10:56:57	233	Limit their use	t
933	2016-01-22 10:56:57	2016-01-22 10:56:57	233	Splash them all over	f
934	2016-01-22 10:56:57	2016-01-22 10:56:57	234	It will be stretched	f
935	2016-01-22 10:56:57	2016-01-22 10:56:57	234	It will leave a blank space at the bottom of your page	f
936	2016-01-22 10:56:57	2016-01-22 10:56:57	234	It will be repeated	t
937	2016-01-22 10:56:57	2016-01-22 10:56:57	235	Names	f
938	2016-01-22 10:56:57	2016-01-22 10:56:57	235	Normal numbers	f
939	2016-01-22 10:56:57	2016-01-22 10:56:57	235	RGB Code	t
940	2016-01-22 10:56:57	2016-01-22 10:56:57	236	Head	t
941	2016-01-22 10:56:57	2016-01-22 10:56:57	236	Arm	f
942	2016-01-22 10:56:57	2016-01-22 10:56:57	236	Body	f
943	2016-01-22 10:56:57	2016-01-22 10:56:57	237	save	f
944	2016-01-22 10:56:57	2016-01-22 10:56:57	237	dontresize	f
945	2016-01-22 10:56:57	2016-01-22 10:56:57	237	noresize	t
946	2016-01-22 10:56:57	2016-01-22 10:56:57	238	<dl>	f
947	2016-01-22 10:56:57	2016-01-22 10:56:57	238	<ol>	t
948	2016-01-22 10:56:57	2016-01-22 10:56:57	238	<ul>	f
949	2016-01-22 10:56:57	2016-01-22 10:56:57	238	<list>	f
950	2016-01-22 10:56:57	2016-01-22 10:56:57	239	TRUE	f
951	2016-01-22 10:56:57	2016-01-22 10:56:57	239	It depends on the keywords	f
952	2016-01-22 10:56:57	2016-01-22 10:56:57	239	FALSE	t
953	2016-01-22 10:56:57	2016-01-22 10:56:57	240	purple, green, and red	f
954	2016-01-22 10:56:57	2016-01-22 10:56:57	240	black, blue, and gray	f
955	2016-01-22 10:56:57	2016-01-22 10:56:57	240	white, black and gray	t
956	2016-01-22 10:56:57	2016-01-22 10:56:57	241	4	f
957	2016-01-22 10:56:57	2016-01-22 10:56:57	241	3	f
958	2016-01-22 10:56:57	2016-01-22 10:56:57	241	5	t
960	2016-01-22 10:56:57	2016-01-22 10:56:57	242	java.jdbc and javax.jdbc	f
961	2016-01-22 10:56:57	2016-01-22 10:56:57	242	java.jdbc and java.jdbc.sql	f
962	2016-01-22 10:56:57	2016-01-22 10:56:57	242	java.sql and javax.sql	t
963	2016-01-22 10:56:57	2016-01-22 10:56:57	242	java.rdb and javax.rdb	f
964	2016-01-22 10:56:57	2016-01-22 10:56:57	243	Type 1 driver	t
965	2016-01-22 10:56:57	2016-01-22 10:56:57	243	Type 2 driver	f
966	2016-01-22 10:56:57	2016-01-22 10:56:57	243	Type 3 driver	f
967	2016-01-22 10:56:57	2016-01-22 10:56:57	243	Type 4 driver	f
968	2016-01-22 10:56:57	2016-01-22 10:56:57	244	Type 1 driver	f
969	2016-01-22 10:56:57	2016-01-22 10:56:57	244	Type 2 driver	f
970	2016-01-22 10:56:57	2016-01-22 10:56:57	244	Type 3 driver	f
971	2016-01-22 10:56:57	2016-01-22 10:56:57	244	Type 4 driver	t
972	2016-01-22 10:56:57	2016-01-22 10:56:57	245	PreparedStatement	t
973	2016-01-22 10:56:57	2016-01-22 10:56:57	245	ParameterizedStatement	f
974	2016-01-22 10:56:57	2016-01-22 10:56:57	245	ParameterizedStatement and CallableStatement	f
975	2016-01-22 10:56:57	2016-01-22 10:56:57	245	All kinds of Statements (i.e. which implement a sub interface of Statement)	f
976	2016-01-22 10:56:57	2016-01-22 10:56:57	246	By invoking the method get(..., String type) on the ResultSet, where type is the database type	f
977	2016-01-22 10:56:57	2016-01-22 10:56:57	246	By invoking the method get(..., Type type) on the ResultSet, where Type is an object which represents a database type	f
978	2016-01-22 10:56:57	2016-01-22 10:56:57	246	By invoking the method getValue(...), and cast the result to the desired Java type.	f
979	2016-01-22 10:56:57	2016-01-22 10:56:57	246	By invoking the special getter methods on the ResultSet: getString(...), getBoolean (...), getClob(...),	t
980	2016-01-22 10:56:57	2016-01-22 10:56:57	247	By making use of the InsertStatement, DeleteStatement or UpdateStatement classes	f
981	2016-01-22 10:56:57	2016-01-22 10:56:57	247	By invoking the execute(...) or executeUpdate(...) method of a normal Statement object or a sub-interface object\\nthereof	t
982	2016-01-22 10:56:57	2016-01-22 10:56:57	247	By invoking the executeInsert(...), executeDelete(...) or executeUpdate(...) methods of the\\nDataModificationStatement object	f
983	2016-01-22 10:56:57	2016-01-22 10:56:57	247	By making use of the execute(...) statement of the DataModificationStatement object	f
984	2016-01-22 10:56:57	2016-01-22 10:56:57	248	You must catch the checked SQLException which is thrown by the method which executes the statement	f
985	2016-01-22 10:56:57	2016-01-22 10:56:57	248	You must catch the unchecked SQLWarningException which is thrown by the method which executes the statement	f
986	2016-01-22 10:56:57	2016-01-22 10:56:57	248	You must invoke the getWarnings() method on the Statement object (or a sub interface thereof)	t
987	2016-01-22 10:56:57	2016-01-22 10:56:57	248	You must query the ResultSet object about possible warnings generated by the database	f
988	2016-01-22 10:56:57	2016-01-22 10:56:57	249	A DataSource is the basic service for managing a set of JDBC drivers	f
989	2016-01-22 10:56:57	2016-01-22 10:56:57	249	A DataSource is the Java representation of a physical data source	f
990	2016-01-22 10:56:57	2016-01-22 10:56:57	249	A DataSource is a registry point for JNDI-services	f
991	2016-01-22 10:56:57	2016-01-22 10:56:57	249	A DataSource is a factory of connections to a physical data source	t
992	2016-01-22 10:56:57	2016-01-22 10:56:57	250	This means that the ResultSet is insensitive to scrolling	f
993	2016-01-22 10:56:57	2016-01-22 10:56:57	250	This means that the Resultset is sensitive to scrolling, but insensitive to updates, i.e. not updateable	f
994	2016-01-22 10:56:57	2016-01-22 10:56:57	250	This means that the ResultSet is sensitive to scrolling, but insensitive to changes made by others	t
995	2016-01-22 10:56:57	2016-01-22 10:56:57	250	The meaning depends on the type of data source, and the type and version of the driver you use with this data source	f
996	2016-01-22 10:56:57	2016-01-22 10:56:57	251	Yes, but only if you call the method openCursor() on the ResultSet, and if the driver and database support this option	f
997	2016-01-22 10:56:57	2016-01-22 10:56:57	251	Yes, but only if you indicate a concurrency strategy when executing the statement, and if the driver and database support this option	t
998	2016-01-22 10:56:57	2016-01-22 10:56:57	251	Yes, but only if the ResultSet is an object of class UpdateableResultSet, and if the driver and database support this option	f
999	2016-01-22 10:56:57	2016-01-22 10:56:57	251	No, ResultSets are never updateable. You must explicitly execute DML statements (i.e. insert, delete and update) to change the data in the underlying database	f
1000	2016-01-22 10:56:57	2016-01-22 10:56:57	252	At client side, a separate driver is needed for each database.	t
1001	2016-01-22 10:56:57	2016-01-22 10:56:57	252	Type-4 driver is entirely written in Java	f
1002	2016-01-22 10:56:57	2016-01-22 10:56:57	252	The driver converts JDBC calls into vendor-specific database protocol	f
1003	2016-01-22 10:56:57	2016-01-22 10:56:57	252	It does not support to read MySQL data.	f
1004	2016-01-22 10:56:57	2016-01-22 10:56:57	253	By asking a Transaction object to your Connection, and calling the method begin() on it	f
1005	2016-01-22 10:56:57	2016-01-22 10:56:57	253	By asking a Transaction object to your Connection, and setting the autoCommit property of the Transaction to false	f
1006	2016-01-22 10:56:57	2016-01-22 10:56:57	253	By calling the method beginTransaction() on the Connection object	f
1007	2016-01-22 10:56:57	2016-01-22 10:56:57	253	By setting the autoCommit property of the Connection to false, and execute a statement in the database	t
1008	2016-01-22 10:56:57	2016-01-22 10:56:57	254	Dirty reads, non-repeatable reads and phantom reads can occur	f
1009	2016-01-22 10:56:57	2016-01-22 10:56:57	254	Dirty reads are prevented; non-repeatable reads and phantom reads can occur	f
1010	2016-01-22 10:56:57	2016-01-22 10:56:57	254	Dirty reads and non-repeatable reads are prevented; phantom reads can occur	t
1011	2016-01-22 10:56:57	2016-01-22 10:56:57	254	Dirty reads, non-repeatable reads and phantom reads are prevented	f
1012	2016-01-22 10:56:57	2016-01-22 10:56:57	255	java.sql.Time	f
1013	2016-01-22 10:56:57	2016-01-22 10:56:57	255	java.util.Date	t
1014	2016-01-22 10:56:57	2016-01-22 10:56:57	255	java.util.Time	f
1015	2016-01-22 10:56:57	2016-01-22 10:56:57	255	None of the above	f
1016	2016-01-22 10:56:57	2016-01-22 10:56:57	256	Call method execute() on a CallableStatement object	t
1017	2016-01-22 10:56:57	2016-01-22 10:56:57	256	Call method executeProcedure() on a Statement object	f
1018	2016-01-22 10:56:57	2016-01-22 10:56:57	256	Call method execute() on a StoredProcedure object	f
1019	2016-01-22 10:56:57	2016-01-22 10:56:57	256	Call method run() on a ProcedureCommand object	f
1020	2016-01-22 10:56:57	2016-01-22 10:56:57	257	the method close() does not exist for a ResultSet. Only Connections can be closed.	f
1021	2016-01-22 10:56:57	2016-01-22 10:56:57	257	the database and JDBC resources are released	t
1022	2016-01-22 10:56:57	2016-01-22 10:56:57	257	you will get a SQLException, because only Statement objects can close ResultSets	f
1023	2016-01-22 10:56:57	2016-01-22 10:56:57	257	the ResultSet, together with the Statement which created it and the Connection from which the Statement was retrieved, will be closed and release all database and JDBC resources	f
1024	2016-01-22 10:56:57	2016-01-22 10:56:57	258	The row you are positioned on is deleted from the ResultSet, but not from the database.	f
1025	2016-01-22 10:56:57	2016-01-22 10:56:57	258	The row you are positioned on is deleted from the ResultSet and from the database	t
1026	2016-01-22 10:56:57	2016-01-22 10:56:57	258	The result depends on whether the property synchronizeWithDataSource is set to true or false	f
1027	2016-01-22 10:56:57	2016-01-22 10:56:57	258	You will get a compile error: the method does not exist because you can not delete rows from a ResultSet	f
1028	2016-01-22 10:56:57	2016-01-22 10:56:57	259	byte	t
1029	2016-01-22 10:56:57	2016-01-22 10:56:57	259	int	f
1030	2016-01-22 10:56:57	2016-01-22 10:56:57	259	boolean	f
1031	2016-01-22 10:56:57	2016-01-22 10:56:57	259	char	f
1032	2016-01-22 10:56:57	2016-01-22 10:56:57	260	DDL statements are treated as normal SQL statements, and are executed by calling the execute() method on a Statement (or a sub interface thereof) object	t
1033	2016-01-22 10:56:57	2016-01-22 10:56:57	260	To execute DDL statements, you have to install additional support files	f
1034	2016-01-22 10:56:57	2016-01-22 10:56:57	260	DDL statements can not be executed by making use of JDBC, you should use the native database tools for this.	f
1035	2016-01-22 10:56:57	2016-01-22 10:56:57	260	Support for DDL statements will be a feature of a future release of JDBC	f
1037	2016-01-22 10:56:57	2016-01-22 10:56:57	261	FALSE	f
1038	2016-01-22 10:56:57	2016-01-22 10:56:57	262	TRANSACTION_READ_UNCOMMITTED	f
1039	2016-01-22 10:56:57	2016-01-22 10:56:57	262	TRANSACTION_READ_COMMITTED	f
1040	2016-01-22 10:56:57	2016-01-22 10:56:57	262	TRANSACTION_SERIALIZABLE	f
1041	2016-01-22 10:56:57	2016-01-22 10:56:57	262	TRANSACTION_REPEATABLE_READ	t
1042	2016-01-22 10:56:57	2016-01-22 10:56:57	263	Regular Statement	f
1043	2016-01-22 10:56:57	2016-01-22 10:56:57	263	Prepared Statement	f
1044	2016-01-22 10:56:57	2016-01-22 10:56:57	263	Callable Statement	f
1045	2016-01-22 10:56:57	2016-01-22 10:56:57	263	Interim Statement	t
1046	2016-01-22 10:56:57	2016-01-22 10:56:57	264	registerDriver()	f
1047	2016-01-22 10:56:57	2016-01-22 10:56:57	264	Class.forName()	f
1048	2016-01-22 10:56:57	2016-01-22 10:56:57	264	Both A and B	t
1049	2016-01-22 10:56:57	2016-01-22 10:56:57	264	getConnection()	f
1050	2016-01-22 10:56:57	2016-01-22 10:56:57	265	Type 4 driver is 	f
1051	2016-01-22 10:56:57	2016-01-22 10:56:57	265	Type 4 drivers are 100% Java compatible	f
1052	2016-01-22 10:56:57	2016-01-22 10:56:57	265	Type 4 drivers uses Socket class to connect to the database	f
1053	2016-01-22 10:56:57	2016-01-22 10:56:57	265	Type 4 drivers can not be used with Netscape	t
1054	2016-01-22 10:56:57	2016-01-22 10:56:57	266	Statement stmt = connection.createStatement();stmt.execute("totalStock()");	f
1055	2016-01-22 10:56:57	2016-01-22 10:56:57	266	CallableStatement clbstmnt = con.prepareCall("{call totalStock}");cs.executeQuery();	t
1056	2016-01-22 10:56:57	2016-01-22 10:56:57	266	StoreProcedureStatement stmt=connection.createStoreProcedure("totalStock()");spstmt.executeQuery();	f
1057	2016-01-22 10:56:57	2016-01-22 10:56:57	266	PrepareStatement pstmt = connection.prepareStatement("totalStock()");pstmt.execute();	f
1058	2016-01-22 10:56:57	2016-01-22 10:56:57	267	Type 	t
1059	2016-01-22 10:56:58	2016-01-22 10:56:58	267	Type 	f
1060	2016-01-22 10:56:58	2016-01-22 10:56:58	267	Type 	f
1061	2016-01-22 10:56:58	2016-01-22 10:56:58	267	Type 	f
1062	2016-01-22 10:56:58	2016-01-22 10:56:58	268	1, 2	f
1063	2016-01-22 10:56:58	2016-01-22 10:56:58	268	1,2,3	t
1064	2016-01-22 10:56:58	2016-01-22 10:56:58	268	1,3	f
1065	2016-01-22 10:56:58	2016-01-22 10:56:58	268	2,3	f
1066	2016-01-22 10:56:58	2016-01-22 10:56:58	269	executeQuery()	f
1067	2016-01-22 10:56:58	2016-01-22 10:56:58	269	executeUpdate()	f
1068	2016-01-22 10:56:58	2016-01-22 10:56:58	269	getConnection()	t
1069	2016-01-22 10:56:58	2016-01-22 10:56:58	269	prepareCall()	f
1070	2016-01-22 10:56:58	2016-01-22 10:56:58	270	Three tiered	f
1071	2016-01-22 10:56:58	2016-01-22 10:56:58	270	Multithreaded	t
1072	2016-01-22 10:56:58	2016-01-22 10:56:58	270	Best for any platform	f
1073	2016-01-22 10:56:58	2016-01-22 10:56:58	270	All of the above	f
1074	2016-01-22 10:56:58	2016-01-22 10:56:58	271	When are you free?	t
1075	2016-01-22 10:56:58	2016-01-22 10:56:58	271	It was two days ago.	f
1076	2016-01-22 10:56:58	2016-01-22 10:56:58	271	Can you help me?	f
1077	2016-01-22 10:56:58	2016-01-22 10:56:58	272	How do you do?	f
1078	2016-01-22 10:56:58	2016-01-22 10:56:58	272	How long for?	t
1079	2016-01-22 10:56:58	2016-01-22 10:56:58	272	How was it?	f
1080	2016-01-22 10:56:58	2016-01-22 10:56:58	273	at school	f
1081	2016-01-22 10:56:58	2016-01-22 10:56:58	273	in the evenings	t
1082	2016-01-22 10:56:58	2016-01-22 10:56:58	273	in the library	f
1083	2016-01-22 10:56:58	2016-01-22 10:56:58	274	Have you got anything else?	t
1084	2016-01-22 10:56:58	2016-01-22 10:56:58	274	If you like.	f
1085	2016-01-22 10:56:58	2016-01-22 10:56:58	274	Are you sure about that?	f
1086	2016-01-22 10:56:58	2016-01-22 10:56:58	275	You aren't eating.	f
1087	2016-01-22 10:56:58	2016-01-22 10:56:58	275	There aren't any.	f
1088	2016-01-22 10:56:58	2016-01-22 10:56:58	275	Tom isn't here yet	t
1089	2016-01-22 10:56:58	2016-01-22 10:56:58	276	dropping	f
1090	2016-01-22 10:56:58	2016-01-22 10:56:58	276	landing	f
1091	2016-01-22 10:56:58	2016-01-22 10:56:58	276	falling	t
1092	2016-01-22 10:56:58	2016-01-22 10:56:58	276	descending	f
1093	2016-01-22 10:56:58	2016-01-22 10:56:58	277	can	f
1094	2016-01-22 10:56:58	2016-01-22 10:56:58	277	must	t
1095	2016-01-22 10:56:58	2016-01-22 10:56:58	277	ought	f
1096	2016-01-22 10:56:58	2016-01-22 10:56:58	277	would	f
1097	2016-01-22 10:56:58	2016-01-22 10:56:58	278	miss	f
1098	2016-01-22 10:56:58	2016-01-22 10:56:58	278	lose	t
1099	2016-01-22 10:56:58	2016-01-22 10:56:58	278	fail	f
1100	2016-01-22 10:56:58	2016-01-22 10:56:58	278	drop	f
1101	2016-01-22 10:56:58	2016-01-22 10:56:58	279	opinion	f
1102	2016-01-22 10:56:58	2016-01-22 10:56:58	279	advice	f
1103	2016-01-22 10:56:58	2016-01-22 10:56:58	279	knowledge	f
1104	2016-01-22 10:56:58	2016-01-22 10:56:58	279	information	t
1105	2016-01-22 10:56:58	2016-01-22 10:56:58	280	habit	f
1106	2016-01-22 10:56:58	2016-01-22 10:56:58	280	custom	f
1107	2016-01-22 10:56:58	2016-01-22 10:56:58	280	way	t
1108	2016-01-22 10:56:58	2016-01-22 10:56:58	280	system	f
1109	2016-01-22 12:01:57	2016-01-22 12:01:57	281	prepared	t
1110	2016-01-22 12:01:57	2016-01-22 12:01:57	281	adapted	f
1111	2016-01-22 12:01:57	2016-01-22 12:01:57	281	arranged	f
1112	2016-01-22 12:01:57	2016-01-22 12:01:57	281	decided	f
1113	2016-01-22 12:05:02	2016-01-22 12:05:02	282	current	f
1114	2016-01-22 12:05:02	2016-01-22 12:05:02	282	supply	t
1115	2016-01-22 12:05:02	2016-01-22 12:05:02	282	grid	f
1116	2016-01-22 12:05:02	2016-01-22 12:05:02	282	power	f
\.


--
-- Name: question_answer_options_id_seq; Type: SEQUENCE SET; Schema: public; Owner: -
--

SELECT pg_catalog.setval('question_answer_options_id_seq', 1117, true);


--
-- Data for Name: question_categories; Type: TABLE DATA; Schema: public; Owner: -
--

COPY question_categories (id, created_at, updated_at, name, question_count) FROM stdin;
1	2009-11-04 13:27:07	2010-02-15 02:50:40	PHP	30
2	2009-11-04 13:27:20	2009-11-04 13:27:20	JAVA	0
3	2009-11-04 13:27:32	2009-11-04 13:27:32	Ajax	0
4	2009-11-04 13:27:43	2009-11-04 13:27:43	MySQL	0
5	2009-11-04 13:27:56	2009-11-04 13:27:56	General	0
6	2009-11-04 13:28:22	2009-11-04 13:28:22	CSS	0
7	2009-11-04 13:28:36	2009-11-04 13:28:36	.Net	0
8	2009-11-04 13:28:57	2009-11-04 13:28:57	Javascript	0
10	2009-11-04 13:29:20	2009-11-04 13:29:20	JQuery	0
13	2009-11-13 10:14:30	2009-11-13 10:14:30	English	12
14	2009-11-13 10:56:31	2009-11-13 10:56:31	Aptitude	0
15	2009-11-13 11:11:32	2009-11-13 11:11:32	HTML & Javascript	0
16	2010-02-19 10:14:41	2010-02-19 10:14:41	General & Technical	0
17	2010-03-04 07:52:25	2010-03-04 07:52:25	Technical	0
18	2010-04-05 06:04:34	2010-04-05 06:04:34	HTML	30
19	2010-05-10 10:08:01	2010-05-10 10:08:01	Flash	0
20	2010-06-09 11:43:25	2010-06-09 11:43:25	CakePHP	0
21	2015-04-16 07:43:00	2015-04-16 07:43:00	General Attitude	0
23	2015-04-16 16:10:31	2015-04-16 16:10:31	Design	0
24	2016-01-21 12:42:50	2016-01-21 12:42:50	C++	30
25	2016-01-21 12:43:56	2016-01-21 12:43:56	Computer Networking	30
26	2016-01-21 12:44:57	2016-01-21 12:44:57	DBMS and Design	30
27	2016-01-21 12:45:29	2016-01-21 12:45:29	MS-DOS	30
28	2016-01-21 12:45:49	2016-01-21 12:45:49	MS-WORD	30
29	2016-01-21 12:46:08	2016-01-21 12:46:08	MS-PowerPoint	30
30	2016-01-21 12:46:39	2016-01-21 12:46:39	JDBC	30
\.


--
-- Name: question_categories_id_seq; Type: SEQUENCE SET; Schema: public; Owner: -
--

SELECT pg_catalog.setval('question_categories_id_seq', 31, true);


--
-- Data for Name: question_display_types; Type: TABLE DATA; Schema: public; Owner: -
--

COPY question_display_types (id, created_at, updated_at, name) FROM stdin;
1	2009-11-02 14:40:23	2009-11-02 14:40:23	All Questions Listing in Single Page
2	2016-01-02 14:40:23	2016-01-02 14:40:23	Question Displaying in Silder View
\.


--
-- Name: question_display_types_id_seq; Type: SEQUENCE SET; Schema: public; Owner: -
--

SELECT pg_catalog.setval('question_display_types_id_seq', 2, true);


--
-- Data for Name: questions; Type: TABLE DATA; Schema: public; Owner: -
--

COPY questions (id, created_at, updated_at, question_category_id, question, info_tip, is_active, exams_question_count) FROM stdin;
1	2016-01-21 12:51:32	2016-01-21 12:51:58	24	What is the correct value to return to the operating system upon the successful completion of a program?		t	1
2	2016-01-21 12:54:06	2016-01-21 12:54:06	24	What is the only function all C++ programs must contain?		t	1
3	2016-01-21 12:56:39	2016-01-21 12:56:39	24	What punctuation is used to signal the beginning and end of code blocks?		t	1
4	2016-01-21 13:00:22	2016-01-21 13:00:22	24	What punctuation ends most lines of C++ code?		t	1
5	2016-01-21 13:02:26	2016-01-21 13:02:26	24	Which of the following is a correct comment?		t	1
6	2016-01-21 13:03:56	2016-01-21 13:03:56	24	Which of the following is not a correct variable type?		t	1
7	2016-01-21 13:36:31	2016-01-21 13:36:31	24	Which of the following is the correct operator to compare two variables?		t	1
8	2016-01-21 13:38:15	2016-01-21 13:38:15	24	Which of the following is true?		t	1
9	2016-01-21 13:39:32	2016-01-21 13:39:32	24	Which of the following is the boolean operator for logical-and?		t	1
10	2016-01-21 13:41:51	2016-01-21 13:41:51	24	Evaluate !(1 && !(0 || 1)).		t	1
11	2016-01-21 13:43:31	2016-01-21 13:43:31	24	Identify the correct statement		t	1
12	2016-01-21 13:44:34	2016-01-21 13:44:34	24	The directives for the preprocessors begin with		t	1
13	2016-01-21 13:46:11	2016-01-21 13:46:11	24	The file iostream includes?		t	1
14	2016-01-21 13:48:51	2016-01-21 13:48:51	24	There is a unique function in C++ program by where all C++ programs start their execution?		t	1
15	2016-01-21 13:49:55	2016-01-21 13:49:55	24	Every function in C++ are followed by		t	1
16	2016-01-21 13:51:02	2016-01-21 13:51:02	24	Which of the following is false?		t	1
17	2016-01-21 13:51:57	2016-01-21 13:51:57	24	Every statement in C++ program should end with?		t	1
18	2016-01-21 13:53:04	2016-01-21 13:53:04	24	Which of the following statement is true about preprocessor directives?		t	1
19	2016-01-21 13:53:57	2016-01-21 13:53:57	24	A block comment can be written by		t	1
20	2016-01-21 13:56:58	2016-01-21 13:56:58	24	When writing comments you can		t	1
21	2016-01-21 13:58:25	2016-01-21 13:58:25	24	A variable is/are		t	1
22	2016-01-21 13:59:45	2016-01-21 13:59:45	24	Which of the following can not be used as identifiers?		t	1
23	2016-01-21 14:00:43	2016-01-21 14:00:43	24	Which of the following identifiers is invalid?		t	1
24	2016-01-21 14:01:28	2016-01-21 14:01:28	24	Which of the following can not be used as valid identifier?		t	1
25	2016-01-21 14:02:22	2016-01-21 14:02:22	24	The difference between x and x is		t	1
26	2016-01-21 14:03:21	2016-01-21 14:03:21	24	Which of the following is not a valid escape code?		t	1
27	2016-01-21 14:04:11	2016-01-21 14:04:11	24	Which of the following statement is true?		t	1
28	2016-01-21 14:05:05	2016-01-21 14:05:05	24	Regarding #difine which of the following statement is false?		t	1
29	2016-01-21 14:06:07	2016-01-21 14:06:07	24	Regarding following statement  which of the statements is true?\\r\\nconst int pathwidth=100;		t	1
30	2016-01-21 14:07:02	2016-01-21 14:07:02	24	In an assignment statement		t	1
40	2016-01-21 14:23:14	2016-01-21 14:23:14	25	What is the number of separate protocol layers at the serial interface gateway specified by the X.25 standard?		t	1
39	2016-01-21 14:21:33	2016-01-21 14:21:33	25	Which of the following might be used by a company to satisfy its growing communications needs?		t	1
38	2016-01-21 14:20:20	2016-01-21 14:20:20	25	Which of the following communication modes support two-way traffic but in only one direction at a time?		t	1
37	2016-01-21 14:18:57	2016-01-21 14:18:57	25	The x.25 standard specifies a 		t	1
36	2016-01-21 14:16:02	2016-01-21 14:16:02	25	Layer one of the OSI model is		t	1
35	2016-01-21 14:14:09	2016-01-21 14:14:09	25	How many OSI layers are covered in the X.25 standard?		t	1
34	2016-01-21 14:12:43	2016-01-21 14:12:43	25	The process of converting analog signals into digital signals so they can be processed by a receiving computer is referred to as:		t	1
33	2016-01-21 14:11:38	2016-01-21 14:11:38	25	Which of the following performs modulation and demodulation?		t	1
41	2016-01-21 14:25:30	2016-01-21 14:25:30	25	The interactive transmission of data within a time sharing system may be best suited to ?		t	1
42	2016-01-21 14:27:21	2016-01-21 14:27:21	25	Which of the following statement is incorrect?		t	1
43	2016-01-21 14:28:19	2016-01-21 14:28:19	25	Which of hte following is considered a broad band communication channel?		t	1
44	2016-01-21 14:29:06	2016-01-21 14:29:06	25	Which of the following is not a transmission medium?		t	1
45	2016-01-21 14:29:59	2016-01-21 14:29:59	25	Which of the following does not allow multiple uses or devices to share one communication line?		t	1
46	2016-01-21 14:30:55	2016-01-21 14:30:55	25	Which of the following signal is not standard RS-232-C signal?		t	1
47	2016-01-21 14:32:10	2016-01-21 14:32:10	25	Which of the following statement is incorrect?		t	1
48	2016-01-21 14:33:16	2016-01-21 14:33:16	25	Which of the following is an advantage to using fiber optics data transmission?		t	1
49	2016-01-21 14:34:25	2016-01-21 14:34:25	25	Which of the following is required to communicate between two computers?		t	1
50	2016-01-21 14:35:14	2016-01-21 14:35:14	25	The transmission signal coding method of TI carrier is called		t	1
51	2016-01-21 14:36:39	2016-01-21 14:36:39	25	Which data communication method is used to transmit the data over a serial communication link?		t	1
52	2016-01-21 14:38:04	2016-01-21 14:38:04	25	What is the minimum number of wires needed to send data over a serial communication link layer?		t	1
53	2016-01-21 14:39:52	2016-01-21 14:39:52	25	Which of the following types of channels moves data relatively slowly?		t	1
54	2016-01-21 14:41:04	2016-01-21 14:41:04	25	Most data communications involving telegraph lines use:\\r\\n\\r\\n		t	1
55	2016-01-21 14:42:17	2016-01-21 14:42:17	25	communications device that combines transmissions from several I/O devices into one line is a 		t	1
56	2016-01-21 14:43:42	2016-01-21 14:43:42	25	How much power (roughly) a light emitting diode can couple into an optical fiber?		t	1
57	2016-01-21 14:45:02	2016-01-21 14:45:02	25	The synchronous modems are more costly than the asynchronous modems because		t	1
58	2016-01-21 14:46:11	2016-01-21 14:46:11	25	Which of the following statement is correct?		t	1
59	2016-01-21 14:47:16	2016-01-21 14:47:16	25	In a synchronous modem, the digital-to-analog converter transmits signal to the 		t	1
60	2016-01-21 14:49:10	2016-01-21 14:49:10	25	Which of the following communications lines is best suited to interactive processing applications?		t	1
61	2016-01-21 14:51:33	2016-01-21 14:51:33	26	The ascending order of a data hirerchy is:		t	1
62	2016-01-21 14:53:12	2016-01-21 14:53:12	26	Which of the following is true of a network structure?		t	1
63	2016-01-21 14:54:54	2016-01-21 14:54:54	26	Which of the following is a problem of file management system?		t	1
64	2016-01-21 14:56:34	2016-01-21 14:56:34	26	One data dictionery software package is called		t	1
65	2016-01-21 14:57:41	2016-01-21 14:57:41	26	The function of a database is ...		t	1
66	2016-01-21 14:58:51	2016-01-21 14:58:51	26	What is the language used by most of the DBMSs for helping their users to access data?		t	1
67	2016-01-21 14:59:51	2016-01-21 14:59:51	26	The model for a record management system might be		t	1
68	2016-01-21 15:01:11	2016-01-21 15:01:11	26	Primitive operations common to all record management system include		t	1
69	2016-01-21 15:02:07	2016-01-21 15:02:07	26	In a large DBMS		t	1
70	2016-01-21 15:03:14	2016-01-21 15:03:14	26	Information can be transferred between the DBMS and a		t	1
71	2016-01-21 15:04:23	2016-01-21 15:04:23	26	Which of the following fields in a student file can be used as a primary key?		t	1
72	2016-01-21 15:05:40	2016-01-21 15:05:40	26	Which of the following is not an advantage of the database approach		t	1
73	2016-01-21 15:07:30	2016-01-21 15:07:30	26	Which of the following contains a complete record of all activity that affected the contents of a database during a certain period of time?		t	1
74	2016-01-21 15:08:50	2016-01-21 15:08:50	26	In the DBMS approach, application programs perform the 		t	1
75	2016-01-21 15:09:53	2016-01-21 15:09:53	26	A set of programs that handle a firm's database responsibilities is called		t	1
76	2016-01-21 15:11:27	2016-01-21 15:11:27	26	Which is the make given to the database management system which is able to handle full text data, image data, audio and video?		t	1
77	2016-01-21 15:12:25	2016-01-21 15:12:25	26	A record management system		t	1
78	2016-01-21 15:13:08	2016-01-21 15:13:08	26	A command that lets you change one or more fields in a record is		t	1
79	2016-01-21 15:14:01	2016-01-21 15:14:01	26	A transparent DBMS		t	1
80	2016-01-21 15:15:02	2016-01-21 15:15:02	26	A file produced by a spreadsheet 		t	1
81	2016-01-21 15:16:30	2016-01-21 15:16:30	26	Which of the following is not true of the traditional approach to information processing		t	1
82	2016-01-21 15:18:22	2016-01-21 15:18:22	26	Which of the following hardware component is the most important to the operation of database management system?		t	1
83	2016-01-21 15:19:36	2016-01-21 15:19:36	26	Generalized database management system do not retrieve data to meet routine request		t	1
84	2016-01-21 15:22:29	2016-01-21 15:22:29	26	Batch processing is appropriate if		t	1
85	2016-01-21 15:23:18	2016-01-21 15:23:18	26	Large collection of files are called		t	1
86	2016-01-21 15:24:08	2016-01-21 15:24:08	26	Which of the following is not a relational database?		t	1
87	2016-01-21 15:25:13	2016-01-21 15:25:13	26	In order to use a record management system		t	1
88	2016-01-21 15:26:18	2016-01-21 15:26:18	26	Sort/Report generators		t	1
89	2016-01-21 15:28:04	2016-01-21 15:28:04	26	If a piece of data is stored in two places in the database, then 		t	1
90	2016-01-21 15:29:21	2016-01-21 15:29:21	26	An audit trail		t	1
91	2016-01-21 15:31:28	2016-01-21 15:31:28	1	A script is a		t	1
92	2016-01-21 15:32:12	2016-01-21 15:32:12	1	When compared to the compiled program, scripts run		t	1
93	2016-01-21 15:34:10	2016-01-21 15:34:10	1	PHP is a widely used . scripting language that is especially suited for web development and can be embedded into html		t	1
94	2016-01-21 15:35:13	2016-01-21 15:35:13	1	Which of the following is not true?		t	1
95	2016-01-21 15:36:54	2016-01-21 15:36:54	1	Which of the following variables is not a predefined variable?		t	1
96	2016-01-21 15:37:57	2016-01-21 15:37:57	1	You can define a constant by using the define() function. Once a constant is defined		t	1
97	2016-01-21 15:38:55	2016-01-21 15:38:55	1	The following piece of script will output:\\r\\n<?\\r\\n$email=admin@psexam.com;\\r\\n$new=strstr($email, @&rsquoWink;\\r\\nprint $new;\\r\\n?>		t	1
98	2016-01-21 15:39:53	2016-01-21 15:39:53	1	Which of the following function returns the number of characters in a string variable?		t	1
99	2016-01-21 15:40:45	2016-01-21 15:40:45	1	When you need to obtain the ASCII value of a character which of the following function you apply in PHP?		t	1
100	2016-01-21 15:41:47	2016-01-21 15:41:47	1	A variable $word is set to HELLO WORLD, which of the following script returns in title case?		t	1
101	2016-01-21 15:43:02	2016-01-21 15:43:02	1	In mail($param2, $param2, $param3, $param4), the $param2 contains:		t	1
102	2016-01-21 15:45:05	2016-01-21 15:45:05	1	Study following steps and determine the correct order\\r\\n(1)   Open a connection to MySql server\\r\\n(2)   Execute the SQL query\\r\\n(3)   Fetch the data from query\\r\\n(4)   Select database\\r\\n(5)   Close Connection		t	1
103	2016-01-21 15:45:55	2016-01-21 15:45:55	1	Which of the following is not a session function?		t	1
104	2016-01-21 15:46:47	2016-01-21 15:46:47	1	When uploading a file if the UPLOAD_ERR-OK contains value 0 it means		t	1
105	2016-01-21 15:47:53	2016-01-21 15:47:53	1	Which of the following delimiter syntax is PHP's default delimiter syntax		t	1
106	2016-01-21 15:49:02	2016-01-21 15:49:02	1	Which of the following statement produce different output		t	1
107	2016-01-21 15:52:51	2016-01-21 15:52:51	1	Php supports all four different ways of delimiting. In this context identify the false statement		t	1
108	2016-01-21 15:53:45	2016-01-21 15:53:45	1	Which of following function return 1 when output is successful?		t	1
109	2016-01-21 15:54:35	2016-01-21 15:54:35	1	Which of the following data type is not seal or datetype supported by PHP		t	1
110	2016-01-21 15:55:30	2016-01-21 15:55:30	1	For integer data type PHP 6 introduced		t	1
111	2016-01-22 05:52:29	2016-01-22 05:52:29	1	Trace the odd data type		t	1
112	2016-01-22 05:54:55	2016-01-22 05:54:55	1	Which of the folowing are valid float values?		t	1
113	2016-01-22 05:57:46	2016-01-22 05:57:46	1	Which datatypes are treaded as arrays		t	1
114	2016-01-22 05:58:46	2016-01-22 05:58:46	1	Casting operator introduced in PHP 6 is		t	1
115	2016-01-22 05:59:58	2016-01-22 05:59:58	1	When defining identifier in PHP you should remember that		t	1
116	2016-01-22 06:01:03	2016-01-22 06:01:03	1	Identify the invalid identifier		t	1
117	2016-01-22 06:02:07	2016-01-22 06:02:07	1	Identify the variable scope that is not supported by PHP		t	1
118	2016-01-22 06:03:12	2016-01-22 06:03:12	1	The output of ofllowing script would be\\r\\n\\r\\n$somerar=15;\\r\\n\\r\\nfunction ad it () {\\r\\n\\r\\nGLOBAL $somevar;\\r\\n\\r\\n$somerar++ ;\\r\\n\\r\\necho "somerar is $somerar";\\r\\n\\r\\n}\\r\\n\\r\\naddit ();		t	1
119	2016-01-22 06:04:03	2016-01-22 06:04:03	1	The left associative dot operator (.) is used in PHP for		t	1
120	2016-01-22 06:05:28	2016-01-22 06:05:28	1	Trace the false statement		t	1
121	2016-01-22 06:07:31	2016-01-22 06:07:31	27	In MS-Dos 6.22, which part identifies the product uniquely		t	1
122	2016-01-22 06:08:32	2016-01-22 06:08:32	27	In Ms-Dos what command you will use to display system date?		t	1
123	2016-01-22 06:09:25	2016-01-22 06:09:25	27	While working with Ms-Dos which command transfers a specific file from one disk to another?		t	1
124	2016-01-22 06:10:21	2016-01-22 06:10:21	27	If you dont know the current time, which command will you use to display		t	1
125	2016-01-22 06:11:20	2016-01-22 06:11:20	27	Which command divides the surface of the blank disk into sectors and assign a unique address to each one		t	1
126	2016-01-22 06:12:07	2016-01-22 06:12:07	27	Each time you turn on your computer, it will check on the control file		t	1
127	2016-01-22 06:12:50	2016-01-22 06:12:50	27	If you need to duplicate the entire disk, which command will you use?		t	1
128	2016-01-22 06:13:30	2016-01-22 06:13:30	27	Which of the following extensions suggest that the file is a backup copy		t	1
129	2016-01-22 06:14:16	2016-01-22 06:14:16	27	Which command lists the contents of current directory of a disk		t	1
130	2016-01-22 06:15:06	2016-01-22 06:15:06	27	Only filenames and extensions are to be displayed in wide format, which command youll use?		t	1
131	2016-01-22 06:16:37	2016-01-22 06:16:37	27	Which command displays all the files having the same name but different extensions?		t	1
132	2016-01-22 06:17:32	2016-01-22 06:17:32	27	Which command displays only file and directory names without size, date and time information?		t	1
133	2016-01-22 06:18:16	2016-01-22 06:18:16	27	Which command displays comma for thousand separating on file size while listing?		t	1
134	2016-01-22 06:19:09	2016-01-22 06:19:09	27	Which command is used to display all the files having the (.exe) extension but different filename?		t	1
135	2016-01-22 06:20:00	2016-01-22 06:20:00	27	Which command should be used to display all files within the specified subordinate directory of the subdirectory?		t	1
136	2016-01-22 06:20:46	2016-01-22 06:20:46	27	Which command displays the directory list including files in tree structure?		t	1
137	2016-01-22 06:22:01	2016-01-22 06:22:01	27	Which command will be used to display a file within the specified directory of pathname?		t	1
138	2016-01-22 06:22:47	2016-01-22 06:22:47	27	Which command creates a directory or subdirectory?		t	1
139	2016-01-22 06:23:38	2016-01-22 06:23:38	27	Which command displays current directory name or change from one to another?		t	1
140	2016-01-22 06:24:36	2016-01-22 06:24:36	27	Which command is used to delete the directory that is empty?		t	1
142	2016-01-22 06:27:00	2016-01-22 06:27:00	27	In which year the first operating system was developed		t	1
143	2016-01-22 06:27:41	2016-01-22 06:27:41	27	MS-DOS developed in		t	1
144	2016-01-22 06:28:37	2016-01-22 06:28:37	27	Maximum length of DOS command using any optional parameter is		t	1
145	2016-01-22 06:30:42	2016-01-22 06:30:42	27	Which keys can be pressed quit without saving in DOS		t	1
146	2016-01-22 06:31:44	2016-01-22 06:31:44	27	CHKDSK command is used to		t	1
147	2016-01-22 06:32:34	2016-01-22 06:32:34	27	Which file is the batch file that is read while booting a computer?		t	1
148	2016-01-22 06:33:41	2016-01-22 06:33:41	27	Which command is used to backup in DOS 6+ Version		t	1
149	2016-01-22 06:35:03	2016-01-22 06:35:03	27	Copy and Xcopy are same in the sense		t	1
150	2016-01-22 06:37:03	2016-01-22 06:37:03	27	Which command be used to clear the screen and display the operating system prompt on the first line of the display?		t	1
151	2016-01-22 06:39:18	2016-01-22 06:39:18	28	Which of the following is not valid version of MS Office?		t	1
152	2016-01-22 06:40:13	2016-01-22 06:40:13	28	You cannot close MS Word application by		t	1
153	2016-01-22 06:41:08	2016-01-22 06:41:08	28	The key F12 opens a		t	1
154	2016-01-22 06:42:41	2016-01-22 06:42:41	28	What is the short cut key to open the Open dialog box?		t	1
155	2016-01-22 06:43:42	2016-01-22 06:43:42	28	A feature of MS Word that saves the document automatically after certain interval is available on		t	1
156	2016-01-22 06:44:54	2016-01-22 06:44:54	28	Where can you find the horizontal split bar on MS Word screen?		t	1
157	2016-01-22 06:46:42	2016-01-22 06:46:42	28	Which of the following is not available on the Ruler of MS Word screen?		t	1
158	2016-01-22 06:49:48	2016-01-22 06:49:48	28	What is place to the left of horizontal scroll bar?		t	1
159	2016-01-22 06:51:18	2016-01-22 06:51:18	28	Which file starts MS Word?		t	1
160	2016-01-22 06:52:08	2016-01-22 06:52:08	28	How many ways you can save a document?		t	1
161	2016-01-22 06:54:04	2016-01-22 06:54:04	28	Pressing F8 key for three times selects		t	1
162	2016-01-22 06:54:57	2016-01-22 06:54:57	28	What happens if you press Ctrl + Shift + F8?		t	1
163	2016-01-22 06:55:53	2016-01-22 06:55:53	28	How can you disable extended selection mode?		t	1
164	2016-01-22 06:56:53	2016-01-22 06:56:53	28	What does EXT indicator on status bar of MS Word indicate?		t	1
165	2016-01-22 06:57:49	2016-01-22 06:57:49	28	What is the maximum number of lines you can set for a drop cap?		t	1
166	2016-01-22 06:58:53	2016-01-22 06:58:53	28	What is the default number of lines to drop for drop cap?		t	1
167	2016-01-22 06:59:59	2016-01-22 06:59:59	28	What is the shortcut key you can press to create a copyright symbol?		t	1
168	2016-01-22 07:00:37	2016-01-22 07:00:37	28	How many columns can you insert in a word document in maximum?		t	1
169	2016-01-22 07:01:20	2016-01-22 07:01:20	28	What is the smallest and largest font size available in Font Size tool on formatting toolbar?		t	1
170	2016-01-22 07:02:40	2016-01-22 07:02:40	28	What is the maximum font size you can apply for any character?		t	1
171	2016-01-22 07:03:34	2016-01-22 07:03:34	28	What happens when you click on Insert >> Picture >> Clip Art		t	1
172	2016-01-22 07:04:51	2016-01-22 07:04:51	28	Which option is not available in Insert Table Autofit behavior?		t	1
173	2016-01-22 07:05:51	2016-01-22 07:05:51	28	To autofit the width of column		t	1
174	2016-01-22 07:06:41	2016-01-22 07:06:41	28	From which menu you can insert Header and Footer?		t	1
175	2016-01-22 07:07:34	2016-01-22 07:07:34	28	After typing header text, how can you quickly enter footer text?		t	1
176	2016-01-22 07:08:34	2016-01-22 07:08:34	28	When inserting Page number in footer it appeared 1 but you wish to show a. How can you do that?		t	1
177	2016-01-22 07:09:50	2016-01-22 07:09:50	28	Which of the following statement is false?		t	1
178	2016-01-22 07:10:52	2016-01-22 07:10:52	28	Where can you change the vertical alignment?		t	1
179	2016-01-22 07:11:48	2016-01-22 07:11:48	28	To get to the Symbol dialog box, click on the ______ menu and choose Symbol.		t	1
239	2016-01-22 10:56:57	2016-01-22 10:56:57	18	Most search engines give serious importance to meta tags when ranking websites in their listings?		t	1
180	2016-01-22 07:13:00	2016-01-22 07:13:00	28	Which of the following symbol sets would be most likely to contain a mathematical symbol such as a degree sign, greater than or equal to, or a Greek letter?		t	1
181	2016-01-22 07:19:23	2016-01-22 07:19:23	29	Which file format can be added to a PowerPoint show?		t	1
182	2016-01-22 07:20:46	2016-01-22 07:20:46	29	In Microsoft PowerPoint two kind of sound effects files that can be added to the presentation are		t	1
183	2016-01-22 07:22:05	2016-01-22 07:22:05	29	Material consisting of text and numbers is best presented as		t	1
184	2016-01-22 07:22:54	2016-01-22 07:22:54	29	What is a motion path?		t	1
185	2016-01-22 07:23:41	2016-01-22 07:23:41	29	What is a slide-title master pair?		t	1
186	2016-01-22 07:24:27	2016-01-22 07:24:27	29	Which of the following should you use if you want all the slide in the presentation to have the same look?		t	1
187	2016-01-22 07:25:21	2016-01-22 07:25:21	29	in the context of animations, what is a trigger?		t	1
188	2016-01-22 07:26:23	2016-01-22 07:26:23	29	If you have a PowerPoint show you created and want to send using email to another teacher you can add the show to your email message as a (an)		t	1
189	2016-01-22 07:27:10	2016-01-22 07:27:10	29	In order to edit a chart, you can		t	1
190	2016-01-22 07:28:24	2016-01-22 07:28:24	29	To exit the PowerPoint		t	1
191	2016-01-22 07:29:34	2016-01-22 07:29:34	29	Which option on the custom animation task pane allows you to apply a preset or custom motion path?		t	1
192	2016-01-22 07:30:21	2016-01-22 07:30:21	29	What is the term used when a clip art image changes the direction of faces?		t	1
193	2016-01-22 07:31:34	2016-01-22 07:31:34	29	The slide that is used to introduce a topic and set the tone for the presentation is called the		t	1
194	2016-01-22 07:32:22	2016-01-22 07:32:22	29	Which of the following features should you use when typing in the notes text box?		t	1
195	2016-01-22 07:33:11	2016-01-22 07:33:11	29	Which option allows you to select line, curve, freeform or scribble tools?		t	1
196	2016-01-22 07:34:01	2016-01-22 07:34:01	29	Which of the following should be used when you want to add a slide to an existing presentation?		t	1
197	2016-01-22 07:34:50	2016-01-22 07:34:50	29	The size of the organization chart object		t	1
198	2016-01-22 07:35:54	2016-01-22 07:35:54	29	which of the following is the default page setup orientation of slide in PowerPoint		t	1
199	2016-01-22 07:36:43	2016-01-22 07:36:43	29	Want a PowerPoint photo album slide show to play continuously?		t	1
200	2016-01-22 07:37:26	2016-01-22 07:37:26	29	what is defined by the handout master?		t	1
201	2016-01-22 07:42:47	2016-01-22 07:42:47	29	To select all of the boxes of an organization chart		t	1
202	2016-01-22 07:43:28	2016-01-22 07:43:28	29	You can show the shortcut menu during the slide show by		t	1
203	2016-01-22 07:44:37	2016-01-22 07:44:37	29	Auto clipart is a feature that		t	1
204	2016-01-22 07:45:34	2016-01-22 07:45:34	29	To edit the text within the boxes of an organization chart, you		t	1
205	2016-01-22 07:46:53	2016-01-22 07:46:53	29	Whidh of the following allow you to select more than one slide in a presentation?		t	1
206	2016-01-22 07:47:37	2016-01-22 07:47:37	29	The view that displays the slides on a presentation as miniature representations of the slides is called		t	1
207	2016-01-22 07:48:25	2016-01-22 07:48:25	29	The PowerPoint view that displays only text (title and bullets) is		t	1
208	2016-01-22 07:49:59	2016-01-22 07:49:59	29	In Microsoft PowerPoint the entry effect as one slide replaces another in a show is called a (an)		t	1
209	2016-01-22 07:50:57	2016-01-22 07:50:57	29	Which of the following presentation elements can you modify using the slide master?		t	1
210	2016-01-22 07:52:09	2016-01-22 07:52:09	29	Which of the following provides a printed copy of your presentation?		t	1
211	2016-01-22 07:54:37	2016-01-22 07:54:37	18	Is it possible to set up a browser so it refuse pages that does not have a content rating meta tag?		t	1
212	2016-01-22 10:56:57	2016-01-22 10:56:57	18	When images are used as links they get a blue border.		t	1
213	2016-01-22 10:56:57	2016-01-22 10:56:57	18	A 6 digit Hex color (#FF9966) defines values of Red, Blue and Green in which order?		t	1
214	2016-01-22 10:56:57	2016-01-22 10:56:57	18	When you count to 15 using hexadecimal numbers, the highest number is what?		t	1
215	2016-01-22 10:56:57	2016-01-22 10:56:57	18	The <small> and <big> tags are special in what way?		t	1
216	2016-01-22 10:56:57	2016-01-22 10:56:57	18	What does vlink mean ?		t	1
217	2016-01-22 10:56:57	2016-01-22 10:56:57	18	Banners, buttons, dividers, clipart and other simple images usually work best as?		t	1
218	2016-01-22 10:56:57	2016-01-22 10:56:57	18	Which format usually works best for photos?		t	1
219	2016-01-22 10:56:57	2016-01-22 10:56:57	18	<a> and </a> are the tags used for?		t	1
220	2016-01-22 10:56:57	2016-01-22 10:56:57	18	What does the GENERATOR meta tag tell?		t	1
221	2016-01-22 10:56:57	2016-01-22 10:56:57	18	What tag is used to add columns to tables?		t	1
222	2016-01-22 10:56:57	2016-01-22 10:56:57	18	Use<td> and </td>to add what to your tables?		t	1
223	2016-01-22 10:56:57	2016-01-22 10:56:57	18	What is the REFRESH meta tag used for?		t	1
224	2016-01-22 10:56:57	2016-01-22 10:56:57	18	Screen colors are defined by which colors?		t	1
225	2016-01-22 10:56:57	2016-01-22 10:56:57	18	What tag can prevent sites with adult content from being seen on MSIEbrowsers?		t	1
226	2016-01-22 10:56:57	2016-01-22 10:56:57	18	To specify a font for your whole page add which tag?		t	1
227	2016-01-22 10:56:57	2016-01-22 10:56:57	18	Increasing the cellpadding value will what?		t	1
228	2016-01-22 10:56:57	2016-01-22 10:56:57	18	Which has higher priority, cell settings or table settings?		t	1
229	2016-01-22 10:56:57	2016-01-22 10:56:57	18	To change the size of an image in HTML use what?		t	1
230	2016-01-22 10:56:57	2016-01-22 10:56:57	18	Hex-colors are the only way to define colors on the web?		t	1
231	2016-01-22 10:56:57	2016-01-22 10:56:57	18	What does HTML stand for?		t	1
232	2016-01-22 10:56:57	2016-01-22 10:56:57	18	What is the correct HTML for adding a background color?		t	1
233	2016-01-22 10:56:57	2016-01-22 10:56:57	18	To make the appearance of the colors more powerful on your site do which of the following?		t	1
234	2016-01-22 10:56:57	2016-01-22 10:56:57	18	If the background image is smaller than the screen, what will happen?		t	1
235	2016-01-22 10:56:57	2016-01-22 10:56:57	18	HTML defines colors using hexidecimal values, while graphics programs most often use what?		t	1
236	2016-01-22 10:56:57	2016-01-22 10:56:57	18	The <title> tag belongs where in your HTML?		t	1
237	2016-01-22 10:56:57	2016-01-22 10:56:57	18	If you don		t	1
238	2016-01-22 10:56:57	2016-01-22 10:56:57	18	How can you make a list that lists the items with numbers?		t	1
240	2016-01-22 10:56:57	2016-01-22 10:56:57	18	Which colors consist of equal amounts of all basic colors?		t	1
241	2016-01-22 10:56:57	2016-01-22 10:56:57	30	How many transaction isolation levels are defined in java.sql.Connection interface?		t	1
242	2016-01-22 10:56:57	2016-01-22 10:56:57	30	Which packages contain the JDBC classes?		t	1
243	2016-01-22 10:56:57	2016-01-22 10:56:57	30	Which type of driver provides JDBC access via one or more ODBC drivers?		t	1
244	2016-01-22 10:56:57	2016-01-22 10:56:57	30	Which type of driver converts JDBC calls into the network protocol used by the database nagement system directly?		t	1
245	2016-01-22 10:56:57	2016-01-22 10:56:57	30	Which type of Statement can execute parameterized queries?		t	1
246	2016-01-22 10:56:57	2016-01-22 10:56:57	30	How can you retrieve information from a ResultSet?		t	1
247	2016-01-22 10:56:57	2016-01-22 10:56:57	30	How can you execute DML statements (i.e. insert, delete, update) in the database?		t	1
248	2016-01-22 10:56:57	2016-01-22 10:56:57	30	How do you know in your Java program that a SQL warning is generated as a result of executing a SQL statement in\\nthe database?		t	1
249	2016-01-22 10:56:57	2016-01-22 10:56:57	30	What is, in terms of JDBC, a DataSource?		t	1
250	2016-01-22 10:56:57	2016-01-22 10:56:57	30	What is the meaning of ResultSet.TYPE_SCROLL_INSENSITIVE		t	1
251	2016-01-22 10:56:57	2016-01-22 10:56:57	30	Are ResultSets updateable?		t	1
252	2016-01-22 10:56:57	2016-01-22 10:56:57	30	What is the disadvantage of Type-4 Native-Protocol Driver?		t	1
253	2016-01-22 10:56:57	2016-01-22 10:56:57	30	How can you start a database transaction in the database?		t	1
254	2016-01-22 10:56:57	2016-01-22 10:56:57	30	What is the meaning of the transaction isolation level TRANSACTION_REPEATABLE_READ		t	1
255	2016-01-22 10:56:57	2016-01-22 10:56:57	30	The class java.sql.Timestamp has its super class as		t	1
256	2016-01-22 10:56:57	2016-01-22 10:56:57	30	How can you execute a stored procedure in the database?		t	1
257	2016-01-22 10:56:57	2016-01-22 10:56:57	30	What happens if you call the method close() on a ResultSet object?		t	1
258	2016-01-22 10:56:57	2016-01-22 10:56:57	30	What happens if you call deleteRow() on a ResultSet object?		t	1
259	2016-01-22 10:56:57	2016-01-22 10:56:57	30	All raw data types (including binary documents or images) should be read and uploaded to the database as an array of		t	1
260	2016-01-22 10:56:57	2016-01-22 10:56:57	30	What is correct about DDL statements (create, grant,...)?		t	1
261	2016-01-22 10:56:57	2016-01-22 10:56:57	30	The JDBC-ODBC Bridge supports multiple concurrent open statements per connection?		t	1
262	2016-01-22 10:56:57	2016-01-22 10:56:57	30	Which of the following allows non repeatable read in JDBC Connection?		t	1
263	2016-01-22 10:56:57	2016-01-22 10:56:57	30	Which of the following statements is false as far as different type of statements is concern in JDBC?		t	1
264	2016-01-22 10:56:57	2016-01-22 10:56:57	30	Which of the following methods are needed for loading a database driver in JDBC?		t	1
265	2016-01-22 10:56:57	2016-01-22 10:56:57	30	Which of the following is false as far as type 4 driver is concern?		t	1
266	2016-01-22 10:56:57	2016-01-22 10:56:57	30	To execute a stored procedure 		t	1
267	2016-01-22 10:56:57	2016-01-22 10:56:57	30	Which driver is efficient and always preferable for using JDBC applications?		t	1
268	2016-01-22 10:56:58	2016-01-22 10:56:58	30	JDBC facilitates to store the java objects by using which of the methods of PreparedStatement\\n1. setObject () 2. setBlob() 3. setClob()		t	1
269	2016-01-22 10:56:58	2016-01-22 10:56:58	30	Which statement is static and synchronized in JDBC API?		t	1
270	2016-01-22 10:56:58	2016-01-22 10:56:58	30	The JDBC-ODBC bridge is		t	1
271	2016-01-22 10:56:58	2016-01-22 10:56:58	13	When can we meet again?		t	1
272	2016-01-22 10:56:58	2016-01-22 10:56:58	13	My aunt is going to stay with me.		t	1
273	2016-01-22 10:56:58	2016-01-22 10:56:58	13	When do you study?		t	1
274	2016-01-22 10:56:58	2016-01-22 10:56:58	13	Would you prefer lemonade or orange juice?		t	1
275	2016-01-22 10:56:58	2016-01-22 10:56:58	13	Let's have dinner now.		t	1
276	2016-01-22 10:56:58	2016-01-22 10:56:58	13	The snow was ...... heavily when I left the house.		t	1
277	2016-01-22 10:56:58	2016-01-22 10:56:58	13	I can't find my keys anywhere - I ...... have left them at work.		t	1
278	2016-01-22 10:56:58	2016-01-22 10:56:58	13	When a car pulled out in front of her, Jane did well not to ...... control of her bicycle.		t	1
279	2016-01-22 10:56:58	2016-01-22 10:56:58	13	According to Richard's ...... the train leaves at 7 o'clock.		t	1
280	2016-01-22 10:56:58	2016-01-22 10:56:58	13	When you stay in a country for some time you get used to the people's ...... of life.		t	1
31	2016-01-21 14:09:18	2016-01-21 14:09:18	25	In OSI network architecture, the dialogue control and token management are responsibility of		t	1
32	2016-01-21 14:10:25	2016-01-21 14:10:25	25	In OSI network architecture, the routing is performed by		t	1
141	2016-01-22 06:26:14	2016-01-22 06:26:14	27	An entire path name, consisting of several sub-directory names can contain upto		t	1
281	2016-01-22 12:01:57	2016-01-22 12:01:57	13	You should not have a dog if you are not ...... to look after it.		f	0
282	2016-01-22 12:05:02	2016-01-22 12:05:02	13	The farmhouse was so isolated that they had to generate their own electricity ......		f	0
\.


--
-- Name: questions_id_seq; Type: SEQUENCE SET; Schema: public; Owner: -
--

SELECT pg_catalog.setval('questions_id_seq', 283, true);


--
-- Name: quote_activities_id_seq; Type: SEQUENCE SET; Schema: public; Owner: -
--

SELECT pg_catalog.setval('quote_activities_id_seq', 1, false);


--
-- Name: quote_activity_types_id_seq; Type: SEQUENCE SET; Schema: public; Owner: -
--

SELECT pg_catalog.setval('quote_activity_types_id_seq', 18, true);


--
-- Name: quote_bid_statuses_id_seq; Type: SEQUENCE SET; Schema: public; Owner: -
--

SELECT pg_catalog.setval('quote_bid_statuses_id_seq', 4, true);


--
-- Data for Name: quote_bids; Type: TABLE DATA; Schema: public; Owner: -
--

COPY quote_bids (id, created_at, updated_at, quote_request_id, quote_service_id, quote_status_id, is_direct_send, quote_amount, quote_type, price_note, quote_last_update_on, hired_on, completed_on, requestor_received_message_count, provider_received_message_count, requestor_unread_message_count, provider_unread_message_count, is_provider_readed, is_requestor_readed, used_credit_count, user_id, service_provider_user_id, escrow_amount, site_commission, is_paid_to_escrow, is_escrow_amount_released, coupon_id, last_new_quote_remainder_notify_date_to_freelancer, credit_purchase_log_id, private_note_of_incomplete, is_first_level_quote_request, is_show_bid_to_requestor, closed_on) FROM stdin;
7	2017-05-08 09:10:18	2017-05-08 09:10:41	4	11	1	f	\N	\N	\N	\N	\N	\N	0	0	0	0	t	f	0	2	3	0	0	f	f	0	\N	\N	\N	t	t	\N
13	2017-05-08 09:34:08	2017-05-08 09:50:31	8	6	3	f	30	1	This is for approximate. Please explain how many room and i will revise the quote after your response.	\N	2017-05-08 09:47:21	\N	3	4	6	5	t	f	0	5	2	0	0	f	f	0	\N	\N	\N	t	t	\N
10	2017-05-08 09:10:19	2017-05-08 09:20:46	6	6	1	f	\N	\N	\N	\N	\N	\N	0	0	0	0	t	f	0	3	2	0	0	f	f	0	\N	\N	\N	t	t	\N
11	2017-05-08 09:31:12	2017-05-08 09:42:21	7	6	1	f	\N	\N	\N	\N	\N	\N	0	0	0	0	t	f	0	5	2	0	0	f	f	0	\N	\N	\N	t	t	\N
9	2017-05-08 09:10:19	2017-05-08 09:20:48	5	4	1	f	\N	\N	\N	\N	\N	\N	0	0	0	0	t	f	0	3	2	0	0	f	f	0	\N	\N	\N	t	t	\N
\.


--
-- Name: quote_bids_id_seq; Type: SEQUENCE SET; Schema: public; Owner: -
--

SELECT pg_catalog.setval('quote_bids_id_seq', 13, true);


--
-- Data for Name: quote_categories; Type: TABLE DATA; Schema: public; Owner: -
--

COPY quote_categories (id, created_at, updated_at, parent_category_id, name, slug, form_field_count, quote_request_count, is_active, credit_point_for_sending_quote, description, is_featured) FROM stdin;
13	2012-07-31 17:45:04	2013-01-10 16:55:23	10	Cleaning out	cleaning-out	4	0	t	0		f
14	2012-07-31 17:48:20	2013-01-10 16:55:23	10	Property cleanup and junk removal	property-cleanup-and-junk-removal	3	0	t	0		f
18	2012-07-31 17:57:35	2013-01-10 16:55:23	17	Administrative support	administrative-support	3	0	t	0		f
19	2012-07-31 17:57:48	2013-01-10 16:55:23	17	Legal	legal	6	0	t	0		f
20	2012-07-31 17:58:02	2013-01-10 16:55:23	17	Customer service	customer-service	5	0	t	0		f
21	2012-07-31 17:58:15	2013-01-10 16:55:23	17	Sales & marketing	sales-marketing	4	0	t	0		f
23	2012-10-24 11:38:07	2013-01-10 16:55:24	22	Children	children	5	0	t	0		f
24	2012-10-24 11:46:16	2013-01-10 16:55:24	22	Pets	pets	4	0	t	0		f
25	2012-10-24 11:52:37	2013-01-10 16:55:24	22	Seniors	seniors	5	0	t	0		f
26	2012-10-24 12:00:24	2013-01-10 16:55:24	22	Errands	errands	5	0	t	0		f
27	2012-10-24 12:05:07	2013-01-10 16:55:24	22	Safety	safety	1	0	t	0		f
28	2012-10-24 12:06:25	2013-01-10 16:55:24	22	Special needs	special-needs	4	0	t	0		f
30	2012-10-24 12:17:14	2013-01-10 16:55:24	29	Entertainment	entertainment	6	0	t	0		f
31	2012-10-24 12:26:24	2013-01-10 16:55:24	29	Party planning	party-planning	6	0	t	0		f
32	2012-10-24 12:31:39	2013-01-10 16:55:24	29	Specialized event services	specialized-event-services	4	0	t	0		f
33	2012-10-24 12:47:11	2013-01-10 16:55:24	29	Food & beverage	food-beverage	6	0	t	0		f
34	2012-10-24 12:54:46	2013-01-10 16:55:24	29	Photography	photography	5	0	t	0		f
35	2012-10-24 13:01:10	2013-01-10 16:55:24	29	Videography	videography	4	0	t	0		f
37	2012-10-24 13:09:06	2013-01-10 16:55:24	29	Production & set up	production-set-up	6	0	t	0		f
38	2012-10-24 13:13:25	2013-01-10 16:55:24	29	Wedding only services	wedding-only-services	5	0	t	0		f
41	2012-12-19 11:27:47	2013-01-10 16:55:24	40	Detailing	detailing	12	0	t	0		f
43	2012-12-19 12:20:33	2013-01-10 16:55:24	40	Transportation	transportation	12	0	t	0		f
44	2012-12-19 12:43:59	2013-01-10 16:55:24	40	Modification 	modification-	13	0	t	0		f
45	2012-12-19 12:53:09	2013-01-10 16:55:24	40	Specialized vehicle services	specialized-vehicle-services	6	0	t	0		f
47	2012-12-19 12:58:02	2013-01-10 16:55:24	46	Beauty	beauty	9	0	t	0		f
48	2012-12-19 12:58:17	2013-01-10 16:55:24	46	Fitness	fitness	6	0	t	0		f
49	2012-12-19 12:58:36	2013-01-10 16:55:24	46	Health	health	15	0	t	0		f
50	2012-12-19 12:58:54	2013-01-10 16:55:24	46	Leisure	leisure	6	0	t	0		f
51	2012-12-19 12:59:09	2013-01-10 16:55:24	46	Massage	massage	9	0	t	0		f
52	2012-12-19 12:59:41	2013-01-10 16:55:24	46	Therapy	therapy	6	0	t	0		f
53	2012-12-19 12:59:59	2013-01-10 16:55:24	46	Wardrobe	wardrobe	3	0	t	0		f
55	2012-12-19 14:52:43	2015-09-03 09:15:54	54	Academic subjects	academic-subjects	9	0	t	0		f
56	2012-12-19 14:53:09	2013-01-10 16:55:24	54	Business & professional	business-professional	5	0	t	0		f
57	2012-12-19 14:54:05	2015-09-03 09:42:10	54	Computer skills	computer-skills	6	0	t	0		f
58	2012-12-19 14:54:23	2013-01-10 16:55:24	54	Crafts & hobbies	crafts-hobbies	6	0	t	0		f
59	2012-12-19 14:54:41	2013-01-10 16:55:24	54	Creative & performing arts	creative-performing-arts	10	0	t	0		f
60	2012-12-19 14:55:09	2015-09-25 16:10:58	54	Health & fitness 	health-fitness-	8	0	t	0		f
61	2012-12-19 14:56:34	2013-01-10 16:55:24	54	Language	language	6	0	t	0		f
4	2012-07-31 17:32:50	2013-01-10 16:55:23	3	Courier/deliveries	courier-deliveries	3	0	t	0		t
5	2012-07-31 17:33:18	2013-01-10 16:55:23	3	Driving/transportation	driving-transportation	3	0	t	0		t
6	2012-07-31 17:33:36	2013-01-10 16:55:23	3	Gift wrapping	gift-wrapping	3	0	t	0		t
7	2012-07-31 17:33:54	2013-01-10 16:55:23	3	Grocery shopping & delivery	grocery-shopping-delivery	3	0	t	0		t
62	2012-12-19 14:56:51	2013-01-10 16:55:24	54	Life & home	life-home	6	0	t	0		f
63	2012-12-19 14:57:08	2015-09-02 08:13:41	54	Music	music	5	0	t	0		f
64	2012-12-19 14:57:23	2013-01-10 16:55:24	54	Specialized instruction 	specialized-instruction-	4	0	t	0		f
66	2012-12-20 15:35:56	2013-01-10 16:55:24	65	Editing	editing	6	0	t	0		f
67	2012-12-20 15:37:51	2013-01-10 16:55:24	65	Translation	translation	7	0	t	0		f
68	2012-12-20 15:42:08	2013-01-10 16:55:24	65	Writing	writing	6	0	t	0		f
70	2012-12-20 15:47:04	2013-01-10 16:55:24	69	Audio & video	audio-video	8	0	t	0		f
71	2012-12-20 15:49:25	2013-01-10 16:55:24	69	Design	design	9	0	t	0		f
72	2012-12-20 15:53:26	2013-01-10 16:55:24	69	Networking & information systems	networking-information-systems	3	0	t	0		f
73	2012-12-20 15:54:34	2013-01-10 16:55:24	69	Repair	repair	3	0	t	0		f
74	2012-12-20 15:55:47	2013-01-10 16:55:24	69	Software development	software-development	6	0	t	0		f
75	2012-12-20 15:58:07	2013-01-10 16:55:24	69	Web development	web-development	4	0	t	0		f
3	2012-07-31 17:27:01	2013-01-10 16:55:23	\N	Delivery	delivery	3	0	t	0		f
10	2012-07-31 17:36:48	2012-12-20 16:02:05	\N	Home services	home-services	0	0	t	0		f
17	2012-07-31 17:57:20	2012-07-31 17:57:20	\N	Business & legal	business-legal	0	0	t	0		f
42	2012-12-19 12:06:38	2017-04-29 10:28:21	40	Repair	repair	13	1	t	0		f
22	2012-10-24 11:37:23	2012-10-24 11:37:23	\N	Family	family	0	0	t	0		f
29	2012-10-24 12:16:30	2012-10-24 12:16:30	\N	Events	events	0	0	t	0		f
36	2012-10-24 13:05:44	2017-05-08 08:56:53	29	Music	music	6	1	t	0		f
8	2012-07-31 17:34:11	2017-05-08 09:31:08	3	Laundry	laundry	3	1	t	0		t
12	2012-07-31 17:41:19	2017-05-08 09:33:59	10	Commercial cleaning	commercial-cleaning	4	1	t	0		f
40	2012-12-19 11:26:56	2012-12-19 11:26:56	\N	Cars & trucks	cars-trucks	0	0	t	0		f
46	2012-12-19 12:57:35	2012-12-19 12:57:35	\N	Health & beauty	health-beauty	0	0	t	0		f
54	2012-12-19 14:52:08	2012-12-19 14:52:08	\N	Classes & lessons	classes-lessons	0	0	t	0		f
65	2012-12-20 15:35:35	2012-12-20 15:35:36	\N	Writing & translation	writing-translation	0	0	t	0		f
69	2012-12-20 15:45:45	2012-12-20 15:45:45	\N	Tech & web services	tech-web-services	0	0	t	0		f
11	2012-07-31 17:37:15	2013-01-10 16:55:23	10	Home Services	home-services	5	0	t	0		f
76	2012-12-20 18:19:25	2017-04-29 10:26:23	10	Air conditioning & cooling	air-conditioning-cooling	5	1	t	0		f
97	2012-12-20 19:08:56	2017-05-08 08:53:57	10	Windows	windows	5	1	t	0		f
39	2012-11-08 17:37:27	2017-05-08 09:07:12	3	Bouquet Delivery	bouquet-delivery	4	1	t	0		f
9	2012-07-31 17:34:35	2013-01-10 16:55:23	3	Other	other	3	0	f	0		f
16	2012-07-31 17:52:58	2013-01-10 16:55:23	10	Other	other	2	0	f	0		f
15	2012-07-31 17:51:06	2013-01-10 16:55:23	\N	Other	other	2	0	f	0		f
\.


--
-- Name: quote_categories_id_seq; Type: SEQUENCE SET; Schema: public; Owner: -
--

SELECT pg_catalog.setval('quote_categories_id_seq', 97, true);


--
-- Data for Name: quote_categories_quote_services; Type: TABLE DATA; Schema: public; Owner: -
--

COPY quote_categories_quote_services (id, created_at, updated_at, quote_category_id, quote_service_id) FROM stdin;
7	2016-10-27 12:54:35	2016-10-27 12:54:35	46	7
8	2016-10-27 12:59:37	2016-10-27 12:59:37	10	8
9	2016-10-27 13:04:57	2016-10-27 13:04:57	74	9
44	2017-04-29 09:38:38	2017-04-29 09:38:38	3	6
45	2017-04-29 09:38:38	2017-04-29 09:38:38	4	6
46	2017-04-29 09:38:38	2017-04-29 09:38:38	5	6
47	2017-04-29 09:38:38	2017-04-29 09:38:38	6	6
48	2017-04-29 09:38:38	2017-04-29 09:38:38	7	6
49	2017-04-29 09:38:38	2017-04-29 09:38:38	8	6
50	2017-04-29 09:38:38	2017-04-29 09:38:38	9	6
51	2017-04-29 09:38:38	2017-04-29 09:38:38	10	6
52	2017-04-29 09:38:38	2017-04-29 09:38:38	11	6
53	2017-04-29 09:38:38	2017-04-29 09:38:38	12	6
54	2017-04-29 09:38:38	2017-04-29 09:38:38	13	6
55	2017-04-29 09:38:38	2017-04-29 09:38:38	14	6
56	2017-04-29 09:38:38	2017-04-29 09:38:38	16	6
57	2017-04-29 09:38:38	2017-04-29 09:38:38	39	6
58	2017-04-29 09:38:38	2017-04-29 09:38:38	76	6
59	2017-04-29 09:38:38	2017-04-29 09:38:38	97	6
60	2017-04-29 09:43:48	2017-04-29 09:43:48	40	4
61	2017-04-29 09:43:48	2017-04-29 09:43:48	41	4
62	2017-04-29 09:43:49	2017-04-29 09:43:49	42	4
63	2017-04-29 09:43:49	2017-04-29 09:43:49	43	4
64	2017-04-29 09:43:49	2017-04-29 09:43:49	44	4
65	2017-04-29 09:43:49	2017-04-29 09:43:49	45	4
66	2017-04-29 09:46:20	2017-04-29 09:46:20	40	3
67	2017-04-29 09:46:20	2017-04-29 09:46:20	41	3
68	2017-04-29 09:46:20	2017-04-29 09:46:20	42	3
69	2017-04-29 09:46:20	2017-04-29 09:46:20	43	3
70	2017-04-29 09:46:20	2017-04-29 09:46:20	44	3
71	2017-04-29 09:46:20	2017-04-29 09:46:20	45	3
72	2017-04-29 09:50:22	2017-04-29 09:50:22	29	5
73	2017-04-29 09:50:22	2017-04-29 09:50:22	30	5
74	2017-04-29 09:50:22	2017-04-29 09:50:22	31	5
75	2017-04-29 09:50:22	2017-04-29 09:50:22	32	5
76	2017-04-29 09:50:22	2017-04-29 09:50:22	33	5
77	2017-04-29 09:50:22	2017-04-29 09:50:22	34	5
78	2017-04-29 09:50:22	2017-04-29 09:50:22	35	5
79	2017-04-29 09:50:22	2017-04-29 09:50:22	36	5
80	2017-04-29 09:50:22	2017-04-29 09:50:22	37	5
81	2017-04-29 09:50:22	2017-04-29 09:50:22	38	5
90	2017-04-29 10:02:12	2017-04-29 10:02:12	10	2
91	2017-04-29 10:02:12	2017-04-29 10:02:12	11	2
92	2017-04-29 10:02:12	2017-04-29 10:02:12	12	2
93	2017-04-29 10:02:12	2017-04-29 10:02:12	13	2
94	2017-04-29 10:02:12	2017-04-29 10:02:12	14	2
95	2017-04-29 10:02:12	2017-04-29 10:02:12	16	2
96	2017-04-29 10:02:12	2017-04-29 10:02:12	76	2
97	2017-04-29 10:02:12	2017-04-29 10:02:12	97	2
103	2017-04-29 10:19:32	2017-04-29 10:19:32	29	11
104	2017-04-29 10:19:32	2017-04-29 10:19:32	30	11
105	2017-04-29 10:19:32	2017-04-29 10:19:32	35	11
106	2017-04-29 10:19:32	2017-04-29 10:19:32	36	11
111	2017-04-29 10:24:25	2017-04-29 10:24:25	29	10
112	2017-04-29 10:24:25	2017-04-29 10:24:25	34	10
113	2017-04-29 10:24:25	2017-04-29 10:24:25	35	10
114	2017-04-29 10:24:25	2017-04-29 10:24:25	38	10
\.


--
-- Name: quote_categories_quote_services_id_seq; Type: SEQUENCE SET; Schema: public; Owner: -
--

SELECT pg_catalog.setval('quote_categories_quote_services_id_seq', 114, true);


--
-- Name: quote_credit_purchase_logs_id_seq; Type: SEQUENCE SET; Schema: public; Owner: -
--

SELECT pg_catalog.setval('quote_credit_purchase_logs_id_seq', 4, true);


--
-- Name: quote_credit_purchase_plans_id_seq; Type: SEQUENCE SET; Schema: public; Owner: -
--

SELECT pg_catalog.setval('quote_credit_purchase_plans_id_seq', 5, true);


--
-- Data for Name: quote_faq_answers; Type: TABLE DATA; Schema: public; Owner: -
--

COPY quote_faq_answers (id, created_at, updated_at, quote_service_id, quote_faq_question_template_id, quote_user_faq_question_id, answer) FROM stdin;
1	2017-04-29 09:39:22	2017-04-29 09:39:22	6	7	\N	We take our time to understand them
2	2017-04-29 09:39:57	2017-04-29 09:39:57	6	6	\N	we have years of experience moving homes. and offices. This is all we do all day long
3	2017-04-29 09:47:26	2017-04-29 09:47:26	3	13	\N	Yes.
4	2017-04-29 09:50:48	2017-04-29 09:50:48	5	23	\N	Customer satisfaction is my first goal.
5	2017-04-29 09:51:39	2017-04-29 09:51:39	5	16	\N	$20 to $50 per hours. Depends on place and equipment usage price will change
6	2017-04-29 09:52:39	2017-04-29 09:52:39	5	7	\N	Getting professional and friendly customers.
8	2017-04-29 10:00:42	2017-04-29 10:00:42	2	\N	2	I like to give the best price to my customer
9	2017-04-29 10:01:10	2017-04-29 10:01:10	2	\N	3	To find out what their most important goals are, Try and Create a List in the interview process, so that on the Day The Job Starts, this is Already your first areas you concentrate on, Staying On Subject and In A Professional Manner At All Times, We are Blessed To be HIred and we are there to Serve and Get A Job Done. Keeping the Clients Time In Mind Always.
10	2017-04-29 10:01:25	2017-04-29 10:01:25	2	\N	4	Marketing Sales and Research classes online completed. And more than 20 years experience in all fields with Hands On Training and Hours on the Job.
11	2017-04-29 10:23:15	2017-04-29 10:23:15	10	\N	5	I'm always learning techniques and getting new ideas
12	2017-04-29 10:23:27	2017-04-29 10:23:27	10	\N	6	I have always loved photography and taking pictures of nature and my daughters!
\.


--
-- Name: quote_faq_answers_id_seq; Type: SEQUENCE SET; Schema: public; Owner: -
--

SELECT pg_catalog.setval('quote_faq_answers_id_seq', 12, true);


--
-- Data for Name: quote_faq_question_templates; Type: TABLE DATA; Schema: public; Owner: -
--

COPY quote_faq_question_templates (id, created_at, updated_at, question, is_active) FROM stdin;
1	2012-08-02 16:06:31	2012-08-02 19:02:59	Describe the most common types of jobs you do for your clients	t
2	2012-08-02 16:07:25	2012-08-02 19:03:13	What advice do you have for a customer looking to hire a provider like you?	t
3	2012-08-02 19:03:26	2012-08-02 19:03:26	If you were a customer, what do you wish you knew about your trade? Any inside secrets to share?	t
4	2012-08-02 19:03:39	2012-08-02 19:03:39	What questions should a consumer ask to hire the right service professional?	t
5	2012-08-02 19:03:53	2012-08-02 19:03:53	What important information should buyers have thought through before seeking you out?	t
6	2012-08-02 19:04:12	2012-08-02 19:04:12	Why does your work stand out from others who do what you do?	t
7	2012-08-02 19:04:25	2012-08-02 19:04:25	What do you like most about your job?	t
8	2012-08-02 19:04:54	2012-08-02 19:04:54	What questions do customers most commonly ask you? What's your answer?	t
9	2012-08-02 19:05:11	2012-08-02 19:05:11	Do you have a favorite story from your work?	t
10	2012-08-02 19:05:26	2012-08-02 19:05:26	What do you wish customers knew about you or your profession?	t
11	2012-08-02 19:05:42	2012-08-02 19:05:42	How did you decide to get in your line of work?	t
12	2012-08-02 19:06:00	2012-08-02 19:06:00	Tell us about a recent job you did that you are particularly proud of.	t
13	2012-08-02 19:06:14	2012-08-02 19:06:14	Do you do any sort of continuing education to stay up on the latest developments in your field?	t
14	2012-08-02 19:06:42	2012-08-02 19:06:42	What are the latest developments in your field? Are there any exciting things coming in the next few years or decade that will change your line of business?	t
15	2012-08-02 19:06:59	2012-08-02 19:06:59	Describe your most recent project, what it involved, how much it cost, and how long it took.	t
16	2012-08-02 19:07:17	2012-08-02 19:07:17	If you have a complicated pricing system for your service, please give all the details here.	t
17	2012-08-02 19:07:32	2012-08-02 19:07:32	If you were advising someone who wanted to get into your profession, what would you suggest?	t
19	2012-08-02 19:08:27	2015-07-16 08:21:39	What are you currently working on improving?	t
23	2015-07-16 08:21:09	2015-07-16 08:21:09	what is your main goal?	t
\.


--
-- Name: quote_faq_question_templates_id_seq; Type: SEQUENCE SET; Schema: public; Owner: -
--

SELECT pg_catalog.setval('quote_faq_question_templates_id_seq', 23, true);


--
-- Name: quote_form_submission_fields_id_seq; Type: SEQUENCE SET; Schema: public; Owner: -
--

SELECT pg_catalog.setval('quote_form_submission_fields_id_seq', 1, false);


--
-- Data for Name: quote_request_form_fields; Type: TABLE DATA; Schema: public; Owner: -
--

COPY quote_request_form_fields (id, created_at, updated_at, quote_form_field_id, quote_request_id, response) FROM stdin;
\.


--
-- Data for Name: quote_requests; Type: TABLE DATA; Schema: public; Owner: -
--

COPY quote_requests (id, created_at, updated_at, quote_category_id, user_id, quote_service_id, title, description, best_day_time_for_work, full_address, address, city_id, state_id, country_id, zip_code, latitude, longitude, phone_no, quote_bid_count, is_archived, is_send_request_to_other_service_providers, quote_bid_new_count, quote_bid_discussion_count, quote_bid_hired_count, quote_bid_completed_count, is_request_for_buy, last_new_quote_remainder_notify_date, is_quote_bid_sent, radius, is_first_level_quote_request_sent, is_updated_bid_visibility_to_requestor, quote_bid_pending_discussion_count, quote_bid_closed_count, quote_bid_not_completed_count) FROM stdin;
8	2017-05-08 09:33:59	2017-05-08 09:45:46	12	5	\N	Commercial cleaning	Need Commercial cleaning service of a office	Monday morning	Cape Town City Centre, Cape Town, 8001, South Africa	Cape Town City Centre, Cape Town, 8001, South Africa	366	5500	209	8001	-33.9242691999999977	18.4187028999999995	567890456	1	f	f	0	0	1	0	f	\N	t	500	f	t	0	0	\N
3	2017-05-08 08:53:57	2017-05-08 09:10:18	97	2	\N	Windows	Need windows cleaning for my hold office and home.\n\nIt has 10 rooms in office and 5 rooms in hours.	Any days in evening time.	Las Vegas, NV, USA	Las Vegas, NV, USA	361	5503	240	7644	36.1699411999999967	-115.139829599999999	444444444	2	f	t	2	0	0	0	f	\N	t	500	f	t	0	0	\N
4	2017-05-08 08:56:53	2017-05-08 09:10:18	36	2	\N	Music	Need musician for Wedding	May 31st	Sidoarjo Regency, East Java, Indonesia	Sidoarjo Regency, East Java, Indonesia	362	5504	103	ES123	-7.47261340000000018	112.6675398	66666666	1	f	t	1	0	0	0	f	\N	t	500	f	t	0	0	\N
5	2017-05-08 09:05:48	2017-05-08 09:10:19	42	3	\N	Repair	Need to fix pickup problem in my Used car	Sunday at any time	Abdulla Salim Al Sabah Street, Al Ramtha - Sharjah - United Arab Emirates	Abdulla Salim Al Sabah Street, Al Ramtha - Sharjah - United Arab Emirates	363	5505	238	ES123	25.3539151999999994	55.4529155999999972	11111111	2	f	t	2	0	0	0	f	\N	t	500	f	t	0	0	\N
6	2017-05-08 09:07:12	2017-05-08 09:10:19	39	3	\N	Bouquet Delivery	Need atleast 10 Bouquet packs	Today	GST Rd, Meenambakkam, Chennai, Tamil Nadu 600027, India	GST Rd, Meenambakkam, Chennai, Tamil Nadu 600027, India	344	5483	102	600027	12.9941119999999994	80.1708667999999989	111111234	1	f	t	1	0	0	0	f	\N	t	500	f	t	0	0	\N
7	2017-05-08 09:31:08	2017-05-08 09:31:12	8	5	\N	Need Laundry Service	Need Laundry Service for 2 person	Sunday (2017-05-14)	Kannappar Thidal, Periyamet, Erode, Tamil Nadu 600003, India	Kannappar Thidal, Periyamet, Erode, Tamil Nadu 600003, India	365	5483	102	600003	13.0823353000000004	80.2754472999999962	5555564645	1	f	f	1	0	0	0	f	\N	t	500	f	t	0	0	\N
\.


--
-- Name: quote_requests_id_seq; Type: SEQUENCE SET; Schema: public; Owner: -
--

SELECT pg_catalog.setval('quote_requests_id_seq', 8, true);


--
-- Data for Name: quote_service_audios; Type: TABLE DATA; Schema: public; Owner: -
--

COPY quote_service_audios (id, created_at, updated_at, quote_service_id, embed_code) FROM stdin;
\.


--
-- Name: quote_service_audios_id_seq; Type: SEQUENCE SET; Schema: public; Owner: -
--

SELECT pg_catalog.setval('quote_service_audios_id_seq', 1, false);


--
-- Data for Name: quote_service_photos; Type: TABLE DATA; Schema: public; Owner: -
--

COPY quote_service_photos (id, created_at, updated_at, quote_service_id, caption) FROM stdin;
1	2016-10-27 13:52:57	2016-10-27 13:52:57	2	Home cleaning service
2	2016-10-27 13:53:18	2016-10-27 13:53:18	2	Home cleaning service
3	2016-10-27 13:53:31	2016-10-27 13:53:31	2	Home cleaning service
4	2016-10-27 13:58:53	2016-10-27 13:58:53	3	Bike Repair Services
5	2016-10-27 13:59:07	2016-10-27 13:59:07	3	Bike Repair Services
6	2016-10-27 14:04:32	2016-10-27 14:04:32	4	Car Services & Repair
7	2016-10-27 14:04:48	2016-10-27 14:04:48	4	Car Services & Repair
8	2016-10-27 14:05:04	2016-10-27 14:05:04	4	Car Services & Repair
9	2016-10-27 14:25:48	2016-10-27 14:25:48	5	Gym coaching
10	2016-10-27 14:26:03	2016-10-27 14:26:03	5	Gym coaching
11	2016-10-27 14:29:19	2016-10-27 14:29:19	6	delivery services
12	2016-10-27 14:29:36	2016-10-27 14:29:36	6	delivery services
13	2016-10-27 14:35:57	2016-10-27 14:35:57	7	beautician Makeup services
14	2016-10-27 14:42:30	2016-10-27 14:42:30	7	beautician Makeup services
15	2016-10-27 14:42:46	2016-10-27 14:42:46	7	beautician Makeup services
16	2016-10-27 14:44:09	2016-10-27 14:44:09	8	cooking services
17	2016-10-27 14:44:27	2016-10-27 14:44:27	8	cooking services
18	2016-10-27 14:46:11	2016-10-27 14:46:11	9	Java and .Net courses
19	2016-10-27 14:46:27	2016-10-27 14:46:27	9	Java and .Net courses
20	2016-10-27 14:47:46	2016-10-27 14:47:46	10	wedding photography
21	2016-10-27 14:48:00	2016-10-27 14:48:00	10	wedding photography
22	2016-10-27 14:48:35	2016-10-27 14:48:35	11	Music
\.


--
-- Name: quote_service_photos_id_seq; Type: SEQUENCE SET; Schema: public; Owner: -
--

SELECT pg_catalog.setval('quote_service_photos_id_seq', 22, true);


--
-- Data for Name: quote_service_videos; Type: TABLE DATA; Schema: public; Owner: -
--

COPY quote_service_videos (id, created_at, updated_at, quote_service_id, embed_code, video_url) FROM stdin;
1	2016-10-27 14:52:16	2016-10-27 14:52:16	2	<iframe width='560' height='315' src='https://www.youtube.com/embed/7DQl8mxlWFw' frameborder='0' allowfullscreen></iframe>	\N
2	2016-10-27 14:55:07	2016-10-27 14:55:07	3	<iframe width='560' height='315' src='https://www.youtube.com/embed/SfUBu7PwdSk' frameborder='0' allowfullscreen></iframe>	\N
3	2016-10-27 14:56:36	2016-10-27 14:56:36	4	<iframe width='560' height='315' src='https://www.youtube.com/embed/eYsC0D2mdW0' frameborder='0' allowfullscreen></iframe>	\N
6	2016-10-27 15:03:59	2016-10-27 15:03:59	7	<iframe width='560' height='315' src='https://www.youtube.com/embed/7h1jGvUi9j0' frameborder='0' allowfullscreen></iframe>	\N
7	2016-10-27 15:05:08	2016-10-27 15:05:08	8	<iframe width='560' height='315' src='https://www.youtube.com/embed/-CmgH2CwrgI' frameborder='0' allowfullscreen></iframe>	\N
10	2016-10-27 15:11:49	2016-10-27 15:11:49	10	<iframe width='560' height='315' src='https://www.youtube.com/embed/epyjQs-kiG4' frameborder='0' allowfullscreen></iframe>	\N
9	2016-10-27 15:07:46	2016-10-27 15:07:46	9	<iframe width='560' height='315' src='https://www.youtube.com/embed/r59xYe3Vyks?list=PLS1QulWo1RIbfTjQvTdj8Y6yyq4R7g-Al' frameborder='0' allowfullscreen></iframe>	\N
11	2016-10-27 15:15:12	2016-10-27 15:15:12	11	<iframe width='560' height='315' src='https://www.youtube.com/embed/Ebm69gW9UlI' frameborder='0' allowfullscreen></iframe>	\N
\.


--
-- Name: quote_service_videos_id_seq; Type: SEQUENCE SET; Schema: public; Owner: -
--

SELECT pg_catalog.setval('quote_service_videos_id_seq', 11, true);


--
-- Data for Name: quote_services; Type: TABLE DATA; Schema: public; Owner: -
--

COPY quote_services (id, created_at, updated_at, user_id, business_name, slug, how_does_your_service_stand_out, full_address, address, city_id, state_id, country_id, zip_code, latitude, longitude, website_url, phone_number, is_service_provider_travel_to_customer_place, service_provider_travels_upto, is_customer_travel_to_me, is_over_phone_or_internet, is_active, quote_service_photo_count, quote_service_audio_count, quote_service_video_count, quote_faq_answer_count, quote_bid_count, quote_service_flag_count, under_discussion_count, hired_count, completed_count, year_founded, number_of_employees, what_do_you_enjoy_about_the_work_you_do, view_count, flag_count, total_rating, review_count, quote_bid_new_count, quote_bid_discussion_count, quote_bid_hired_count, quote_bid_completed_count, is_admin_suspend, quote_bid_not_completed_count, quote_bid_closed_count) FROM stdin;
8	2016-10-27 12:59:37	2016-10-27 15:05:08	3	Cooking Services		At vero eos et accusamus et iusto odio dignissimos ducimus qui blanditiis praesentium voluptatum deleniti atque corrupti quos dolores et quas molestias excepturi sint occaecati 	Mumbai, Maharashtra	Mumbai, Maharashtra	348	5490	102	658245	19.0759836999999983	72.8776558999999935	string	94561230	f	0	t	f	t	2	0	1	0	0	0	0	0	0	2013	56	 Various versions have evolved over the years, sometimes by accident, sometimes on purpose (injected humour and the like).	0	0	0	0	0	0	0	0	f	0	0
9	2016-10-27 13:04:57	2016-10-27 15:07:46	3	Java and .Net courses		On the other hand, we denounce with righteous indignation and dislike men who are so beguiled and demoralized by the charms of plea	Chennai, Tamil Nadu, India	Chennai	344	5483	102	600043	13.0826802000000004	80.2707184000000069	string	85412360	t	10	f	f	t	2	0	2	0	0	0	0	0	0	2015	50	Lorem Ipsum available, but the majority have suffered alteration in some form	0	0	0	0	0	0	0	0	f	0	0
7	2016-10-27 12:54:35	2017-04-29 10:25:19	3	beautician Makeup services		There are many variations of passages of Lorem Ipsum available, but the majority have suffered alteration in some form, by injected humour, or	Aa, Kaatsheuvel, Noord-Brabant, Netherlands	Aa, Kaatsheuvel, Noord-Brabant, Netherlands	347	5489	156	5172	51.6537258999999978	5.02211259999999982	string	89456123	t	10	f	f	t	3	0	1	0	0	0	0	0	0	2013	23	editors now use Lorem Ipsum as their default model text, and a search for 'lorem ipsum' will uncover many web sites still in their infancy	1	0	0	0	0	0	0	0	f	0	0
5	2016-10-27 12:42:02	2017-04-29 10:25:17	2	Photography Services		I am a commercial, fashion and fine arts photographer. My studio is located in Scottsdale, AZ. I do business portraits, model photography, and also commercial and fine art photography, photographing sports celebrities, such as racer Danica Patrick.	Kaatsheuvel, North Brabant, Netherlands	Kaatsheuvel	346	5488	156	654125	51.6571154000000021	5.03059360000000044		7894561230	f	1000	f	f	t	2	0	0	3	0	0	0	0	0	1999	17	My clients have included Swiss watch companies, Tissot, and Omega, GoDaddy, Playboy, as well as many local (Phoenix Metro) clients. I have my fine art prints in many collections around the country.	1	0	0	0	0	0	0	0	f	0	0
10	2016-10-27 13:09:41	2017-04-29 10:24:25	3	Wedding photography		Sed vulputate turpis a libero condimentum, nec condimentum erat ullamcorper. Ut quis turpis sem. Aliquam quis massa imperdiet, mollis leo 	855 North Park Road, Wyomissing	855 North Park Road, Wyomissing	349	5492	240	19610	40.3481710000000007	75.9562059999999946		874561203	t	3000	f	f	t	2	0	1	2	0	0	0	0	0	2004	10	or 'lorem ipsum' will uncover many web sites still in their infancy. Various versions have evolved over the years, sometimes by accident, sometimes on purpose (injected humour and the like).	1	0	0	0	0	0	0	0	f	0	0
3	2016-10-27 12:27:15	2017-05-08 09:10:18	2	Bike Repair Services		We have no hidden fees, taxes are included in every quote, and they're the lowest rates around with the highest quality service.	Chennai, Tamil Nadu, India	Chennai	344	5483	102	600456	13.0826802000000004	80.2707184000000069	http://example.com/	8754123654	t	1000	t	f	t	2	0	1	1	0	0	0	0	0	2011	20	We are happy to serve any customer with any moving request they might have. The customers happiness is always first.	1	0	0	0	1	0	0	0	f	0	0
2	2016-10-27 12:15:31	2017-05-08 09:34:08	2	Home remodeling & roof leak repair		We offer the best services on home repair,flooring, laminates,carpet,painting,roofing,gutters,brick wall, steps, deck, siding, cleaning & much more. Dont wait, call us right now and get 10% discount for you next project or get 100dllrs for recommending	Rhode Island Avenue Northwest, Washington, District of Columbia, United States	Rhode Island Avenue Northwest	343	5482	240	652145	38.9112551999999994	77.0251559999999955	http://example.com/	9874563215	t	1500	t	t	t	3	0	1	3	0	0	0	0	0	2000	45	We work hard with the project to make our customer happy	1	0	0	0	2	0	0	0	f	0	0
4	2016-10-27 12:32:19	2017-05-08 09:10:19	2	Car Services & Repair		We have no hidden fees, taxes are included in every quote, and they're the lowest rates around with the highest quality service.	DD, O'Fallon, Missouri, United States	DD, O'Fallon, Missouri, United States	345	5485	240	600456	13.0826802000000004	80.2707184000000069		8754123654	t	1000	t	t	t	3	0	1	0	1	0	0	0	0	2012	20	We are happy to serve any customer with any moving request they might have. The customers happiness is always first.	3	0	0	0	1	0	0	0	f	0	0
6	2016-10-27 12:46:39	2017-05-08 09:47:20	2	Delivery Services		No one moves like us. This is why we are an Arizona top choice mover.	Kaatsheuvel, North Brabant, Netherlands	Kaatsheuvel, North Brabant	346	5488	156	654215	51.6571154000000021	5.03059360000000044		9999999999	t	1000	t	t	t	2	0	0	2	3	0	0	1	0	1998	75	Our customers. We enjoy meeting great people every day.	2	0	0	0	2	0	1	0	f	0	0
11	2016-10-27 13:15:57	2017-05-08 09:10:18	3	Music Lessons For Preschoolers		Music is such a powerful means of connecting to the soul. I have been a member of several choral ensembles since I was 10 years old.	Service Road, Pimpri-Chinchwad, Maharashtra, India, 411035	Service Road, Pimpri-Chinchwad, Maharashtra	350	5490	102	411035	18.6546523999999998	73.7813143000000053	http://example.com/	8965248745	f	\N	f	t	t	1	0	1	0	1	0	0	0	0	2009	25	I am also the choir director of St. Elias Maronite Church. I provide voice lessons to both children and adults.	0	0	0	0	1	0	0	0	f	0	0
\.


--
-- Name: quote_services_id_seq; Type: SEQUENCE SET; Schema: public; Owner: -
--

SELECT pg_catalog.setval('quote_services_id_seq', 11, true);


--
-- Data for Name: quote_statuses; Type: TABLE DATA; Schema: public; Owner: -
--

COPY quote_statuses (id, created_at, updated_at, name) FROM stdin;
1	2016-11-14 17:39:50	2016-11-14 17:39:50	New
2	2016-11-14 17:39:50	2016-11-14 17:39:50	Under Discussion
3	2016-11-14 17:42:11	2016-11-14 17:42:11	Hired
4	2016-11-14 17:42:50	2016-11-14 17:42:50	Completed
5	2016-11-14 17:42:50	2016-11-14 17:42:50	Not Interested
6	2017-01-06 13:25:36	2017-01-06 13:25:36	Closed
7	2017-05-19 10:49:50	2017-05-19 10:49:50	Not Completed
\.


--
-- Name: quote_statuses_id_seq; Type: SEQUENCE SET; Schema: public; Owner: -
--

SELECT pg_catalog.setval('quote_statuses_id_seq', 6, true);


--
-- Data for Name: quote_user_faq_questions; Type: TABLE DATA; Schema: public; Owner: -
--

COPY quote_user_faq_questions (id, created_at, updated_at, user_id, question) FROM stdin;
1	2017-04-29 10:00:23	2017-04-29 10:00:23	2	What is your typical process for working with a new customer?
2	2017-04-29 10:00:42	2017-04-29 10:00:42	2	What is your typical process for working with a new customer?
3	2017-04-29 10:01:09	2017-04-29 10:01:09	2	What is your typical process for working with a new customer?
4	2017-04-29 10:01:25	2017-04-29 10:01:25	2	What education and/or training do you have that relates to your work?
5	2017-04-29 10:23:15	2017-04-29 10:23:15	3	What education and/or training do you have that relates to your work?
6	2017-04-29 10:23:27	2017-04-29 10:23:27	3	How did you get started doing this type of work?
\.


--
-- Name: quote_user_faq_questions_id_seq; Type: SEQUENCE SET; Schema: public; Owner: -
--

SELECT pg_catalog.setval('quote_user_faq_questions_id_seq', 6, true);


--
-- Data for Name: resources; Type: TABLE DATA; Schema: public; Owner: -
--

COPY resources (id, created_at, updated_at, name, description, folder_name, contest_count, contest_user_count, revenue, class_name) FROM stdin;
1	2011-09-21 15:29:20	2011-09-21 15:29:20	Image	Image contest	image	0	0	0	fa fa-image
2	2013-07-30 16:51:35	2013-07-30 16:51:35	Video	Video contest	video	0	0	0	fa fa-video-camera
3	2013-07-30 16:51:35	2013-07-30 16:51:35	Audio	Audio contest	audio	0	0	0	fa fa-volume-up
4	2013-07-30 16:51:35	2013-07-30 16:51:35	Text	Text contest	text	0	0	0	fa fa-edit
\.


--
-- Name: resources_id_seq; Type: SEQUENCE SET; Schema: public; Owner: -
--

SELECT pg_catalog.setval('resources_id_seq', 3, false);


--
-- Data for Name: resume_downloads; Type: TABLE DATA; Schema: public; Owner: -
--

COPY resume_downloads (id, created_at, updated_at, user_id, job_apply_id, ip_id) FROM stdin;
\.


--
-- Name: resume_downloads_id_seq; Type: SEQUENCE SET; Schema: public; Owner: -
--

SELECT pg_catalog.setval('resume_downloads_id_seq', 1, false);


--
-- Data for Name: resume_ratings; Type: TABLE DATA; Schema: public; Owner: -
--

COPY resume_ratings (id, created_at, updated_at, user_id, job_id, job_apply_id, rating, comment) FROM stdin;
\.


--
-- Name: resume_ratings_id_seq; Type: SEQUENCE SET; Schema: public; Owner: -
--

SELECT pg_catalog.setval('resume_ratings_id_seq', 1, false);


--
-- Data for Name: reviews; Type: TABLE DATA; Schema: public; Owner: -
--

COPY reviews (id, created_at, updated_at, user_id, to_user_id, foreign_id, class, rating, message, ip_id, is_freelancer, model_id, model_class) FROM stdin;
1	2017-04-29 09:03:01	2017-04-29 09:03:01	2	3	3	Bid	5	Awesome work and and response was good. Also the output was expected.	1	t	1	Project
2	2017-04-29 09:05:09	2017-04-29 09:05:09	3	2	3	Bid	5	John gave project requirement clearly. Also good response for queries.	1	f	1	Project
\.


--
-- Name: reviews_id_seq; Type: SEQUENCE SET; Schema: public; Owner: -
--

SELECT pg_catalog.setval('reviews_id_seq', 2, true);


--
-- Data for Name: roles; Type: TABLE DATA; Schema: public; Owner: -
--

COPY roles (id, created_at, updated_at, name, is_active) FROM stdin;
1	2016-10-12 19:16:55	2016-10-12 19:16:55	Admin	t
2	2016-10-12 19:16:55	2016-10-12 19:16:55	User	t
3	2017-01-06 12:11:52	2017-01-06 12:11:52	Employer	t
4	2017-01-06 12:11:52	2017-01-06 12:11:52	Freelancer	t
\.


--
-- Name: roles_id_seq; Type: SEQUENCE SET; Schema: public; Owner: -
--

SELECT pg_catalog.setval('roles_id_seq', 4, true);


--
-- Data for Name: salary_types; Type: TABLE DATA; Schema: public; Owner: -
--

COPY salary_types (id, created_at, updated_at, name, is_active) FROM stdin;
1	2014-04-02 17:05:45	2014-04-02 17:05:45	Per Annum	t
2	2014-04-02 17:05:45	2014-04-02 17:05:45	Per Month	t
3	2014-04-02 17:06:16	2014-04-02 17:06:16	Per Week	t
4	2014-04-02 17:06:16	2014-04-02 17:06:16	Per Day	t
5	2014-04-02 17:06:43	2014-04-02 17:06:43	Per Hour	t
6	2014-04-02 17:06:43	2014-04-02 17:06:43	Per Job	t
\.


--
-- Name: salary_types_id_seq; Type: SEQUENCE SET; Schema: public; Owner: -
--

SELECT pg_catalog.setval('salary_types_id_seq', 6, true);


--
-- Data for Name: setting_categories; Type: TABLE DATA; Schema: public; Owner: -
--

COPY setting_categories (id, created_at, updated_at, name, description) FROM stdin;
2	2016-05-30 12:17:27	2016-05-30 12:17:27	SEO	Manage content, meta data and other information relevant to browsers or search engines.
3	2016-05-30 12:24:36	2016-05-30 12:24:36	Regional, Currency & Language	Manage site default language, currency and date-time format.
1	2016-05-30 12:17:27	2016-05-30 12:17:27	System	Manage site name, contact email, from email and reply to email.
4	2016-05-30 12:25:53	2016-05-30 12:25:53	Account	Manage user account related settings
5	2016-05-30 12:17:27	2016-05-30 12:17:27	Wallet	Manage wallet related settings.
6	2016-05-30 12:17:27	2016-05-30 12:17:27	Withdrawals	Manage withdrawal related settings.
7	2016-05-30 12:17:27	2016-05-30 12:17:27	Third Party API	Manage third party API related settings
8	2016-05-30 12:17:27	2016-05-30 12:17:27	Widget	Widgets for header, footer, view page. Widgets can be in iframe and JavaScript embed code, etc (e.g., Twitter Widget, Facebook Like Box, Facebook Feeds Code, Google Ads).
9	2016-11-25 11:29:32	2016-11-25 11:29:32	Contest	Manage Contest related settings
10	2016-12-01 18:35:48	2016-12-01 18:35:48	Job	Manage Job related settings
11	2016-12-15 12:11:22	2016-12-15 12:11:22	Quote	Manage Quote related settings
129	2016-12-20 14:58:18	2016-12-20 14:58:18	Project	Manage Project related settings
128	2016-12-20 14:58:18	2016-12-20 14:58:18	Exam	Manage Exam related settings
130	2017-03-07 12:17:27	2017-03-07 12:17:27	Subscriptions and Credit Point System	Manage Subscriptions and Credit Point System related settings.
131	2017-03-13 12:17:27	2017-03-13 12:17:27	Dispute	Manage Dispute related settings
133	2017-05-11 11:29:32	2017-05-11 11:29:32	Image Resource	Manage Image Resource related settings
132	2017-05-18 12:17:27	2017-05-18 12:17:27	Portfolio	Manage Portfolio related settings.
\.


--
-- Name: setting_categories_id_seq; Type: SEQUENCE SET; Schema: public; Owner: -
--

SELECT pg_catalog.setval('setting_categories_id_seq', 133, true);


--
-- Data for Name: settings; Type: TABLE DATA; Schema: public; Owner: -
--

COPY settings (id, created_at, updated_at, setting_category_id, name, value, description, type, label, "position", option_values, is_send_to_frontend) FROM stdin;
11	2016-05-30 12:25:53	2016-05-30 12:25:53	3	SITE_LANGUAGE	en	The selected language will be used as default language all over the site.	select	Site language 	1	\N	t
12	2016-05-30 12:25:53	2016-05-30 12:24:36	3	CURRENCY_SYMBOL	$	Site Currency symbol of PayPal Currency Code. eg. $ for USD	text	Site Currency Symbol	1	\N	t
19	2016-05-30 12:17:27	2016-05-30 12:17:27	4	USER_IS_ADMIN_ACTIVATE_AFTER_REGISTER	0	On enabling this feature, the user will not be able to login until the Admin (that will be you) approves their registration.	checkbox	Enable Administrator Approval After Registration	1	\N	t
21	2016-05-30 12:17:27	2016-05-30 12:17:27	4	USER_IS_AUTO_LOGIN_AFTER_REGISTER	0	On enabling this feature, users will be automatically logged-in after registration. (Only when "Email Verification" & "Admin Approval" is disabled)	checkbox	Enable Auto Login After Registration	3	\N	t
14	2016-05-30 12:24:36	2016-05-30 12:24:36	4	USER_IS_ALLOW_SWITCH_LANGUAGE	1	On enabling this feature, users can change site language to their choice.	checkbox	Enable User to Switch Language	1	\N	t
22	2016-05-30 12:17:27	2016-05-30 12:17:27	5	WALLET_MIN_WALLET_AMOUNT	10	This is the minimum amount a user can add to his wallet.	text	Minimum wallet amount	1	\N	t
23	2016-05-30 12:24:36	2016-05-30 12:24:36	5	WALLET_MAX_WALLET_AMOUNT	20000	This is the maximum amount a user can add to his wallet. (If left empty, then, no maximum amount restrictions).	text	Maximum wallet amount	2	\N	t
24	2016-05-30 12:24:36	2016-05-30 12:24:36	6	USER_MINIMUM_WITHDRAW_AMOUNT	2	This is the minimum amount a user can withdraw from their wallet.	text	Minimum Withdrawal Amount	1	\N	t
25	2016-05-30 12:17:27	2016-05-30 12:17:27	6	USER_MAXIMUM_WITHDRAW_AMOUNT	10000	This is the maximum amount a user can withdraw from their wallet.	text	Maximum Withdrawal Amount	2	\N	t
6	2016-05-30 12:24:36	2016-05-30 12:17:27	7	GOOGLE_RECAPTCHA_CODE	6Le2SCQTAAAAABgGIgDxO1LiqN-emZKteGFj7Apa	Google recpatcha code.	text	Google Recaptcha Code	1	\N	t
9	2016-05-30 12:17:27	2016-05-30 12:24:36	2	SITE_TRACKING_SCRIPT	<script type="text/javascript"> var _gaq = _gaq || []; _gaq.push(['_setAccount', 'UA-18572079-3']); _gaq.push(['_setDomainName', '.dev.agriya.com']); _gaq.push(['_setAllowAnchor', true]); _gaq.push(['_trackPageview']); _gaq.push(function() { href = window.location.search; href.replace(/(utm_source|utm_medium|utm_campaign|utm_term|utm_content)+=[^\\&]*/g, '').replace(/\\&+/g, '&').replace(/\\?\\&/g, '?').replace(/(\\?|\\&)$/g, ''); if (history.replaceState) history.replaceState(null, '', location.pathname + href + location.hash);}); (function() { var ga = document.createElement('script'); ga.type = 'text/javascript'; ga.async = true; ga.src = ('https:' == document.location.protocol ? 'https://ssl' : 'http://www') + '.google-analytics.com/ga.js'; var s = document.getElementsByTagName('script')[0]; s.parentNode.insertBefore(ga, s); })(); </script>	This is the site tracker script used for tracking and analyzing the data on how the people are getting into your website. e.g., Google Analytics. <a href="http://www.google.com/analytics" target="_blank">http://www.google.com/analytics</a>	textarea	Site Tracker Code	3	\N	t
27	2016-05-30 12:17:27	2016-05-30 12:17:27	4	USER_IS_LOGOUT_AFTER_CHANGE_PASSWORD	0	By enabling this feature, When user changes the password, he will automatically log-out.	checkbox	Enable User to Logout after Password Change	5	\N	t
30	2016-05-30 12:17:27	2016-05-30 12:17:27	4	USER_IS_CAPTCHA_ENABLED_FORGOT_PASSWORD	0	On enabling this feature, captcha will display forgot password page.	checkbox	Enable Captcha Forgot password	8	\N	t
504	2016-12-09 06:16:22	2016-12-09 06:16:22	1	SITE_FACEBOOK_URL	https://www.facebook.com/agriya		text	Site Facebook URL	6	\N	t
505	2016-12-09 20:13:57	2016-12-09 20:13:57	1	SITE_TWITTER_URL	https://twitter.com/agriya	\N	text	Site Twitter URL	7	\N	t
506	2016-12-09 06:16:22	2016-12-09 06:16:22	1	SITE_YOUTUBE_URL	https://www.youtube.com/channel/UCcxmjGrb-E8CKXFv2RKOG5A	\N	text	Site Youtube URL	8	\N	t
507	2016-12-09 06:16:22	2016-12-09 06:16:22	1	SITE_PINTEREST_URL	https://pinterest.com/agriya/	\N	text	Site Pinterest URL	9	\N	t
508	2016-12-09 06:16:22	2016-12-09 06:16:22	1	SITE_GOOGLEPLUS_URL	https://plus.google.com/+AgriyaNews	\N	text	Site Google Plus URL	10	\N	t
484	2016-11-25 11:29:32	2016-11-25 11:29:32	9	CONTEST_REQUEST_FOR_CANCELLATION	2	Enable Request for Cancellation option only when the selected type count is less than or equal to this value. Leave empty for no limit.	text	Limit Required to Enable Request for Cancellation	4	\N	t
493	2016-11-28 11:29:32	2016-11-28 11:29:32	9	CONTEST_PAYMENT_PENDING_DAYS_LIMIT	1	If Contest Holder doesn''t pay in above mentioned days, contest will be deleted.The process that could happen during the cron run.	text	Payment for Contest	5	\N	t
481	2016-11-25 11:29:32	2016-11-25 11:29:32	0	CONTEST_VIDEO_SIZE	8	By changing this value entry video size allowed will changed. (In MB)	text	Entry Video size	1	\N	t
5	2016-05-30 12:25:53	2016-05-30 12:25:53	1	SITE_NAME	getlancer	This name will be used in all pages and emails.	text	Site name	1	\N	t
483	2016-11-25 11:29:32	2016-11-25 11:29:32	133	CONTEST_IMAGE_SIZE	3	By changing this value entry image size allowed will changed.(In MB)	text	Entry Image size	3	\N	t
20	2016-05-30 12:17:27	2016-05-30 12:17:27	4	USER_IS_EMAIL_VERIFICATION_FOR_REGISTER	1	On enabling this feature, the users are required to verify their email address which will be provided by them during registration. (Users cannot login until the email address is verified)	checkbox	Enable Email Verification After Registration	2	\N	t
15	2016-05-30 12:17:27	2016-05-30 12:17:27	4	USER_USING_TO_LOGIN	username	You can select the option from the drop-downs to login into the site	select	Login Handle	1	username,email	t
13	2016-05-30 12:17:27	2016-05-30 12:17:27	3	CURRENCY_CODE	USD	PayPal doesnt support all currencies; refer, <a href="https://www.paypal.com/cgi-bin/webscr?cmd=p/sell/mc/mc_wa-outside">https://www.paypal.com/cgi-bin/webscr?cmd=p/sell/mc/mc_wa-outside</a> for list of supported currencies in PayPal. The selected currency will be used as site default currency. (All payments, transaction will use this currency).	text	Currency Code	2		t
494	2016-11-28 00:10:22	2016-11-28 00:10:22	9	CONTEST_JUDGING_STATUS_DAYS_LIMIT	10	Contest will move to "Pending Action to Admin", when contest holder doesn't select winner before mentioned days. In that case, Admin will be forced to select winner.	text	From Judging Status	7	\N	t
495	2016-11-28 11:29:32	2016-11-28 11:29:32	9	CONTEST_WINNER_SELECTED__TO_COMPLETED_DAYS	10	Contest will move to "Pending Action to Admin", when contest holder doesn't request any change in entry or mark as completed before mentioned days. In that case, Admin will be forced to complete contest.	text	From Winner Selected Status	8	\N	t
496	2016-11-28 00:10:22	2016-11-28 00:10:22	9	CONTEST_CHANGE_COMPLETED_TO_COMPLETED_DAYS	10	Contest will move to "Pending Action to Admin", when contest holder doesn't request any new change in entry or mark as completed before mentioned days. In that case, Admin will be forced to complete contest.	text	From Change Completed Status	9	\N	t
500	2016-12-01 18:35:48	2016-12-01 18:35:48	10	LISTING_FEE_FOR_JOB	5	Fee for listing the project to this web	text	Job Listing Fee	2	\N	t
498	2016-11-30 00:10:22	2016-11-30 00:10:22	9	CONTEST_ENABLE_AUTO_APPROVAL	1	After payment check whether Enable Auto Approval After New Contest true, then set as Open or Pending Approval	text	Enabel auto approval	12	\N	t
525	2016-12-19 12:51:40	2016-12-19 12:51:40	128	IS_ALLOW_TO_RECONTINUE_SKILL_TEST	1	If disabled mean, user can't recontinue the test if skipping test in between the time due to internet connection broken, or pressing browse back button etc. 	checkbox	Allow User to Recontinue the Skill Test?	1	\N	t
480	2016-08-10 12:25:53	2016-12-10 11:17:57	0	SITE_DOMAIN_SECRET_HASH	0614868e-ad76-413b-a991-4fa3ef440b3c	Zazpay Domain Secret Hash	text	Zazpay Domain Secret hash	0	\N	f
537	2016-12-20 15:02:35	2016-12-20 15:02:35	129	PROJECT_LISTING_FEE	5	Fee for listing the project to this web.	text	Project Listing Fee	1	\N	t
538	2016-12-20 15:04:45	2016-12-20 15:04:45	129	PROJECT_FEATURED_FEE	5	This is the project fee for listing project under featured category.	text	Featured Project	1	\N	t
549	2016-12-20 16:03:45	2016-12-20 16:03:45	129	PROJECT_MAX_DAYS_TO_SELECT_WINNER	100	This is the maximum number of day(s) to select winner after bidding closed.	text	Maximum Number of Day(s) to Select Winner	1	\N	t
545	2016-12-20 15:53:35	2016-12-20 15:53:35	129	PROJECT_WITHDRAW_FREELANCER_DAYS	3	This is the maximum number of days for freelancer to accept or reject select as winner projects. If failed to accept or reject, then employer can withdraw freelancer from the project.	text	Maximum Number of Days to Accept/Reject Project	1	\N	t
542	2016-12-20 15:08:15	2016-12-20 15:08:15	129	PROJECT_PRIVATE_PROJECT_FEE	5	This is the fee for hiding the project from public listing (without login) and search engine.	text	Private Project Fee	1	\N	t
541	2016-12-20 15:07:55	2016-12-20 15:07:55	129	PROJECT_HIDDEN_BID_FEE	5	This is the fee for hiding the project bids from other freelancer.	text	Hidden Bid Fee	1	\N	t
540	2016-12-20 15:07:15	2016-12-20 15:07:15	129	PROJECT_URGENT_FEE	5	This is the fee for hiding the project bids from other freelancer. Featured Project -> Featured Project Fee Project Listing Fee: Fee for listing the project to this web. -> Fee for listing the project to this website.	text	Urgent Project Fee	1	\N	t
551	2016-12-20 16:05:28	2016-12-20 16:05:28	129	PROJECT_MAX_BID_DURATION	100	Set maximum bidding duration for a project. Leave it blank for no limitation.	text	Maximum Bidding Duration	1	\N	t
1	2016-05-30 12:25:53	2016-05-30 12:24:36	1	SITE_FROM_EMAIL	productdemo.admin@gmail.com	You can change this email address so that 'From' email will be changed in all email communication.	text	From Email Address	1	\N	f
2	2016-05-30 12:25:53	2016-05-30 12:25:53	1	SITE_CONTACT_EMAIL	productdemo.admin@gmail.com	Contact email	test	Contact Email	3	\N	f
10	2016-05-30 12:24:36	2016-05-30 12:17:27	2	SITE_ROBOTS	Content for robots.txt; (search engine) robots specific instructions. Refer, <a href="http://www.robotstxt.org/">http://www.robotstxt.org/</a> for syntax and usage.	\N	textarea	robots.txt	4		f
4	2016-05-30 12:25:53	2016-05-30 12:25:53	1	SUPPORT_EMAIL	productdemo.admin@gmail.com	Support email	text	Support Email Address	4	\N	f
28	2016-05-30 12:17:27	2016-05-30 12:17:27	4	USER_IS_WELCOME_MAIL_AFTER_REGISTER	0	On enabling this feature, users will receive a welcome mail after registration.	checkbox	Enable Sending Welcome Mail After Registration	6	\N	f
29	2016-05-30 12:17:27	2016-05-30 12:17:27	4	USER_IS_ADMIN_MAIL_AFTER_REGISTER	0	On enabling this feature, notification mail will be sent to administrator on each registration.	checkbox	Enable Notify Administrator on Each Registration	7	\N	f
3	2016-05-30 12:17:27	2016-05-30 12:25:53	1	SITE_REPLY_TO_EMAIL		You can change this email address so that 'Reply To' email will be changed in all email communication.	text	Reply To Email Address	2	\N	f
479	2016-08-10 12:25:53	2016-12-10 11:18:00	0	SITE_IS_WEBSITE_CREATED	1	Zazpay website account created	checkbox	Zazpay Website Account created	0	\N	f
565	2016-12-20 06:16:22	2016-12-20 06:16:22	1	SITE_LINKEDIN_URL	\N	This is the site's "Linkedin" url displayed in the footer.	text	Linkedin URL	11	\N	t
478	2016-08-10 12:25:53	2016-08-10 12:25:53	0	SITE_IS_ENABLE_ZAZPAY_PLUGIN	0	When site purchased ZazPay plugin 	checkbox	Enable Zazpay plugin	0	\N	t
8	2016-05-30 12:24:36	2016-05-30 12:17:27	2	META_DESCRIPTION	freelancer clone	These are the short descriptions for your site which will be used by the search engines on the search result pages to display preview snippets for a given page.	textarea	Description	2		f
7	2016-05-30 12:17:27	2016-05-30 12:24:36	2	META_KEYWORDS	frelancer, getlancer, scriptlancer	These are the keywords used for improving search engine results of our site.\\r\\n(Comma separated for multiple keywords).	text	Keywords	1	\N	f
490	2016-11-28 11:29:32	2016-11-28 11:29:32	0	HOSTER_AUDIO_TYPE	normal		radio	Hoster Audio Type	14	normal,direct	f
491	2016-11-28 11:29:32	2016-11-28 11:29:32	0	HOSTER_SERVICE	vimeo		radio	Hoster Service	14	youtube,vimeo	f
485	2016-11-28 11:29:32	2016-11-28 11:29:32	133	WATERMARK_TEXT	Getlancer		text	Watermark Text	10	\N	f
486	2016-11-28 11:29:32	2016-11-28 11:29:32	133	WATERMARK_POSITION_Y	73		text	Y Position of Watermark	11	\N	f
487	2016-11-28 11:29:32	2016-11-28 11:29:32	133	WATERMARK_POSITION_X	30		text	X Position of Watermark	12	\N	f
569	2016-12-20 15:09:42	2016-12-20 15:09:42	1	SITE_FOURSQUARE_URL	\N	This is the site's "Foursquare" url displayed in the footer.	text	Foursquare URL	15	\N	t
570	2016-12-20 15:09:42	2016-12-20 15:09:42	1	SITE_INSTAGRAM_URL	\N	This is the site's "Instagram" url displayed in the footer.	text	Instagram URL	16	\N	t
567	2016-12-20 15:09:42	2016-12-20 15:09:42	1	SITE_TUMBLR_URL	\N	This is the site's "Tumblr" url displayed in the footer.	text	Tumblr URL	13	\N	t
568	2016-12-20 15:09:42	2016-12-20 15:09:42	1	SITE_VIMEO_URL	\N	This is the site's "Vimeo" url displayed in the footer.	text	Vimeo URL	14	\N	t
566	2016-12-20 15:09:42	2016-12-20 15:09:42	1	SITE_FLICKR_URL	\N	This is the site's "Flickr" url displayed in the footer.	text	Flickr URL	12	\N	t
522	2016-12-16 10:57:24	2016-12-16 10:57:24	130	IS_ALLOW_PROVIDER_TO_SEND_MESSAGE_BEFORE_PAY_CREDIT	0	"1" for allow, otherwise "0". Note: If this is disabled and Provider has already subscribed, address will automatically be get shown by charging from subscription plan.	text	Allow Service Provider to view complete address of work location, before paying credit point	3	\N	t
523	2016-12-16 10:59:38	2016-12-16 10:59:38	130	IS_ALLOW_PROVIDER_TO_VIEW_ADDRESS_BEFORE_PAY_CREDIT	0	"1" for allow, otherwise "0".	text	Allow Service Provider to send message through compose, before paying credit point 	4	\N	t
497	2016-11-28 11:29:32	2016-11-28 11:29:32	9	CONTEST_SITE_COMMISSION_TAKEN_DAYS	2	Site Commission will move to participant before mentioned days 	text	Site Commission will move to participant before mentioned days	11	\N	t
492	2016-11-28 11:29:32	2016-11-28 11:29:32	0	HOSTER_AUDIO_SERVICE	soundcloud		radio	Hoster Audio Service	15	soundcloud	f
488	2016-11-28 11:29:32	2016-11-28 11:29:32	133	WATERMARK_IMAGE	logo.png	Upload JPG, PNG or GIF image to be used as watermark. PNG images with transparency give the best results.	file	Watermark Image	13	\N	f
529	2016-12-19 13:09:48	2016-12-19 13:09:48	128	IS_FEE_NEEDED_FOR_RERATTEMPTS	1	Disable this, if no need for skill test fee for reattempting failed test.	checkbox	Enable Skill Test Fee for Reattempts?	1	\N	f
531	2016-12-19 13:16:54	2016-12-19 13:16:54	128	MAX_NUMBER_OF_TIME_PER_USER_PER_EXAM	3	This is the maximum number, to allow a user to reattempts same skill test. Leave blank for no limit. Enter 0 for no reattempts	text	Maximum Number of Time User Can Reattempt Same Skill Test.	1	\N	f
533	2016-12-19 13:25:36	2016-12-19 13:25:36	128	REATTEMPT_DURATION		This is the number of days user must wait to reattempt the particular same skill test after failure before. Leave blank for no restriction.	text	Reattempt duration	1	\N	f
592	2017-03-07 12:17:27	2017-03-07 12:17:27	130	CREDIT_POINT_FOR_SENDING_QUOTE_FOR_REQUEST	1	Credit point for sending quote for request.	text	Credit point for sending quote for request	1	\N	t
577	2017-01-04 06:16:22	2017-01-04 06:16:22	121	CONTEST_ALLOW_ALL_USERS_TO_COMMENT_UPTO_STATUS	Open	All user to comment up to selected level	select	All user to comment up to limited level	1	Open,Judging,WinnerSelected,Completed	f
578	2017-01-04 06:16:22	2017-01-04 06:16:22	121	MESSAGE_THREAD_MAX_DEPTH	3	0 for unlimited. Below this thread level "Reply" option will not be available. This is to avoid broken design due to thread level.	text	Thread Maximum Depth	1	\N	f
590	2017-03-04 06:16:22	2017-03-04 06:16:22	120	CONTEST_COMMISSION_FROM_FREELANCER	10	This is the commission percentage which will be taken from freelancer when accepting a contest for development.	text	Freelancer Commission Percentage (%)	1	\N	t
591	2017-03-04 06:16:22	2017-03-04 06:16:22	120	CONTEST_COMMISSION_FROM_EMPLOYER	10	This is the commission percentage which will be taken from Employer when accepting a contest for development.	text	Employer Commission Percentage (%)	1	\N	t
593	2017-03-07 12:17:27	2017-03-07 12:17:27	130	CREDIT_POINT_FOR_BIDDING_A_PROJECT	1	Credit point for bidding a project	text	Credit point for bidding a project	2	\N	t
594	2017-03-29 12:25:53	2017-03-29 12:25:53	4	IS_ENABLED_DUAL_REGISTER	1	On enabling this option, system will allow users to register both Employer and Freelancer	checkbox	Enable dual registration (Both Employer & Freelancer)	10	\N	t
536	2016-12-20 15:01:32	2016-12-20 15:01:32	129	PROJECT_IS_AUTO_APPROVE	0	On enabling this feature, the added project will be automatically approved.	checkbox	Enable Auto Approve	1	\N	t
543	2016-12-20 15:09:35	2016-12-20 15:09:35	129	PROJECT_COMMISSION_FROM_EMPLOYER_FOR_MILESTONE	10	This is the commission percentage which will be additionally taken from employer when paying milestone amount to escrow. e.g., The milestone amount is $100 and this commission is 5%, then employer will be pay $105. Set 0 or leave it blank for no commission from employer.	text	 Employer Commission Percentage for Milestone Payments (%)	1	\N	t
580	2017-01-06 13:25:36	2017-01-06 13:25:36	0	SERVICE_COMMISSION_FOR_SALE		This is the service commission for a sale . Leave blank for not need sale commission.	text	Reattempt duration	1	\N	f
544	2016-12-20 15:51:35	2016-12-20 15:51:35	129	PROJECT_COMMISSION_FROM_FREELANCER_FOR_MILESTONE	10	This is the commission percentage which will be taken from freelancer when milestone escrow release to freelancer account. e.g., The milestone amount is $100 and this commission is 10%, then freelancer will get $90. Set 0 or leave it blank for no commission from freelancer.	text	Freelancer Commission Percentage for Milestone Payments (%)	1	\N	t
588	2017-03-04 06:16:22	2017-03-04 06:16:22	129	PROJECT_COMMISSION_FROM_EMPLOYER_FOR_INVOICE	10	This is the commission percentage which will be additionally taken from employer when paying invoice amount. e.g., The invoice amount is $100 and this commission is 5%, then employer will be pay $105. Set 0 or leave it blank for no commission from employer.	text	 Employer Commission Percentage for Invoice Payments (%)	1	\N	t
589	2017-03-04 06:16:22	2017-03-04 06:16:22	129	PROJECT_COMMISSION_FROM_FREELANCER_FOR_INVOICE	10	This is the commission percentage which will be taken from freelancer when invoice payment received from employer. e.g., The invoice amount is $100 and this commission is 10%, then freelancer will get $90. Set 0 or leave it blank for no commission from freelancer.	text	 Freelancer Commission Percentage for Invoice Payments (%)	1	\N	t
554	2016-12-20 16:50:28	2016-12-20 16:50:28	129	PROJECT_IS_ALLOW_EMPLOYER_TO_CANCEL_PROJECT	1	By enabling this feature, employer can cancel his project in Open for Bidding stage.	checkbox	Enable Employer to Cancel the Project in Open Status	1	\N	t
530	2016-12-19 13:12:52	2016-12-19 13:12:52	128	MAX_NUMBER_OF_EXAM_PER_USER_PER_DAY	3	This is the maximum number, to allow a user to attempt exam per day. Leave blank for no limit. (Value should be greater than or equal to 1; Zero won't play here)	text	Maximum Number of Exam Can Attempt Per Day	1	\N	t
532	2016-12-19 13:21:38	2016-12-19 13:21:38	128	MAX_NUMBER_OF_TIME_USER_CAN_RECONTINUE	1	This is the maximum number, to allow freelancer to recontinue the particular same skill test. Leave blank for no limit. (This will play, if "Allow User to Recontinue the Skill Test?" enabled.)	text	Maximum Number of Time User Can Recontinue the Same Skill Test	1	\N	t
586	2017-01-16 12:51:40	2017-01-16 12:51:40	131	DISPUTE_REPLY_TIME_FOR_EMPLOYER	1	Dispute reply time for employer, if employer not replied within this days, system will take decision as freelancer favor.	text	dispute reply time for employer	1	\N	t
587	2017-01-16 12:51:40	2017-01-16 12:51:40	131	DISPUTE_CONVERSATION_COUNT	1	After reaching this conversion count, dispute comes under admin decision. 	text	Number of Allowed Conversion for Dispute	1	\N	t
582	2016-12-19 12:51:40	2016-12-19 12:51:40	130	IS_ENABLED_CREDIT_POINT_CARRY_FORWARD	1	If we enable credit point to be carry forward	checkbox	If we enable credit point to be carry forward	1	\N	t
489	2016-11-28 11:29:32	2016-11-28 11:29:32	133	WATERMARK_TYPE	Watermark Image	By selecting the water mark type can be changed.	radio	Watermark Type	14	Watermark Image,Enable Text Watermark	f
596	2017-05-18 12:17:27	2017-05-18 12:17:27	6	WITHDRAW_REQUEST_FEE	2	withdraw request fee	text	Withdraw Request Fee	4		t
595	2017-05-18 12:17:27	2017-05-18 12:17:27	6	WITHDRAW_REQUEST_FEE_TYPE	Percentage	Type of withdraw request	options	Fee Type	3	Percentage,Fixed Fee	t
619	2017-05-19 11:29:32	2017-05-19 11:29:32	11	TIME_LIMIT_AFTER_OTHER_PROVIDER_GET_QUOTE_REQUEST	24	After this time limit other provider receive quote requests	text	Time Limit After Other Provider Getting Quote Request (In hours)	3		f
601	2017-05-18 16:03:45	2017-05-18 16:03:45	129	ALLOWED_MIME_TYPES_FOR_PROJECT_DOCUMENT_FILE	\N	By changing this value allowed mimetype will be changed. System will validate user's file with this list. Leave it blank for no validation.	text	Allowed mime types for project document file	16	\N	f
602	2017-05-18 16:03:45	2017-05-18 16:03:45	129	ALLOWED_EXTENSIONS_FOR_PROJECT_DOCUMENT_FILE	\N	By changing this value allowed extension will be changed. This will only display in user end near browse file button.	text	Allowed file extension for project document file	17	\N	t
604	2017-05-18 11:29:32	2017-05-18 11:29:32	9	ALLOWED_EXTENSIONS_OF_IMAGE_CONTEST_ENTRY	jpg,jpeg,gif,png	By changing this value allowed extension will be changed. This will only display in user end near browse file button.	text	Allowed file extension for image contest entry	5	\N	t
605	2017-05-18 11:29:32	2017-05-18 11:29:32	11	MAX_UPLOAD_SIZE_OF_SERVICE_PHOTO	2	By changing this value allowed service image size will be changed. (In MB). Leave it blank for no validation.	text	Maximum allowed file size for service photos	1	\N	f
606	2017-05-18 11:29:32	2017-05-18 11:29:32	11	ALLOWED_MIME_TYPES_OF_SERVICE_PHOTO	image/jpeg,image/jpg,image/gif,image/png	By changing this value allowed service image size will be changed. (In MB). Leave it blank for no validation.	text	Allowed mime type for service photos	2	\N	f
607	2017-05-18 11:29:32	2017-05-18 11:29:32	11	ALLOWED_EXTENSIONS_OF_SERVICE_PHOTO	jpg,jpeg,gif,png	By changing this value allowed extension will be changed. This will only display in user end near browse file button.	text	Allowed file extension for service photos	3	\N	t
608	2017-05-18 11:29:32	2017-05-18 11:29:32	10	MAX_UPLOAD_SIZE_OF_RESUME_FOR_JOB_APPLY	2	By changing this value allowed resume size will be changed. (In MB). Leave it blank for no validation.	text	Maximum allowed file size for resume	5	\N	f
609	2017-05-18 11:29:32	2017-05-18 11:29:32	10	ALLOWED_MIME_TYPES_OF_RESUME_FOR_JOB_APPLY	application/msword,application/pdf,text/plain,application/rtf,application/x-rtf,text/richtext	By changing this value allowed mimetype will be changed. System will validate user's file with this list. Leave it blank for no validation.	text	Allowed mime type for resume	6	\N	f
610	2017-05-18 11:29:32	2017-05-18 11:29:32	10	ALLOWED_EXTENSIONS_OF_RESUME_FOR_JOB_APPLY	doc,docx,pdf,txt,rtf,docm,dot	By changing this value allowed extension will be changed. This will only display in user end near browse file button.	text	Allowed file extension for resume	7	\N	t
613	2017-05-18 11:29:32	2017-05-18 11:29:32	10	MAX_UPLOAD_SIZE_OF_JOB_IMAGE	2	By changing this value allowed entry image size will be changed. (In MB). Leave it blank for no validation.	text	Maximum allowed file size for job image	8	\N	f
612	2017-05-18 11:29:32	2017-05-18 11:29:32	10	ALLOWED_MIME_TYPES_OF_JOB_IMAGE	image/jpeg,image/jpg,image/gif,image/png	By changing this value allowed mimetype will be changed. System will validate user's file with this list. Leave it blank for no validation.	text	Allowed mime type for job image	7	\N	f
611	2017-05-18 11:29:32	2017-05-18 11:29:32	10	ALLOWED_EXTENSIONS_OF_JOB_IMAGE	jpg,jpeg,gif,png	By changing this value allowed extension will be changed. This will only display in user end near browse file button.	text	Allowed file extension for job image	7	\N	t
614	2017-05-18 11:29:32	2017-05-18 11:29:32	132	MAX_UPLOAD_SIZE_OF_PORTFOLIO	2	By changing this value allowed Portfolio image size will be changed. (In MB). Leave it blank for no validation.	text	Maximum allowed file size for portfolio image	1	\N	f
615	2017-05-18 11:29:32	2017-05-18 11:29:32	132	ALLOWED_MIME_TYPES_OF_PORTFOLIO	image/jpeg,image/jpg,image/gif,image/png	By changing this value allowed mimetype will be changed. System will validate user's file with this list. Leave it blank for no validation.	text	Allowed mime type for portfolio image	2	\N	f
616	2017-05-18 11:29:32	2017-05-18 11:29:32	132	ALLOWED_EXTENSIONS_OF_PORTFOLIO	jpg,jpeg,gif,png	By changing this value allowed extension will be changed. This will only display in user end near browse file button.	text	Allowed file extension for portfolio image	3	\N	t
597	2017-05-18 12:17:27	2017-05-18 12:17:27	4	MAX_UPLOAD_SIZE_OF_USER_AVATAR	2	By changing this value allowed user avatar size will be changed. (In MB). Leave it blank for no validation.	text	Maximum allowed file size for user avatar	5	\N	f
598	2017-05-18 12:17:27	2017-05-18 12:17:27	4	ALLOWED_MIME_TYPES_OF_USER_AVATAR	image/jpeg,image/jpg,image/gif,image/png	By changing this value allowed mimetype will be changed. System will validate user's file with this list. Leave it blank for no validation.\n	text	Allowed mime type for user avatar	6	\N	f
599	2017-05-18 12:17:27	2017-05-18 12:17:27	4	ALLOWED_EXTENSIONS_OF_USER_AVATAR	jpg,jpeg,gif,png	By changing this value allowed extension will be changed. This will only display in user end near browse file button.	text	Allowed file extension for user avatar	7	\N	t
620	2017-05-19 11:29:32	2017-05-19 11:29:32	11	QUOTE_VISIBLE_LIMIT	5	This is the count for maximum number of quotes can view particular time period. e.g., If we set 5, requestor can see only first 5 quotes. Other provider Quotes will be visible after following time period.	text	Quote Visible Limit	4		t
621	2017-05-19 11:29:32	2017-05-19 11:29:32	11	TIME_LIMIT_AFTER_OTHER_PROVIDERS_QUOTE_VISIBLE_TO_REQUESTOR	24	After this time period requestor can see other providers quotes	text	Time Limit After Other Provider's Quote visible to Requestor (In hours)	5		t
622	2017-05-22 11:29:32	2017-05-22 11:29:32	0	ALLOWED_SERVICE_LOCATIONS	\N	Allowed countries or cities in services	text	Allowed service location	2	\N	t
623	2017-05-22 11:29:32	2017-05-22 11:29:32	1	CAPTCHA_TYPE	Normal		options	Captcha Type	17	Normal,Google reCAPTCHA	t
618	2017-05-19 11:29:32	2017-05-19 11:29:32	11	QUOTE_REQUEST_SENDING_RATING_UPTO	3	This is the average rating of service provider to getting quote request when new quote request posted.	text	Quote Request Send Upto	2		f
617	2017-05-19 11:29:32	2017-05-19 11:29:32	11	SENDING_QUOTE_REQUEST_FLOW_TYPE	Send to All Relevant Service Provider	When run with "Send to All Relevant Service Provider", system will send quote request to all relevant service providers at a time. When run with "Rating Basis", system will send quote request to relevant service provider by rating basis. If we set as "Quote Request Send Upto" 3 mean, only greater or equal to 3 rating service provider's can got the quote requests. After "Time Limit After Other Provider Getting Quote Request" system will send quote request to other provider. If we set as "Limited Quote Per Limited Period" mean, system will quote request to all relevent service provider at a time. But only quote requestor can see limited quotes in particular period. After that period, requestor can see all quotes. We can set limit in "Quote Visible Limit" and time period in "Time Limit After Other Provider's Quote visible to Requestor".	select	Quote Request Sending Type	1	Send to All Relevant Service Provider,Rating Basis,Limited Quote Per Limited Period	t
600	2017-05-18 16:03:45	2017-05-18 16:03:45	129	MAX_UPLOAD_SIZE_FOR_PROJECT_DOCUMENT_FILE	2	By changing this value allowed project documentsize will be changed. (In MB). Leave it blank for no validation.	text	Maximum allowed file size for project documents	15	\N	f
482	2016-11-25 11:29:32	2016-11-25 11:29:32	9	MAX_UPLOAD_SIZE_OF_IMAGE_CONTEST_ENTRY	2	By changing this value allowed entry image size will be changed. (In MB). Leave it blank for no validation.	text	Maximum allowed file size for contest entry	2	\N	f
603	2017-05-18 11:29:32	2017-05-18 11:29:32	9	ALLOWED_MIME_TYPES_OF_IMAGE_CONTEST_ENTRY	image/jpeg,image/jpg,image/gif,image/png	 By changing this value allowed mimetype will be changed. System will validate user's file with this list. Leave it blank for no validation.	text	Allowed mime type  for image contest entry	5	\N	f
624	2017-06-13 13:27:25	2017-06-13 13:27:25	1	SITE_TIMEZONE	+0200	This is the site timezone that will used for all the time displaying.	text	Site Timezone	0	\N	t
535	2016-12-19 16:18:21	2016-12-19 16:18:21	0	IS_ENABLED_HIERARCHY_LEVEL_ATTENDING_EXAM	0	By enabling this, user can attend the exam by hierarchy wise. Like level 2 can attend after level 1 complete.	checkbox	Enable checking level hierarchy when attending exam?	1	\N	f
585	2017-01-16 12:51:40	2017-01-16 12:51:40	131	DISPUTE_REPLY_TIME_FOR_FREELANCER	1	Dispute reply time for freelancer, if freelancer not replied within this days, system will take decision as employer favor.	text	dispute reply time for freelancer	1	\N	t
502	2016-12-01 18:35:48	2016-12-01 18:35:48	10	FEATURED_FEE_FOR_JOB	5	This is the job fee for listing job under featured category.	text	Featured Job	4	\N	t
501	2016-12-01 18:35:48	2016-12-01 18:35:48	10	URGENT_FEE_FOR_JOB	5	This is the job fee for listing job under urgent category.	text	Urgent Job	3	\N	t
499	2016-12-01 18:35:48	2016-12-01 18:35:48	10	IS_NEED_ADMIN_APPROVAL_FOR_NEW_JOBS	0	On enabling this feature, the added job will be automatically approved.	checkbox	Enable Auto Approve for Job	1	\N	t
625	2017-07-20 12:24:36	2017-07-20 12:24:36	10	JOB_VALIDITY_DAY	60	The validity of job posting from the day of posting. After reaching this day, system makes it as expired job. (Note: before this date, employer can also Mark as Archived this job post). Leave it blank for no limitation. 	text	Job Validity Days	1	\N	t
528	2016-12-19 13:06:01	2016-12-19 13:06:01	0	IS_ENABLED_EXPIRE_TIME_FOR_EXAM	0	If we enable \\\\"Allow User to re-continue the skill test?\\\\", we can specify an expiry time for the skill test in add and edit the form. <br /> E.g., Let's take the test duration is 30 minutes and we shall mention 15 minutes as an expiry time. If the user gets disconnected, he can \\\\"Re-continue\\\\" the test and \\\\"Answer the questions\\\\" but he will get the remaining time of partially completed test. <br /><br />\\n\\nE.g. #1: A user starts the exam at 11:00 AM and takes a 10 minute break after 11:10 AM. Again, they restarted it by 11:20  AM. After calculating the disconnected time and the partially completed test timings a find out the remaining test time (says 20 minutes and 5 minutes of expiry time is left out). The system will display the remaining time for completing the examination. <br /><br />\\n\\nE.g. #2: User starts the exam at 11:00 AM and he disconnects from 11:10 AM. Again, they restarted the test by 11:30 AM (20 minutes break). So the system displays the remaining test time 15 minutes for the completion of the test. As he has an expiry time of 15 minutes and also he took 5 minutes extra break time. In that case, he lost 5 minutes of his exam time. In total, the remaining time left for the completion of exam is just 15 minutes.<br /><br />\\n\\nNote: If we give more time, they may try any kinds of irregular activities. If it is disabled, users can re-continue the exam but no grace time will be given and will not get any compensation for his lost time. 	checkbox	Enable Expire Time Setting?	1	\N	f
626	2017-12-19 12:25:53	2017-12-19 12:25:53	3	SITE_AVAILABLE_LANGUAGES	en,fr	The listed languages will be displayed in the drop-down menu to switch language in Front End.	text	Site Available languages	2	\N	t
574	2017-01-03 06:16:22	2017-01-03 06:16:22	0	SITE_ENABLED_PLUGINS	Bidding/Bidding,Bidding/BiddingReview,Bidding/Dispute,Bidding/Exam,Bidding/Invoice,Bidding/Milestone,Bidding/ProjectFlag,Bidding/ProjectFollow,Common/Subscription,Common/Wallet,Common/Withdrawal,Common/UserFollow,Common/UserFlag,Common/PaypalREST	\N	text	Site Plugin	1	\N	t
\.


--
-- Name: settings_id_seq; Type: SEQUENCE SET; Schema: public; Owner: -
--

SELECT pg_catalog.setval('settings_id_seq', 625, true);


--
-- Data for Name: skills; Type: TABLE DATA; Schema: public; Owner: -
--

COPY skills (id, created_at, updated_at, name, slug, project_count, user_count, open_project_count, is_active, active_job_count, job_count) FROM stdin;
8	2011-08-17 07:30:49	2012-01-27 06:23:25	Ajax	ajax	0	0	0	t	0	0
5	2011-08-17 07:30:29	2012-04-12 05:53:41	Php	php	0	0	0	t	0	0
6	2011-08-17 07:30:39	2012-04-12 05:54:58	MySql	mysql	0	0	0	t	0	0
11	2011-08-17 07:34:11	2012-04-12 05:54:54	joomla	joomla	0	0	0	t	0	0
12	2011-08-17 07:34:43	2012-04-12 05:54:51	drupal	drupal	0	0	0	t	0	0
17	2011-09-06 10:05:35	2012-04-12 05:54:42	Programming	programming	0	0	0	t	0	0
18	2011-09-06 10:06:06	2012-04-12 05:54:40	Web Programming	web-programming	0	0	0	t	0	0
19	2011-09-06 10:06:26	2012-04-12 05:54:37	Database Designing	database-designing	0	0	0	t	0	0
20	2011-09-06 10:08:13	2012-04-12 05:54:35	iPhone	iphone	0	0	0	t	0	0
23	2011-09-06 10:09:36	2012-04-12 05:55:26	CMS Programming	cms-programming	0	0	0	t	0	0
24	2011-09-06 10:10:03	2011-09-28 12:58:26	Documentation	documentation	0	0	0	f	0	0
26	2012-02-24 12:23:08	2013-09-25 13:16:17	DOT.NET	dot-net	0	0	0	t	0	0
27	2014-04-17 15:12:00	2014-04-17 15:12:56	Communication	communication	0	0	0	t	0	0
28	2014-04-17 15:13:26	2014-04-17 15:13:26	Fluent English	fluent-english	0	0	0	t	0	0
30	2014-04-17 15:45:37	2014-04-17 15:45:37	SEO	seo	0	0	0	t	0	0
35	2014-04-25 15:20:28	2014-04-25 15:20:28	OO JS	oo-js	0	0	0	t	0	0
38	2014-04-25 15:21:26	2014-04-25 15:21:26	Grunt	grunt	0	0	0	t	0	0
22	2011-09-06 10:09:19	2017-04-29 13:06:22	3D Animation	3d-animation	0	0	0	t	0	1
39	2017-04-29 16:33:15	2017-04-29 13:08:56	Sales	sales	0	0	0	t	0	1
40	2017-04-29 16:33:35	2017-04-29 13:08:57	CRM	crm	0	0	0	t	0	1
29	2014-04-17 15:39:19	2017-04-29 13:13:30	tally	tally	0	0	0	t	0	1
41	2017-04-29 13:23:38	2017-04-29 13:23:38	Graphic-Design	graphic-design	0	0	0	t	0	0
42	2017-04-29 13:28:19	2017-04-29 13:28:19	Flash-Designing	flash-designing	0	0	0	t	0	0
43	2017-04-29 13:31:18	2017-04-29 13:31:18	Flyer-Design	flyer-design	0	0	0	t	0	0
44	2017-04-29 13:32:27	2017-04-29 13:32:27	3D-Design	3d-design	0	0	0	t	0	0
31	2014-04-17 16:04:19	2017-04-29 12:55:07	Graphic Design	graphic-design	0	0	0	t	1	2
21	2011-09-06 10:08:57	2017-04-29 12:55:07	Flash Designing	flash-designing	0	0	0	t	1	2
32	2014-04-17 16:04:33	2017-04-29 12:55:07	3D Design	3d-design	0	0	0	t	0	1
13	2011-08-17 07:35:43	2017-04-29 12:58:07	Html	html	0	0	0	t	0	2
16	2011-08-17 07:39:48	2017-04-29 12:58:08	XHtml	xhtml	0	0	0	t	0	1
37	2014-04-25 15:21:15	2017-04-29 12:58:08	LESS	less	0	0	0	t	0	1
36	2014-04-25 15:20:44	2017-04-29 13:01:31	bootstrap	bootstrap	0	0	0	t	1	4
14	2011-08-17 07:35:51	2017-04-29 13:01:31	CSS	css	0	0	0	t	1	4
33	2014-04-17 16:05:00	2017-04-29 13:01:31	Flyer Design	flyer-design	0	0	0	t	0	1
34	2014-04-25 15:20:09	2017-04-29 13:01:31	AngularJS	angularjs	0	0	0	t	0	2
9	2011-08-17 07:31:11	2017-04-29 13:01:31	jquery	jquery	0	0	0	t	0	1
\.


--
-- Name: skills_id_seq; Type: SEQUENCE SET; Schema: public; Owner: -
--

SELECT pg_catalog.setval('skills_id_seq', 44, true);


--
-- Data for Name: skills_portfolios; Type: TABLE DATA; Schema: public; Owner: -
--

COPY skills_portfolios (id, portfolio_id, skill_id, created_at, updated_at) FROM stdin;
1	1	20	2017-04-29 13:23:38	2017-04-29 13:23:38
2	1	41	2017-04-29 13:23:38	2017-04-29 13:23:38
3	2	20	2017-04-29 13:24:45	2017-04-29 13:24:45
4	3	20	2017-04-29 13:25:14	2017-04-29 13:25:14
5	4	20	2017-04-29 13:25:48	2017-04-29 13:25:48
6	5	41	2017-04-29 13:27:38	2017-04-29 13:27:38
7	6	41	2017-04-29 13:28:19	2017-04-29 13:28:19
8	6	42	2017-04-29 13:28:19	2017-04-29 13:28:19
9	7	41	2017-04-29 13:28:43	2017-04-29 13:28:43
10	8	20	2017-04-29 13:29:04	2017-04-29 13:29:04
11	9	41	2017-04-29 13:30:53	2017-04-29 13:30:53
12	10	41	2017-04-29 13:31:18	2017-04-29 13:31:18
13	10	43	2017-04-29 13:31:18	2017-04-29 13:31:18
14	11	42	2017-04-29 13:31:53	2017-04-29 13:31:53
15	11	41	2017-04-29 13:31:53	2017-04-29 13:31:53
16	12	44	2017-04-29 13:32:27	2017-04-29 13:32:27
\.


--
-- Name: skills_portfolios_id_seq; Type: SEQUENCE SET; Schema: public; Owner: -
--

SELECT pg_catalog.setval('skills_portfolios_id_seq', 16, true);


--
-- Data for Name: skills_projects; Type: TABLE DATA; Schema: public; Owner: -
--

COPY skills_projects (id, project_id, skill_id) FROM stdin;
1	1	31
2	1	17
3	1	23
4	2	20
5	2	34
6	3	36
7	3	37
8	3	31
9	4	17
10	4	36
11	4	37
12	5	31
16	6	34
17	6	31
18	6	20
19	7	18
20	7	37
21	7	36
22	7	31
23	7	23
24	7	14
25	8	31
26	8	33
27	8	32
28	9	20
29	9	34
30	10	30
\.


--
-- Name: skills_projects_id_seq; Type: SEQUENCE SET; Schema: public; Owner: -
--

SELECT pg_catalog.setval('skills_projects_id_seq', 30, true);


--
-- Data for Name: skills_users; Type: TABLE DATA; Schema: public; Owner: -
--

COPY skills_users (id, user_id, skill_id, created_at, updated_at) FROM stdin;
1	4	18	\N	\N
2	4	31	\N	\N
3	4	33	\N	\N
4	4	38	\N	\N
5	4	36	\N	\N
6	4	22	\N	\N
7	4	32	\N	\N
8	2	22	\N	\N
9	2	19	\N	\N
10	2	26	\N	\N
11	2	20	\N	\N
12	2	17	\N	\N
13	2	18	\N	\N
19	3	36	\N	\N
20	3	19	\N	\N
21	3	28	\N	\N
22	3	38	\N	\N
23	3	18	\N	\N
24	3	22	\N	\N
25	3	35	\N	\N
26	3	29	\N	\N
27	3	17	\N	\N
28	3	20	\N	\N
29	3	33	\N	\N
30	3	26	\N	\N
31	3	23	\N	\N
32	3	32	\N	\N
33	3	34	\N	\N
34	3	27	\N	\N
35	3	21	\N	\N
36	3	31	\N	\N
37	3	37	\N	\N
38	3	30	\N	\N
\.


--
-- Name: skills_users_id_seq; Type: SEQUENCE SET; Schema: public; Owner: -
--

SELECT pg_catalog.setval('skills_users_id_seq', 38, true);


--
-- Data for Name: states; Type: TABLE DATA; Schema: public; Owner: -
--

COPY states (id, country_id, name, code, adm1code, is_active, created_at, updated_at) FROM stdin;
1	14	Victoria	VI	AS07	t	\N	\N
2	14	Tasmania	TS	AS06	t	\N	\N
3	14	Queensland	QL	AS04	t	\N	\N
4	14	New South Wales	NS	AS02	t	\N	\N
5	14	South Australia	SA	AS05	t	\N	\N
6	14	Western Australia	WA	AS08	t	\N	\N
7	14	Northern Territory	NT	AS03	t	\N	\N
8	33	Acre	AC	BR01	t	\N	\N
10	33	Amap	AP	BR03	t	\N	\N
11	33	Bahia	BA	BR05	t	\N	\N
12	33	Goi	GO	BR10	t	\N	\N
13	33	Piau	PI	BR20	t	\N	\N
14	33	Cear	CE	BR06	t	\N	\N
15	33	Paran	PR	BR18	t	\N	\N
16	33	Alagoas	AL	BR02	t	\N	\N
17	33	Para	PB	BR17	t	\N	\N
18	33	Roraima	RR	BR25	t	\N	\N
19	33	Sergipe	SE	BR28	t	\N	\N
20	33	Amazonas	AM	BR04	t	\N	\N
21	33	Maranh	MA	BR13	t	\N	\N
22	33	Rond	RO	BR24	t	\N	\N
24	33	S	SP	BR27	t	\N	\N
25	33	Tocantins	TO	BR31	t	\N	\N
26	33	Mato Grosso	MT	BR14	t	\N	\N
27	33	Minas Gerais	MG	BR15	t	\N	\N
28	33	Esp	ES	BR08	t	\N	\N
29	33	Rio de Janeiro	RJ	BR21	t	\N	\N
30	33	Santa Catarina	SC	BR26	t	\N	\N
32	33	Rio Grande do Sul	RS	BR23	t	\N	\N
33	33	Mato Grosso do Sul	MS	BR11	t	\N	\N
34	33	Rio Grande do Norte	RN	BR22	t	\N	\N
35	43	Quebec	QC	CA10	t	\N	\N
36	43	Alberta	AB	CA01	t	\N	\N
37	43	Ontario	ON	CA08	t	\N	\N
38	43	Manitoba	MB	CA03	t	\N	\N
39	43	Nova Scotia	NS	CA07	t	\N	\N
40	43	Saskatchewan	SK	CA11	t	\N	\N
41	43	Newfoundland and Labrador	NF	CA05	t	\N	\N
42	43	New Brunswick	NB	CA04	t	\N	\N
43	43	British Columbia	BC	CA02	t	\N	\N
45	43	Prince Edward Island	PE	CA09	t	\N	\N
46	43	Northwest Territories	NT	CA13	t	\N	\N
49	114	Bali	BA	ID02	t	\N	\N
56	159	Sonora	SO	MX26	t	\N	\N
59	159	Jalisco	JA	MX14	t	\N	\N
60	159	Hidalgo	HI	MX13	t	\N	\N
61	159	Morelos	MR	MX17	t	\N	\N
62	159	Chiapas	CP	MX05	t	\N	\N
63	159	Tabasco	TB	MX27	t	\N	\N
66	159	Guerrero	GR	MX12	t	\N	\N
69	159	Nuevo Leon	NL	MX19	t	\N	\N
70	159	Tamaulipas	TM	MX28	t	\N	\N
71	159	Guanajuato	GJ	MX11	t	\N	\N
72	159	Quintana Roo	QR	MX23	t	\N	\N
73	159	Baja California	BN	MX02	t	\N	\N
74	159	Baja California Sur	BS	MX03	t	\N	\N
75	165	Tov	TO	MG18	t	\N	\N
76	165	Uvs	UV	MG19	t	\N	\N
80	165	Dornod	DD	MG06	t	\N	\N
81	165	Hovsgol	HG	MG13	t	\N	\N
82	165	Selenge	SL	MG16	t	\N	\N
86	165	Suhbaatar	SB	MG17	t	\N	\N
91	203	Komi	KO	RS34	t	\N	\N
105	203	Dagestan	DA	RS17	t	\N	\N
106	203	Mariy-El	ME	RS45	t	\N	\N
110	203	Tatarstan	TT	RS73	t	\N	\N
122	254	Alabama	AL	    	t	\N	\N
123	254	Alaska	AK	    	t	\N	\N
124	254	Arizona	AZ	    	t	\N	\N
125	254	Arkansas	AR	    	t	\N	\N
126	254	California	CA	    	t	\N	\N
127	254	Colorado	CO	    	t	\N	\N
128	254	Connecticut	CT	    	t	\N	\N
129	254	Delaware	DE	    	t	\N	\N
130	254	District of Columbia	DC	    	t	\N	\N
131	254	Florida	FL	    	t	\N	\N
132	254	Georgia	GA	    	t	\N	\N
133	254	Hawaii	HI	    	t	\N	\N
134	254	Idaho	ID	    	t	\N	\N
135	254	Illinois	IL	    	t	\N	\N
136	254	Indiana	IN	    	t	\N	\N
137	254	Iowa	IA	    	t	\N	\N
138	254	Kansas	KS	    	t	\N	\N
139	254	Kentucky	KY	    	t	\N	\N
140	254	Louisiana	LA	    	t	\N	\N
141	254	Maine	ME	    	t	\N	\N
142	254	Maryland	MD	    	t	\N	\N
143	254	Massachusetts	MA	    	t	\N	\N
144	254	Michigan	MI	    	t	\N	\N
145	254	Minnesota	MN	    	t	\N	\N
146	254	Mississippi	MS	    	t	\N	\N
147	254	Missouri	MO	    	t	\N	\N
148	254	Montana	MT	    	t	\N	\N
149	254	Nebraska	NE	    	t	\N	\N
150	254	Nevada	NV	    	t	\N	\N
151	254	New Hampshire	NH	    	t	\N	\N
152	254	New Jersey	NJ	    	t	\N	\N
153	254	New Mexico	NM	    	t	\N	\N
154	254	New York	NY	    	t	\N	\N
155	254	North Carolina	NC	    	t	\N	\N
156	254	North Dakota	ND	    	t	\N	\N
157	254	Ohio	OH	    	t	\N	\N
158	254	Oklahoma	OK	    	t	\N	\N
159	254	Oregon	OR	    	t	\N	\N
160	254	Pennsylvania	PA	    	t	\N	\N
161	254	Rhode Island	RI	    	t	\N	\N
162	254	South Carolina	SC	    	t	\N	\N
163	254	South Dakota	SD	    	t	\N	\N
164	254	Tennessee	TN	    	t	\N	\N
165	254	Texas	TX	    	t	\N	\N
166	254	Utah	UT	    	t	\N	\N
167	254	Virginia	VA	    	t	\N	\N
168	254	Washington	WA	    	t	\N	\N
169	254	West Virginia	WV	    	t	\N	\N
170	254	Wisconsin	WI	    	t	\N	\N
171	254	Wyoming	WY	    	t	\N	\N
172	254	Vermont	VT	    	t	\N	\N
174	14	Australian Capital Territory	CT	AS01	t	\N	\N
189	114	Papua	IJ	ID09	t	\N	\N
193	165	Bulgan	BU	MG21	t	\N	\N
194	165	Hovd	HD	MG12	t	\N	\N
196	159	Chihuahua	CH	MX06	t	\N	\N
197	159	Colima	CL	MX08	t	\N	\N
198	159	Durango	DU	MX10	t	\N	\N
201	159	Oaxaca	OA	MX20	t	\N	\N
203	159	San Luis Potosi	SL	MX24	t	\N	\N
204	159	Tlaxcala	TL	MX29	t	\N	\N
206	159	Zacatecas	ZA	MX32	t	\N	\N
268	269	World	--	    	t	\N	\N
539	2	Albania	AL	    	t	\N	\N
540	3	Algeria	DZ	    	t	\N	\N
541	4	American Samoa	AS	    	t	\N	\N
542	5	Andorra	AD	    	t	\N	\N
543	6	Angola	AO	    	t	\N	\N
544	7	Anguilla	AI	    	t	\N	\N
545	8	Antarctica	AQ	    	t	\N	\N
546	9	Antigua and Barbuda	AG	    	t	\N	\N
547	10	Argentina	AR	    	t	\N	\N
548	11	Armenia	AM	    	t	\N	\N
549	12	Aruba	AW	    	t	\N	\N
550	13	Ashmore and Cartier	--	    	t	\N	\N
551	14	Australia	AU	    	t	\N	\N
552	15	Austria	AT	    	t	\N	\N
553	16	Azerbaijan	AZ	    	t	\N	\N
554	17	The Bahamas	BS	    	t	\N	\N
555	18	Bahrain	BH	    	t	\N	\N
556	19	Baker Island	--	    	t	\N	\N
557	20	Bangladesh	BD	    	t	\N	\N
558	21	Barbados	BB	    	t	\N	\N
559	22	Bassas da India	--	    	t	\N	\N
560	23	Belarus	BY	    	t	\N	\N
561	24	Belgium	BE	    	t	\N	\N
563	26	Benin	BJ	    	t	\N	\N
564	27	Bermuda	BM	    	t	\N	\N
565	28	Bhutan	BT	    	t	\N	\N
566	29	Bolivia	BO	    	t	\N	\N
567	30	Bosnia and Herzegovina	BA	    	t	\N	\N
568	31	Botswana	BW	    	t	\N	\N
569	32	Bouvet Island	BV	    	t	\N	\N
570	33	Brazil	BR	    	t	\N	\N
571	34	British Indian Ocean Territory	IO	    	t	\N	\N
572	35	British Virgin Islands	VG	    	t	\N	\N
573	36	Brunei Darussalam	BN	    	t	\N	\N
574	37	Bulgaria	BG	    	t	\N	\N
575	38	Burkina Faso	BF	    	t	\N	\N
576	39	Burma	MM	    	t	\N	\N
577	40	Burundi	BI	    	t	\N	\N
578	41	Cambodia	KH	    	t	\N	\N
579	42	Cameroon	CM	    	t	\N	\N
580	43	Canada	CA	    	t	\N	\N
581	44	Cape Verde	CV	    	t	\N	\N
582	45	Cayman Islands	KY	    	t	\N	\N
583	46	Central African Republic	CF	    	t	\N	\N
584	47	Chad	TD	    	t	\N	\N
585	48	Chile	CL	    	t	\N	\N
586	49	China	CN	    	t	\N	\N
587	50	Christmas Island	CX	    	t	\N	\N
588	51	Clipperton Island	--	    	t	\N	\N
589	52	Cocos (Keeling) Islands	CC	    	t	\N	\N
590	53	Colombia	CO	    	t	\N	\N
591	54	Comoros	KM	    	t	\N	\N
592	55	Democratic Republic of the Congo	CD	    	t	\N	\N
593	56	Republic of the Congo	CG	    	t	\N	\N
594	57	Cook Islands	CK	    	t	\N	\N
595	58	Coral Sea Islands	--	    	t	\N	\N
596	59	Costa Rica	CR	    	t	\N	\N
597	60	Cote d'Ivoire	CI	    	t	\N	\N
598	61	Croatia	HR	    	t	\N	\N
599	62	Cuba	CU	    	t	\N	\N
600	63	Cyprus	CY	    	t	\N	\N
601	64	Czech Republic	CZ	    	t	\N	\N
602	65	Denmark	DK	    	t	\N	\N
604	67	Dominica	DM	    	t	\N	\N
605	68	Dominican Republic	DO	    	t	\N	\N
606	69	East Timor	TP	    	t	\N	\N
607	70	Ecuador	EC	    	t	\N	\N
608	71	Egypt	EG	    	t	\N	\N
609	72	El Salvador	SV	    	t	\N	\N
610	73	Equatorial Guinea	GQ	    	t	\N	\N
611	74	Eritrea	ER	    	t	\N	\N
612	75	Estonia	EE	    	t	\N	\N
613	76	Ethiopia	ET	    	t	\N	\N
614	77	Europa Island	--	    	t	\N	\N
615	78	Falkland Islands (Islas Malvinas)	FK	    	t	\N	\N
616	79	Faroe Islands	FO	    	t	\N	\N
617	80	Fiji	FJ	    	t	\N	\N
618	81	Finland	FI	    	t	\N	\N
619	82	France	FR	    	t	\N	\N
620	83	Metropolitan France	FX	    	t	\N	\N
621	84	French Guiana	GF	    	t	\N	\N
622	85	French Polynesia	PF	    	t	\N	\N
623	86	French Southern and Antarctic Lands	TF	    	t	\N	\N
624	87	Gabon	GA	    	t	\N	\N
625	88	The Gambia	GM	    	t	\N	\N
626	89	Gaza Strip	--	    	t	\N	\N
627	90	Georgia	GE	    	t	\N	\N
628	91	Germany	DE	    	t	\N	\N
629	92	Ghana	GH	    	t	\N	\N
630	93	Gibraltar	GI	    	t	\N	\N
631	94	Glorioso Islands	--	    	t	\N	\N
632	95	Greece	GR	    	t	\N	\N
633	96	Greenland	GL	    	t	\N	\N
634	97	Grenada	GD	    	t	\N	\N
635	98	Guadeloupe	GP	    	t	\N	\N
636	99	Guam	GU	    	t	\N	\N
638	101	Guernsey	GG	    	t	\N	\N
639	102	Guinea	GN	    	t	\N	\N
640	103	Guinea-Bissau	GW	    	t	\N	\N
641	104	Guyana	GY	    	t	\N	\N
642	105	Haiti	HT	    	t	\N	\N
643	106	Heard Island and McDonald Islands	HM	    	t	\N	\N
644	107	Holy See (Vatican City)	VA	    	t	\N	\N
645	108	Honduras	HN	    	t	\N	\N
646	109	Hong Kong (SAR)	HK	    	t	\N	\N
647	110	Howland Island	--	    	t	\N	\N
648	111	Hungary	HU	    	t	\N	\N
649	112	Iceland	IS	    	t	\N	\N
650	113	India	IN	    	t	\N	\N
651	114	Indonesia	ID	    	t	\N	\N
652	115	Iran	IR	    	t	\N	\N
653	116	Iraq	IQ	    	t	\N	\N
654	117	Ireland	IE	    	t	\N	\N
655	118	Israel	IL	    	t	\N	\N
656	119	Italy	IT	    	t	\N	\N
657	120	Jamaica	JM	    	t	\N	\N
658	121	Jan Mayen	--	    	t	\N	\N
659	122	Japan	JP	    	t	\N	\N
660	123	Jarvis Island	--	    	t	\N	\N
661	124	Jersey	JE	    	t	\N	\N
662	125	Johnston Atoll	--	    	t	\N	\N
663	126	Jordan	JO	    	t	\N	\N
664	127	Juan de Nova Island	--	    	t	\N	\N
665	128	Kazakhstan	KZ	    	t	\N	\N
666	129	Kenya	KE	    	t	\N	\N
667	130	Kingman Reef	--	    	t	\N	\N
668	131	Kiribati	KI	    	t	\N	\N
669	132	North Korea	KP	    	t	\N	\N
670	133	South Korea	KR	    	t	\N	\N
671	134	Kuwait	KW	    	t	\N	\N
672	135	Kyrgyzstan	KG	    	t	\N	\N
673	136	Laos	LA	    	t	\N	\N
674	137	Latvia	LV	    	t	\N	\N
675	138	Lebanon	LB	    	t	\N	\N
676	139	Lesotho	LS	    	t	\N	\N
677	140	Liberia	LR	    	t	\N	\N
678	141	Libya	LY	    	t	\N	\N
679	142	Liechtenstein	LI	    	t	\N	\N
680	143	Lithuania	LT	    	t	\N	\N
682	145	Macao	MO	    	t	\N	\N
683	146	The Former Yugoslav Republic of Macedonia	MK	    	t	\N	\N
684	147	Madagascar	MG	    	t	\N	\N
685	148	Malawi	MW	    	t	\N	\N
686	149	Malaysia	MY	    	t	\N	\N
687	150	Maldives	MV	    	t	\N	\N
688	151	Mali	ML	    	t	\N	\N
689	152	Malta	MA	    	t	\N	\N
690	153	Isle of Man	IM	    	t	\N	\N
691	154	Marshall Islands	MH	    	t	\N	\N
692	155	Martinique	MQ	    	t	\N	\N
693	156	Mauritania	MR	    	t	\N	\N
694	157	Mauritius	MU	    	t	\N	\N
695	158	Mayotte	YT	    	t	\N	\N
697	160	Federated States of Micronesia	FM	    	t	\N	\N
698	161	Midway Islands	--	    	t	\N	\N
699	162	Miscellaneous (French)	--	    	t	\N	\N
700	163	Moldova	MD	    	t	\N	\N
701	164	Monaco	MC	    	t	\N	\N
702	165	Mongolia	MN	    	t	\N	\N
703	166	Montenegro	--	    	t	\N	\N
704	167	Montserrat	MS	    	t	\N	\N
705	168	Morocco	MA	    	t	\N	\N
706	169	Mozambique	MZ	    	t	\N	\N
707	170	Myanmar	--	    	t	\N	\N
708	171	Namibia	NA	    	t	\N	\N
709	172	Nauru	NR	    	t	\N	\N
710	173	Navassa Island	--	    	t	\N	\N
711	174	Nepal	NP	    	t	\N	\N
712	175	The Netherlands	NL	    	t	\N	\N
713	176	Netherlands Antilles	AN	    	t	\N	\N
714	177	New Caledonia	NC	    	t	\N	\N
715	178	New Zealand	NZ	    	t	\N	\N
716	179	Nicaragua	NI	    	t	\N	\N
717	180	Niger	NE	    	t	\N	\N
718	181	Nigeria	NG	    	t	\N	\N
719	182	Niue	NU	    	t	\N	\N
720	183	Norfolk Island	NF	    	t	\N	\N
721	184	Northern Mariana Islands	MP	    	t	\N	\N
722	185	Norway	NO	    	t	\N	\N
723	186	Oman	OM	    	t	\N	\N
724	187	Pakistan	PK	    	t	\N	\N
725	188	Palau	PW	    	t	\N	\N
726	189	Palmyra Atoll	--	    	t	\N	\N
728	191	Papua New Guinea	PG	    	t	\N	\N
729	192	Paracel Islands	--	    	t	\N	\N
730	193	Paraguay	PY	    	t	\N	\N
731	194	Peru	PE	    	t	\N	\N
732	195	Philippines	PH	    	t	\N	\N
733	196	Pitcairn Islands	PN	    	t	\N	\N
734	197	Poland	PL	    	t	\N	\N
735	198	Portugal	PT	    	t	\N	\N
736	199	Puerto Rico	PR	    	t	\N	\N
737	200	Qatar	QA	    	t	\N	\N
738	201	R	RE	    	t	\N	\N
739	202	Romania	RO	    	t	\N	\N
740	203	Russia	RU	    	t	\N	\N
741	204	Rwanda	RW	    	t	\N	\N
743	206	Saint Kitts and Nevis	KN	    	t	\N	\N
744	207	Saint Lucia	LC	    	t	\N	\N
745	208	Saint Pierre and Miquelon	PM	    	t	\N	\N
746	209	Saint Vincent and the Grenadines	VC	    	t	\N	\N
747	210	Samoa	WS	    	t	\N	\N
750	213	Saudi Arabia	SA	    	t	\N	\N
751	214	Senegal	SN	    	t	\N	\N
752	215	Serbia	--	    	t	\N	\N
753	216	Serbia and Montenegro	--	    	t	\N	\N
754	217	Seychelles	SC	    	t	\N	\N
755	218	Sierra Leone	SL	    	t	\N	\N
756	219	Singapore	SG	    	t	\N	\N
757	220	Slovakia	SK	    	t	\N	\N
758	221	Slovenia	SI	    	t	\N	\N
759	222	Solomon Islands	SB	    	t	\N	\N
760	223	Somalia	SO	    	t	\N	\N
761	224	South Africa	ZA	    	t	\N	\N
762	225	South Georgia and the South Sandwich Islands	GS	    	t	\N	\N
763	226	Spain	ES	    	t	\N	\N
764	227	Spratly Islands	--	    	t	\N	\N
765	228	Sri Lanka	LK	    	t	\N	\N
766	229	Sudan	SD	    	t	\N	\N
767	230	Suriname	SR	    	t	\N	\N
768	231	Svalbard	SJ	    	t	\N	\N
769	232	Swaziland	SZ	    	t	\N	\N
770	233	Sweden	SE	    	t	\N	\N
771	234	Switzerland	CH	    	t	\N	\N
772	235	Syria	SY	    	t	\N	\N
773	236	Taiwan	TW	    	t	\N	\N
774	237	Tajikistan	TJ	    	t	\N	\N
775	238	Tanzania	TZ	    	t	\N	\N
776	239	Thailand	TH	    	t	\N	\N
777	240	Togo	TG	    	t	\N	\N
778	241	Tokelau	TK	    	t	\N	\N
779	242	Tonga	TO	    	t	\N	\N
912	16	Baki	BA	AJ09	t	\N	\N
780	243	Trinidad and Tobago	TT	    	t	\N	\N
781	244	Tromelin Island	--	    	t	\N	\N
782	245	Tunisia	TN	    	t	\N	\N
783	246	Turkey	TR	    	t	\N	\N
784	247	Turkmenistan	TM	    	t	\N	\N
785	248	Turks and Caicos Islands	TC	    	t	\N	\N
786	249	Tuvalu	TV	    	t	\N	\N
787	250	Uganda	UG	    	t	\N	\N
788	251	Ukraine	UA	    	t	\N	\N
789	252	United Arab Emirates	AE	    	t	\N	\N
790	253	United Kingdom	UK	    	t	\N	\N
791	254	United States	US	    	t	\N	\N
792	255	United States Minor Outlying Islands	UM	    	t	\N	\N
793	256	Uruguay	UY	    	t	\N	\N
794	257	Uzbekistan	UZ	    	t	\N	\N
795	258	Vanuatu	VU	    	t	\N	\N
796	259	Venezuela	VE	    	t	\N	\N
797	260	Vietnam	VN	    	t	\N	\N
798	261	Virgin Islands	VI	    	t	\N	\N
799	262	Virgin Islands (UK)	--	    	t	\N	\N
800	263	Virgin Islands (US)	--	    	t	\N	\N
801	264	Wake Island	--	    	t	\N	\N
802	265	Wallis and Futuna	WF	    	t	\N	\N
803	266	West Bank	--	    	t	\N	\N
804	267	Western Sahara	EH	    	t	\N	\N
805	268	Western Samoa	--	    	t	\N	\N
806	270	Yemen	YE	    	t	\N	\N
808	272	Zaire	--	    	t	\N	\N
809	273	Zambia	ZM	    	t	\N	\N
810	274	Zimbabwe	ZW	    	t	\N	\N
815	43	Yukon Territory	YT	CA12	t	\N	\N
816	9	Barbuda	BB	AC01	t	\N	\N
817	9	Saint George	GE	AC03	t	\N	\N
818	9	Saint John	JO	AC04	t	\N	\N
819	9	Saint Mary	MA	AC05	t	\N	\N
820	9	Saint Paul	PA	AC06	t	\N	\N
821	9	Saint Peter	PE	AC07	t	\N	\N
822	9	Saint Philip	PH	AC08	t	\N	\N
823	1	Badakhshan	BD	AF01	t	\N	\N
824	1	Badghis	BG	AF02	t	\N	\N
825	1	Baghlan	BL	AF03	t	\N	\N
827	1	Bamian	BM	AF05	t	\N	\N
828	1	Farah	FH	AF06	t	\N	\N
829	1	Faryab	FB	AF07	t	\N	\N
830	1	Ghazni	GZ	AF08	t	\N	\N
831	1	Ghowr	GR	AF09	t	\N	\N
832	1	Helmand	HM	AF10	t	\N	\N
833	1	Herat	HR	AF11	t	\N	\N
835	1	Kabol	KB	AF13	t	\N	\N
836	1	Kapisa	KP	AF14	t	\N	\N
837	1	Konar	KR	AF15	t	\N	\N
838	1	Laghman	LA	AF16	t	\N	\N
839	1	Lowgar	LW	AF17	t	\N	\N
840	1	Nangarhar	NG	AF18	t	\N	\N
841	1	Nimruz	NM	AF19	t	\N	\N
842	1	Oruzgan	OR	AF20	t	\N	\N
843	1	Paktia	PT	AF21	t	\N	\N
844	1	Parvan	PR	AF22	t	\N	\N
845	1	Kandahar	KD	AF23	t	\N	\N
846	1	Kondoz	KZ	AF24	t	\N	\N
848	1	Takhar	TK	AF26	t	\N	\N
849	1	Vardak	VR	AF27	t	\N	\N
850	1	Zabol	ZB	AF28	t	\N	\N
851	1	Paktika	PK	AF29	t	\N	\N
852	1	Balkh	BK	AF30	t	\N	\N
853	1	Jowzjan	JW	AF31	t	\N	\N
854	1	Samangan	SM	AF32	t	\N	\N
855	1	Sare Pol	SP	AF33	t	\N	\N
856	3	Alger	AL	AG01	t	\N	\N
857	3	Batna	BT	AG03	t	\N	\N
858	3	Constantine	CO	AG04	t	\N	\N
859	3	Medea	MD	AG06	t	\N	\N
860	3	Mostaganem	MG	AG07	t	\N	\N
861	3	Oran	OR	AG09	t	\N	\N
862	3	Saida	SD	AG10	t	\N	\N
863	3	Setif	SF	AG12	t	\N	\N
864	3	Tiaret	TR	AG13	t	\N	\N
865	3	Tizi Ouzou	TO	AG14	t	\N	\N
866	3	Tlemcen	TL	AG15	t	\N	\N
867	3	Bejaia	BJ	AG18	t	\N	\N
868	3	Biskra	BS	AG19	t	\N	\N
869	3	Blida	BL	AG20	t	\N	\N
870	3	Bouira	BU	AG21	t	\N	\N
871	3	Djelfa	DJ	AG22	t	\N	\N
872	3	Guelma	GL	AG23	t	\N	\N
873	3	Jijel	JJ	AG24	t	\N	\N
874	3	Laghouat	LG	AG25	t	\N	\N
875	3	Mascara	MC	AG26	t	\N	\N
876	3	M'Sila	MS	AG27	t	\N	\N
877	3	Oum el Bouaghi	OB	AG29	t	\N	\N
878	3	Sidi Bel Abbes	SB	AG30	t	\N	\N
879	3	Skikda	SK	AG31	t	\N	\N
880	3	Tebessa	TB	AG33	t	\N	\N
881	3	Adrar	AR	AG34	t	\N	\N
882	3	Ain Defla	AD	AG35	t	\N	\N
883	3	Ain Temouchent	AT	AG36	t	\N	\N
884	3	Annaba	AN	AG37	t	\N	\N
885	3	Bechar	BC	AG38	t	\N	\N
886	3	Bordj Bou Arreridj	BB	AG39	t	\N	\N
887	3	Boumerdes	BM	AG40	t	\N	\N
888	3	Chlef	CH	AG41	t	\N	\N
889	3	El Bayadh	EB	AG42	t	\N	\N
890	3	El Oued	EO	AG43	t	\N	\N
891	3	El Tarf	ET	AG44	t	\N	\N
892	3	Ghardaia	GR	AG45	t	\N	\N
893	3	Illizi	IL	AG46	t	\N	\N
894	3	Khenchela	KH	AG47	t	\N	\N
895	3	Mila	ML	AG48	t	\N	\N
896	3	Naama	NA	AG49	t	\N	\N
897	3	Ouargla	OG	AG50	t	\N	\N
898	3	Relizane	RE	AG51	t	\N	\N
899	3	Souk Ahras	SA	AG52	t	\N	\N
900	3	Tamanghasset	TM	AG53	t	\N	\N
901	3	Tindouf	TN	AG54	t	\N	\N
902	3	Tipaza	TP	AG55	t	\N	\N
903	3	Tissemsilt	TS	AG56	t	\N	\N
904	16	Abseron	AR	AJ01	t	\N	\N
905	16	Agcabadi	AC	AJ02	t	\N	\N
906	16	Agdam	AM	AJ03	t	\N	\N
907	16	Agdas	AS	AJ04	t	\N	\N
908	16	Agstafa	AF	AJ05	t	\N	\N
909	16	Agsu	AU	AJ06	t	\N	\N
910	16	Ali Bayramli	AB	AJ07	t	\N	\N
911	16	Astara	AA	AJ08	t	\N	\N
913	16	Balakan	BL	AJ10	t	\N	\N
914	16	Barda	BR	AJ11	t	\N	\N
915	16	Beylaqan	BQ	AJ12	t	\N	\N
916	16	Bilasuvar	BS	AJ13	t	\N	\N
917	16	Cabrayil	CB	AJ14	t	\N	\N
918	16	Calilabad	CL	AJ15	t	\N	\N
919	16	Daskasan	DS	AJ16	t	\N	\N
920	16	Davaci	DV	AJ17	t	\N	\N
921	16	Fuzuli	FU	AJ18	t	\N	\N
922	16	Gadabay	GD	AJ19	t	\N	\N
923	16	Ganca	GA	AJ20	t	\N	\N
924	16	Goranboy	GR	AJ21	t	\N	\N
925	16	Goycay	GY	AJ22	t	\N	\N
926	16	Haciqabul	HA	AJ23	t	\N	\N
927	16	Imisli	IM	AJ24	t	\N	\N
928	16	Ismayilli	IS	AJ25	t	\N	\N
929	16	Kalbacar	KA	AJ26	t	\N	\N
930	16	Kurdamir	KU	AJ27	t	\N	\N
931	16	Lacin	LC	AJ28	t	\N	\N
932	16	Lankaran	LA	AJ30	t	\N	\N
934	16	Lerik	LE	AJ31	t	\N	\N
935	16	Masalli	MA	AJ32	t	\N	\N
936	16	Mingacevir	MI	AJ33	t	\N	\N
937	16	Naftalan	NA	AJ34	t	\N	\N
938	16	Naxcivan	NX	AJ35	t	\N	\N
939	16	Neftcala	NE	AJ36	t	\N	\N
940	16	Oguz	OG	AJ37	t	\N	\N
941	16	Qabala	QA	AJ38	t	\N	\N
942	16	Qax	QX	AJ39	t	\N	\N
943	16	Qazax	QZ	AJ40	t	\N	\N
944	16	Qobustan	QO	AJ41	t	\N	\N
945	16	Quba	QB	AJ42	t	\N	\N
946	16	Qubadli	QD	AJ43	t	\N	\N
947	16	Qusar	QR	AJ44	t	\N	\N
948	16	Saatli	ST	AJ45	t	\N	\N
949	16	Sabirabad	SB	AJ46	t	\N	\N
950	16	Saki	SA	AJ48	t	\N	\N
952	16	Salyan	SL	AJ49	t	\N	\N
953	16	Samaxi	SI	AJ50	t	\N	\N
954	16	Samkir	SM	AJ51	t	\N	\N
955	16	Samux	SX	AJ52	t	\N	\N
956	16	Siyazan	SY	AJ53	t	\N	\N
957	16	Sumqayit	SQ	AJ54	t	\N	\N
958	16	Susa	SS	AJ56	t	\N	\N
960	16	Tartar	TA	AJ57	t	\N	\N
961	16	Tovuz	TO	AJ58	t	\N	\N
962	16	Ucar	UC	AJ59	t	\N	\N
963	16	Xacmaz	XZ	AJ60	t	\N	\N
964	16	Xankandi	XA	AJ61	t	\N	\N
965	16	Xanlar	XR	AJ62	t	\N	\N
966	16	Xizi	XI	AJ63	t	\N	\N
967	16	Xocali	XC	AJ64	t	\N	\N
968	16	Xocavand	XD	AJ65	t	\N	\N
969	16	Yardimli	YR	AJ66	t	\N	\N
970	16	Yevlax	YE	AJ68	t	\N	\N
972	16	Zangilan	ZG	AJ69	t	\N	\N
973	16	Zaqatala	ZQ	AJ70	t	\N	\N
974	16	Zardab	ZR	AJ71	t	\N	\N
975	2	Berat	BR	AL01	t	\N	\N
976	2	Diber	DI	AL02	t	\N	\N
977	2	Durres	DR	AL03	t	\N	\N
978	2	Elbasan	EL	AL04	t	\N	\N
979	2	Fier	FR	AL05	t	\N	\N
980	2	Gjirokaster	GJ	AL06	t	\N	\N
981	2	Gramsh	GR	AL07	t	\N	\N
982	2	Kolonje	ER	AL08	t	\N	\N
983	2	Korce	KO	AL09	t	\N	\N
984	2	Kruje	KR	AL10	t	\N	\N
985	2	Kukes	KU	AL11	t	\N	\N
986	2	Lezhe	LE	AL12	t	\N	\N
987	2	Librazhd	LB	AL13	t	\N	\N
988	2	Lushnje	LU	AL14	t	\N	\N
989	2	Mat	MT	AL15	t	\N	\N
990	2	Mirdite	MR	AL16	t	\N	\N
991	2	Permet	PR	AL17	t	\N	\N
992	2	Pogradec	PG	AL18	t	\N	\N
993	2	Puke	PU	AL19	t	\N	\N
994	2	Sarande	SR	AL20	t	\N	\N
995	2	Shkoder	SH	AL21	t	\N	\N
996	2	Skrapar	SK	AL22	t	\N	\N
997	2	Tepelene	TE	AL23	t	\N	\N
998	2	Tropoje	TP	AL26	t	\N	\N
999	2	Vlore	VL	AL27	t	\N	\N
1000	2	Tiran	TI	AL28	t	\N	\N
1001	2	Bulqize	BU	AL29	t	\N	\N
1002	2	Delvine	DL	AL30	t	\N	\N
1003	2	Devoll	DV	AL31	t	\N	\N
1004	2	Has	HA	AL32	t	\N	\N
1005	2	Kavaje	KA	AL33	t	\N	\N
1006	2	Kucove	KC	AL34	t	\N	\N
1007	2	Kurbin	KB	AL35	t	\N	\N
1008	2	Malesi e Madhe	MM	AL36	t	\N	\N
1009	2	Mallakaster	MK	AL37	t	\N	\N
1010	2	Peqin	PQ	AL38	t	\N	\N
1011	2	Tirane	TR	AL39	t	\N	\N
1012	11	Aragatsotn	AG	AM01	t	\N	\N
1013	11	Ararat	AR	AM02	t	\N	\N
1014	11	Armavir	AV	AM03	t	\N	\N
1015	11	Geghark'unik'	GR	AM04	t	\N	\N
1016	11	Kotayk'	KT	AM05	t	\N	\N
1017	11	Lorri	LO	AM06	t	\N	\N
1018	11	Shirak	SH	AM07	t	\N	\N
1019	11	Syunik'	SU	AM08	t	\N	\N
1020	11	Tavush	TV	AM09	t	\N	\N
1021	11	Vayots' Dzor	VD	AM10	t	\N	\N
1022	11	Yerevan	ER	AM11	t	\N	\N
1023	5	Andorra la Vella	AN	AN07	t	\N	\N
1024	5	Canillo	CA	AN02	t	\N	\N
1025	5	Encamp	EN	AN03	t	\N	\N
1026	5	La Massana	MA	AN04	t	\N	\N
1027	5	Ordino	OR	AN05	t	\N	\N
1028	5	Sant Julia de Loria	JL	AN06	t	\N	\N
1029	6	Benguela	BG	AO01	t	\N	\N
1030	6	Bie	BI	AO02	t	\N	\N
1031	6	Cabinda	CB	AO03	t	\N	\N
1032	6	Cuando Cubango	CC	AO04	t	\N	\N
1033	6	Cuanza Norte	CN	AO05	t	\N	\N
1034	6	Cuanza Sul	CS	AO06	t	\N	\N
1035	6	Cunene	CU	AO07	t	\N	\N
1036	6	Huambo	HM	AO08	t	\N	\N
1037	6	Huila	HL	AO09	t	\N	\N
1038	6	Luanda	LU	AO10	t	\N	\N
1039	6	Malanje	ML	AO12	t	\N	\N
1040	6	Namibe	NA	AO13	t	\N	\N
1041	6	Moxico	MX	AO14	t	\N	\N
1046	6	Uige	UI	AO15	t	\N	\N
1047	6	Zaire	ZA	AO16	t	\N	\N
1048	6	Lunda Norte	LN	AO17	t	\N	\N
1049	6	Lunda Sul	LS	AO18	t	\N	\N
1050	6	Bengo	BO	AO19	t	\N	\N
1051	10	Buenos Aires	BA	AR01	t	\N	\N
1052	10	Catamarca	CT	AR02	t	\N	\N
1053	10	Chaco	CC	AR03	t	\N	\N
1054	10	Chubut	CH	AR04	t	\N	\N
1055	10	Cordoba	CB	AR05	t	\N	\N
1056	10	Corrientes	CN	AR06	t	\N	\N
1057	10	Distrito Federal	DF	AR07	t	\N	\N
1058	10	Entre Rios	ER	AR08	t	\N	\N
1059	10	Formosa	FM	AR09	t	\N	\N
1060	10	Jujuy	JY	AR10	t	\N	\N
1061	10	La Pampa	LP	AR11	t	\N	\N
1062	10	La Rioja	LR	AR12	t	\N	\N
1063	10	Mendoza	MZ	AR13	t	\N	\N
1064	10	Misiones	MN	AR14	t	\N	\N
1065	10	Neuquen	NQ	AR15	t	\N	\N
1066	10	Rio Negro	RN	AR16	t	\N	\N
1067	10	Salta	SA	AR17	t	\N	\N
1068	10	San Juan	SJ	AR18	t	\N	\N
1069	10	San Luis	SL	AR19	t	\N	\N
1070	10	Santa Cruz	SC	AR20	t	\N	\N
1071	10	Santa Fe	SF	AR21	t	\N	\N
1072	10	Santiago del Estero	SE	AR22	t	\N	\N
1073	10	Antartida e Islas del Atlan Tierra del Fuego	TF	AR23	t	\N	\N
1074	10	Tucuman	TM	AR24	t	\N	\N
1075	15	Burgenland	BU	AU01	t	\N	\N
1076	15	Karnten	KA	AU02	t	\N	\N
1077	15	Niederosterreich	NO	AU03	t	\N	\N
1078	15	Oberosterreich	OO	AU04	t	\N	\N
1079	15	Salzburg	SZ	AU05	t	\N	\N
1080	15	Steiermark	ST	AU06	t	\N	\N
1081	15	Tirol	TR	AU07	t	\N	\N
1082	15	Vorarlberg	VO	AU08	t	\N	\N
1083	15	Wien	WI	AU09	t	\N	\N
1084	18	Al Hadd	HD	BA01	t	\N	\N
1085	18	Al Manamah	MN	BA02	t	\N	\N
1086	18	Al Muharraq	MQ	BA03	t	\N	\N
1087	18	Jidd Hafs	JH	BA05	t	\N	\N
1088	18	Sitrah	ST	BA06	t	\N	\N
1090	18	Al Mintaqah al Gharbiyah	MG	BA08	t	\N	\N
1091	18	Mintaqat Juzur Hawar	MJ	BA09	t	\N	\N
1092	18	Al Mintaqah ash Shamaliyah	MS	BA10	t	\N	\N
1093	18	Al Mintaqah al Wusta	MW	BA11	t	\N	\N
1094	18	Madinat Isa	MI	BA12	t	\N	\N
1096	18	Madinat Hamad	MH	BA14	t	\N	\N
1097	21	Christ Church	CC	BB01	t	\N	\N
1098	21	Saint Andrew	AN	BB02	t	\N	\N
1099	21	Saint George	GE	BB03	t	\N	\N
1100	21	Saint James	JM	BB04	t	\N	\N
1101	21	Saint John	JN	BB05	t	\N	\N
1102	21	Saint Joseph	JS	BB06	t	\N	\N
1103	21	Saint Lucy	LU	BB07	t	\N	\N
1104	21	Saint Michael	MI	BB08	t	\N	\N
1105	21	Saint Peter	PE	BB09	t	\N	\N
1106	21	Saint Philip	PH	BB10	t	\N	\N
1107	21	Saint Thomas	TH	BB11	t	\N	\N
1108	31	Central	CE	BC01	t	\N	\N
1109	31	Chobe	CH	BC02	t	\N	\N
1110	31	Ghanzi	GH	BC03	t	\N	\N
1111	31	Kgalagadi	KG	BC04	t	\N	\N
1112	31	Kgatleng	KL	BC05	t	\N	\N
1113	31	Kweneng	KW	BC06	t	\N	\N
1114	31	Ngamiland	NG	BC07	t	\N	\N
1115	31	NorthEast	NE	BC08	t	\N	\N
1116	31	SouthEast	SE	BC09	t	\N	\N
1117	31	Southern	SO	BC10	t	\N	\N
1118	27	Devonshire	DE	BD01	t	\N	\N
1119	27	Hamilton Municipality	HC	BD03	t	\N	\N
1121	27	Paget	PA	BD04	t	\N	\N
1122	27	Pembroke	PE	BD05	t	\N	\N
1123	27	Saint George	SG	BD06	t	\N	\N
1124	27	Saint George's	SC	BD07	t	\N	\N
1125	27	Sandys	SA	BD08	t	\N	\N
1126	27	Smiths	SM	BD09	t	\N	\N
1127	27	Southampton	SO	BD10	t	\N	\N
1128	27	Warwick	WA	BD11	t	\N	\N
1129	24	Antwerpen	AN	BE01	t	\N	\N
1131	24	Hainaut	HT	BE03	t	\N	\N
1132	24	Liege	LG	BE04	t	\N	\N
1133	24	Limburg	LI	BE05	t	\N	\N
1134	24	Luxembourg	LX	BE06	t	\N	\N
1135	24	Namur	NA	BE07	t	\N	\N
1136	24	Oost-Vlaanderen	OV	BE08	t	\N	\N
1137	24	West-Vlaanderen	WV	BE09	t	\N	\N
1138	17	Bimini	BI	BF05	t	\N	\N
1139	17	Cat Island	CI	BF06	t	\N	\N
1140	17	Exuma	EX	BF10	t	\N	\N
1143	17	Inagua	IN	BF13	t	\N	\N
1144	17	Long Island	LI	BF15	t	\N	\N
1145	17	Mayaguana	MG	BF16	t	\N	\N
1146	17	Ragged Island	RI	BF18	t	\N	\N
1147	17	Harbour Island	HI	BF22	t	\N	\N
1148	17	New Providence	NP	BF23	t	\N	\N
1149	17	Acklins and Crooked Islands	AC	BF24	t	\N	\N
1150	17	Freeport	FP	BF25	t	\N	\N
1151	17	Fresh Creek	FC	BF26	t	\N	\N
1152	17	Governor's Harbour	GH	BF27	t	\N	\N
1153	17	Green Turtle Cay	GT	BF28	t	\N	\N
1154	17	High Rock	HR	BF29	t	\N	\N
1155	17	Kemps Bay	KB	BF30	t	\N	\N
1156	17	Marsh Harbour	MH	BF31	t	\N	\N
1157	17	Nichollstown and Berry Islands	NB	BF32	t	\N	\N
1158	17	Rock Sound	RS	BF33	t	\N	\N
1159	17	Sandy Point	SP	BF34	t	\N	\N
1160	17	San Salvador and Rum Cay	SR	BF35	t	\N	\N
1161	20	Chittagong	CG	BG80	t	\N	\N
1162	20	Dhaka	DA	BG81	t	\N	\N
1163	20	Khulna	KH	BG82	t	\N	\N
1164	20	Rajshahi	RJ	BG83	t	\N	\N
1165	25	Belize	BZ	BH01	t	\N	\N
1166	25	Cayo	CY	BH02	t	\N	\N
1167	25	Corozal	CZ	BH03	t	\N	\N
1168	25	Orange Walk	OW	BH04	t	\N	\N
1169	25	Stann Creek	SC	BH05	t	\N	\N
1170	25	Toledo	TO	BH06	t	\N	\N
1171	29	Chuquisaca	CQ	BL01	t	\N	\N
1172	29	Cochabamba	CB	BL02	t	\N	\N
1173	29	El Beni	EB	BL03	t	\N	\N
1174	29	La Paz	LP	BL04	t	\N	\N
1175	29	Oruro	OR	BL05	t	\N	\N
1176	29	Pando	PA	BL06	t	\N	\N
1177	29	Potosi	PO	BL07	t	\N	\N
1178	29	Santa Cruz	SC	BL08	t	\N	\N
1179	29	Tarija	TR	BL09	t	\N	\N
1180	39	Rakhine State	RA	BM01	t	\N	\N
1181	39	Chin State	CH	BM02	t	\N	\N
1182	39	Ayeyarwady	AY	BM03	t	\N	\N
1183	39	Kachin State	KC	BM04	t	\N	\N
1184	39	Kayin State	KN	BM05	t	\N	\N
1185	39	Kayah State	KH	BM06	t	\N	\N
1187	39	Mandalay	MD	BM08	t	\N	\N
1189	39	Sagaing	SA	BM10	t	\N	\N
1190	39	Shan State	SH	BM11	t	\N	\N
1191	39	Tanintharyi	TN	BM12	t	\N	\N
1192	39	Mon State	MO	BM13	t	\N	\N
1194	39	Magway	MG	BM15	t	\N	\N
1195	39	Bago	BA	BM16	t	\N	\N
1196	39	Yangon	YA	BM17	t	\N	\N
1197	26	Atakora	AK	BN01	t	\N	\N
1198	26	Atlantique	AQ	BN02	t	\N	\N
1199	26	Borgou	BO	BN03	t	\N	\N
1200	26	Mono	MO	BN04	t	\N	\N
1201	26	Oueme	OU	BN05	t	\N	\N
1202	26	Zou	ZO	BN06	t	\N	\N
1203	23	Brestskaya Voblasts'	BR	BO01	t	\N	\N
1204	23	Homyel'skaya Voblasts'	HO	BO02	t	\N	\N
1205	23	Hrodzyenskaya Voblasts'	HR	BO03	t	\N	\N
1206	23	Minsk	HM	BO04	t	\N	\N
1207	23	Minskaya Voblasts'	MI	BO05	t	\N	\N
1208	23	Mahilyowskaya Voblasts'	MA	BO06	t	\N	\N
1209	23	Vitsyebskaya Voblasts'	VI	BO07	t	\N	\N
1210	222	Malaita	ML	BP03	t	\N	\N
1211	222	Western	WE	BP04	t	\N	\N
1212	222	Central	CN	BP05	t	\N	\N
1213	222	Guadalcanal	GC	BP06	t	\N	\N
1214	222	Isabel	IS	BP07	t	\N	\N
1215	222	Makira	MK	BP08	t	\N	\N
1216	222	Temotu	TE	BP09	t	\N	\N
1217	33	Distrito Federal	DF	BR07	t	\N	\N
1219	33	Paro	PA	BR16	t	\N	\N
1220	33	Pernambuco	PE	BR19	t	\N	\N
1221	28	Bumthang	BU	BT05	t	\N	\N
1222	28	Chhukha	CK	BT06	t	\N	\N
1223	28	Chirang	CR	BT07	t	\N	\N
1224	28	Daga	DA	BT08	t	\N	\N
1225	28	Geylegphug	GE	BT09	t	\N	\N
1226	28	Ha	HA	BT10	t	\N	\N
1227	28	Lhuntshi	LH	BT11	t	\N	\N
1228	28	Mongar	MO	BT12	t	\N	\N
1229	28	Paro	PR	BT13	t	\N	\N
1230	28	Pemagatsel	PM	BT14	t	\N	\N
1231	28	Punakha	PN	BT15	t	\N	\N
1232	28	Samchi	SM	BT16	t	\N	\N
1233	28	Samdrup	SJ	BT17	t	\N	\N
1234	28	Shemgang	SG	BT18	t	\N	\N
1235	28	Tashigang	TA	BT19	t	\N	\N
1236	28	Thimphu	TM	BT20	t	\N	\N
1237	28	Tongsa	TO	BT21	t	\N	\N
1238	28	Wangdi Phodrang	WP	BT22	t	\N	\N
1239	37	Burgas	BR	BU39	t	\N	\N
1240	37	Sofiya-Grad	SG	BU42	t	\N	\N
1241	37	Khaskovo	KK	BU43	t	\N	\N
1242	37	Lovech	LV	BU46	t	\N	\N
1243	37	Montana	MT	BU47	t	\N	\N
1244	37	Plovdiv	PD	BU51	t	\N	\N
1245	37	Razgrad	RG	BU52	t	\N	\N
1246	37	Sofiya	SF	BU58	t	\N	\N
1247	37	Varna	VN	BU61	t	\N	\N
1248	36	Belait	BE	BX01	t	\N	\N
1249	36	Brunei and Muara	BM	BX02	t	\N	\N
1250	36	Temburong	TE	BX03	t	\N	\N
1251	36	Tutong	TU	BX04	t	\N	\N
1252	40	Bujumbura	BU	BY02	t	\N	\N
1253	40	Muramvya	MV	BY22	t	\N	\N
1254	40	Bubanza	BB	BY09	t	\N	\N
1255	40	Bururi	BR	BY10	t	\N	\N
1256	40	Cankuzo	CA	BY11	t	\N	\N
1257	40	Cibitoke	CI	BY12	t	\N	\N
1258	40	Gitega	GI	BY13	t	\N	\N
1259	40	Karuzi	KR	BY14	t	\N	\N
1260	40	Kayanza	KY	BY15	t	\N	\N
1261	40	Kirundo	KI	BY16	t	\N	\N
1262	40	Makamba	MA	BY17	t	\N	\N
1263	40	Muyinga	MY	BY18	t	\N	\N
1264	40	Ngozi	NG	BY19	t	\N	\N
1265	40	Rutana	RT	BY20	t	\N	\N
1266	40	Ruyigi	RY	BY21	t	\N	\N
1267	41	Batdambang	BA	CB29	t	\N	\N
1268	41	Kampong Cham	KM	CB02	t	\N	\N
1269	41	Kampong Chhnang	KG	CB03	t	\N	\N
1270	41	Kampong Spoe	KS	CB04	t	\N	\N
1271	41	Kampong Thum	KT	CB05	t	\N	\N
1272	41	Kampot	KP	CB21	t	\N	\N
1273	41	Kandal	KN	CB07	t	\N	\N
1274	41	Kaoh Kong	KK	CB08	t	\N	\N
1275	41	Krachen	KR	CB09	t	\N	\N
1276	41	Mondol Kiri	MK	CB10	t	\N	\N
1277	41	Phnum Penh	PP	CB22	t	\N	\N
1278	41	Pouthisat	PO	CB12	t	\N	\N
1279	41	Preah Vihear	PH	CB13	t	\N	\N
1280	41	Prey Veng	PY	CB14	t	\N	\N
1283	41	Stoeng Treng	ST	CB17	t	\N	\N
1284	41	Svay Rieng	SR	CB18	t	\N	\N
1285	41	Takev	TA	CB19	t	\N	\N
1286	41	Rotanah Kiri	RO	CB23	t	\N	\N
1287	41	Siem Reab	SI	CB24	t	\N	\N
1288	41	Banteay Mean Cheay	OM	CB25	t	\N	\N
1289	41	Keb	KB	CB26	t	\N	\N
1290	41	Otdar Mean Cheay	OC	CB27	t	\N	\N
1291	41	Preah Seihanu	KA	CB28	t	\N	\N
1292	47	Batha	BA	CD01	t	\N	\N
1293	47	Biltine	BI	CD02	t	\N	\N
1294	47	Borkou-Ennedi-Tibesti	BT	CD03	t	\N	\N
1295	47	ChariBaguirmi	CB	CD04	t	\N	\N
1296	47	Guera	GR	CD05	t	\N	\N
1297	47	Kanem	KA	CD06	t	\N	\N
1298	47	Lac	LC	CD07	t	\N	\N
1299	47	Logone Occidental	LO	CD08	t	\N	\N
1300	47	Logone Oriental	LR	CD09	t	\N	\N
1301	47	Mayo-Kebbi	MK	CD10	t	\N	\N
1302	47	Moyen-Chari	MC	CD11	t	\N	\N
1303	47	Ouaddai	OD	CD12	t	\N	\N
1304	47	Salamat	SA	CD13	t	\N	\N
1305	47	Tandjile	TA	CD14	t	\N	\N
1306	228	Central	CE	CE29	t	\N	\N
1307	228	North Central	NC	CE30	t	\N	\N
1308	228	North Eastern	NE	CE31	t	\N	\N
1309	228	North Western	NW	CE32	t	\N	\N
1310	228	Sabaragamuwa	SA	CE33	t	\N	\N
1311	228	Southern	SO	CE34	t	\N	\N
1312	228	Uva	UV	CE35	t	\N	\N
1313	228	Western	WE	CE36	t	\N	\N
1314	56	Bouenza	BO	CF01	t	\N	\N
1315	56	Cuvette	CU	CF03	t	\N	\N
1316	56	Kouilou	KO	CF04	t	\N	\N
1317	56	Lekoumou	LE	CF05	t	\N	\N
1318	56	Likouala	LI	CF06	t	\N	\N
1319	56	Niari	NI	CF07	t	\N	\N
1320	56	Plateaux	PL	CF08	t	\N	\N
1321	56	Sangha	SA	CF10	t	\N	\N
1322	56	Pool	PO	CF11	t	\N	\N
1323	56	Brazzaville	BR	CF12	t	\N	\N
1324	55	Bandundu	BN	CG01	t	\N	\N
1325	55	Equateur	EQ	CG02	t	\N	\N
1326	55	Kasai-Occidental	KC	CG03	t	\N	\N
1327	55	Kasai-Oriental	KR	CG04	t	\N	\N
1328	55	Katanga	KT	CG05	t	\N	\N
1329	55	Kinshasa	KN	CG06	t	\N	\N
1331	55	Bas-Congo	BC	CG08	t	\N	\N
1332	55	Orientale	HC	CG09	t	\N	\N
1333	49	Anhui	AH	CH01	t	\N	\N
1334	49	Zhejiang	ZJ	CH02	t	\N	\N
1335	49	Jiangxi	JX	CH03	t	\N	\N
1336	49	Jiangsu	JS	CH04	t	\N	\N
1337	49	Jilin	JL	CH05	t	\N	\N
1338	49	Qinghai	QH	CH06	t	\N	\N
1339	49	Fujian	FJ	CH07	t	\N	\N
1340	49	Heilongjiang	HL	CH08	t	\N	\N
1341	49	Henan	HE	CH09	t	\N	\N
1342	49	Hebei	HB	CH10	t	\N	\N
1343	49	Hunan	HN	CH11	t	\N	\N
1344	49	Hubei	HU	CH12	t	\N	\N
1345	49	Xinjiang	XJ	CH13	t	\N	\N
1346	49	Xizang	XZ	CH14	t	\N	\N
1347	49	Gansu	GS	CH15	t	\N	\N
1348	49	Guangxi	GX	CH16	t	\N	\N
1349	49	Guizhou	GZ	CH18	t	\N	\N
1350	49	Liaoning	LN	CH19	t	\N	\N
1351	49	Nei Mongol	NM	CH20	t	\N	\N
1352	49	Ningxia	NX	CH21	t	\N	\N
1353	49	Beijing	BJ	CH22	t	\N	\N
1354	49	Shanghai	SH	CH23	t	\N	\N
1355	49	Shanxi	SX	CH24	t	\N	\N
1356	49	Shandong	SD	CH25	t	\N	\N
1357	49	Shaanxi	SA	CH26	t	\N	\N
1358	49	Sichuan	SC	CH32	t	\N	\N
1359	49	Tianjin	TJ	CH28	t	\N	\N
1360	49	Yunnan	YN	CH29	t	\N	\N
1361	49	Guangdong	GD	CH30	t	\N	\N
1362	49	Hainan	HA	CH31	t	\N	\N
1363	49	Chongqing	CQ	CH33	t	\N	\N
1364	48	Valparaiso	VS	CI01	t	\N	\N
1365	48	Aisen del General Carlos Ibanez del Campo	AI	CI02	t	\N	\N
1366	48	Antofagasta	AN	CI03	t	\N	\N
1367	48	Araucania	AR	CI04	t	\N	\N
1368	48	Atacama	AT	CI05	t	\N	\N
1369	48	Bio-Bio	BI	CI06	t	\N	\N
1370	48	Coquimbo	CO	CI07	t	\N	\N
1371	48	Libertador General Bernardo O'Higgins	LI	CI08	t	\N	\N
1372	48	Los Lagos	LL	CI09	t	\N	\N
1373	48	Magallanes y de la Antartica Chilena	MA	CI10	t	\N	\N
1374	48	Maule	ML	CI11	t	\N	\N
1375	48	Region Metropolitana	RM	CI12	t	\N	\N
1376	48	Tarapaca	TA	CI13	t	\N	\N
1377	45	Creek	CR	CJ01	t	\N	\N
1378	45	Eastern	EA	CJ02	t	\N	\N
1379	45	Midland	MI	CJ03	t	\N	\N
1380	45	South Town	SO	CJ04	t	\N	\N
1381	45	Spot Bay	SP	CJ05	t	\N	\N
1382	45	Stake Bay	ST	CJ06	t	\N	\N
1383	45	West End	WD	CJ07	t	\N	\N
1384	45	Western	WN	CJ08	t	\N	\N
1385	42	Est	ES	CM04	t	\N	\N
1386	42	Littoral	LT	CM05	t	\N	\N
1387	42	NordOuest	NW	CM07	t	\N	\N
1388	42	Ouest	OU	CM08	t	\N	\N
1389	42	SudOuest	SW	CM09	t	\N	\N
1390	42	Adamaoua	AD	CM10	t	\N	\N
1391	42	Centre	CE	CM11	t	\N	\N
1392	42	ExtremeNord	EN	CM12	t	\N	\N
1393	42	Nord	NO	CM13	t	\N	\N
1394	42	Sud	SU	CM14	t	\N	\N
1395	54	Anjouan	AN	CN01	t	\N	\N
1396	54	Grande Comore	GC	CN02	t	\N	\N
1397	54	Moheli	MO	CN03	t	\N	\N
1398	53	Amazonas	AM	CO01	t	\N	\N
1399	53	Antioquia	AN	CO02	t	\N	\N
1400	53	Arauca	AR	CO03	t	\N	\N
1401	53	Atlantico	AT	CO04	t	\N	\N
1402	53	Caqueta	CQ	CO08	t	\N	\N
1403	53	Cauca	CA	CO09	t	\N	\N
1404	53	Cesar	CE	CO10	t	\N	\N
1405	53	Choco	CH	CO11	t	\N	\N
1406	53	Cordoba	CR	CO12	t	\N	\N
1408	53	Guaviare	GV	CO14	t	\N	\N
1409	53	Guainia	GN	CO15	t	\N	\N
1410	53	Huila	HU	CO16	t	\N	\N
1411	53	La Guajira	LG	CO17	t	\N	\N
1412	53	Meta	ME	CO19	t	\N	\N
1413	53	Narino	NA	CO20	t	\N	\N
1414	53	Norte de Santander	NS	CO21	t	\N	\N
1415	53	Putumayo	PU	CO22	t	\N	\N
1416	53	Quindio	QD	CO23	t	\N	\N
1417	53	Risaralda	RI	CO24	t	\N	\N
1418	53	San Andres y Providencia	SA	CO25	t	\N	\N
1419	53	Santander	ST	CO26	t	\N	\N
1420	53	Sucre	SU	CO27	t	\N	\N
1421	53	Tolima	TO	CO28	t	\N	\N
1422	53	Valle del Cauca	VC	CO29	t	\N	\N
1423	53	Vaupes	VP	CO30	t	\N	\N
1424	53	Vichada	VD	CO31	t	\N	\N
1425	53	Casanare	CS	CO32	t	\N	\N
1426	53	Cundinamarca	CU	CO33	t	\N	\N
1427	53	Distrito Capital	DC	CO34	t	\N	\N
1428	53	Bolivar	BL	CO35	t	\N	\N
1429	53	Boyaca	BY	CO36	t	\N	\N
1430	53	Caldas	CL	CO37	t	\N	\N
1431	53	Magdalena	MA	CO38	t	\N	\N
1432	59	Alajuela	AL	CS01	t	\N	\N
1433	59	Cartago	CA	CS02	t	\N	\N
1434	59	Guanacaste	GU	CS03	t	\N	\N
1435	59	Heredia	HE	CS04	t	\N	\N
1436	59	Limon	LI	CS06	t	\N	\N
1437	59	Puntarenas	PU	CS07	t	\N	\N
1438	59	San Jose	SJ	CS08	t	\N	\N
1439	46	Bamingui-Bangoran	BB	CT01	t	\N	\N
1440	46	Basse-Kotto	BK	CT02	t	\N	\N
1441	46	Haute-Kotto	HK	CT03	t	\N	\N
1442	46	Haute-Sangha	HS	CT04	t	\N	\N
1443	46	Haut-Mbomou	HM	CT05	t	\N	\N
1444	46	Kemo-Gribingui	KG	CT06	t	\N	\N
1445	46	Lobaye	LB	CT07	t	\N	\N
1446	46	Mbomou	MB	CT08	t	\N	\N
1447	46	Nana-Mambere	NM	CT09	t	\N	\N
1448	46	Ouaka	UK	CT11	t	\N	\N
1449	46	Ouham	AC	CT12	t	\N	\N
1450	46	Ouham-Pende	OP	CT13	t	\N	\N
1451	46	Vakaga	VK	CT14	t	\N	\N
1452	46	Gribingui	KB	CT15	t	\N	\N
1453	46	Sangha	SE	CT16	t	\N	\N
1454	46	Ombella-Mpoko	MP	CT17	t	\N	\N
1455	46	Bangui	BG	CT18	t	\N	\N
1456	62	Pinar del Rio	PR	CU01	t	\N	\N
1457	62	Ciudad de La Habana	CH	CU02	t	\N	\N
1458	62	Matanzas	MA	CU03	t	\N	\N
1459	62	Isla de la Juventud	IJ	CU04	t	\N	\N
1460	62	Camaguey	CM	CU05	t	\N	\N
1461	62	Ciego de Avila	CA	CU07	t	\N	\N
1462	62	Cienfuegos	CF	CU08	t	\N	\N
1463	62	Granma	GR	CU09	t	\N	\N
1464	62	Guantanamo	GU	CU10	t	\N	\N
1465	62	La Habana	LH	CU11	t	\N	\N
1466	62	Holguin	HO	CU12	t	\N	\N
1467	62	Las Tunas	LT	CU13	t	\N	\N
1468	62	Sancti Spiritus	SS	CU14	t	\N	\N
1469	62	Santiago de Cuba	SC	CU15	t	\N	\N
1470	62	Villa Clara	VC	CU16	t	\N	\N
1471	44	Boa Vista	BV	CV01	t	\N	\N
1472	44	Brava	BR	CV02	t	\N	\N
1473	44	Calheta de S	SM	CV03	t	\N	\N
1474	44	Maio	MA	CV04	t	\N	\N
1475	44	Paul	PA	CV05	t	\N	\N
1476	44	Praia	PI	CV06	t	\N	\N
1477	44	Ribeira Grande	RG	CV07	t	\N	\N
1478	44	Sal	SL	CV08	t	\N	\N
1479	44	Santa Catarina	SC	CV09	t	\N	\N
1480	44	Sao Nicolau	SN	CV10	t	\N	\N
1481	44	Sao Vicente	SV	CV11	t	\N	\N
1482	44	Tarrafal	TF	CV12	t	\N	\N
1483	63	Famagusta	FA	CY01	t	\N	\N
1484	63	Kyrenia	KY	CY02	t	\N	\N
1485	63	Larnaca	LA	CY03	t	\N	\N
1486	63	Nicosia	NI	CY04	t	\N	\N
1487	63	Limassol	LI	CY05	t	\N	\N
1488	63	Paphos	PA	CY06	t	\N	\N
1489	65	Arhus	AR	DA01	t	\N	\N
1490	65	Bornholm	BO	DA02	t	\N	\N
1491	65	Frederiksborg	FR	DA03	t	\N	\N
1492	65	Fyn	FY	DA04	t	\N	\N
1493	65	Kobenhavn	SK	DA06	t	\N	\N
1494	65	Nordjylland	NJ	DA07	t	\N	\N
1495	65	Ribe	RB	DA08	t	\N	\N
1496	65	Ringkobing	RK	DA09	t	\N	\N
1497	65	Roskilde	RS	DA10	t	\N	\N
1498	65	Sonderjylland	SJ	DA11	t	\N	\N
1499	65	Storstrom	ST	DA12	t	\N	\N
1500	65	Vejle	VJ	DA13	t	\N	\N
1501	65	Vestsjalland	VS	DA14	t	\N	\N
1502	65	Viborg	VB	DA15	t	\N	\N
1503	65	Fredericksberg	SF	DA16	t	\N	\N
1504	66	'Ali Sabih	AS	DJ01	t	\N	\N
1505	66	Dikhil	DI	DJ02	t	\N	\N
1506	66	Djibouti	DJ	DJ03	t	\N	\N
1507	66	Obock	OB	DJ04	t	\N	\N
1508	66	Tadjoura	TA	DJ05	t	\N	\N
1509	67	Saint Andrew	AN	DO02	t	\N	\N
1510	67	Saint David	DA	DO03	t	\N	\N
1511	67	Saint George	GO	DO04	t	\N	\N
1512	67	Saint John	JN	DO05	t	\N	\N
1513	67	Saint Joseph	JH	DO06	t	\N	\N
1514	67	Saint Luke	LU	DO07	t	\N	\N
1515	67	Saint Mark	MA	DO08	t	\N	\N
1516	67	Saint Patrick	PK	DO09	t	\N	\N
1517	67	Saint Paul	PL	DO10	t	\N	\N
1518	67	Saint Peter	PR	DO11	t	\N	\N
1519	68	Azua	AZ	DR01	t	\N	\N
1520	68	Baoruco	BR	DR02	t	\N	\N
1521	68	Barahona	BH	DR03	t	\N	\N
1522	68	Dajabon	DA	DR04	t	\N	\N
1523	68	Distrito Nacional	DN	DR05	t	\N	\N
1524	68	Duarte	DU	DR06	t	\N	\N
1525	68	Espaillat	ES	DR08	t	\N	\N
1526	68	Independencia	IN	DR09	t	\N	\N
1527	68	La Altagracia	AL	DR10	t	\N	\N
1528	68	Elias Pina	EP	DR11	t	\N	\N
1529	68	La Romana	RO	DR12	t	\N	\N
1530	68	Maria Trinidad Sanchez	MT	DR14	t	\N	\N
1531	68	Monte Cristi	MC	DR15	t	\N	\N
1532	68	Pedernales	PN	DR16	t	\N	\N
1533	68	Peravia	PR	DR17	t	\N	\N
1534	68	Puerto Plata	PP	DR18	t	\N	\N
1535	68	Salcedo	SC	DR19	t	\N	\N
1536	68	Samana	SM	DR20	t	\N	\N
1537	68	Sanchez Ramirez	SZ	DR21	t	\N	\N
1538	68	San Juan	JU	DR23	t	\N	\N
1539	68	San Pedro de Macoris	PM	DR24	t	\N	\N
1540	68	Santiago	ST	DR25	t	\N	\N
1541	68	Santiago Rodriguez	SR	DR26	t	\N	\N
1542	68	Valverde	VA	DR27	t	\N	\N
1543	68	El Seibo	SE	DR28	t	\N	\N
1544	68	Hato Mayor	HM	DR29	t	\N	\N
1545	68	La Vega	VE	DR30	t	\N	\N
1546	68	Monsenor Nouel	MN	DR31	t	\N	\N
1547	68	Monte Plata	MP	DR32	t	\N	\N
1548	68	San Cristobal	CR	DR33	t	\N	\N
1549	70	Galapagos	GA	EC01	t	\N	\N
1550	70	Azuay	AZ	EC02	t	\N	\N
1551	70	Bolivar	BO	EC03	t	\N	\N
1552	70	Canar	CN	EC04	t	\N	\N
1553	70	Carchi	CR	EC05	t	\N	\N
1554	70	Chimborazo	CB	EC06	t	\N	\N
1555	70	Cotopaxi	CT	EC07	t	\N	\N
1556	70	El Oro	EO	EC08	t	\N	\N
1557	70	Esmeraldas	ES	EC09	t	\N	\N
1558	70	Guayas	GU	EC10	t	\N	\N
1559	70	Imbabura	IM	EC11	t	\N	\N
1560	70	Loja	LJ	EC12	t	\N	\N
1561	70	Los Rios	LR	EC13	t	\N	\N
1562	70	Manabi	MN	EC14	t	\N	\N
1563	70	Morona-Santiago	MS	EC15	t	\N	\N
1564	70	Pastaza	PA	EC17	t	\N	\N
1565	70	Pichincha	PI	EC18	t	\N	\N
1566	70	Tungurahua	TU	EC19	t	\N	\N
1567	70	Zamora-Chinchipe	ZC	EC20	t	\N	\N
1568	70	Napo	NA	EC23	t	\N	\N
1569	70	Sucumbios	SU	EC22	t	\N	\N
1570	71	Ad Daqahliyah	DQ	EG01	t	\N	\N
1571	71	Al Bahr al Ahmar	BA	EG02	t	\N	\N
1572	71	Al Buhayrah	BH	EG03	t	\N	\N
1573	71	Al Fayyum	FY	EG04	t	\N	\N
1574	71	Al Gharbiyah	GH	EG05	t	\N	\N
1575	71	Al Iskandariyah	IK	EG06	t	\N	\N
1576	71	Al Isma'iliyah	IS	EG07	t	\N	\N
1577	71	Al Jizah	JZ	EG08	t	\N	\N
1578	71	Al Minufiyah	MF	EG09	t	\N	\N
1579	71	Al Minya	MN	EG10	t	\N	\N
1580	71	Al Qahirah	QH	EG11	t	\N	\N
1581	71	Al Qaly	QL	EG12	t	\N	\N
1582	71	Al Wadi al Jadid	WJ	EG13	t	\N	\N
1583	71	Ash Sharqiyah	SQ	EG14	t	\N	\N
1584	71	As Suways	SW	EG15	t	\N	\N
1585	71	Aswan	AN	EG16	t	\N	\N
1586	71	Asyut	AT	EG17	t	\N	\N
1587	71	Bani Suwayf	BN	EG18	t	\N	\N
1588	71	Bur Sa'id	BS	EG19	t	\N	\N
1589	71	Dumyat	DT	EG20	t	\N	\N
1590	71	Kafr ash Shaykh	KS	EG21	t	\N	\N
1591	71	Matruh	MT	EG22	t	\N	\N
1592	71	Qina	QN	EG23	t	\N	\N
1593	71	Suhaj	SJ	EG24	t	\N	\N
1594	71	Janub Sina'	JS	EG26	t	\N	\N
1595	71	Shamal Sina'	SS	EG27	t	\N	\N
1596	117	Carlow	CW	EI01	t	\N	\N
1597	117	Cavan	CN	EI02	t	\N	\N
1598	117	Clare	CE	EI03	t	\N	\N
1599	117	Cork	CK	EI04	t	\N	\N
1600	117	Donegal	DL	EI06	t	\N	\N
1601	117	Dublin	DN	EI07	t	\N	\N
1602	117	Galway	GY	EI10	t	\N	\N
1603	117	Kerry	KY	EI11	t	\N	\N
1604	117	Kildare	KE	EI12	t	\N	\N
1605	117	Kilkenny	KK	EI13	t	\N	\N
1606	117	Leitrim	LM	EI14	t	\N	\N
1607	117	Laois	LS	EI15	t	\N	\N
1608	117	Limerick	LK	EI16	t	\N	\N
1609	117	Longford	LD	EI18	t	\N	\N
1610	117	Louth	LH	EI19	t	\N	\N
1611	117	Mayo	MO	EI20	t	\N	\N
1612	117	Meath	MH	EI21	t	\N	\N
1613	117	Monaghan	MN	EI22	t	\N	\N
1614	117	Offaly	OY	EI23	t	\N	\N
1615	117	Roscommon	RN	EI24	t	\N	\N
1616	117	Sligo	SO	EI25	t	\N	\N
1617	117	Tipperary	TY	EI26	t	\N	\N
1618	117	Waterford	WD	EI27	t	\N	\N
1619	117	Westmeath	WH	EI29	t	\N	\N
1620	117	Wexford	WX	EI30	t	\N	\N
1621	117	Wicklow	WW	EI31	t	\N	\N
1622	73	Annobon	AN	EK03	t	\N	\N
1623	73	Bioko Norte	BN	EK04	t	\N	\N
1624	73	Bioko Sur	BS	EK05	t	\N	\N
1625	73	Centro Sur	CS	EK06	t	\N	\N
1626	73	Kie-Ntem	KN	EK07	t	\N	\N
1627	73	Litoral	LI	EK08	t	\N	\N
1628	73	Wele-Nzas	WN	EK09	t	\N	\N
1629	75	Harjumaa	HA	EN01	t	\N	\N
1630	75	Hiiumaa	HI	EN02	t	\N	\N
1631	75	Ida-Virumaa	IV	EN03	t	\N	\N
1632	75	Jarvamaa	JR	EN04	t	\N	\N
1633	75	Jogevamaa	JN	EN05	t	\N	\N
1634	75	Laanemaa	LN	EN07	t	\N	\N
1635	75	Laane-Virumaa	LV	EN08	t	\N	\N
1636	75	Parnumaa	PR	EN11	t	\N	\N
1637	75	Polvamaa	PL	EN12	t	\N	\N
1638	75	Raplamaa	RA	EN13	t	\N	\N
1639	75	Saaremaa	SA	EN14	t	\N	\N
1640	75	Tartumaa	TA	EN18	t	\N	\N
1641	75	Valgamaa	VG	EN19	t	\N	\N
1642	75	Viljandimaa	VD	EN20	t	\N	\N
1643	75	Vorumaa	VR	EN21	t	\N	\N
1644	72	Ahuachapan	AH	ES01	t	\N	\N
1645	72	Cabanas	CA	ES02	t	\N	\N
1646	72	Chalatenango	CH	ES03	t	\N	\N
1647	72	Cuscatlan	CU	ES04	t	\N	\N
1648	72	La Libertad	LI	ES05	t	\N	\N
1649	72	La Paz	PA	ES06	t	\N	\N
1650	72	La Union	UN	ES07	t	\N	\N
1651	72	Morazan	MO	ES08	t	\N	\N
1652	72	San Miguel	SM	ES09	t	\N	\N
1653	72	San Salvador	SS	ES10	t	\N	\N
1654	72	Santa Ana	SA	ES11	t	\N	\N
1655	72	San Vicente	SI	ES12	t	\N	\N
1656	72	Sonsonate	SO	ES13	t	\N	\N
1657	72	Usulutan	US	ES14	t	\N	\N
1687	76	Harari People	HA	ET50	t	\N	\N
1688	76	Gambela Peoples	GA	ET49	t	\N	\N
1690	76	Benshangul-Gumaz	BE	ET47	t	\N	\N
1691	76	Tigray	TI	ET53	t	\N	\N
1692	76	Amhara	AM	ET46	t	\N	\N
1693	76	Afar	AF	ET45	t	\N	\N
1694	76	Oromia	OR	ET51	t	\N	\N
1695	76	Somali	SO	ET52	t	\N	\N
1696	76	Addis Ababa	AA	ET44	t	\N	\N
1697	76	Southern Nations	SN	ET54	t	\N	\N
1746	64	Hlavni Mesto Praha	PR	EZ52	t	\N	\N
1772	81	Ahvenanmaa	AV	FI01	t	\N	\N
1777	81	Lappi	LP	FI06	t	\N	\N
1779	81	Oulu Laani	OU	FI08	t	\N	\N
1784	80	Central	CE	FJ01	t	\N	\N
1785	80	Eastern	EA	FJ02	t	\N	\N
1786	80	Northern	NO	FJ03	t	\N	\N
1787	80	Rotuma	RO	FJ04	t	\N	\N
1788	80	Western	WE	FJ05	t	\N	\N
1789	160	Kosrae	KO	FM01	t	\N	\N
1790	160	Pohnpei	PO	FM02	t	\N	\N
1791	160	Chuuk	CH	FM03	t	\N	\N
1792	160	Yap	YA	FM04	t	\N	\N
1793	82	Aquitaine	AQ	FR97	t	\N	\N
1794	82	Auvergne	AU	FR98	t	\N	\N
1795	82	Basse-Normandie	BA	FR99	t	\N	\N
1796	82	Bourgogne	BO	FRA1	t	\N	\N
1797	82	Bretagne	BR	FRA2	t	\N	\N
1798	82	Centre	CE	FRA3	t	\N	\N
1799	82	Champagne-Ardenne	CH	FRA4	t	\N	\N
1800	82	Corse	CO	FRA5	t	\N	\N
1801	82	Franche-Comte	FC	FRA6	t	\N	\N
1802	82	Haute-Normandie	HA	FRA7	t	\N	\N
1803	82	Ile-De-France	IL	FRA8	t	\N	\N
1804	82	Languedoc-Roussillon	LA	FRA9	t	\N	\N
1805	82	Limousin	LI	FRB1	t	\N	\N
1806	82	Lorraine	LO	FRB2	t	\N	\N
1807	82	Midi-Pyrenees	MI	FRB3	t	\N	\N
1808	82	Nord-Pas-de-Calais	NO	FRB4	t	\N	\N
1809	82	Pays de la Loire	PA	FRB5	t	\N	\N
1810	82	Picardie	PI	FRB6	t	\N	\N
1811	82	Poitou-Charentes	PO	FRB7	t	\N	\N
1812	82	Provence-Alpes-Cote d'Azur	PR	FRB8	t	\N	\N
1813	82	Rhone-Alpes	RH	FRB9	t	\N	\N
1814	82	Alsace	AL	FRC1	t	\N	\N
1815	88	Banjul	BJ	GA01	t	\N	\N
1816	88	Lower River	LR	GA02	t	\N	\N
1817	88	MacCarthy Island	MC	GA03	t	\N	\N
1818	88	Upper River	UR	GA04	t	\N	\N
1819	88	Western	WE	GA05	t	\N	\N
1820	88	North Bank	NB	GA07	t	\N	\N
1821	87	Estuaire	ES	GB01	t	\N	\N
1822	87	Haut-Ogooue	HO	GB02	t	\N	\N
1823	87	Moyen-Ogooue	MO	GB03	t	\N	\N
1824	87	Ngounie	NG	GB04	t	\N	\N
1825	87	Nyanga	NY	GB05	t	\N	\N
1826	87	Ogooue-Ivindo	OI	GB06	t	\N	\N
1827	87	Ogooue-Lolo	OL	GB07	t	\N	\N
1828	87	Ogooue-Maritime	OM	GB08	t	\N	\N
1829	87	Woleu-Ntem	WN	GB09	t	\N	\N
1831	90	Abkhazia	AB	GG02	t	\N	\N
1833	90	Ajaria	AJ	GG04	t	\N	\N
1879	90	T'bilisi	TB	GG51	t	\N	\N
1893	92	Greater Accra	AA	GH01	t	\N	\N
1894	92	Ashanti	AH	GH02	t	\N	\N
1895	92	Brong-Ahafo	BA	GH03	t	\N	\N
1896	92	Central	CP	GH04	t	\N	\N
1897	92	Eastern	EP	GH05	t	\N	\N
1898	92	Northern	NP	GH06	t	\N	\N
1899	92	Volta	TV	GH08	t	\N	\N
1900	92	Western	WP	GH09	t	\N	\N
1901	92	Upper East	UE	GH10	t	\N	\N
1902	92	Upper West	UW	GH11	t	\N	\N
1903	97	Saint Andrew	AN	GJ01	t	\N	\N
1904	97	Saint David	DA	GJ02	t	\N	\N
1905	97	Saint George	GE	GJ03	t	\N	\N
1906	97	Saint John	JO	GJ04	t	\N	\N
1907	97	Saint Mark	MA	GJ05	t	\N	\N
1908	97	Saint Patrick	PA	GJ06	t	\N	\N
1909	96	Nordgronland	NG	GL01	t	\N	\N
1910	96	Ostgronland	EG	GL02	t	\N	\N
1911	96	Vestgronland	VG	GL03	t	\N	\N
1912	91	Baden-Wurttemberg	BW	GM01	t	\N	\N
1913	91	Bayern	BY	GM02	t	\N	\N
1914	91	Bremen	HB	GM03	t	\N	\N
1915	91	Hamburg	HH	GM04	t	\N	\N
1916	91	Hessen	HE	GM05	t	\N	\N
1917	91	Niedersachsen	NI	GM06	t	\N	\N
1918	91	Nordrhein-Westfalen	NW	GM07	t	\N	\N
1919	91	Rheinland-Pfalz	RP	GM08	t	\N	\N
1920	91	Saarland	SL	GM09	t	\N	\N
1921	91	Schleswig-Holstein	SH	GM10	t	\N	\N
1922	91	Brandenburg	BB	GM11	t	\N	\N
1923	91	Mecklenburg-Vorpommern	MY	GM12	t	\N	\N
1924	91	Sachsen	SN	GM13	t	\N	\N
1925	91	Sachsen-Anhalt	ST	GM14	t	\N	\N
1926	91	Thuringen	TH	GM15	t	\N	\N
1927	91	Berlin	BE	GM16	t	\N	\N
1928	95	Evros	ES	GR01	t	\N	\N
1929	95	Rodhopi	RD	GR02	t	\N	\N
1930	95	Xanthi	XN	GR03	t	\N	\N
1931	95	Drama	DR	GR04	t	\N	\N
1932	95	Serrai	SR	GR05	t	\N	\N
1933	95	Kilkis	KK	GR06	t	\N	\N
1934	95	Pella	PL	GR07	t	\N	\N
1935	95	Florina	FL	GR08	t	\N	\N
1936	95	Kastoria	KS	GR09	t	\N	\N
1937	95	Grevena	GE	GR10	t	\N	\N
1938	95	Kozani	KZ	GR11	t	\N	\N
1939	95	Imathia	IM	GR12	t	\N	\N
1940	95	Thessaloniki	TN	GR13	t	\N	\N
1941	95	Kavala	KV	GR14	t	\N	\N
1942	95	Khalkidhiki	KD	GR15	t	\N	\N
1943	95	Pieria	PI	GR16	t	\N	\N
1944	95	Ioannina	IO	GR17	t	\N	\N
1945	95	Thesprotia	TP	GR18	t	\N	\N
1946	95	Preveza	PV	GR19	t	\N	\N
1947	95	Arta	AR	GR20	t	\N	\N
1948	95	Larisa	LR	GR21	t	\N	\N
1949	95	Trikala	TR	GR22	t	\N	\N
1950	95	Kardhitsa	KT	GR23	t	\N	\N
1951	95	Magnisia	MG	GR24	t	\N	\N
1952	95	Kerkira	KE	GR25	t	\N	\N
1953	95	Levkas	LV	GR26	t	\N	\N
1954	95	Kefallinia	KF	GR27	t	\N	\N
1955	95	Zakinthos	ZK	GR28	t	\N	\N
1956	95	Fthiotis	FT	GR29	t	\N	\N
1957	95	Evritania	ET	GR30	t	\N	\N
1958	95	Aitolia kai Akarnania	AA	GR31	t	\N	\N
1959	95	Fokis	FK	GR32	t	\N	\N
1960	95	Voiotia	VT	GR33	t	\N	\N
1961	95	Evvoia	EV	GR34	t	\N	\N
1962	95	Attiki	AT	GR35	t	\N	\N
1963	95	Argolis	AG	GR36	t	\N	\N
1964	95	Korinthia	KO	GR37	t	\N	\N
1965	95	Akhaia	AK	GR38	t	\N	\N
1966	95	Ilia	IL	GR39	t	\N	\N
1967	95	Messinia	MS	GR40	t	\N	\N
1968	95	Arkadhia	AD	GR41	t	\N	\N
1969	95	Lakonia	LC	GR42	t	\N	\N
1970	95	Khania	KN	GR43	t	\N	\N
1971	95	Rethimni	RT	GR44	t	\N	\N
1972	95	Iraklion (Crete)	IR	GR45	t	\N	\N
1973	95	Lasithi	LT	GR46	t	\N	\N
1974	95	Dhodhekanisos	DO	GR47	t	\N	\N
1975	95	Samos	SM	GR48	t	\N	\N
1976	95	Kikladhes	KY	GR49	t	\N	\N
1977	95	Khios	KH	GR50	t	\N	\N
1978	95	Lesvos	LS	GR51	t	\N	\N
1979	100	Alta Verapaz	AV	GT01	t	\N	\N
1980	100	Baja Verapaz	BV	GT02	t	\N	\N
1981	100	Chimaltenango	CM	GT03	t	\N	\N
1982	100	Chiquimula	CQ	GT04	t	\N	\N
1983	100	El Progreso	PR	GT05	t	\N	\N
1984	100	Escuintla	ES	GT06	t	\N	\N
1985	100	Guatemala	GU	GT07	t	\N	\N
1986	100	Huehuetenango	HU	GT08	t	\N	\N
1987	100	Izabal	IZ	GT09	t	\N	\N
1988	100	Jalapa	JA	GT10	t	\N	\N
1989	100	Jutiapa	JU	GT11	t	\N	\N
1990	100	Peten	PE	GT12	t	\N	\N
1991	100	Quetzaltenango	QZ	GT13	t	\N	\N
1992	100	Quiche	QC	GT14	t	\N	\N
1993	100	Retalhuleu	RE	GT15	t	\N	\N
1994	100	Sacatepequez	SA	GT16	t	\N	\N
1995	100	San Marcos	SM	GT17	t	\N	\N
1996	100	Santa Rosa	SR	GT18	t	\N	\N
1997	100	Solola	SO	GT19	t	\N	\N
1998	100	Suchitepequez	SU	GT20	t	\N	\N
1999	100	Totonicapan	TO	GT21	t	\N	\N
2000	100	Zacapa	ZA	GT22	t	\N	\N
2001	102	Beyla	BE	GV01	t	\N	\N
2002	102	Boffa	BF	GV02	t	\N	\N
2003	102	Boke	BK	GV03	t	\N	\N
2004	102	Conakry	CK	GV04	t	\N	\N
2005	102	Dabola	DB	GV05	t	\N	\N
2006	102	Dalaba	DL	GV06	t	\N	\N
2007	102	Dinguiraye	DI	GV07	t	\N	\N
2008	102	Dubreka	DU	GV31	t	\N	\N
2009	102	Faranah	FA	GV09	t	\N	\N
2010	102	Forecariah	FO	GV10	t	\N	\N
2011	102	Fria	FR	GV11	t	\N	\N
2012	102	Gaoual	GA	GV12	t	\N	\N
2013	102	Gueckedou	GU	GV13	t	\N	\N
2014	102	Kankan	KA	GV32	t	\N	\N
2015	102	Kerouane	KE	GV15	t	\N	\N
2016	102	Kindia	KD	GV16	t	\N	\N
2017	102	Kissidougou	KS	GV17	t	\N	\N
2018	102	Koundara	KN	GV18	t	\N	\N
2019	102	Kouroussa	KO	GV19	t	\N	\N
2020	102	Labe	LA	GV34	t	\N	\N
2021	102	Macenta	MC	GV21	t	\N	\N
2022	102	Mali	ML	GV22	t	\N	\N
2023	102	Mamou	MM	GV23	t	\N	\N
2024	102	Nzerekore	NZ	GV38	t	\N	\N
2025	102	Pita	PI	GV25	t	\N	\N
2026	102	Siguiri	SI	GV39	t	\N	\N
2027	102	Telimele	TE	GV27	t	\N	\N
2028	102	Tougue	TO	GV28	t	\N	\N
2029	102	Yomou	YO	GV29	t	\N	\N
2030	104	Barima-Waini	BA	GY10	t	\N	\N
2031	104	Cuyuni-Mazaruni	CU	GY11	t	\N	\N
2032	104	Demerara-Mahaica	DE	GY12	t	\N	\N
2033	104	East Berbice-Corentyne	EB	GY13	t	\N	\N
2034	104	Essequibo Islands-West Demerara	ES	GY14	t	\N	\N
2035	104	Mahaica-Berbice	MA	GY15	t	\N	\N
2036	104	Pomeroon-Supenaam	PM	GY16	t	\N	\N
2037	104	Potaro-Siparuni	PT	GY17	t	\N	\N
2038	104	Upper Demerara-Berbice	UD	GY18	t	\N	\N
2039	104	Upper Takutu-Upper Essequibo	UT	GY19	t	\N	\N
2040	105	Nord-Ouest	NO	HA03	t	\N	\N
2041	105	Artibonite	AR	HA06	t	\N	\N
2042	105	Centre	CE	HA07	t	\N	\N
2043	105	Grand'Anse	GA	HA08	t	\N	\N
2044	105	Nord	ND	HA09	t	\N	\N
2045	105	Nord-Est	NE	HA10	t	\N	\N
2046	105	Ouest	OU	HA11	t	\N	\N
2047	105	Sud	SD	HA12	t	\N	\N
2048	105	Sud-Est	SE	HA13	t	\N	\N
2049	108	Atlantida	AT	HO01	t	\N	\N
2050	108	Choluteca	CH	HO02	t	\N	\N
2051	108	Colon	CL	HO03	t	\N	\N
2052	108	Comayagua	CM	HO04	t	\N	\N
2053	108	Copan	CP	HO05	t	\N	\N
2054	108	Cortes	CR	HO06	t	\N	\N
2055	108	El Paraiso	EP	HO07	t	\N	\N
2056	108	Francisco Morazan	FM	HO08	t	\N	\N
2057	108	Gracias a Dios	GD	HO09	t	\N	\N
2058	108	Intibuca	IN	HO10	t	\N	\N
2059	108	Islas de la Bahia	IB	HO11	t	\N	\N
2060	108	La Paz	LP	HO12	t	\N	\N
2061	108	Lempira	LE	HO13	t	\N	\N
2062	108	Ocotepeque	OC	HO14	t	\N	\N
2063	108	Olancho	OL	HO15	t	\N	\N
2064	108	Santa Barbara	SB	HO16	t	\N	\N
2065	108	Valle	VA	HO17	t	\N	\N
2066	108	Yoro	YO	HO18	t	\N	\N
2067	111	Bacs-Kiskun	BK	HU01	t	\N	\N
2068	111	Baranya	BA	HU02	t	\N	\N
2069	111	Bekes	BE	HU03	t	\N	\N
2070	111	Borsod-Abauj-Zemplen	BZ	HU04	t	\N	\N
2071	111	Budapest	BU	HU05	t	\N	\N
2072	111	Csongrad	CS	HU06	t	\N	\N
2073	111	Debrecen	DE	HU07	t	\N	\N
2074	111	Fejer	FE	HU08	t	\N	\N
2075	111	Gyor-Moson-Sopron	GS	HU09	t	\N	\N
2076	111	Hajdu-Bihar	HB	HU10	t	\N	\N
2077	111	Heves	HE	HU11	t	\N	\N
2078	111	Komarom-Esztergom	KE	HU12	t	\N	\N
2079	111	Miskolc	MI	HU13	t	\N	\N
2080	111	Nograd	NO	HU14	t	\N	\N
2081	111	Pees	PS	HU15	t	\N	\N
2082	111	Pest	PE	HU16	t	\N	\N
2083	111	Somogy	SO	HU17	t	\N	\N
2084	111	Szabolcs-Szatmar-Bereg	SZ	HU18	t	\N	\N
2085	111	Szeged	SD	HU19	t	\N	\N
2086	111	Jasz-Nagykun-Szolnok	JN	HU20	t	\N	\N
2087	111	Tolna	TO	HU21	t	\N	\N
2088	111	Vas	VA	HU22	t	\N	\N
2089	111	Veszprem	VM	HU39	t	\N	\N
2090	111	Zala	ZA	HU24	t	\N	\N
2091	111	Gyor	GY	HU25	t	\N	\N
2092	111	Bekescsaba	BC	HU26	t	\N	\N
2093	111	Dunaujvaros	DU	HU27	t	\N	\N
2094	111	Eger	EG	HU28	t	\N	\N
2095	111	Hodmezovasarhely	HV	HU29	t	\N	\N
2096	111	Kaposvar	KV	HU30	t	\N	\N
2097	111	Kecskemet	KM	HU31	t	\N	\N
2098	111	Nagykanizsa	NK	HU32	t	\N	\N
2099	111	Nyiregyhaza	NY	HU33	t	\N	\N
2100	111	Sopron	SN	HU34	t	\N	\N
2101	111	Szekesfehervar	SF	HU35	t	\N	\N
2102	111	Szolnok	SK	HU36	t	\N	\N
2103	111	Szombathely	SH	HU37	t	\N	\N
2104	111	Tatabanya	TB	HU38	t	\N	\N
2105	111	Zalaegerszeg	ZE	HU40	t	\N	\N
2106	112	Akranes	AK	IC01	t	\N	\N
2107	112	Akureyri	AU	IC02	t	\N	\N
2108	112	Arnessysla	AR	IC03	t	\N	\N
2109	112	Austur-Bardastrandarsysla	AB	IC04	t	\N	\N
2110	112	Austur-Hunavatnssysla	AH	IC05	t	\N	\N
2111	112	Austur-Skaftafellssysla	AS	IC06	t	\N	\N
2112	112	Borgarfjardarsysla	BF	IC07	t	\N	\N
2113	112	Dalasysla	DS	IC08	t	\N	\N
2114	112	Eyjafjardarsysla	EY	IC09	t	\N	\N
2115	112	Gullbringusysla	GU	IC10	t	\N	\N
2116	112	Hafnarfjordur	HA	IC11	t	\N	\N
2117	112	Husavik	HU	IC12	t	\N	\N
2118	112	Isafjordur	IA	IC13	t	\N	\N
2119	112	Keflavik	KE	IC14	t	\N	\N
2120	112	Kjosarsysla	KJ	IC15	t	\N	\N
2121	112	Kopavogur	KO	IC16	t	\N	\N
2122	112	Myrasysla	MY	IC17	t	\N	\N
2123	112	Neskaupstadur	NE	IC18	t	\N	\N
2124	112	Nordur-Isafjardarsysla	NI	IC19	t	\N	\N
2125	112	Nordur-Mulasysla	NM	IC20	t	\N	\N
2126	112	Nordur-Tingeyjarsysla	NT	IC21	t	\N	\N
2127	112	Olafsfjordur	OL	IC22	t	\N	\N
2128	112	Rang	RA	IC23	t	\N	\N
2129	112	Reykjavik	RE	IC24	t	\N	\N
2130	112	Saudarkrokur	SA	IC25	t	\N	\N
2131	112	Seydisfjordur	SE	IC26	t	\N	\N
2132	112	Siglufjordur	SI	IC27	t	\N	\N
2133	112	Skagafjardarsysla	SG	IC28	t	\N	\N
2134	112	Snafellsnes-og Hnappadalssysla	SH	IC29	t	\N	\N
2135	112	Strandasysla	SD	IC30	t	\N	\N
2136	112	Sudur-Mulasysla	SM	IC31	t	\N	\N
2137	112	Sudur-Tingeyjarsysla	ST	IC32	t	\N	\N
2138	112	Vestmannaeyjar	VE	IC33	t	\N	\N
2139	112	Vestur-Bardastrandarsysla	VB	IC34	t	\N	\N
2140	112	Vestur-Hunavatnssysla	VH	IC35	t	\N	\N
2141	112	Vestur-Isafjardarsysla	VI	IC36	t	\N	\N
2142	112	Vestur-Skaftafellssysla	VS	IC37	t	\N	\N
2143	114	Aceh (Atjeh)	AC	ID01	t	\N	\N
2144	114	Bengkulu	BE	ID03	t	\N	\N
2145	114	Jakarta Raya (Djakarta Raya)	JK	ID04	t	\N	\N
2146	114	Jambi (Djambi)	JA	ID05	t	\N	\N
2147	114	Jawa Barat (Djawa Barat)	JR	ID30	t	\N	\N
2148	114	Jawa Tengah (Djawa Tengah)	JT	ID07	t	\N	\N
2149	114	Jawa Timur (Djawa Timur)	JI	ID08	t	\N	\N
2150	114	Yogyakarta (Jogjakarta)	YO	ID10	t	\N	\N
2151	114	Kalimantan Barat	KB	ID11	t	\N	\N
2152	114	Kalimantan Selatan	KS	ID12	t	\N	\N
2153	114	Kalimantan Tengah	KT	ID13	t	\N	\N
2154	114	Kalimantan Timur	KI	ID14	t	\N	\N
2155	114	Lampung	LA	ID15	t	\N	\N
2156	114	Maluku	MA	ID28	t	\N	\N
2157	114	Nusa Tenggara Barat	NB	ID17	t	\N	\N
2158	114	Nusa Tenggara Timur	NT	ID18	t	\N	\N
2159	114	Riau	RI	ID19	t	\N	\N
2160	114	Sulawesi Selatan	SN	ID20	t	\N	\N
2161	114	Sulawesi Tengah	ST	ID21	t	\N	\N
2162	114	Sulawesi Tenggara	SG	ID22	t	\N	\N
2163	114	Sulawesi Utara	SW	ID31	t	\N	\N
2164	114	Sumatera Barat	SB	ID24	t	\N	\N
2165	114	Sumatera Selatan	SL	ID32	t	\N	\N
2166	114	Sumatera Utara	SU	ID26	t	\N	\N
2168	113	Andaman and Nicobar Islands	AN	IN01	t	\N	\N
2169	113	Andhra Pradesh	AP	IN02	t	\N	\N
2170	113	Assam	AS	IN03	t	\N	\N
2171	113	Bihar	BR	IN34	t	\N	\N
2172	113	Chandigarh	CH	IN05	t	\N	\N
2173	113	Dadra and Nagar Haveli	DN	IN06	t	\N	\N
2174	113	Delhi	DL	IN07	t	\N	\N
2175	113	Gujarat	GJ	IN09	t	\N	\N
2176	113	Haryana	HR	IN10	t	\N	\N
2177	113	Himachal Pradesh	HP	IN11	t	\N	\N
2178	113	Jammu and Kashmir	JK	IN12	t	\N	\N
2179	113	Kerala	KL	IN13	t	\N	\N
2180	113	Lakshadweep	LD	IN14	t	\N	\N
2181	113	Madhya Pradesh	MP	IN35	t	\N	\N
2182	113	Maharashtra	MH	IN16	t	\N	\N
2183	113	Manipur	MM	IN17	t	\N	\N
2184	113	Meghalaya	ML	IN18	t	\N	\N
2185	113	Karnataka	KA	IN19	t	\N	\N
2186	113	Nagaland	NL	IN20	t	\N	\N
2187	113	Orissa	OR	IN21	t	\N	\N
2188	113	Pondicherry	PY	IN22	t	\N	\N
2189	113	Punjab	PB	IN23	t	\N	\N
2190	113	Rajasthan	RJ	IN24	t	\N	\N
2191	113	Tamil Nadu	TN	IN25	t	\N	\N
2192	113	Tripura	TR	IN26	t	\N	\N
2193	113	Uttar Pradesh	UP	IN36	t	\N	\N
2194	113	West Bengal	WB	IN28	t	\N	\N
2195	113	Sikkim	SK	IN29	t	\N	\N
2196	113	Arunachal Pradesh	AR	IN30	t	\N	\N
2197	113	Mizoram	MZ	IN31	t	\N	\N
2198	113	Daman and Diu	DD	IN32	t	\N	\N
2199	113	Goa	GA	IN33	t	\N	\N
2200	115	Azarbayjan-e Gharbi	WA	IR01	t	\N	\N
2202	115	Chahar Ma	CM	IR03	t	\N	\N
2203	115	Sistan va Baluchestan	SB	IR04	t	\N	\N
2335	122	Gumma	GU	JA10	t	\N	\N
2204	115	Kohgiluyeh va Buyer Ahmad	KB	IR05	t	\N	\N
2206	115	Fars	FA	IR07	t	\N	\N
2207	115	Gilan	GI	IR08	t	\N	\N
2208	115	Hamadan	HD	IR09	t	\N	\N
2209	115	Ilam	IL	IR10	t	\N	\N
2210	115	Hormozgan	HG	IR11	t	\N	\N
2212	115	Kermanshah	BK	IR13	t	\N	\N
2213	115	Khuzestan	KZ	IR15	t	\N	\N
2214	115	Kordestan	KD	IR16	t	\N	\N
2215	115	Mazandaran	MN	IR35	t	\N	\N
2219	115	Bushehr	BS	IR22	t	\N	\N
2220	115	Lorestan	LO	IR23	t	\N	\N
2221	115	Markazi	MK	IR34	t	\N	\N
2222	115	Semnan	SM	IR25	t	\N	\N
2223	115	Tehran	TH	IR26	t	\N	\N
2224	115	Zanjan	ZA	IR36	t	\N	\N
2225	115	Esfahan	ES	IR28	t	\N	\N
2226	115	Kerman	KE	IR29	t	\N	\N
2227	115	Khorasan	KR	IR30	t	\N	\N
2228	115	Yazd	YA	IR31	t	\N	\N
2229	115	Ardabil	AR	IR32	t	\N	\N
2230	115	Azarbayjan-e Sharqi	EA	IR33	t	\N	\N
2232	118	HaDarom (Southern)	HD	IS01	t	\N	\N
2233	118	HaMerkaz (Central)	HM	IS02	t	\N	\N
2234	118	Ha	HZ	IS03	t	\N	\N
2235	118	H	HA	IS04	t	\N	\N
2236	118	Tel Aviv	TA	IS05	t	\N	\N
2237	118	Yerushalayim  (Jerusalem)	JM	IS06	t	\N	\N
2238	119	Abruzzi	AB	IT01	t	\N	\N
2239	119	Basilicata	BA	IT02	t	\N	\N
2240	119	Calabria	CA	IT03	t	\N	\N
2241	119	Campania	CM	IT04	t	\N	\N
2242	119	Emilia-Romagna	EM	IT05	t	\N	\N
2243	119	Friuli-Venezia Giulia	FR	IT06	t	\N	\N
2244	119	Lazio	LA	IT07	t	\N	\N
2245	119	Liguria	LI	IT08	t	\N	\N
2246	119	Lombardia	LO	IT09	t	\N	\N
2247	119	Marche	MA	IT10	t	\N	\N
2248	119	Molise	MO	IT11	t	\N	\N
2249	119	Piemonte	PI	IT12	t	\N	\N
2250	119	Puglia	PU	IT13	t	\N	\N
2251	119	Sardegna	SA	IT14	t	\N	\N
2252	119	Sicilia	SI	IT15	t	\N	\N
2253	119	Toscana	TO	IT16	t	\N	\N
2254	119	Trentino-Alto Adige	TR	IT17	t	\N	\N
2255	119	Umbria	UM	IT18	t	\N	\N
2256	119	Valle d'Aosta	VA	IT19	t	\N	\N
2257	119	Veneto	VE	IT20	t	\N	\N
2259	60	Dabakala	DB	IV03	t	\N	\N
2260	60	Aboisso	AO	IV62	t	\N	\N
2261	60	Adzope	AZ	IV05	t	\N	\N
2262	60	Agboville	AV	IV06	t	\N	\N
2263	60	Biankouma	BI	IV07	t	\N	\N
2264	60	Bouna	BO	IV11	t	\N	\N
2265	60	Boundiali	BL	IV12	t	\N	\N
2266	60	Danane	DN	IV14	t	\N	\N
2267	60	Divo	DV	IV16	t	\N	\N
2268	60	Ferkessedougou	FE	IV17	t	\N	\N
2269	60	Gagnoa	GA	IV18	t	\N	\N
2270	60	Katiola	KA	IV20	t	\N	\N
2271	60	Korhogo	KO	IV21	t	\N	\N
2272	60	Odienne	OD	IV23	t	\N	\N
2273	60	Seguela	SE	IV25	t	\N	\N
2274	60	Touba	TO	IV26	t	\N	\N
2275	60	Bongouanou	BG	IV27	t	\N	\N
2276	60	Issia	IS	IV28	t	\N	\N
2277	60	Lakota	LA	IV29	t	\N	\N
2278	60	Mankono	MK	IV30	t	\N	\N
2279	60	Oume	OU	IV31	t	\N	\N
2280	60	Soubre	SO	IV32	t	\N	\N
2281	60	Tingrela	TG	IV33	t	\N	\N
2282	60	Zuenoula	ZU	IV34	t	\N	\N
2283	60	Abidjan	AB	IV61	t	\N	\N
2284	60	Bangolo	BA	IV36	t	\N	\N
2285	60	Beoumi	BE	IV37	t	\N	\N
2286	60	Bondoukou	BD	IV38	t	\N	\N
2287	60	Bouafle	BF	IV39	t	\N	\N
2288	60	Bouake	BK	IV40	t	\N	\N
2289	60	Daloa	DL	IV41	t	\N	\N
2290	60	Daoukro	DO	IV42	t	\N	\N
2291	60	Dimbokro	DI	IV67	t	\N	\N
2292	60	Duekoue	DU	IV44	t	\N	\N
2293	60	Grand-Lahou	GL	IV45	t	\N	\N
2294	60	Guiglo	GU	IV69	t	\N	\N
2295	60	Man	MA	IV47	t	\N	\N
2296	60	Mbahiakro	MB	IV48	t	\N	\N
2297	60	Sakassou	SK	IV49	t	\N	\N
2298	60	San Pedro	SP	IV50	t	\N	\N
2299	60	Sassandra	SA	IV51	t	\N	\N
2300	60	Sinfra	SI	IV52	t	\N	\N
2301	60	Tabou	TA	IV53	t	\N	\N
2302	60	Tanda	TD	IV54	t	\N	\N
2303	60	Tiassale	TI	IV55	t	\N	\N
2304	60	Toumodi	TM	IV56	t	\N	\N
2305	60	Vavoua	VA	IV57	t	\N	\N
2306	60	Yamoussoukro	YA	IV73	t	\N	\N
2307	60	Agnilbilekrou	AG	IV60	t	\N	\N
2308	116	Al Anbar	AN	IZ01	t	\N	\N
2309	116	Al Basrah	BA	IZ02	t	\N	\N
2310	116	Al Muthann	MU	IZ03	t	\N	\N
2311	116	Al Qadisiyah	QA	IZ04	t	\N	\N
2312	116	As Sulaymaniyah	SU	IZ05	t	\N	\N
2313	116	Babil	BB	IZ06	t	\N	\N
2314	116	Baghdad	BG	IZ07	t	\N	\N
2315	116	Dahuk	DA	IZ08	t	\N	\N
2316	116	Dhi Qar	DQ	IZ09	t	\N	\N
2317	116	Diyala	DI	IZ10	t	\N	\N
2318	116	Arbil	AR	IZ11	t	\N	\N
2319	116	Karbala'	KA	IZ12	t	\N	\N
2320	116	At Ta'mim	TS	IZ13	t	\N	\N
2321	116	Maysan	MA	IZ14	t	\N	\N
2322	116	Ninawa	NI	IZ15	t	\N	\N
2323	116	Wasit	WA	IZ16	t	\N	\N
2324	116	An Najaf	NA	IZ17	t	\N	\N
2325	116	S	SD	IZ18	t	\N	\N
2326	122	Aichi	AI	JA01	t	\N	\N
2327	122	Akita	AK	JA02	t	\N	\N
2328	122	Aomori	AM	JA03	t	\N	\N
2329	122	Chiba	CH	JA04	t	\N	\N
2330	122	Ehime	EH	JA05	t	\N	\N
2331	122	Fukui	FU	JA06	t	\N	\N
2332	122	Fukuoka	FK	JA07	t	\N	\N
2333	122	Fukushima	FS	JA08	t	\N	\N
2334	122	Gifu	GI	JA09	t	\N	\N
2336	122	Hiroshima	HI	JA11	t	\N	\N
2337	122	Hokkaido	HO	JA12	t	\N	\N
2338	122	Hyogo	HY	JA13	t	\N	\N
2339	122	Ibaraki	IB	JA14	t	\N	\N
2340	122	Ishikawa	IS	JA15	t	\N	\N
2341	122	Iwate	IW	JA16	t	\N	\N
2342	122	Kagawa	KA	JA17	t	\N	\N
2343	122	Kagoshima	KG	JA18	t	\N	\N
2344	122	Kanagawa	KN	JA19	t	\N	\N
2345	122	Kochi	KO	JA20	t	\N	\N
2346	122	Kumamoto	KU	JA21	t	\N	\N
2347	122	Kyoto	KY	JA22	t	\N	\N
2348	122	Mie	MI	JA23	t	\N	\N
2349	122	Miyagi	MY	JA24	t	\N	\N
2350	122	Miyazaki	MZ	JA25	t	\N	\N
2351	122	Nagano	NA	JA26	t	\N	\N
2352	122	Nagasaki	NG	JA27	t	\N	\N
2353	122	Nara	NR	JA28	t	\N	\N
2354	122	Niigata	NI	JA29	t	\N	\N
2355	122	Oita	OI	JA30	t	\N	\N
2356	122	Okayama	OK	JA31	t	\N	\N
2357	122	Osaka	OS	JA32	t	\N	\N
2358	122	Saga	SA	JA33	t	\N	\N
2359	122	Saitama	SI	JA34	t	\N	\N
2360	122	Shiga	SH	JA35	t	\N	\N
2361	122	Shimane	SM	JA36	t	\N	\N
2362	122	Shizuoka	SZ	JA37	t	\N	\N
2363	122	Tochigi	TO	JA38	t	\N	\N
2364	122	Tokushima	TK	JA39	t	\N	\N
2365	122	Tokyo	TY	JA40	t	\N	\N
2366	122	Tottori	TT	JA41	t	\N	\N
2367	122	Toyama	TA	JA42	t	\N	\N
2368	122	Wakayama	WA	JA43	t	\N	\N
2369	122	Yamagata	YA	JA44	t	\N	\N
2370	122	Yamaguchi	YM	JA45	t	\N	\N
2371	122	Yamanashi	YN	JA46	t	\N	\N
2372	122	Okinawa	ON	JA47	t	\N	\N
2373	120	Clarendon	CL	JM01	t	\N	\N
2374	120	Hanover	HA	JM02	t	\N	\N
2375	120	Manchester	MA	JM04	t	\N	\N
2376	120	Portland	PO	JM07	t	\N	\N
2377	120	Saint Andrew	SD	JM08	t	\N	\N
2378	120	Saint Ann	SN	JM09	t	\N	\N
2379	120	Saint Catherine	SC	JM10	t	\N	\N
2380	120	Saint Elizabeth	SE	JM11	t	\N	\N
2381	120	Saint James	SJ	JM12	t	\N	\N
2382	120	Saint Mary	SM	JM13	t	\N	\N
2383	120	Saint Thomas	ST	JM14	t	\N	\N
2384	120	Trelawny	TR	JM15	t	\N	\N
2385	120	Westmoreland	WE	JM16	t	\N	\N
2386	120	Kingston	KI	JM17	t	\N	\N
2387	126	Al Balqa'	BA	JO02	t	\N	\N
2388	126	Ma'an	MN	JO19	t	\N	\N
2389	126	Al Karak	KA	JO09	t	\N	\N
2390	126	Al Mafraq	MA	JO15	t	\N	\N
2391	126	'Amman	AM	JO16	t	\N	\N
2392	126	At Tafilah	AT	JO12	t	\N	\N
2393	126	Az Zaraq	AZ	JO17	t	\N	\N
2394	126	Irbid	IR	JO18	t	\N	\N
2395	129	Central	CE	KE01	t	\N	\N
2396	129	Coast	CO	KE02	t	\N	\N
2397	129	Eastern	EA	KE03	t	\N	\N
2398	129	Nairobi Area	NA	KE05	t	\N	\N
2399	129	NorthEastern	NE	KE06	t	\N	\N
2400	129	Nyanza	NY	KE07	t	\N	\N
2401	129	Rift Valley	RV	KE08	t	\N	\N
2402	129	Western	WE	KE09	t	\N	\N
2403	135	Bishkek	BI	KG01	t	\N	\N
2404	135	Chuy	CH	KG02	t	\N	\N
2405	135	Jalal-Abad	DA	KG03	t	\N	\N
2406	135	Naryn	NA	KG04	t	\N	\N
2407	135	Osh	OS	KG08	t	\N	\N
2408	135	Talas	TL	KG06	t	\N	\N
2409	135	Ysyk-Kol	YK	KG07	t	\N	\N
2410	132	Chagang-do	CH	KN01	t	\N	\N
2411	132	Hamgyong-namdo	HN	KN03	t	\N	\N
2412	132	Hwanghae-namdo	WN	KN06	t	\N	\N
2413	132	Hwanghae-bukto	WB	KN07	t	\N	\N
2414	132	Kaesong-si	KS	KN08	t	\N	\N
2415	132	Kangwon-do	KW	KN09	t	\N	\N
2416	132	P'yongan-namdo	PN	KN15	t	\N	\N
2417	132	P'yongyang-si	PY	KN12	t	\N	\N
2418	132	Yanggang-do	YG	KN13	t	\N	\N
2419	132	Namp'o-si	NP	KN14	t	\N	\N
2420	132	Hamgyong-bukto	HG	KN17	t	\N	\N
2421	131	Gilbert Islands	GI	KR01	t	\N	\N
2422	131	Line Islands	LI	KR02	t	\N	\N
2423	131	Phoenix Islands	PI	KR03	t	\N	\N
2424	133	Cheju-do	CJ	KS01	t	\N	\N
2425	133	Cholla-bukto	CB	KS03	t	\N	\N
2426	133	Ch'ungch'ong-bukto	GB	KS05	t	\N	\N
2427	133	Kangwon-do	KW	KS06	t	\N	\N
2428	133	Kyongsang-namdo	KN	KS20	t	\N	\N
2429	133	Pusan-gwangyoksi	PU	KS10	t	\N	\N
2430	133	Soul-t'ukpyolsi	SO	KS11	t	\N	\N
2431	133	Inch'on-gwangyoksi	IN	KS12	t	\N	\N
2432	133	Kyonggi-do	KG	KS13	t	\N	\N
2433	133	Kyongsang-bukto	KB	KS14	t	\N	\N
2434	133	Taegu-gwangyoksi	TG	KS15	t	\N	\N
2435	133	Cholla-namdo	CN	KS16	t	\N	\N
2436	133	Ch'ungch'ong-namdo	GN	KS17	t	\N	\N
2437	133	Kwangju-gwangyoksi	KJ	KS18	t	\N	\N
2438	133	Taejon-gwangyoksi	TJ	KS19	t	\N	\N
2439	134	Al Kuwayt	KU	KU02	t	\N	\N
2441	134	Hawalli	HA	KU03	t	\N	\N
2442	134	Al Ahmadi	AH	KU04	t	\N	\N
2443	134	Al Jahra'	JA	KU05	t	\N	\N
2444	134	Al Farwaniyah	FA	KU06	t	\N	\N
2445	128	Almaty	AC	KZ02	t	\N	\N
2446	128	Aqmola	AM	KZ03	t	\N	\N
2447	128	Aqtobe	AT	KZ04	t	\N	\N
2448	128	Astana	AS	KZ05	t	\N	\N
2449	128	Atyrau	AR	KZ06	t	\N	\N
2450	128	Batys Qazaqstan	BQ	KZ07	t	\N	\N
2451	128	Bayqongyr	BY	KZ08	t	\N	\N
2452	128	Mangghystau	MG	KZ09	t	\N	\N
2453	128	Ongtustik Qazaqstan	OQ	KZ10	t	\N	\N
2454	128	Pavlodar	PA	KZ11	t	\N	\N
2455	128	Qaraghandy	QG	KZ12	t	\N	\N
2456	128	Qostanay	QS	KZ13	t	\N	\N
2457	128	Qyzylorda	QO	KZ14	t	\N	\N
2458	128	Shyghys Qazaqstan	SQ	KZ15	t	\N	\N
2459	128	Soltustik Qazaqstan	SA	KZ16	t	\N	\N
2460	128	Zhambyl	ZM	KZ17	t	\N	\N
2464	136	Attapu	AT	LA01	t	\N	\N
2465	136	Champasak	CH	LA02	t	\N	\N
2466	136	Houaphan	HO	LA03	t	\N	\N
2467	136	Oudomxai	OU	LA07	t	\N	\N
2468	136	Xiagnabouli	XA	LA13	t	\N	\N
2469	136	Xiangkhoang	XI	LA14	t	\N	\N
2470	136	Khammouan	KH	LA15	t	\N	\N
2471	136	Louangnamtha	LM	LA16	t	\N	\N
2472	136	Louangphabang	LP	LA17	t	\N	\N
2473	136	Phongsali	PH	LA18	t	\N	\N
2474	136	Salavan	SL	LA19	t	\N	\N
2475	136	Savannakhet	SV	LA20	t	\N	\N
2476	136	Bokeo	BK	LA22	t	\N	\N
2477	136	Bolikhamxai	BL	LA23	t	\N	\N
2478	136	Viangchan	VI	LA27	t	\N	\N
2479	136	Xaisomboun	XS	LA25	t	\N	\N
2480	136	Xekong	XE	LA26	t	\N	\N
2481	138	Beqaa	BI	LE01	t	\N	\N
2482	138	Liban-Sud	JA	LE06	t	\N	\N
2483	138	Liban-Nord	AS	LE03	t	\N	\N
2484	138	Beyrouth	BA	LE04	t	\N	\N
2485	138	Mont-Liban	JL	LE05	t	\N	\N
2486	137	Aizjrayjkes Rajons	AI	LG01	t	\N	\N
2487	137	Aluksnes Rajons	AL	LG02	t	\N	\N
2488	137	Balvu Rajons	BL	LG03	t	\N	\N
2489	137	Bauskas Rajons	BU	LG04	t	\N	\N
2490	137	Cesu Rajons	CE	LG05	t	\N	\N
2491	137	Daugavpils	DA	LG06	t	\N	\N
2492	137	Daugavpils Rajons	DU	LG07	t	\N	\N
2493	137	Dobeles Rajons	DO	LG08	t	\N	\N
2494	137	Gulbenes Rajons	GU	LG09	t	\N	\N
2495	137	Jekabpils Rajons	JK	LG10	t	\N	\N
2496	137	Jelgava	JE	LG11	t	\N	\N
2497	137	Jelgavas Rajons	JL	LG12	t	\N	\N
2498	137	Jurmala	JU	LG13	t	\N	\N
2499	137	Kraslavas Rajons	KR	LG14	t	\N	\N
2500	137	Kuldigas Rajons	KU	LG15	t	\N	\N
2501	137	Liepaja	LI	LG16	t	\N	\N
2502	137	Liepajas Rajons	LE	LG17	t	\N	\N
2503	137	Limbazu Rajons	LM	LG18	t	\N	\N
2504	137	Ludzas Rajons	LU	LG19	t	\N	\N
2505	137	Madonas Rajons	MA	LG20	t	\N	\N
2506	137	Ogres Rajons	OG	LG21	t	\N	\N
2507	137	Preiju Rajons	PR	LG22	t	\N	\N
2508	137	Rezekne	RE	LG23	t	\N	\N
2509	137	Rezeknes Rajons	RA	LG24	t	\N	\N
2510	137	Riga	RI	LG25	t	\N	\N
2511	137	Rigas Rajons	RG	LG26	t	\N	\N
2512	137	Saldus Rajons	SA	LG27	t	\N	\N
2513	137	Talsu Rajons	TA	LG28	t	\N	\N
2514	137	Tukuma Rajons	TU	LG29	t	\N	\N
2515	137	Valkas Rajons	VK	LG30	t	\N	\N
2516	137	Valmieras Rajons	VM	LG31	t	\N	\N
2517	137	Ventspils	VE	LG32	t	\N	\N
2518	137	Ventspils Rajons	VN	LG33	t	\N	\N
2521	143	Alytaus Apskritis	AL	LH56	t	\N	\N
2531	143	Kauno Apskritis	KU	LH57	t	\N	\N
2535	143	Klaipedos Apskritis	KL	LH58	t	\N	\N
2540	143	Marijampoles Apskritis	MR	LH59	t	\N	\N
2548	143	Panevezio Apskritis	PN	LH60	t	\N	\N
2557	143	Siauliu Apskritis	SA	LH61	t	\N	\N
2564	143	Taurages Apskritis	TA	LH62	t	\N	\N
2565	143	Telsiu Apskritis	TE	LH63	t	\N	\N
2568	143	Utenos Apskritis	UT	LH64	t	\N	\N
2572	143	Vilniaus Apskritis	VL	LH65	t	\N	\N
2574	140	Bong	BG	LI01	t	\N	\N
2575	140	Grand Gedeh	GG	LI02	t	\N	\N
2576	140	Lofa	LO	LI05	t	\N	\N
2578	140	Nimba	NI	LI09	t	\N	\N
2579	140	Sinoe	SI	LI10	t	\N	\N
2580	140	Grand Bassa	GB	LI11	t	\N	\N
2581	140	Grand Cape Mount	CM	LI12	t	\N	\N
2582	140	Maryland	MY	LI13	t	\N	\N
2583	140	Montserrado	MO	LI14	t	\N	\N
2584	140	Bomi	BM	LI15	t	\N	\N
2585	140	Grand Kru	GK	LI16	t	\N	\N
2586	140	Margibi	MG	LI17	t	\N	\N
2587	140	River Cess	RI	LI18	t	\N	\N
2588	220	Banskobystricky	BC	LO01	t	\N	\N
2589	220	Bratislavsky	BL	LO02	t	\N	\N
2590	220	Kosicky	KI	LO03	t	\N	\N
2591	220	Nitrinsky	NI	LO04	t	\N	\N
2592	220	Presovsky	PV	LO05	t	\N	\N
2593	220	Treciansky	TC	LO06	t	\N	\N
2594	220	Trnavsky	TA	LO07	t	\N	\N
2595	220	Zilinsky	ZI	LO08	t	\N	\N
2596	142	Balzers	BA	LS01	t	\N	\N
2597	142	Eschen	ES	LS02	t	\N	\N
2598	142	Gamprin	GA	LS03	t	\N	\N
2599	142	Mauren	MA	LS04	t	\N	\N
2600	142	Planken	PL	LS05	t	\N	\N
2601	142	Ruggell	RU	LS06	t	\N	\N
2602	142	Schaan	SN	LS07	t	\N	\N
2603	142	Schellenberg	SB	LS08	t	\N	\N
2604	142	Triesen	TN	LS09	t	\N	\N
2605	142	Triesenberg	TB	LS10	t	\N	\N
2606	142	Vaduz	VA	LS11	t	\N	\N
2613	139	Berea	BE	LT10	t	\N	\N
2614	139	Butha-Buthe	BB	LT11	t	\N	\N
2615	139	Leribe	LE	LT12	t	\N	\N
2616	139	Mafeteng	MF	LT13	t	\N	\N
2617	139	Maseru	MS	LT14	t	\N	\N
2618	139	Mohale's Hoek	MH	LT15	t	\N	\N
2619	139	Mokhotlong	MK	LT16	t	\N	\N
2620	139	Qacha's Hoek	QN	LT17	t	\N	\N
2621	139	Quthing	QT	LT18	t	\N	\N
2622	139	Thaba-Tseka	TT	LT19	t	\N	\N
2623	144	Diekirch	DI	LU01	t	\N	\N
2624	144	Grevenmacher	GR	LU02	t	\N	\N
2625	144	Luxembourg	LU	LU03	t	\N	\N
2627	141	Al 'Aziziyah	AZ	LY03	t	\N	\N
2629	141	Al Jufrah	JU	LY05	t	\N	\N
2631	141	Al Kufrah	KU	LY08	t	\N	\N
2636	141	Ash Shati'	SH	LY13	t	\N	\N
2646	141	Murzuq	MU	LY30	t	\N	\N
2650	141	Sabha	SB	LY34	t	\N	\N
2655	141	Tarhunah	TH	LY41	t	\N	\N
2656	141	T	TU	LY42	t	\N	\N
2658	141	Zlitan	ZL	LY45	t	\N	\N
2660	141	Ajdabiya	AJ	LY47	t	\N	\N
2661	141	Al Fatih	FA	LY48	t	\N	\N
2662	141	Al Jabal al Akhdar	JA	LY49	t	\N	\N
2663	141	Al Khums	KH	LY50	t	\N	\N
2664	141	An Nuqat al Khams	NK	LY51	t	\N	\N
2665	141	Awbari	AW	LY52	t	\N	\N
2666	141	Az Zawiyah	ZA	LY53	t	\N	\N
2667	141	Banghazi	BA	LY54	t	\N	\N
2668	141	Darnah	DA	LY55	t	\N	\N
2669	141	Ghadamis	GD	LY56	t	\N	\N
2670	141	Gharyan	GR	LY57	t	\N	\N
2671	141	Misratah	MI	LY58	t	\N	\N
2672	141	Sawfajjin	SF	LY59	t	\N	\N
2673	141	Surt	SU	LY60	t	\N	\N
2674	141	Tarabulus	TB	LY61	t	\N	\N
2675	141	Yafran	YA	LY62	t	\N	\N
2676	147	Antsiranana	AS	MA01	t	\N	\N
2677	147	Fianarantsoa	FI	MA02	t	\N	\N
2678	147	Mahajanga	MA	MA03	t	\N	\N
2679	147	Toamasina	TM	MA04	t	\N	\N
2680	147	Antananarivo	AV	MA05	t	\N	\N
2681	147	Toliara	TL	MA06	t	\N	\N
2682	145	Ilhas	IL	MC01	t	\N	\N
2683	145	Macau	MA	MC02	t	\N	\N
2685	163	Balti	BL	MD46	t	\N	\N
2689	163	Cahul	CG	MD47	t	\N	\N
2696	163	Chisinau	CE	MD48	t	\N	\N
2702	163	Stinga Nistrului	DU	MD49	t	\N	\N
2703	163	Edinet	ET	MD50	t	\N	\N
2706	163	Gagauzia	GA	MD51	t	\N	\N
2714	163	Orhei	OR	MD53	t	\N	\N
2721	163	Soroca	SR	MD54	t	\N	\N
2727	163	Ungheni	UN	MD56	t	\N	\N
2729	165	Arhangay	AR	MG01	t	\N	\N
2730	165	Bayanhongor	BH	MG02	t	\N	\N
2731	165	Bayan-Olgiy	BO	MG03	t	\N	\N
2734	165	Dornogovi	DG	MG07	t	\N	\N
2735	165	Dundgovi	DU	MG08	t	\N	\N
2736	165	Dzavhan	DZ	MG09	t	\N	\N
2737	165	Govi-Altay	GA	MG10	t	\N	\N
2738	165	Hentiy	HN	MG11	t	\N	\N
2739	165	Omnogovi	OG	MG14	t	\N	\N
2740	165	Ovorhangay	OH	MG15	t	\N	\N
2741	165	Ulaanbaatar	UB	MG20	t	\N	\N
2742	165	Orhon	ER	MG25	t	\N	\N
2743	167	Saint Anthony	SA	MH01	t	\N	\N
2744	167	Saint Georges	SG	MH02	t	\N	\N
2745	167	Saint Peter	SP	MH03	t	\N	\N
2746	148	Chikwawa	CK	MI02	t	\N	\N
2747	148	Chiradzulu	CR	MI03	t	\N	\N
2748	148	Chitipa	CT	MI04	t	\N	\N
2749	148	Thyolo	TH	MI05	t	\N	\N
2750	148	Dedza	DE	MI06	t	\N	\N
2751	148	Dowa	DO	MI07	t	\N	\N
2752	148	Karonga	KR	MI08	t	\N	\N
2753	148	Kasungu	KS	MI09	t	\N	\N
2754	148	Machinga (Kasupe)	MA	MI10	t	\N	\N
2755	148	Lilongwe	LI	MI11	t	\N	\N
2756	148	Mangochi (Fort Johnston)	MG	MI12	t	\N	\N
2757	148	Mchinji	MC	MI13	t	\N	\N
2758	148	Mulanje (Mlange)	MJ	MI14	t	\N	\N
2759	148	Mzimba	MZ	MI15	t	\N	\N
2760	148	Ntcheu	NU	MI16	t	\N	\N
2761	148	Nkhata Bay	NA	MI17	t	\N	\N
2762	148	Nkhotakota	NK	MI18	t	\N	\N
2763	148	Nsanje	NS	MI19	t	\N	\N
2764	148	Ntchisi (Nchisi)	NI	MI20	t	\N	\N
2765	148	Rumphi (Rumpil)	RU	MI21	t	\N	\N
2766	148	Salima	SA	MI22	t	\N	\N
2767	148	Zomba	ZO	MI23	t	\N	\N
2768	148	Blantyre	BL	MI24	t	\N	\N
2769	148	Mwanza	MN	MI25	t	\N	\N
2770	151	Bamako	BA	ML01	t	\N	\N
2771	151	Gao	GA	ML02	t	\N	\N
2772	151	Kayes	KY	ML03	t	\N	\N
2773	151	Mopti	MO	ML04	t	\N	\N
2774	151	Segou	SG	ML05	t	\N	\N
2775	151	Sikasso	SK	ML06	t	\N	\N
2776	151	Koulikoro	KK	ML07	t	\N	\N
2777	151	Tombouctou	TB	ML08	t	\N	\N
2781	168	Agadir	AG	MO01	t	\N	\N
2782	168	Al Hoce	AH	MO02	t	\N	\N
2783	168	Azilal	AZ	MO03	t	\N	\N
2784	168	Ben Slimane	BS	MO04	t	\N	\N
2785	168	Beni Mellal	BM	MO05	t	\N	\N
2786	168	Boulemane	BO	MO06	t	\N	\N
2787	168	Casablanca	CA	MO07	t	\N	\N
2788	168	Chaouen	CH	MO08	t	\N	\N
2789	168	El Jadida	EJ	MO09	t	\N	\N
2790	168	El Kelaa des Sraghna	EK	MO10	t	\N	\N
2791	168	Er Rachidia	ER	MO11	t	\N	\N
2792	168	Essaouira	ES	MO12	t	\N	\N
2793	168	Fes	FE	MO13	t	\N	\N
2794	168	Figuig	FI	MO14	t	\N	\N
2795	168	Kenitra	KE	MO15	t	\N	\N
2796	168	Khemisset	KH	MO16	t	\N	\N
2797	168	Khenifra	KN	MO17	t	\N	\N
2798	168	Khouribga	KO	MO18	t	\N	\N
2799	168	Marrakech	MR	MO19	t	\N	\N
2800	168	Meknes	ME	MO20	t	\N	\N
2801	168	Nador	NA	MO21	t	\N	\N
2802	168	Ouarzazate	OU	MO22	t	\N	\N
2803	168	Oujda	OJ	MO23	t	\N	\N
2804	168	Rabat-Sale	RA	MO24	t	\N	\N
2805	168	Safi	SA	MO25	t	\N	\N
2806	168	Settat	SE	MO26	t	\N	\N
2807	168	Tanger	TG	MO27	t	\N	\N
2808	168	Tata	TT	MO29	t	\N	\N
2809	168	Taza	TZ	MO30	t	\N	\N
2810	168	Tiznit	TI	MO32	t	\N	\N
2811	168	Guelmim	GU	MO42	t	\N	\N
2812	168	Ifrane	IF	MO34	t	\N	\N
2813	168	Laayoune	LA	MO35	t	\N	\N
2814	168	Tan-Tan	TN	MO36	t	\N	\N
2815	168	Taounate	TO	MO37	t	\N	\N
2816	168	Sidi Kacem	SK	MO38	t	\N	\N
2817	168	Taroudannt	TA	MO39	t	\N	\N
2818	168	Tetouan	TE	MO40	t	\N	\N
2819	168	Larache	LR	MO41	t	\N	\N
2820	168	Assa-Zag	AS	MO43	t	\N	\N
2821	168	Es Smara	EM	MO44	t	\N	\N
2822	157	Black River	BL	MP12	t	\N	\N
2823	157	Flacq	FL	MP13	t	\N	\N
2824	157	Grand Port	GP	MP14	t	\N	\N
2825	157	Moka	MO	MP15	t	\N	\N
2826	157	Pamplemousses	PA	MP16	t	\N	\N
2827	157	Plaines Wilhems	PW	MP17	t	\N	\N
2828	157	Port Louis	PL	MP18	t	\N	\N
2829	157	Rivi	RR	MP19	t	\N	\N
2830	157	Savanne	SA	MP20	t	\N	\N
2831	157	Agalega Islands	AG	MP21	t	\N	\N
2832	157	Cargados Carajos	CC	MP22	t	\N	\N
2833	157	Rodrigues	RO	MP23	t	\N	\N
2834	156	Hodh Ech Chargui	HC	MR01	t	\N	\N
2835	156	Hodh El Gharbi	HG	MR02	t	\N	\N
2836	156	Assaba	AS	MR03	t	\N	\N
2837	156	Gorgol	GO	MR04	t	\N	\N
2838	156	Brakna	BR	MR05	t	\N	\N
2839	156	Trarza	TR	MR06	t	\N	\N
2840	156	Adrar	AD	MR07	t	\N	\N
2841	156	Dakhlet Nouadhibou	DN	MR08	t	\N	\N
2842	156	Tagant	TG	MR09	t	\N	\N
2843	156	Guidimaka	GD	MR10	t	\N	\N
2844	156	Tiris Zemmour	TZ	MR11	t	\N	\N
2845	156	Inchiri	IN	MR12	t	\N	\N
2846	186	Ad Dakhiliyah	DA	MU01	t	\N	\N
2847	186	Al Batinah	BA	MU02	t	\N	\N
2848	186	Al Wusta	WU	MU03	t	\N	\N
2849	186	Ash Sharqiyah	SH	MU04	t	\N	\N
2850	186	Az Zahirah	ZA	MU05	t	\N	\N
2851	186	Masqat	MA	MU06	t	\N	\N
2852	186	Musandam	MU	MU07	t	\N	\N
2853	186	Zufar	JA	MU08	t	\N	\N
2854	150	Seenu	SE	MV01	t	\N	\N
2858	150	Laamu	LM	MV05	t	\N	\N
2860	150	Thaa	TH	MV46	t	\N	\N
2862	150	Raa	RA	MV44	t	\N	\N
2865	150	Baa	BA	MV31	t	\N	\N
2867	150	Shaviyani	SH	MV45	t	\N	\N
2868	150	Noonu	NO	MV43	t	\N	\N
2869	150	Kaafu	KA	MV38	t	\N	\N
2873	150	Alifu	AA	MV30	t	\N	\N
2874	150	Dhaalu	DA	MV32	t	\N	\N
2875	150	Faafa	FA	MV33	t	\N	\N
2876	150	Gaafu Alifu	GA	MV34	t	\N	\N
2877	150	Gaafu Dhaalu	GD	MV35	t	\N	\N
2878	150	Haa Alifu	HA	MV36	t	\N	\N
2879	150	Haa Dhaalu	HD	MV37	t	\N	\N
2880	150	Lhaviyani	LV	MV39	t	\N	\N
2881	150	Maale	MA	MV40	t	\N	\N
2882	150	Meenu	ME	MV41	t	\N	\N
2883	150	Gnaviyani	NA	MV42	t	\N	\N
2884	150	Vaavu	WA	MV47	t	\N	\N
2885	159	Aguascalientes	AG	MX01	t	\N	\N
2886	159	Campeche	CM	MX04	t	\N	\N
2887	159	Coahuila de Zaragoza	CA	MX07	t	\N	\N
2888	159	Distrito Federal	DF	MX09	t	\N	\N
2889	159	Mexico	MX	MX15	t	\N	\N
2890	159	Michoacan de Ocampo	MC	MX16	t	\N	\N
2891	159	Nayarit	NA	MX18	t	\N	\N
2892	159	Puebla	PU	MX21	t	\N	\N
2893	159	Queretaro de Arteaga	QE	MX22	t	\N	\N
2894	159	Sinaloa	SI	MX25	t	\N	\N
2895	159	Veracruz-Llave	VE	MX30	t	\N	\N
2896	159	Yucatan	YU	MX31	t	\N	\N
2897	149	Johor	JH	MY01	t	\N	\N
2898	149	Kedah	KH	MY02	t	\N	\N
2899	149	Kelantan	KN	MY03	t	\N	\N
2900	149	Melaka	ME	MY04	t	\N	\N
2901	149	Negeri Sembilan	NS	MY05	t	\N	\N
2902	149	Pahang	PH	MY06	t	\N	\N
2903	149	Perak	PK	MY07	t	\N	\N
2904	149	Perlis	PL	MY08	t	\N	\N
2905	149	Pulau Pinang	PG	MY09	t	\N	\N
2906	149	Sarawak	SK	MY11	t	\N	\N
2907	149	Selangor	SL	MY12	t	\N	\N
2908	149	Terengganu	TE	MY13	t	\N	\N
2909	149	Wilayah Persekutuan	KL	MY14	t	\N	\N
2910	149	Labuan	LA	MY15	t	\N	\N
2911	149	Sabah	SA	MY16	t	\N	\N
2912	169	Cabo Delgado	CD	MZ01	t	\N	\N
2913	169	Gaza	GA	MZ02	t	\N	\N
2914	169	Inhambane	IN	MZ03	t	\N	\N
2915	169	Maputo	MP	MZ04	t	\N	\N
2916	169	Sofala	SO	MZ05	t	\N	\N
2917	169	Nampula	NM	MZ06	t	\N	\N
2918	169	Niassa	NS	MZ07	t	\N	\N
2919	169	Tete	TE	MZ08	t	\N	\N
2920	169	Zambezia	ZA	MZ09	t	\N	\N
2921	169	Manica	MN	MZ10	t	\N	\N
2922	180	Agadez	AG	NG01	t	\N	\N
2923	180	Diffa	DF	NG02	t	\N	\N
2924	180	Dosso	DS	NG03	t	\N	\N
2925	180	Maradi	MA	NG04	t	\N	\N
2926	180	Niamey	NI	NG08	t	\N	\N
2927	180	Tahoua	TH	NG06	t	\N	\N
2928	180	Zinder	ZI	NG07	t	\N	\N
2929	180	Tillaberi	TL	NG09	t	\N	\N
2931	258	Aoba//Maewo	AO	NH06	t	\N	\N
2932	258	Torba	TR	NH07	t	\N	\N
2938	258	Sanma	SN	NH13	t	\N	\N
2940	258	Tafea	TF	NH15	t	\N	\N
2941	181	Lagos	LA	NI05	t	\N	\N
2942	181	Bauchi	BA	NI46	t	\N	\N
2943	181	Rivers	RI	NI50	t	\N	\N
2944	181	Abuja Capital Territory	FC	NI11	t	\N	\N
2946	181	Ogun	OG	NI16	t	\N	\N
2947	181	Ondo	ON	NI48	t	\N	\N
2949	181	Plateau	PL	NI49	t	\N	\N
2951	181	Akwa Ibom	AK	NI21	t	\N	\N
2952	181	Cross River	CR	NI22	t	\N	\N
2953	181	Kaduna	KD	NI23	t	\N	\N
2955	181	Anambra	AN	NI25	t	\N	\N
2956	181	Benue	BE	NI26	t	\N	\N
2957	181	Borno	BO	NI27	t	\N	\N
2959	181	Kano	KN	NI29	t	\N	\N
2960	181	Kwara	KW	NI30	t	\N	\N
2961	181	Niger	NI	NI31	t	\N	\N
2962	181	Oyo	OY	NI32	t	\N	\N
2963	181	Sokoto	SO	NI51	t	\N	\N
2964	181	Abia	AB	NI45	t	\N	\N
2965	181	Adamawa	AD	NI35	t	\N	\N
2966	181	Delta	DE	NI36	t	\N	\N
2967	181	Edo	ED	NI37	t	\N	\N
2968	181	Enugu	EN	NI47	t	\N	\N
2969	181	Jigawa	JI	NI39	t	\N	\N
2970	181	Kebbi	KE	NI40	t	\N	\N
2971	181	Kogi	KO	NI41	t	\N	\N
2972	181	Osun	OS	NI42	t	\N	\N
2973	181	Taraba	TA	NI43	t	\N	\N
2974	181	Yobe	YO	NI44	t	\N	\N
2975	175	Drenthe	DR	NL01	t	\N	\N
2976	175	Friesland	FR	NL02	t	\N	\N
2977	175	Gelderland	GE	NL03	t	\N	\N
2978	175	Groningen	GR	NL04	t	\N	\N
2979	175	Limburg	LI	NL05	t	\N	\N
2980	175	Noord-Brabant	NB	NL06	t	\N	\N
2981	175	Noord-Holland	NH	NL07	t	\N	\N
2982	175	Overijssel	OV	NL15	t	\N	\N
2983	175	Utrecht	UT	NL09	t	\N	\N
2984	175	Zeeland	ZE	NL10	t	\N	\N
2985	175	Zuid-Holland	ZH	NL11	t	\N	\N
2989	175	Flevoland	FL	NL16	t	\N	\N
2990	185	Akershus	AK	NO01	t	\N	\N
2991	185	Aust-Agder	AA	NO02	t	\N	\N
2992	185	Buskerud	BU	NO04	t	\N	\N
2993	185	Finnmark	FI	NO05	t	\N	\N
2994	185	Hedmark	HE	NO06	t	\N	\N
2995	185	Hordaland	HO	NO07	t	\N	\N
2996	185	More og Romsdal	MR	NO08	t	\N	\N
2997	185	Nordland	NL	NO09	t	\N	\N
2998	185	Nord-Trondelag	NR	NO10	t	\N	\N
2999	185	Oppland	OP	NO11	t	\N	\N
3000	185	Oslo	OS	NO12	t	\N	\N
3001	185		OF	NO13	t	\N	\N
3002	185	Rogaland	RO	NO14	t	\N	\N
3003	185	Sogn og Fjordane	SF	NO15	t	\N	\N
3004	185	Sor-Trondelag	ST	NO16	t	\N	\N
3005	185	Telemark	TE	NO17	t	\N	\N
3006	185	Troms	TR	NO18	t	\N	\N
3007	185	Vest-Agder	VA	NO19	t	\N	\N
3008	185	Vestfold	VF	NO20	t	\N	\N
3009	174	Bagmati	BA	NP01	t	\N	\N
3010	174	Bheri	BH	NP02	t	\N	\N
3011	174	Dhawalagiri	DH	NP03	t	\N	\N
3012	174	Gandaki	GA	NP04	t	\N	\N
3013	174	Janakpur	JA	NP05	t	\N	\N
3014	174	Karnali	KA	NP06	t	\N	\N
3015	174	Kosi	KO	NP07	t	\N	\N
3016	174	Lumbini	LU	NP08	t	\N	\N
3017	174	Mahakali	MA	NP09	t	\N	\N
3018	174	Mechi	ME	NP10	t	\N	\N
3019	174	Narayani	NA	NP11	t	\N	\N
3020	174	Rapti	RA	NP12	t	\N	\N
3021	174	Sagarmatha	SA	NP13	t	\N	\N
3022	174	Seti	SE	NP14	t	\N	\N
3023	172	Aiwo	AI	NR01	t	\N	\N
3024	172	Anabar	AB	NR02	t	\N	\N
3025	172	Anetan	AT	NR03	t	\N	\N
3026	172	Anibare	AR	NR04	t	\N	\N
3027	172	Baiti	BA	NR05	t	\N	\N
3028	172	Boe	BO	NR06	t	\N	\N
3029	172	Buada	BU	NR07	t	\N	\N
3030	172	Denigomodu	DE	NR08	t	\N	\N
3031	172	Ewa	EW	NR09	t	\N	\N
3032	172	Ijuw	IJ	NR10	t	\N	\N
3033	172	Meneng	ME	NR11	t	\N	\N
3034	172	Nibok	NI	NR12	t	\N	\N
3035	172	Uaboe	UA	NR13	t	\N	\N
3036	172	Yaren	YA	NR14	t	\N	\N
3037	230	Brokopondo	BR	NS10	t	\N	\N
3038	230	Commewijne	CM	NS11	t	\N	\N
3039	230	Coronie	CR	NS12	t	\N	\N
3040	230	Marowijne	MA	NS13	t	\N	\N
3041	230	Nickerie	NI	NS14	t	\N	\N
3042	230	Para	PR	NS15	t	\N	\N
3043	230	Paramaribo	PM	NS16	t	\N	\N
3044	230	Saramacca	SA	NS17	t	\N	\N
3045	230	Sipaliwini	SI	NS18	t	\N	\N
3046	230	Wanica	WA	NS19	t	\N	\N
3047	179	Boaco	BO	NU01	t	\N	\N
3048	179	Carazo	CA	NU02	t	\N	\N
3049	179	Chinandega	CI	NU03	t	\N	\N
3050	179	Chontales	CO	NU04	t	\N	\N
3051	179	Esteli	ES	NU05	t	\N	\N
3052	179	Granada	GR	NU06	t	\N	\N
3053	179	Jinotega	JI	NU07	t	\N	\N
3054	179	Leon	LE	NU08	t	\N	\N
3055	179	Madriz	MD	NU09	t	\N	\N
3056	179	Managua	MN	NU10	t	\N	\N
3057	179	Masaya	MS	NU11	t	\N	\N
3058	179	Matagalpa	MT	NU12	t	\N	\N
3059	179	Nueva Segovia	NS	NU13	t	\N	\N
3060	179	Rio San Juan	SJ	NU14	t	\N	\N
3061	179	Rivas	RI	NU15	t	\N	\N
3063	179	Atlantico Norte	AN	NU17	t	\N	\N
3064	179	Atlantico Sur	AS	NU18	t	\N	\N
3089	178	Hawke's Bay	HB	NZ31	t	\N	\N
3106	178	Marlborough	MA	NZ50	t	\N	\N
3126	178	Southland	SO	NZ72	t	\N	\N
3129	178	Taranaki	TK	NZ76	t	\N	\N
3137	178	Waikato	WK	NZ85	t	\N	\N
3170	193	Alto Parana	AA	PA01	t	\N	\N
3171	193	Amambay	AM	PA02	t	\N	\N
3172	193	Caaguazu	CG	PA04	t	\N	\N
3173	193	Caazapa	CZ	PA05	t	\N	\N
3174	193	Central	CE	PA06	t	\N	\N
3175	193	Concepcion	CN	PA07	t	\N	\N
3176	193	Cordillera	CR	PA08	t	\N	\N
3177	193	Guaira	GU	PA10	t	\N	\N
3178	193	Itapua	IT	PA11	t	\N	\N
3179	193	Misiones	MI	PA12	t	\N	\N
3180	193	Neembucu	NE	PA13	t	\N	\N
3181	193	Paraguari	PG	PA15	t	\N	\N
3182	193	Presidente Hayes	PH	PA16	t	\N	\N
3183	193	San Pedro	SP	PA17	t	\N	\N
3184	193	Canindeyu	CY	PA19	t	\N	\N
3185	193	Asuncion	AS	PA22	t	\N	\N
3186	193	Alto Paraguay	AG	PA23	t	\N	\N
3187	193	Boqueron	BQ	PA24	t	\N	\N
3188	194	Amazonas	AM	PE01	t	\N	\N
3189	194	Ancash	AN	PE02	t	\N	\N
3190	194	Apurimac	AP	PE03	t	\N	\N
3191	194	Arequipa	AR	PE04	t	\N	\N
3192	194	Ayacucho	AY	PE05	t	\N	\N
3193	194	Cajamarca	CJ	PE06	t	\N	\N
3194	194	Callao	CL	PE07	t	\N	\N
3195	194	Cusco	CS	PE08	t	\N	\N
3196	194	Huancavelica	HV	PE09	t	\N	\N
3197	194	Huanuco	HC	PE10	t	\N	\N
3198	194	Ica	IC	PE11	t	\N	\N
3199	194	Junin	JU	PE12	t	\N	\N
3200	194	La Libertad	LL	PE13	t	\N	\N
3201	194	Lambayeque	LB	PE14	t	\N	\N
3202	194	Lima	LI	PE15	t	\N	\N
3203	194	Loreto	LO	PE16	t	\N	\N
3204	194	Madre de Dios	MD	PE17	t	\N	\N
3205	194	Moquegua	MQ	PE18	t	\N	\N
3206	194	Pasco	PA	PE19	t	\N	\N
3207	194	Piura	PI	PE20	t	\N	\N
3208	194	Puno	PU	PE21	t	\N	\N
3209	194	San Martin	SM	PE22	t	\N	\N
3210	194	Tacna	TA	PE23	t	\N	\N
3211	194	Tumbes	TU	PE24	t	\N	\N
3212	194	Ucayali	UC	PE25	t	\N	\N
3216	187	Federally Administered Tribal Areas	TA	PK01	t	\N	\N
3217	187	Balochistan	BA	PK02	t	\N	\N
3218	187	North-West Frontier	NW	PK03	t	\N	\N
3219	187	Punjab	PB	PK04	t	\N	\N
3220	187	Sindh	SD	PK05	t	\N	\N
3221	187	Azad Kashmir	JK	PK06	t	\N	\N
3222	187	Northern Areas	NA	PK07	t	\N	\N
3223	187	Islamabad	IS	PK08	t	\N	\N
3274	197	Dolnoslaskie	DS	PL72	t	\N	\N
3275	197	Kujawsko-Pomorskie	KP	PL73	t	\N	\N
3276	197	Lodzkie	LD	PL74	t	\N	\N
3277	197	Lubelskie	LU	PL75	t	\N	\N
3278	197	Lubuskie	LB	PL76	t	\N	\N
3279	197	Malopolskie	MA	PL77	t	\N	\N
3280	197	Mazowieckie	MZ	PL78	t	\N	\N
3281	197	Opolskie	OP	PL79	t	\N	\N
3282	197	Podkarpackie	PK	PL80	t	\N	\N
3283	197	Podlaskie	PD	PL81	t	\N	\N
3284	197	Pomorskie	PM	PL82	t	\N	\N
3285	197	Slaskie	SL	PL83	t	\N	\N
3286	197	Swietokrzyskie	SK	PL84	t	\N	\N
3287	197	Warminsko-Mazurskie	WN	PL85	t	\N	\N
3288	197	Wielkopolskie	WP	PL86	t	\N	\N
3289	197	Zachodniopomorskie	ZP	PL87	t	\N	\N
3290	190	Bocas del Toro	BC	PM01	t	\N	\N
3291	190	Chiriqui	CH	PM02	t	\N	\N
3292	190	Cocle	CC	PM03	t	\N	\N
3293	190	Colon	CL	PM04	t	\N	\N
3294	190	Darien	DR	PM05	t	\N	\N
3295	190	Herrera	HE	PM06	t	\N	\N
3296	190	Los Santos	LS	PM07	t	\N	\N
3297	190	Panama	PN	PM08	t	\N	\N
3298	190	San Blas	SB	PM09	t	\N	\N
3299	190	Veraguas	VR	PM10	t	\N	\N
3300	198	Aveiro	AV	PO02	t	\N	\N
3301	198	Beja	BE	PO03	t	\N	\N
3302	198	Braga	BR	PO04	t	\N	\N
3303	198	Braganca	BA	PO05	t	\N	\N
3304	198	Castelo Branco	CB	PO06	t	\N	\N
3305	198	Coimbra	CO	PO07	t	\N	\N
3306	198	Evora	EV	PO08	t	\N	\N
3307	198	Faro	FA	PO09	t	\N	\N
3308	198	Madeira	MA	PO10	t	\N	\N
3309	198	Guarda	GU	PO11	t	\N	\N
3310	198	Leiria	LE	PO13	t	\N	\N
3311	198	Lisboa	LI	PO14	t	\N	\N
3312	198	Portalegre	PA	PO16	t	\N	\N
3313	198	Porto	PO	PO17	t	\N	\N
3314	198	Santarem	SA	PO18	t	\N	\N
3315	198	Setubal	SE	PO19	t	\N	\N
3316	198	Viana do Castelo	VC	PO20	t	\N	\N
3317	198	Vila Real	VR	PO21	t	\N	\N
3318	198	Viseu	VI	PO22	t	\N	\N
3319	198	Azores	AC	PO23	t	\N	\N
3320	191	Central	CE	PP01	t	\N	\N
3321	191	Gulf	GU	PP02	t	\N	\N
3322	191	Milne Bay	MB	PP03	t	\N	\N
3323	191	Northern	NO	PP04	t	\N	\N
3324	191	Southern Highlands	SH	PP05	t	\N	\N
3325	191	Western	WE	PP06	t	\N	\N
3326	191	Bougainville	NS	PP07	t	\N	\N
3327	191	Chimbu	CH	PP08	t	\N	\N
3328	191	Eastern Highlands	EH	PP09	t	\N	\N
3329	191	East New Britain	EN	PP10	t	\N	\N
3330	191	East Sepik	ES	PP11	t	\N	\N
3331	191	Madang	MD	PP12	t	\N	\N
3332	191	Manus	MN	PP13	t	\N	\N
3333	191	Morobe	MR	PP14	t	\N	\N
3334	191	New Ireland	NI	PP15	t	\N	\N
3335	191	Western Highlands	WH	PP16	t	\N	\N
3336	191	West New Britain	WN	PP17	t	\N	\N
3337	191	Sandaun	SA	PP18	t	\N	\N
3338	191	Enga	EG	PP19	t	\N	\N
3339	191	National Capital	NC	PP20	t	\N	\N
3340	103	Bafata	BA	PU01	t	\N	\N
3341	103	Quinara	QU	PU02	t	\N	\N
3342	103	Oio	OI	PU04	t	\N	\N
3343	103	Bolama	BL	PU05	t	\N	\N
3344	103	Cacheu	CA	PU06	t	\N	\N
3345	103	Tombali	TO	PU07	t	\N	\N
3346	103	Gabu	GA	PU10	t	\N	\N
3347	103	Bissau	BS	PU11	t	\N	\N
3348	103	Biombo	BM	PU12	t	\N	\N
3349	200	Ad Dawhah	DA	QA01	t	\N	\N
3350	200	Al Ghuwayriyah	GH	QA02	t	\N	\N
3351	200	Al Jumayliyah	JU	QA03	t	\N	\N
3352	200	Al Khawr	KH	QA04	t	\N	\N
3353	200	Al Wakrah	WA	QA05	t	\N	\N
3354	200	Ar Rayyan	RA	QA06	t	\N	\N
3355	200	Jarayan al Batinah	JB	QA07	t	\N	\N
3356	200	Madinat ash Shamal	MS	QA08	t	\N	\N
3357	200	Umm Salal	US	QA09	t	\N	\N
3358	202	Alba	AB	RO01	t	\N	\N
3359	202	Arad	AR	RO02	t	\N	\N
3360	202	Arges	AG	RO03	t	\N	\N
3361	202	Bacau	BC	RO04	t	\N	\N
3362	202	Bihor	BH	RO05	t	\N	\N
3363	202	Bistrita-Nasaud	BN	RO06	t	\N	\N
3364	202	Botosani	BT	RO07	t	\N	\N
3365	202	Braila	BR	RO08	t	\N	\N
3366	202	Brasov	BV	RO09	t	\N	\N
3367	202	Bucuresti	BU	RO10	t	\N	\N
3368	202	Buzau	BZ	RO11	t	\N	\N
3369	202	Caras-Severin	CS	RO12	t	\N	\N
3370	202	Cluj	CJ	RO13	t	\N	\N
3371	202	Constanta	CT	RO14	t	\N	\N
3372	202	Covasna	CV	RO15	t	\N	\N
3373	202	Dambovita	DB	RO16	t	\N	\N
3374	202	Dolj	DJ	RO17	t	\N	\N
3375	202	Galati	GL	RO18	t	\N	\N
3376	202	Gorj	GJ	RO19	t	\N	\N
3377	202	Harghita	HR	RO20	t	\N	\N
3378	202	Hunedoara	HD	RO21	t	\N	\N
3379	202	Ialomita	IL	RO22	t	\N	\N
3380	202	Iasi	IS	RO23	t	\N	\N
3381	202	Maramures	MM	RO25	t	\N	\N
3382	202	Mehedinti	MH	RO26	t	\N	\N
3383	202	Mures	MS	RO27	t	\N	\N
3384	202	Neamt	NT	RO28	t	\N	\N
3385	202	Olt	OT	RO29	t	\N	\N
3386	202	Prahova	PH	RO30	t	\N	\N
3387	202	Salaj	SJ	RO31	t	\N	\N
3388	202	Satu Mare	SM	RO32	t	\N	\N
3389	202	Sibiu	SB	RO33	t	\N	\N
3390	202	Suceava	SV	RO34	t	\N	\N
3391	202	Teleorman	TR	RO35	t	\N	\N
3392	202	Timis	TM	RO36	t	\N	\N
3393	202	Tulcea	TL	RO37	t	\N	\N
3394	202	Vaslui	VS	RO38	t	\N	\N
3395	202	Valcea	VL	RO39	t	\N	\N
3396	202	Vrancea	VN	RO40	t	\N	\N
3397	202	Calarasi	CL	RO41	t	\N	\N
3398	202	Giurgiu	GR	RO42	t	\N	\N
3399	195	Abra	AB	RP01	t	\N	\N
3400	195	Agusan del Norte	AN	RP02	t	\N	\N
3401	195	Agusan del Sur	AS	RP03	t	\N	\N
3402	195	Aklan	AK	RP04	t	\N	\N
3403	195	Albay	AL	RP05	t	\N	\N
3404	195	Antique	AQ	RP06	t	\N	\N
3405	195	Bataan	BA	RP07	t	\N	\N
3406	195	Batanes	BN	RP08	t	\N	\N
3407	195	Batangas	BT	RP09	t	\N	\N
3408	195	Benguet	BG	RP10	t	\N	\N
3409	195	Bohol	BO	RP11	t	\N	\N
3410	195	Bukidnon	BK	RP12	t	\N	\N
3411	195	Bulacan	BU	RP13	t	\N	\N
3412	195	Cagayan	CG	RP14	t	\N	\N
3413	195	Camarines Norte	CN	RP15	t	\N	\N
3414	195	Camarines Sur	CS	RP16	t	\N	\N
3415	195	Camiguin	CM	RP17	t	\N	\N
3416	195	Capiz	CP	RP18	t	\N	\N
3417	195	Catanduanes	CT	RP19	t	\N	\N
3418	195	Cavite	CV	RP20	t	\N	\N
3419	195	Cebu	CB	RP21	t	\N	\N
3420	195	Basilan	BS	RP22	t	\N	\N
3421	195	Eastern Samar	ES	RP23	t	\N	\N
3422	195	Davao del Norte	DV	RP24	t	\N	\N
3423	195	Davao del Sur	DS	RP25	t	\N	\N
3424	195	Davao Oriental	DO	RP26	t	\N	\N
3425	195	Ifugao	IF	RP27	t	\N	\N
3426	195	Ilocos Norte	IN	RP28	t	\N	\N
3427	195	Ilocos Sur	IS	RP29	t	\N	\N
3428	195	Iloilo	II	RP30	t	\N	\N
3429	195	Isabela	IB	RP31	t	\N	\N
3430	195	Kalinga-Apayao	KA	RP32	t	\N	\N
3431	195	Laguna	LG	RP33	t	\N	\N
3432	195	Lanao del Norte	LN	RP34	t	\N	\N
3433	195	Lanao del Sur	LS	RP35	t	\N	\N
3434	195	La Union	LB	RP36	t	\N	\N
3435	195	Leyte	LY	RP37	t	\N	\N
3436	195	Marinduque	MQ	RP38	t	\N	\N
3437	195	Masbate	MB	RP39	t	\N	\N
3438	195	Mindoro Occidental	MC	RP40	t	\N	\N
3439	195	Mindoro Oriental	MR	RP41	t	\N	\N
3440	195	Misamis Occidental	MD	RP42	t	\N	\N
3441	195	Misamis Oriental	MN	RP43	t	\N	\N
3442	195	Mountain	MT	RP44	t	\N	\N
3443	195	RP45	RP	RP45	t	\N	\N
3444	195	Negros Oriental	NR	RP46	t	\N	\N
3445	195	Nueva Ecija	NE	RP47	t	\N	\N
3446	195	Nueva Vizcaya	NV	RP48	t	\N	\N
3447	195	Palawan	PL	RP49	t	\N	\N
3448	195	Pampanga	PM	RP50	t	\N	\N
3449	195	Pangasinan	PN	RP51	t	\N	\N
3450	195	Rizal	RI	RP53	t	\N	\N
3451	195	Romblon	RM	RP54	t	\N	\N
3452	195	Samar	SM	RP55	t	\N	\N
3453	195	Maguindanao	MG	RP56	t	\N	\N
3454	195	North Cotabato	NC	RP57	t	\N	\N
3455	195	Sorsogon	SR	RP58	t	\N	\N
3456	195	Southern Leyte	SL	RP59	t	\N	\N
3457	195	Sulu	SU	RP60	t	\N	\N
3458	195	Surigao del Norte	SN	RP61	t	\N	\N
3459	195	Surigao del Sur	SS	RP62	t	\N	\N
3460	195	Tarlac	TR	RP63	t	\N	\N
3461	195	Zambales	ZM	RP64	t	\N	\N
3462	195	Zamboanga del Norte	ZN	RP65	t	\N	\N
3463	195	Zamboanga del Sur	ZS	RP66	t	\N	\N
3464	195	Northern Samar	NS	RP67	t	\N	\N
3465	195	Quirino	QR	RP68	t	\N	\N
3466	195	Siquijor	SQ	RP69	t	\N	\N
3467	195	South Cotabato	SC	RP70	t	\N	\N
3468	195	Sultan Kudarat	SK	RP71	t	\N	\N
3469	195	Tawi-Tawi	TT	RP72	t	\N	\N
3470	195	Angeles	AG	RPA1	t	\N	\N
3471	195	Bacolod	BL	RPA2	t	\N	\N
3472	195	Bago	BB	RPA3	t	\N	\N
3473	195	Baguio	BI	RPA4	t	\N	\N
3474	195	Bais	BD	RPA5	t	\N	\N
3475	195	Basilan City	BC	RPA6	t	\N	\N
3476	195	Batangas City	BY	RPA7	t	\N	\N
3477	195	Butuan	BV	RPA8	t	\N	\N
3478	195	Cabanatuan	CA	RPA9	t	\N	\N
3479	195	Cadiz	CI	RPB1	t	\N	\N
3480	195	Cagayan de Oro	CD	RPB2	t	\N	\N
3481	195	Calbayog	CL	RPB3	t	\N	\N
3482	195	Caloocan	CF	RPB4	t	\N	\N
3483	195	Canlaon	CH	RPB5	t	\N	\N
3484	195	Cavite City	CE	RPB6	t	\N	\N
3485	195	Cebu City	CU	RPB7	t	\N	\N
3486	195	Cotabato	CO	RPB8	t	\N	\N
3487	195	Dagupan	DA	RPB9	t	\N	\N
3488	195	Danao	DN	RPC1	t	\N	\N
3489	195	Dapitane	DP	RPC2	t	\N	\N
3490	195	Davao City	DC	RPC3	t	\N	\N
3491	195	Dipolog	DI	RPC4	t	\N	\N
3492	195	Dumaguete	DU	RPC5	t	\N	\N
3493	195	General Santos	GS	RPC6	t	\N	\N
3494	195	Gingoog	GI	RPC7	t	\N	\N
3495	195	Iligan	IL	RPC8	t	\N	\N
3496	195	Iloilo City	IC	RPC9	t	\N	\N
3497	195	Iriga	IR	RPD1	t	\N	\N
3498	195	La Carlota	LC	RPD2	t	\N	\N
3499	195	Laoag	LO	RPD3	t	\N	\N
3500	195	LapuLapu	LA	RPD4	t	\N	\N
3501	195	Legaspi	LE	RPD5	t	\N	\N
3502	195	Lipa	LI	RPD6	t	\N	\N
3503	195	Lucena	LU	RPD7	t	\N	\N
3504	195	Mandaue	MU	RPD8	t	\N	\N
3505	195	Manila	MM	RPD9	t	\N	\N
3506	195	Marawi	MA	RPE1	t	\N	\N
3507	195	Naga	NA	RPE2	t	\N	\N
3508	195	Olongapo	OL	RPE3	t	\N	\N
3509	195	Ormoc	OM	RPE4	t	\N	\N
3510	195	Oroquieta	OR	RPE5	t	\N	\N
3511	195	Ozamis	OZ	RPE6	t	\N	\N
3512	195	Pagadiane	PG	RPE7	t	\N	\N
3513	195	Palayan	PY	RPE8	t	\N	\N
3514	195	Pasay	PA	RPE9	t	\N	\N
3515	195	Puerto Princesa	PP	RPF1	t	\N	\N
3516	195	Quezon City	QC	RPF2	t	\N	\N
3517	195	Roxas	RO	RPF3	t	\N	\N
3518	195	Negros Occidental San Carlos	SA	RPF4	t	\N	\N
3519	195	Pangasinan San Carlos	SO	RPF5	t	\N	\N
3520	195	San Jose	SJ	RPF6	t	\N	\N
3521	195	San Pablo	SP	RPF7	t	\N	\N
3522	195	Silay	SI	RPF8	t	\N	\N
3523	195	Surigao	SG	RPF9	t	\N	\N
3524	195	Tacloban	TC	RPG1	t	\N	\N
3525	195	Tagaytay	TG	RPG2	t	\N	\N
3526	195	Tagbilaran	TB	RPG3	t	\N	\N
3527	195	Tangub	TA	RPG4	t	\N	\N
3528	195	Toledo	TO	RPG5	t	\N	\N
3529	195	Trece Martires	TM	RPG6	t	\N	\N
3530	195	Zamboanga	ZA	RPG7	t	\N	\N
3531	195	Aurora	AU	RPG8	t	\N	\N
3532	195	Quezon	QZ	RPH2	t	\N	\N
3533	195	Negros Occidental	ND	RPH3	t	\N	\N
3534	203	Adygeya	AD	RS01	t	\N	\N
3535	203	Aginskiy Buryatskiy Avtonomnyy Okrug	AB	RS02	t	\N	\N
3536	203	Altay	GA	RS03	t	\N	\N
3537	203	Altayskiy Kray	AL	RS04	t	\N	\N
3538	203	Amurskaya Oblast'	AM	RS05	t	\N	\N
3539	203	Arkhangel'skaya Oblast'	AR	RS06	t	\N	\N
3540	203	Astrakhanskaya Oblast'	AS	RS07	t	\N	\N
3541	203	Bashkortostan	BK	RS08	t	\N	\N
3542	203	Belgorodskaya Oblast'	BL	RS09	t	\N	\N
3543	203	Bryanskaya Oblast'	BR	RS10	t	\N	\N
3544	203	Buryatiya	BU	RS11	t	\N	\N
3545	203	Chechnya	CN	RS12	t	\N	\N
3546	203	Chelyabinskaya Oblast'	CL	RS13	t	\N	\N
3547	203	Chitinskaya Oblast'	CT	RS14	t	\N	\N
3548	203	Chukotskiy Avtonomnyy Okrug	CK	RS15	t	\N	\N
3549	203	Chuvashiya	CV	RS16	t	\N	\N
3550	203	Evenkiyskiy Avtonomnyy Okrug	EN	RS18	t	\N	\N
3551	203	Ingushetiya	IN	RS19	t	\N	\N
3552	203	Irkutskaya Oblast'	IR	RS20	t	\N	\N
3553	203	Ivanovskaya Oblast'	IV	RS21	t	\N	\N
3554	203	Kabardino-Balkariya	KB	RS22	t	\N	\N
3555	203	Kaliningradskaya Oblast'	KN	RS23	t	\N	\N
3556	203	Kalmykiya	KL	RS24	t	\N	\N
3557	203	Kaluzhskaya Oblast'	KG	RS25	t	\N	\N
3558	203	Kamchatskaya Oblast'	KA	RS26	t	\N	\N
3559	203	Karachayevo-Cherkesiya	KC	RS27	t	\N	\N
3560	203	Kareliya	KI	RS28	t	\N	\N
3561	203	Kemerovskaya Oblast'	KE	RS29	t	\N	\N
3562	203	Khabarovskiy Kray	KH	RS30	t	\N	\N
3563	203	Khakasiya	KK	RS31	t	\N	\N
3564	203	Khanty-Mansiyskiy Avtonomnyy Okrug	KM	RS32	t	\N	\N
3565	203	Kirovskaya Oblast'	KV	RS33	t	\N	\N
3566	203	Komi-Permyatskiy Avtonomnyy Okrug	KP	RS35	t	\N	\N
3567	203	Koryakskiy Avtonomnyy Okrug	KR	RS36	t	\N	\N
3568	203	Kostromskaya Oblast'	KT	RS37	t	\N	\N
3569	203	Krasnodarskiy Kray	KD	RS38	t	\N	\N
3570	203	Krasnoyarskiy Kray	KY	RS39	t	\N	\N
3571	203	Kurganskaya Oblast'	KU	RS40	t	\N	\N
3572	203	Kurskaya Oblast'	KS	RS41	t	\N	\N
3573	203	Leningradskaya Oblast'	LN	RS42	t	\N	\N
3574	203	Lipetskaya Oblast'	LP	RS43	t	\N	\N
3575	203	Magadanskaya Oblast'	MG	RS44	t	\N	\N
3576	203	Mordoviya	MR	RS46	t	\N	\N
3577	203	Moskovskaya Oblast'	MS	RS47	t	\N	\N
3578	203	Moskva	MC	RS48	t	\N	\N
3579	203	Murmanskaya Oblast'	MM	RS49	t	\N	\N
3580	203	Nenetskiy Avtonomnyy Okrug	NN	RS50	t	\N	\N
3581	203	Nizhegorodskaya Oblast'	NZ	RS51	t	\N	\N
3582	203	Novgorodskaya Oblast'	NG	RS52	t	\N	\N
3583	203	Novosibirskaya Oblast'	NS	RS53	t	\N	\N
3584	203	Omskaya Oblast'	OM	RS54	t	\N	\N
3585	203	Orenburgskaya Oblast'	OB	RS55	t	\N	\N
3586	203	Orlovskaya Oblast'	OL	RS56	t	\N	\N
3587	203	Penzenskaya Oblast'	PZ	RS57	t	\N	\N
3588	203	Permskaya Oblast'	PM	RS58	t	\N	\N
3589	203	Primorskiy Kray	PR	RS59	t	\N	\N
3590	203	Pskovskaya Oblast'	PS	RS60	t	\N	\N
3591	203	Rostovskaya Oblast'	RO	RS61	t	\N	\N
3592	203	Ryazanskaya Oblast'	RZ	RS62	t	\N	\N
3593	203	Sakha (Yakutiya)	SK	RS63	t	\N	\N
3594	203	Sakhalinskaya Oblast'	SL	RS64	t	\N	\N
3595	203	Samarskaya Oblast'	SA	RS65	t	\N	\N
3596	203	Sankt-Peterburg	SP	RS66	t	\N	\N
3597	203	Saratovskaya Oblast'	SR	RS67	t	\N	\N
3598	203	Severnaya Osetiya-Alaniya	NO	RS68	t	\N	\N
3599	203	Smolenskaya Oblast'	SM	RS69	t	\N	\N
3600	203	Stavropol'skiy Kray	ST	RS70	t	\N	\N
3601	203	Sverdlovskaya Oblast'	SV	RS71	t	\N	\N
3602	203	Tambovskaya Oblast'	TB	RS72	t	\N	\N
3603	203	Taymyrskiy Dolgano-Nenetskiy Avtonomnyy Okrug	TM	RS74	t	\N	\N
3604	203	Tomskaya Oblast'	TO	RS75	t	\N	\N
3605	203	Tul'skaya Oblast'	TL	RS76	t	\N	\N
3606	203	Tverskaya Oblast'	TV	RS77	t	\N	\N
3607	203	Tyumenskaya Oblast'	TY	RS78	t	\N	\N
3608	203	Udmurtiya	UD	RS80	t	\N	\N
3609	203	Ul'yanovskaya Oblast'	UL	RS81	t	\N	\N
3610	203	Ust'-Ordynskiy Buryatskiy Avtonomnyy Okrug	UB	RS82	t	\N	\N
3611	203	Vladimirskaya Oblast'	VL	RS83	t	\N	\N
3612	203	Volgogradskaya Oblast'	VG	RS84	t	\N	\N
3613	203	Vologodskaya oblast'	VO	RS85	t	\N	\N
3614	203	Voronezhskaya Oblast'	VR	RS86	t	\N	\N
3615	203	Yamalo-Nenetskiy Avtonomnyy Okrug	YN	RS87	t	\N	\N
3616	203	Yaroslavskaya Oblast'	YS	RS88	t	\N	\N
3617	203	Yevreyskaya Avtonomnyy Oblast'	YV	RS89	t	\N	\N
3619	204	Butare	BT	RW01	t	\N	\N
3620	204	Byumba	BM	RW02	t	\N	\N
3621	204	Cyangugu	CY	RW03	t	\N	\N
3622	204	Gikongoro	GK	RW04	t	\N	\N
3623	204	Gisenyi	GS	RW05	t	\N	\N
3624	204	Gitarama	GT	RW06	t	\N	\N
3625	204	Kibungo	KN	RW07	t	\N	\N
3626	204	Kibuye	KY	RW08	t	\N	\N
3627	204	Kigali-Rural	KR	RW09	t	\N	\N
3628	204	Ruhengeri	RU	RW10	t	\N	\N
3629	213	Al Bahah	BA	SA02	t	\N	\N
3630	213	Al Madinah	MD	SA05	t	\N	\N
3631	213	Ash Sharqiyah	SH	SA06	t	\N	\N
3632	213	Al Qasim	QS	SA08	t	\N	\N
3633	213	Ar Riyad	RI	SA10	t	\N	\N
3634	213	'Asir	AS	SA11	t	\N	\N
3635	213	Ha'il	HA	SA13	t	\N	\N
3636	213	Makkah	MK	SA14	t	\N	\N
3637	213	Al Hudud ash Shamaliyah	HS	SA15	t	\N	\N
3638	213	Najran	NJ	SA16	t	\N	\N
3639	213	Jizan	JZ	SA17	t	\N	\N
3640	213	Tabuk	TB	SA19	t	\N	\N
3641	213	Al Jawf	JF	SA20	t	\N	\N
3643	206	Christ Church Nicholatown	CC	SC01	t	\N	\N
3644	206	Saint Anne Sandy Point	AS	SC02	t	\N	\N
3645	206	Saint George Basseterre	GB	SC03	t	\N	\N
3646	206	Saint George Gingerland	GG	SC04	t	\N	\N
3647	206	Saint James Windward	JW	SC05	t	\N	\N
3648	206	Saint John Capesterre	JC	SC06	t	\N	\N
3649	206	Saint John Figtree	JF	SC07	t	\N	\N
3650	206	Saint Mary Cayon	MC	SC08	t	\N	\N
3651	206	Saint Paul Capesterre	PP	SC09	t	\N	\N
3652	206	Saint Paul Charlestown	PL	SC10	t	\N	\N
3653	206	Saint Peter Basseterre	PB	SC11	t	\N	\N
3654	206	Saint Thomas Lowland	TL	SC12	t	\N	\N
3655	206	Saint Thomas Middle Island	TM	SC13	t	\N	\N
3656	206	Trinity Palmetto Point	TP	SC15	t	\N	\N
3657	217	Anse aux Pins	PI	SE01	t	\N	\N
3658	217	Anse Boileau	AB	SE02	t	\N	\N
3659	217	Anse Etoile	ET	SE03	t	\N	\N
3660	217	Anse Louis	LO	SE04	t	\N	\N
3661	217	Anse Royale	RO	SE05	t	\N	\N
3662	217	Baie Lazare	BL	SE06	t	\N	\N
3663	217	Baie Sainte Anne	BS	SE07	t	\N	\N
3664	217	Beau Vallon	BV	SE08	t	\N	\N
3665	217	Bel Air	BA	SE09	t	\N	\N
3666	217	Bel Ombre	BO	SE10	t	\N	\N
3667	217	Cascade	CA	SE11	t	\N	\N
3668	217	Glacis	GL	SE12	t	\N	\N
3669	217	Grand' Anse	GP	SE14	t	\N	\N
3670	217	La Digue	DI	SE15	t	\N	\N
3671	217	La Riviere Anglaise	RA	SE16	t	\N	\N
3672	217	Mont Buxton	MB	SE17	t	\N	\N
3673	217	Mont Fleuri	MF	SE18	t	\N	\N
3674	217	Plaisance	PL	SE19	t	\N	\N
3675	217	Pointe La Rue	PR	SE20	t	\N	\N
3676	217	Port Glaud	PG	SE21	t	\N	\N
3677	217	Saint Louis	SL	SE22	t	\N	\N
3678	217	Takamaka	TA	SE23	t	\N	\N
3680	224	KwaZulu-Natal	NL	SF02	t	\N	\N
3681	224	Free State	FS	SF03	t	\N	\N
3683	224	Eastern Cape	EC	SF05	t	\N	\N
3684	224	Gauteng	GT	SF06	t	\N	\N
3685	224	Mpumalanga	MP	SF07	t	\N	\N
3686	224	Northern Cape	NC	SF08	t	\N	\N
3687	224	Northern Province	NP	SF09	t	\N	\N
3688	224	North-West	NW	SF10	t	\N	\N
3689	224	Western Cape	WC	SF11	t	\N	\N
3690	214	Dakar	DK	SG01	t	\N	\N
3691	214	Diourbel	DB	SG03	t	\N	\N
3692	214	Saint-Louis	SL	SG04	t	\N	\N
3693	214	Tambacounda	TC	SG05	t	\N	\N
3694	214	Thies	TH	SG07	t	\N	\N
3695	214	Louga	LG	SG08	t	\N	\N
3696	214	Fatick	FK	SG09	t	\N	\N
3697	214	Kaolack	KL	SG10	t	\N	\N
3698	214	Kolda	KD	SG11	t	\N	\N
3699	214	Ziguinchor	ZG	SG12	t	\N	\N
3700	205	Ascension	AC	SH01	t	\N	\N
3701	205	Saint Helena	SH	SH02	t	\N	\N
3702	205	Tristan da Cunha	TA	SH03	t	\N	\N
3703	221	Ajdovscina	AJ	SI01	t	\N	\N
3704	221	Beltinci	BE	SI02	t	\N	\N
3705	221	Bled	BL	SI03	t	\N	\N
3706	221	Bohinj	BH	SI04	t	\N	\N
3707	221	Borovnica	BO	SI05	t	\N	\N
3708	221	Bovec	BC	SI06	t	\N	\N
3709	221	Brda	BR	SI07	t	\N	\N
3710	221	Brezice	BZ	SI08	t	\N	\N
3711	221	Brezovica	BV	SI09	t	\N	\N
3712	221	Cankova-Tisina	CA	SI10	t	\N	\N
3713	221	Celje	CL	SI11	t	\N	\N
3714	221	Cerklje Na Gorenjskem	CG	SI12	t	\N	\N
3715	221	Cerknica	CK	SI13	t	\N	\N
3716	221	Cerkno	CE	SI14	t	\N	\N
3717	221	Crensovci	CR	SI15	t	\N	\N
3718	221	Crna na Koroskem	CN	SI16	t	\N	\N
3719	221	Crnomelj	CO	SI17	t	\N	\N
3720	221	Destrnik-Trnovska Vas	DV	SI18	t	\N	\N
3721	221	Divaca	DI	SI19	t	\N	\N
3722	221	Dobrepolje	DB	SI20	t	\N	\N
3723	221	Dobrova-Horjul-Polhov Gradec	DG	SI21	t	\N	\N
3724	221	Dol pri Ljubljani	DP	SI22	t	\N	\N
3725	221	Domzale	DM	SI23	t	\N	\N
3726	221	Dornava	DO	SI24	t	\N	\N
3727	221	Dravograd	DR	SI25	t	\N	\N
3728	221	Duplek	DU	SI26	t	\N	\N
3729	221	Gorenja Vas-Poljane	GV	SI27	t	\N	\N
3730	221	Gorisnica	GO	SI28	t	\N	\N
3731	221	Gornja Radgona	GR	SI29	t	\N	\N
3732	221	Gornji Grad	GG	SI30	t	\N	\N
3733	221	Gornji Petrovci	GP	SI31	t	\N	\N
3734	221	Grosuplje	GS	SI32	t	\N	\N
3735	221	HodosSalovci	HO	SI33	t	\N	\N
3736	221	Hrastnik	HR	SI34	t	\N	\N
3737	221	Hrpelje-Kozina	HK	SI35	t	\N	\N
3738	221	Idrija	ID	SI36	t	\N	\N
3739	221	Ig	IG	SI37	t	\N	\N
3740	221	Ilirska Bistrica	IB	SI38	t	\N	\N
3741	221	Ivancna Gorica	IV	SI39	t	\N	\N
3742	221	Izola	IZ	SI40	t	\N	\N
3743	221	Jesenice	JE	SI41	t	\N	\N
3744	221	Jursinci	JU	SI42	t	\N	\N
3745	221	Kamnik	KA	SI43	t	\N	\N
3746	221	Kanal	KN	SI44	t	\N	\N
3747	221	Kidricevo	KI	SI45	t	\N	\N
3748	221	Kobarid	KO	SI46	t	\N	\N
3749	221	Kobilje	KB	SI47	t	\N	\N
3750	221	Kocevje	KC	SI48	t	\N	\N
3751	221	Komen	KM	SI49	t	\N	\N
3752	221	Koper	KP	SI50	t	\N	\N
3753	221	Kozje	KJ	SI51	t	\N	\N
3754	221	Kranj	KR	SI52	t	\N	\N
3755	221	Kranjska Gora	KG	SI53	t	\N	\N
3756	221	Krsko	KS	SI54	t	\N	\N
3757	221	Kungota	KZ	SI55	t	\N	\N
3758	221	Kuzma	KU	SI56	t	\N	\N
3759	221	Lasko	LA	SI57	t	\N	\N
3760	221	Lenart	LE	SI58	t	\N	\N
3761	221	Lendava	LN	SI59	t	\N	\N
3762	221	Litija	LI	SI60	t	\N	\N
3763	221	Ljubljana	LB	SI61	t	\N	\N
3764	221	Ljubno	LC	SI62	t	\N	\N
3765	221	Ljutomer	LJ	SI63	t	\N	\N
3766	221	Logatec	LO	SI64	t	\N	\N
3767	221	Loska Dolina	LD	SI65	t	\N	\N
3768	221	Loski Potok	LP	SI66	t	\N	\N
3769	221	Luce	LU	SI67	t	\N	\N
3770	221	Lukovica	LK	SI68	t	\N	\N
3771	221	Majsperk	MJ	SI69	t	\N	\N
3772	221	Maribor	MA	SI70	t	\N	\N
3773	221	Medvode	MD	SI71	t	\N	\N
3774	221	Menges	MN	SI72	t	\N	\N
3775	221	Metlika	ME	SI73	t	\N	\N
3776	221	Mezica	MZ	SI74	t	\N	\N
3777	221	Miren-Kostanjevica	MI	SI75	t	\N	\N
3778	221	Mislinja	ML	SI76	t	\N	\N
3779	221	Moravce	MV	SI77	t	\N	\N
3780	221	Moravske Toplice	MT	SI78	t	\N	\N
3781	221	Mozirje	MO	SI79	t	\N	\N
3782	221	Murska Sobota	MS	SI80	t	\N	\N
3783	221	Muta	MU	SI81	t	\N	\N
3784	221	Naklo	NA	SI82	t	\N	\N
3785	221	Nazarje	NZ	SI83	t	\N	\N
3786	221	Nova Gorica	NG	SI84	t	\N	\N
3787	221	Novo Mesto	NM	SI85	t	\N	\N
3788	221	Odranci	OD	SI86	t	\N	\N
3789	221	Ormoz	OR	SI87	t	\N	\N
3790	221	Osilnica	OS	SI88	t	\N	\N
3791	221	Pesnica	PE	SI89	t	\N	\N
3792	221	Piran	PA	SI90	t	\N	\N
3793	221	Pivka	PI	SI91	t	\N	\N
3794	221	Podcetrtek	PD	SI92	t	\N	\N
3795	221	Podvelka-Ribnica	PV	SI93	t	\N	\N
3796	221	Postojna	PO	SI94	t	\N	\N
3797	221	Preddvor	PR	SI95	t	\N	\N
3798	221	Ptuj	PT	SI96	t	\N	\N
3799	221	Puconci	PU	SI97	t	\N	\N
3800	221	Race-Fram	RF	SI98	t	\N	\N
3801	221	Radece	RA	SI99	t	\N	\N
3802	221	Radenci	RD	SIA1	t	\N	\N
3803	221	Radlje ob Dravi	RL	SIA2	t	\N	\N
3804	221	Radovljica	RV	SIA3	t	\N	\N
3805	221	Ravne-Prevalje	RN	SIA4	t	\N	\N
3806	221	Ribnica	RI	SIA5	t	\N	\N
3807	221	Rogasevci	RO	SIA6	t	\N	\N
3808	221	Rogaska Slatina	RS	SIA7	t	\N	\N
3809	221	Rogatec	RT	SIA8	t	\N	\N
3810	221	Ruse	RU	SIA9	t	\N	\N
3811	221	Semic	SM	SIB1	t	\N	\N
3812	221	Sencur	SN	SIB2	t	\N	\N
3813	221	Sentilj	SE	SIB3	t	\N	\N
3814	221	Sentjernej	SR	SIB4	t	\N	\N
3815	221	Sentjur pri Celju	SU	SIB5	t	\N	\N
3816	221	Sevnica	SV	SIB6	t	\N	\N
3817	221	Sezana	SZ	SIB7	t	\N	\N
3818	221	Skocjan	SC	SIB8	t	\N	\N
3819	221	Skofja Loka	SL	SIB9	t	\N	\N
3820	221	Skofljica	SK	SIC1	t	\N	\N
3821	221	Slovenj Gradec	SG	SIC2	t	\N	\N
3822	221	Slovenska Bistrica	SB	SIC3	t	\N	\N
3823	221	Slovenske Konjice	SS	SIC4	t	\N	\N
3824	221	Smarje pri Jelsah	SP	SIC5	t	\N	\N
3825	221	Smartno ob Paki	SA	SIC6	t	\N	\N
3826	221	Sostanj	SO	SIC7	t	\N	\N
3827	221	Starse	SH	SIC8	t	\N	\N
3828	221	Store	ST	SIC9	t	\N	\N
3829	221	Sveti Jurij	SJ	SID1	t	\N	\N
3830	221	Tolmin	TO	SID2	t	\N	\N
3831	221	Trbovlje	TB	SID3	t	\N	\N
3832	221	Trebnje	TE	SID4	t	\N	\N
3833	221	Trzic	TR	SID5	t	\N	\N
3834	221	Turnisce	TU	SID6	t	\N	\N
3835	221	Velenje	VE	SID7	t	\N	\N
3836	221	Velike Lasce	VL	SID8	t	\N	\N
3837	221	Videm	VI	SID9	t	\N	\N
3838	221	Vipava	VP	SIE1	t	\N	\N
3839	221	Vitanje	VT	SIE2	t	\N	\N
3840	221	Vodice	VO	SIE3	t	\N	\N
3841	221	Vojnik	VJ	SIE4	t	\N	\N
3842	221	Vrhnika	VR	SIE5	t	\N	\N
3843	221	Vuzenica	VU	SIE6	t	\N	\N
3844	221	Zagorje ob Savi	ZO	SIE7	t	\N	\N
3845	221	Zalec	ZA	SIE8	t	\N	\N
3846	221	Zavrc	ZV	SIE9	t	\N	\N
3847	221	Zelezniki	ZE	SIF1	t	\N	\N
3848	221	Ziri	ZI	SIF2	t	\N	\N
3849	221	Zrece	ZR	SIF3	t	\N	\N
3850	218	Eastern	EA	SL01	t	\N	\N
3851	218	Northern	NO	SL02	t	\N	\N
3852	218	Southern	SO	SL03	t	\N	\N
3853	218	Western Area	WE	SL04	t	\N	\N
3854	211	Acquaviva	AC	SM01	t	\N	\N
3855	211	Chiesanuova	CH	SM02	t	\N	\N
3856	211	Domagnano	DO	SM03	t	\N	\N
3857	211	Faetano	FA	SM04	t	\N	\N
3858	211	Fiorentino	FI	SM05	t	\N	\N
3859	211	Borgo Maaggiore	BM	SM06	t	\N	\N
3860	211	San Marino	SM	SM07	t	\N	\N
3861	211	Monte Giardino	MG	SM08	t	\N	\N
3862	211	Serravalle	SE	SM09	t	\N	\N
3863	223	Bakool	BK	SO01	t	\N	\N
3864	223	Banaadir	BN	SO02	t	\N	\N
3865	223	Bari	BR	SO03	t	\N	\N
3866	223	Bay	BY	SO04	t	\N	\N
3867	223	Galguduud	GA	SO05	t	\N	\N
3868	223	Gedo	GE	SO06	t	\N	\N
3869	223	Hiiraan	HI	SO07	t	\N	\N
3870	223	Jubbada Dhexe	JD	SO08	t	\N	\N
3871	223	Jubbada Hoose	JH	SO09	t	\N	\N
3872	223	Mudug	MU	SO10	t	\N	\N
3873	223	Nugaal	NU	SO11	t	\N	\N
3874	223	Sanaag	SA	SO12	t	\N	\N
3875	223	Shabeellaha Dhexe	SD	SO13	t	\N	\N
3876	223	Shabeellaha Hoose	SH	SO14	t	\N	\N
3877	223	Togdheer	TO	SO15	t	\N	\N
3878	223	Woqooyi Galbeed	WO	SO16	t	\N	\N
3886	226	Islas Baleares	PM	SP07	t	\N	\N
3906	226	La Rioja	LO	SP27	t	\N	\N
3908	226	Madrid	MD	SP29	t	\N	\N
3910	226	Murcia	MU	SP31	t	\N	\N
3911	226	Navarra	NA	SP32	t	\N	\N
3913	226	Asturias	AS	SP34	t	\N	\N
3918	226	Cantabria	CB	SP39	t	\N	\N
3930	226	Andalucia	AN	SP51	t	\N	\N
3931	226	Aragon	AR	SP52	t	\N	\N
3932	226	Canarias	CN	SP53	t	\N	\N
3933	226	Castilla-La Mancha	CM	SP54	t	\N	\N
3934	226	Castilla y Leon	CL	SP55	t	\N	\N
3935	226	Catalu	CT	SP56	t	\N	\N
3936	226	Extremadura	EX	SP57	t	\N	\N
3937	226	Galicia	GA	SP58	t	\N	\N
3938	226	Pais Vasco	PV	SP59	t	\N	\N
3939	226	Valenciana	VC	SP60	t	\N	\N
3941	271	Vojvodina	VO	    	t	\N	\N
3942	207	Anse-la-Raye	AR	ST01	t	\N	\N
3943	207	Dauphin	DA	ST02	t	\N	\N
3944	207	Castries	CS	ST03	t	\N	\N
3945	207	Choiseul	CH	ST04	t	\N	\N
3946	207	Dennery	DE	ST05	t	\N	\N
3947	207	Gros-Islet	GI	ST06	t	\N	\N
3948	207	Laborie	LB	ST07	t	\N	\N
3949	207	Micoud	MI	ST08	t	\N	\N
3950	207	Soufriere	CO	ST09	t	\N	\N
3951	207	Vieux-Fort	VF	ST10	t	\N	\N
3952	207	Praslin	PR	ST11	t	\N	\N
3953	229	A'ali an Nil	UN	SU35	t	\N	\N
3956	229	Al Khartum	KH	SU29	t	\N	\N
3957	229	Ash Shamaliyah	NO	SU43	t	\N	\N
3962	229	Al Babr al Ahmar	RS	SU36	t	\N	\N
3963	229	Al Buhayrat	EB	SU37	t	\N	\N
3964	229	Al Jazirah	GZ	SU38	t	\N	\N
3965	229	Al Qadarif	GD	SU39	t	\N	\N
3966	229	Al Wahdah	WH	SU40	t	\N	\N
3967	229	An Nil al Abyad	WN	SU41	t	\N	\N
3968	229	An Nil al Azraq	BN	SU42	t	\N	\N
3969	229	Bahr al Jabal	BG	SU44	t	\N	\N
3970	229	Gharb al Istiwa'iyah	WE	SU45	t	\N	\N
3971	229	Gharb Bahr al Ghazal	WB	SU46	t	\N	\N
3972	229	Gharb Darfur	WD	SU47	t	\N	\N
3973	229	Gharb Kurdufan	WK	SU48	t	\N	\N
3974	229	Janub Darfur	JD	SU49	t	\N	\N
3975	229	Janub Kurdufan	SK	SU50	t	\N	\N
3976	229	Junqali	JG	SU51	t	\N	\N
3977	229	Kassala	KA	SU52	t	\N	\N
3978	229	Nahr an Nil	RN	SU53	t	\N	\N
3979	229	Shamal Bahr al Ghazal	NB	SU54	t	\N	\N
3980	229	Shamal Darfur	ND	SU55	t	\N	\N
3981	229	Shamal Kurdufan	NK	SU56	t	\N	\N
3982	229	Sharq al Istiwa'iyah	EE	SU57	t	\N	\N
3983	229	Sinnar	SI	SU58	t	\N	\N
3984	229	Warab	WR	SU59	t	\N	\N
3986	233	Blekinge Lan	BL	SW02	t	\N	\N
3987	233	Gavleborgs Lan	GV	SW03	t	\N	\N
3989	233	Gotlands Lan	GT	SW05	t	\N	\N
3990	233	Hallands Lan	HA	SW06	t	\N	\N
3991	233	Jamtlands Lan	JA	SW07	t	\N	\N
3992	233	Jonkopings Lan	JO	SW08	t	\N	\N
3993	233	Kalmar Lan	KA	SW09	t	\N	\N
3994	233	Dalarnas Lan	KO	SW10	t	\N	\N
3996	233	Kronobergs Lan	KR	SW12	t	\N	\N
3998	233	Norrbottens Lan	NB	SW14	t	\N	\N
3999	233	Orebro Lan	OR	SW15	t	\N	\N
4000	233	Ostergotlands Lan	OG	SW16	t	\N	\N
4002	233	Sodermanlands Lan	SD	SW18	t	\N	\N
4003	233	Uppsala Lan	UP	SW21	t	\N	\N
4004	233	Varmlands Lan	VR	SW22	t	\N	\N
4005	233	Vasterbottens Lan	VB	SW23	t	\N	\N
4006	233	Vasternorrlands Lan	VN	SW24	t	\N	\N
4007	233	Vastmanlands Lan	VM	SW25	t	\N	\N
4008	233	Stockholms Lan	ST	SW26	t	\N	\N
4009	233	Skane Lan	SN	SW27	t	\N	\N
4010	233	Vastra Gotaland	VG	SW28	t	\N	\N
4011	235	Al Hasakah	HA	SY01	t	\N	\N
4012	235	Al Ladhiqiyah	LA	SY02	t	\N	\N
4013	235	Al Qunaytirah	QU	SY03	t	\N	\N
4014	235	Ar Raqqah	RA	SY04	t	\N	\N
4015	235	As Suwayda'	SU	SY05	t	\N	\N
4016	235	Dar'a	DR	SY06	t	\N	\N
4017	235	Dayr az Zawr	DY	SY07	t	\N	\N
4018	235	Rif Dimashq	RD	SY08	t	\N	\N
4019	235	Halab	HL	SY09	t	\N	\N
4020	235	Hamah	HM	SY10	t	\N	\N
4021	235	Hims	HI	SY11	t	\N	\N
4022	235	Idlib	ID	SY12	t	\N	\N
4023	235	Dimashq	DI	SY13	t	\N	\N
4024	235	Tartus	TA	SY14	t	\N	\N
4025	234	Aargau	AG	SZ01	t	\N	\N
4026	234	Ausser-Rhoden	AR	SZ02	t	\N	\N
4027	234	Basel-Landschaft	BL	SZ03	t	\N	\N
4028	234	Basel-Stadt	BS	SZ04	t	\N	\N
4029	234	Bern	BE	SZ05	t	\N	\N
4030	234	Fribourg	FR	SZ06	t	\N	\N
4031	234	Geneve	GE	SZ07	t	\N	\N
4032	234	Glarus	GL	SZ08	t	\N	\N
4033	234	Graubunden	GR	SZ09	t	\N	\N
4034	234	Inner-Rhoden	AI	SZ10	t	\N	\N
4035	234	Luzern	LU	SZ11	t	\N	\N
4036	234	Neuchatel	NE	SZ12	t	\N	\N
4037	234	Nidwalden	NW	SZ13	t	\N	\N
4038	234	Obwalden	OW	SZ14	t	\N	\N
4039	234	Sankt Gallen	SG	SZ15	t	\N	\N
4040	234	Schaffhausen	SH	SZ16	t	\N	\N
4041	234	Schwyz	SZ	SZ17	t	\N	\N
4042	234	Solothurn	SO	SZ18	t	\N	\N
4043	234	Thurgau	TG	SZ19	t	\N	\N
4044	234	Ticino	TI	SZ20	t	\N	\N
4045	234	Uri	UR	SZ21	t	\N	\N
4046	234	Valais	VS	SZ22	t	\N	\N
4047	234	Vaud	VD	SZ23	t	\N	\N
4048	234	Zug	ZG	SZ24	t	\N	\N
4049	234	Zurich	ZH	SZ25	t	\N	\N
4050	234	Jura	JU	SZ26	t	\N	\N
4051	243	Arima	AR	TD01	t	\N	\N
4052	243	Caroni	CA	TD02	t	\N	\N
4053	243	Mayaro	MA	TD03	t	\N	\N
4054	243	Nariva	NA	TD04	t	\N	\N
4055	243	Port-of-Spain	PO	TD05	t	\N	\N
4056	243	Saint Andrew	SA	TD06	t	\N	\N
4057	243	Saint David	SD	TD07	t	\N	\N
4058	243	Saint George	SG	TD08	t	\N	\N
4059	243	Saint Patrick	SP	TD09	t	\N	\N
4060	243	San Fernando	SF	TD10	t	\N	\N
4061	243	Tobago	TO	TD11	t	\N	\N
4062	243	Victoria	VI	TD12	t	\N	\N
4063	239	Mae Hong Son	MH	TH01	t	\N	\N
4064	239	Chiang Mai	CM	TH02	t	\N	\N
4065	239	Chiang Rai	CR	TH03	t	\N	\N
4066	239	Nan	NA	TH04	t	\N	\N
4067	239	Lamphun	LN	TH05	t	\N	\N
4068	239	Lampang	LG	TH06	t	\N	\N
4069	239	Phrae	PR	TH07	t	\N	\N
4070	239	Tak	TK	TH08	t	\N	\N
4071	239	Sukhothai	SO	TH09	t	\N	\N
4072	239	Uttaradit	UD	TH10	t	\N	\N
4073	239	Kamphaeng Phet	KP	TH11	t	\N	\N
4074	239	Phitsanulok	PS	TH12	t	\N	\N
4075	239	Phichit	PC	TH13	t	\N	\N
4076	239	Phetchabun	PH	TH14	t	\N	\N
4077	239	Uthai Thani	UT	TH15	t	\N	\N
4078	239	Nakhon Sawan	NS	TH16	t	\N	\N
4079	239	Nong Khai	NK	TH17	t	\N	\N
4080	239	Loei	LE	TH18	t	\N	\N
4081	239	Udon Thani	UN	TH76	t	\N	\N
4082	239	Sakon Nakhon	SN	TH20	t	\N	\N
4083	239	Nakhon Phanom	NF	TH73	t	\N	\N
4084	239	Khon Kaen	KK	TH22	t	\N	\N
4085	239	Kalasin	KL	TH23	t	\N	\N
4086	239	Maha Sarakham	MS	TH24	t	\N	\N
4087	239	Roi Et	RE	TH25	t	\N	\N
4088	239	Chaiyaphum	CY	TH26	t	\N	\N
4089	239	Nakhon Ratchasima	NR	TH27	t	\N	\N
4090	239	Buriram	BR	TH28	t	\N	\N
4091	239	Surin	SU	TH29	t	\N	\N
4092	239	Sisaket	SI	TH30	t	\N	\N
4093	239	Narathiwat	NW	TH31	t	\N	\N
4094	239	Chai Nat	CN	TH32	t	\N	\N
4095	239	Sing Buri	SB	TH33	t	\N	\N
4096	239	Lop Buri	LB	TH34	t	\N	\N
4097	239	Ang Thong	AT	TH35	t	\N	\N
4098	239	Phra Nakhon Si Ayutthaya	PA	TH36	t	\N	\N
4099	239	Sara Buri	SR	TH37	t	\N	\N
4100	239	Nonthaburi	NO	TH38	t	\N	\N
4101	239	Pathum Thani	PT	TH39	t	\N	\N
4102	239	Krung Thep Mahanakhon	BM	TH40	t	\N	\N
4103	239	Phayao	PY	TH41	t	\N	\N
4104	239	Samut Prakan	SP	TH42	t	\N	\N
4105	239	Nakhon Nayok	NN	TH43	t	\N	\N
4106	239	Chachoengsao	CC	TH44	t	\N	\N
4107	239	Prachin Buri	PB	TH74	t	\N	\N
4108	239	Chon Buri	CB	TH46	t	\N	\N
4109	239	Rayong	RY	TH47	t	\N	\N
4110	239	Chanthaburi	CT	TH48	t	\N	\N
4111	239	Trat	TT	TH49	t	\N	\N
4112	239	Kanchanaburi	KN	TH50	t	\N	\N
4113	239	Suphan Buri	SH	TH51	t	\N	\N
4114	239	Ratchaburi	RT	TH52	t	\N	\N
4115	239	Nakhon Pathom	NP	TH53	t	\N	\N
4116	239	Samut Songkhram	SM	TH54	t	\N	\N
4117	239	Samut Sakhon	SS	TH55	t	\N	\N
4118	239	Phetchaburi	PE	TH56	t	\N	\N
4119	239	Prachuap Khiri Khan	PK	TH57	t	\N	\N
4120	239	Chumphon	CP	TH58	t	\N	\N
4121	239	Ranong	RN	TH59	t	\N	\N
4122	239	Surat Thani	ST	TH60	t	\N	\N
4123	239	Phangnga	PG	TH61	t	\N	\N
4124	239	Phuket	PU	TH62	t	\N	\N
4125	239	Krabi	KR	TH63	t	\N	\N
4126	239	Nakon Si Thammarat	NT	TH64	t	\N	\N
4127	239	Trang	TG	TH65	t	\N	\N
4128	239	Phatthalung	PL	TH66	t	\N	\N
4129	239	Satun	SA	TH67	t	\N	\N
4130	239	Songkhla	SG	TH68	t	\N	\N
4131	239	Pattani	PI	TH69	t	\N	\N
4132	239	Yala	YL	TH70	t	\N	\N
4134	239	Yasothon	YS	TH72	t	\N	\N
4135	239	Ubon Ratchanthani	UR	TH75	t	\N	\N
4136	239	Amnat Charoen	AC	TH77	t	\N	\N
4137	239	Mukdahan	MD	TH78	t	\N	\N
4138	239	Nong Bua Lamphu	NB	TH79	t	\N	\N
4139	239	Sa Kaeo	SK	TH80	t	\N	\N
4140	237	Kuhistoni Badakhshon	BK	TI01	t	\N	\N
4141	237	Khatlon	KL	TI02	t	\N	\N
4142	237	Leninobod	LE	TI03	t	\N	\N
4143	242	Ha'apai	HA	TN01	t	\N	\N
4144	242	Tongatapu	TT	TN02	t	\N	\N
4145	242	Vava'u	VA	TN03	t	\N	\N
4167	212	Principe	PR	TP01	t	\N	\N
4168	212	Sao Tome	ST	TP02	t	\N	\N
4169	245	Al Qasrayn	KS	TS02	t	\N	\N
4170	245	Al Qayrawan	KR	TS03	t	\N	\N
4171	245	Jundubah	JE	TS06	t	\N	\N
4172	245	Al Kaf	KF	TS14	t	\N	\N
4173	245	Al Mahdiyah	MH	TS15	t	\N	\N
4174	245	Al Munastir	MS	TS16	t	\N	\N
4175	245	Bajah	BJ	TS17	t	\N	\N
4176	245	Banzart	BZ	TS18	t	\N	\N
4177	245	Nabul	NB	TS19	t	\N	\N
4178	245	Silyanah	SL	TS22	t	\N	\N
4179	245	Susah	SS	TS23	t	\N	\N
4180	245	Aryanah	AN	TS26	t	\N	\N
4181	245	Bin 'Arus	BA	TS27	t	\N	\N
4182	245	Madanin	ME	TS28	t	\N	\N
4183	245	Qabis	GB	TS29	t	\N	\N
4184	245	Qafsah	QA	TS30	t	\N	\N
4185	245	Qibili	KB	TS31	t	\N	\N
4186	245	Safaqi	SF	TS32	t	\N	\N
4187	245	Sidi Bu Zayd	SZ	TS33	t	\N	\N
4188	245	Tatawin	TA	TS34	t	\N	\N
4189	245	Tawzar	TO	TS35	t	\N	\N
4190	245	Tunis	TU	TS36	t	\N	\N
4191	245	Zaghwan	ZA	TS37	t	\N	\N
4192	246	Adana	AA	TU81	t	\N	\N
4193	246	Adiyaman	AD	TU02	t	\N	\N
4194	246	Afyon	AF	TU03	t	\N	\N
4195	246	Agri	AG	TU04	t	\N	\N
4196	246	Amasya	AM	TU05	t	\N	\N
4198	246	Antalya	AL	TU07	t	\N	\N
4199	246	Artvin	AV	TU08	t	\N	\N
4200	246	Aydin	AY	TU09	t	\N	\N
4201	246	Balikesir	BK	TU10	t	\N	\N
4202	246	Bilecik	BC	TU11	t	\N	\N
4203	246	Bingol	BG	TU12	t	\N	\N
4204	246	Bitlis	BT	TU13	t	\N	\N
4205	246	Bolu	BL	TU14	t	\N	\N
4206	246	Burdur	BD	TU15	t	\N	\N
4207	246	Bursa	BU	TU16	t	\N	\N
4208	246	Canakkale	CK	TU17	t	\N	\N
4209	246	Cankiri	CI	TU82	t	\N	\N
4210	246	Corum	CM	TU19	t	\N	\N
4211	246	Denizli	DN	TU20	t	\N	\N
4212	246	Diyarbakir	DY	TU21	t	\N	\N
4213	246	Edirne	ED	TU22	t	\N	\N
4214	246	Elazig	EG	TU23	t	\N	\N
4215	246	Erzincan	EN	TU24	t	\N	\N
4216	246	Erzurum	EM	TU25	t	\N	\N
4217	246	Eskisehir	ES	TU26	t	\N	\N
4218	246	Gaziantep	GA	TU83	t	\N	\N
4219	246	Giresun	GI	TU28	t	\N	\N
4222	246	Hatay	HT	TU31	t	\N	\N
4223	246	Icel	IC	TU32	t	\N	\N
4224	246	Isparta	IP	TU33	t	\N	\N
4225	246	Istanbul	IB	TU34	t	\N	\N
4226	246	Izmir	IZ	TU35	t	\N	\N
4227	246	Kars	KA	TU84	t	\N	\N
4228	246	Kastamonu	KS	TU37	t	\N	\N
4229	246	Kayseri	KY	TU38	t	\N	\N
4230	246	Kirklareli	KL	TU39	t	\N	\N
4231	246	Kirsehir	KH	TU40	t	\N	\N
4232	246	Kocaeli	KC	TU41	t	\N	\N
4234	246	Kutahya	KU	TU43	t	\N	\N
4235	246	Malatya	ML	TU44	t	\N	\N
4236	246	Manisa	MN	TU45	t	\N	\N
4237	246	Kahramanmaras	KM	TU46	t	\N	\N
4239	246	Mugla	MG	TU48	t	\N	\N
4240	246	Mus	MS	TU49	t	\N	\N
4241	246	Nevsehir	NV	TU50	t	\N	\N
4243	246	Ordu	OR	TU52	t	\N	\N
4244	246	Rize	RI	TU53	t	\N	\N
4245	246	Sakarya	SK	TU54	t	\N	\N
4246	246	Samsun	SS	TU55	t	\N	\N
4248	246	Sinop	SP	TU57	t	\N	\N
4249	246	Sivas	SV	TU58	t	\N	\N
4250	246	Tekirdag	TG	TU59	t	\N	\N
4251	246	Tokat	TT	TU60	t	\N	\N
4252	246	Trabzon	TB	TU61	t	\N	\N
4253	246	Tunceli	TC	TU62	t	\N	\N
4254	246	Sanliurfa	SU	TU63	t	\N	\N
4255	246	Usak	US	TU64	t	\N	\N
4256	246	Van	VA	TU65	t	\N	\N
4257	246	Yozgat	YZ	TU66	t	\N	\N
4258	246	Zonguldak	ZO	TU85	t	\N	\N
4259	246	Ankara	AN	TU68	t	\N	\N
4260	246	Gumushane	GU	TU69	t	\N	\N
4261	246	Hakkari	HK	TU70	t	\N	\N
4262	246	Konya	KO	TU71	t	\N	\N
4263	246	Mardin	MR	TU72	t	\N	\N
4264	246	Nigde	NG	TU73	t	\N	\N
4265	246	Siirt	SI	TU74	t	\N	\N
4266	246	Aksaray	AK	TU75	t	\N	\N
4267	246	Batman	BM	TU76	t	\N	\N
4268	246	Bayburt	BB	TU77	t	\N	\N
4269	246	Karaman	KR	TU78	t	\N	\N
4270	246	Kirikkale	KK	TU79	t	\N	\N
4271	246	Sirnak	SR	TU80	t	\N	\N
4272	236	Fu-chien	FK	TW01	t	\N	\N
4273	236	Kao-hsiung	KH	TW02	t	\N	\N
4274	236	T'ai-pei	TP	TW03	t	\N	\N
4275	236	T'ai-wan	TA	TW04	t	\N	\N
4276	238	Arusha	AR	TZ01	t	\N	\N
4277	238	Dar es Salaam	DS	TZ23	t	\N	\N
4278	238	Dodoma	DO	TZ03	t	\N	\N
4279	238	Iringa	IR	TZ04	t	\N	\N
4280	238	Kigoma	KM	TZ05	t	\N	\N
4281	238	Kilimanjaro	KL	TZ06	t	\N	\N
4282	238	Lindi	LI	TZ07	t	\N	\N
4283	238	Mara	MA	TZ08	t	\N	\N
4284	238	Mbeya	MB	TZ09	t	\N	\N
4285	238	Morogoro	MO	TZ10	t	\N	\N
4286	238	Mtwara	MT	TZ11	t	\N	\N
4287	238	Mwanza	MW	TZ12	t	\N	\N
4288	238	Pemba North	PN	TZ13	t	\N	\N
4289	238	Ruvuma	RV	TZ14	t	\N	\N
4290	238	Shinyanga	SH	TZ15	t	\N	\N
4291	238	Singida	SD	TZ16	t	\N	\N
4292	238	Tabora	TB	TZ17	t	\N	\N
4293	238	Tanga	TN	TZ18	t	\N	\N
4294	238	Kagera	KR	TZ19	t	\N	\N
4295	238	Pemba South	PS	TZ20	t	\N	\N
4296	238	Zanzibar Central//South	ZS	TZ21	t	\N	\N
4297	238	Zanzibar North	ZN	TZ22	t	\N	\N
4298	238	Rukwa	RK	TZ24	t	\N	\N
4299	238	Zanzibar Urban//West	ZW	TZ25	t	\N	\N
4300	250	Apac	AP	UG26	t	\N	\N
4301	250	Arua	AR	UG27	t	\N	\N
4302	250	Bundibogyo	BN	UG28	t	\N	\N
4303	250	Bushenyi	BS	UG29	t	\N	\N
4304	250	Gulu	GU	UG30	t	\N	\N
4305	250	Hoima	HO	UG31	t	\N	\N
4306	250	Iganga	IG	UG68	t	\N	\N
4307	250	Jinja	JI	UG33	t	\N	\N
4308	250	Kabale	KA	UG34	t	\N	\N
4309	250	Kabarole	KB	UG35	t	\N	\N
4310	250	Kalangala	KN	UG36	t	\N	\N
4311	250	Kampala	KM	UG37	t	\N	\N
4312	250	Kamuli	KL	UG38	t	\N	\N
4313	250	Kapchorwa	KC	UG39	t	\N	\N
4314	250	Kasese	KS	UG40	t	\N	\N
4315	250	Kibale	KI	UG41	t	\N	\N
4316	250	Kiboga	KG	UG42	t	\N	\N
4317	250	Kisoro	KR	UG43	t	\N	\N
4318	250	Kitgum	KT	UG44	t	\N	\N
4319	250	Kotido	KO	UG45	t	\N	\N
4320	250	Kumi	KU	UG46	t	\N	\N
4321	250	Lira	LI	UG47	t	\N	\N
4322	250	Luwero	LU	UG70	t	\N	\N
4323	250	Masaka	MA	UG71	t	\N	\N
4324	250	Masindi	MS	UG50	t	\N	\N
4325	250	Mbale	ML	UG51	t	\N	\N
4326	250	Mbarara	MR	UG52	t	\N	\N
4327	250	Moroto	MO	UG53	t	\N	\N
4328	250	Moyo	MY	UG72	t	\N	\N
4329	250	Mpigi	MP	UG55	t	\N	\N
4330	250	Mubende	MU	UG56	t	\N	\N
4331	250	Mukono	MK	UG57	t	\N	\N
4332	250	Nebbi	NE	UG58	t	\N	\N
4333	250	Ntungamo	NT	UG59	t	\N	\N
4334	250	Pallisa	PA	UG60	t	\N	\N
4335	250	Rakai	RA	UG61	t	\N	\N
4336	250	Rukungiri	RU	UG62	t	\N	\N
4337	250	Soroti	SO	UG75	t	\N	\N
4338	250	Tororo	TO	UG76	t	\N	\N
4431	251	Cherkas'ka Oblast'	CK	UP01	t	\N	\N
4432	251	Chernihivs'ka Oblast'	CH	UP02	t	\N	\N
4433	251	Chernivets'ka Oblast'	CV	UP03	t	\N	\N
4434	251	Dnipropetrovs'ka Oblast'	DP	UP04	t	\N	\N
4435	251	Donets'ka Oblast'	DT	UP05	t	\N	\N
4436	251	Ivano-Frankivs'ka Oblast'	IF	UP06	t	\N	\N
4437	251	Kharkivs'ka Oblast'	KK	UP07	t	\N	\N
4438	251	Khersons'ka Oblast'	KS	UP08	t	\N	\N
4439	251	Khmel'nyts'ka Oblast'	KM	UP09	t	\N	\N
4440	251	Kirovohrads'ka Oblast'	KH	UP10	t	\N	\N
4441	251	Avtonomna Respublika Krym	KR	UP11	t	\N	\N
4442	251	Misto Kyyiv	KC	UP12	t	\N	\N
4443	251	Kyyivs'ka Oblast'	KV	UP13	t	\N	\N
4444	251	Luhans'ka Oblast'	LH	UP14	t	\N	\N
4445	251	L'vivs'ka Oblast'	LV	UP15	t	\N	\N
4446	251	Mykolayivs'ka Oblast'	MY	UP16	t	\N	\N
4447	251	Odes'ka Oblast	OD	UP17	t	\N	\N
4448	251	Poltavs'ka Oblast'	PL	UP18	t	\N	\N
4449	251	Rivnens'ka Oblast'	RV	UP19	t	\N	\N
4450	251	Misto Sevastopol	SC	UP20	t	\N	\N
4451	251	Sums'ka Oblast'	SM	UP21	t	\N	\N
4452	251	Ternopil's'ka Oblast'	TP	UP22	t	\N	\N
4453	251	Vinnyts'ka Oblast'	VI	UP23	t	\N	\N
4454	251	Volyns'ka Oblast'	VO	UP24	t	\N	\N
4455	251	Zakarpats'ka Oblast'	ZK	UP25	t	\N	\N
4456	251	Zaporiz'ka Oblast'	ZP	UP26	t	\N	\N
4457	251	Zhytomyrs'ka Oblast'	ZT	UP27	t	\N	\N
4458	38	Bam	BM	UV15	t	\N	\N
4459	38	Bazega	BZ	UV16	t	\N	\N
4460	38	Bougouriba	BB	UV17	t	\N	\N
4461	38	Boulgou	BL	UV18	t	\N	\N
4462	38	Boulkiemde	BK	UV19	t	\N	\N
4463	38	Ganzourgou	GZ	UV20	t	\N	\N
4464	38	Gnagna	GG	UV21	t	\N	\N
4465	38	Gourma	GM	UV22	t	\N	\N
4466	38	Houe	HO	UV23	t	\N	\N
4467	38	Kadiogo	KA	UV24	t	\N	\N
4468	38	Kenedougou	KN	UV25	t	\N	\N
4469	38	Komoe	KM	UV26	t	\N	\N
4470	38	Kossi	KS	UV27	t	\N	\N
4471	38	Kouritenga	KR	UV28	t	\N	\N
4472	38	Mouhoun	MO	UV29	t	\N	\N
4473	38	Namentenga	NM	UV30	t	\N	\N
4474	38	Naouri	NR	UV31	t	\N	\N
4475	38	Oubritenga	OB	UV32	t	\N	\N
4476	38	Oudalan	OD	UV33	t	\N	\N
4477	38	Passore	PA	UV34	t	\N	\N
4478	38	Poni	PO	UV35	t	\N	\N
4479	38	Sanguie	SG	UV36	t	\N	\N
4480	38	Sanmatenga	ST	UV37	t	\N	\N
4481	38	Seno	SE	UV38	t	\N	\N
4482	38	Sissili	SS	UV39	t	\N	\N
4483	38	Soum	SM	UV40	t	\N	\N
4484	38	Sourou	SR	UV41	t	\N	\N
4485	38	Tapoa	TA	UV42	t	\N	\N
4486	38	Yatenga	YT	UV43	t	\N	\N
4487	38	Zoundweogo	ZW	UV44	t	\N	\N
4488	256	Artigas	AR	UY01	t	\N	\N
4489	256	Canelones	CA	UY02	t	\N	\N
4490	256	Cerro Largo	CL	UY03	t	\N	\N
4491	256	Colonia	CO	UY04	t	\N	\N
4492	256	Durazno	DU	UY05	t	\N	\N
4493	256	Flores	FS	UY06	t	\N	\N
4494	256	Florida	FD	UY07	t	\N	\N
4495	256	Lavalleja	LA	UY08	t	\N	\N
4496	256	Maldonado	MA	UY09	t	\N	\N
4497	256	Montevideo	MO	UY10	t	\N	\N
4498	256	Paysandu	PA	UY11	t	\N	\N
4499	256	Rio Negro	RN	UY12	t	\N	\N
4500	256	Rivera	RV	UY13	t	\N	\N
4501	256	Rocha	RO	UY14	t	\N	\N
4502	256	Salto	SA	UY15	t	\N	\N
4503	256	San Jose	SJ	UY16	t	\N	\N
4504	256	Soriano	SO	UY17	t	\N	\N
4505	256	Tacuarembo	TA	UY18	t	\N	\N
4506	256	Treinta y Tres	TT	UY19	t	\N	\N
4507	257	Andijon	AN	UZ01	t	\N	\N
4508	257	Bukhoro	BU	UZ02	t	\N	\N
4509	257	Farghona	FA	UZ03	t	\N	\N
4510	257	Jizzakh	JI	UZ15	t	\N	\N
4511	257	Khorazm	KH	UZ05	t	\N	\N
4512	257	Namangan	NG	UZ06	t	\N	\N
4513	257	Nawoiy	NW	UZ07	t	\N	\N
4514	257	Qashqadaryo	QA	UZ08	t	\N	\N
4515	257	Qoraqalpoghiston	QR	UZ09	t	\N	\N
4516	257	Samarqand	SA	UZ10	t	\N	\N
4517	257	Sirdaryo	SI	UZ15	t	\N	\N
4518	257	Surkhondaryo	SU	UZ12	t	\N	\N
4519	257	Toshkent	TO	UZ14	t	\N	\N
4520	209	Charlotte	CH	VC01	t	\N	\N
4521	209	Saint Andrew	AN	VC02	t	\N	\N
4522	209	Saint David	DA	VC03	t	\N	\N
4523	209	Saint George	GE	VC04	t	\N	\N
4524	209	Saint Patrick	PA	VC05	t	\N	\N
4525	209	Grenadines	GT	VC06	t	\N	\N
4526	259	Amazonas	AM	VE01	t	\N	\N
4527	259	Anzoategui	AN	VE02	t	\N	\N
4528	259	Apure	AP	VE03	t	\N	\N
4529	259	Aragua	AR	VE04	t	\N	\N
4530	259	Barinas	BA	VE05	t	\N	\N
4531	259	Bolivar	BO	VE06	t	\N	\N
4532	259	Carabobo	CA	VE07	t	\N	\N
4533	259	Cojedes	CO	VE08	t	\N	\N
4534	259	Delta Amacuro	DA	VE09	t	\N	\N
4535	259	Distrito Federal	DF	VE25	t	\N	\N
4536	259	Falcon	FA	VE11	t	\N	\N
4537	259	Guarico	GU	VE12	t	\N	\N
4538	259	Lara	LA	VE13	t	\N	\N
4539	259	Merida	ME	VE14	t	\N	\N
4540	259	Miranda	MI	VE15	t	\N	\N
4541	259	Monagas	MO	VE16	t	\N	\N
4542	259	Nueva Esparta	NE	VE17	t	\N	\N
4543	259	Portuguesa	PO	VE18	t	\N	\N
4544	259	Sucre	SU	VE19	t	\N	\N
4545	259	Tachira	TA	VE20	t	\N	\N
4546	259	Trujillo	TR	VE21	t	\N	\N
4547	259	Yaracuy	YA	VE22	t	\N	\N
4548	259	Zulia	ZU	VE23	t	\N	\N
4549	259	Dependencias Federales	DP	VE24	t	\N	\N
4551	260	An Giang	AG	VM01	t	\N	\N
4553	260	Ben Tre	BR	VM03	t	\N	\N
4555	260	Cao Bang	CB	VM05	t	\N	\N
4557	260	Dak Lak	DL	VM07	t	\N	\N
4558	260	Dong Thap	DT	VM09	t	\N	\N
4562	260	Hai Phong	HP	VM13	t	\N	\N
4564	260	Ha Noi	HN	VM44	t	\N	\N
4568	260	Ho Chi Minh	HC	VM20	t	\N	\N
4569	260	Kien Giang	KG	VM21	t	\N	\N
4570	260	Lai Chau	LC	VM22	t	\N	\N
4571	260	Lam Dong	LD	VM23	t	\N	\N
4572	260	Long An	LA	VM24	t	\N	\N
4578	260	Quang Ninh	QN	VM30	t	\N	\N
4580	260	Son La	SL	VM32	t	\N	\N
4581	260	Tay Ninh	TN	VM33	t	\N	\N
4582	260	Thanh Hoa	TH	VM34	t	\N	\N
4583	260	Thai Binh	TB	VM35	t	\N	\N
4585	260	Tien Giang	TG	VM37	t	\N	\N
4587	260	Lang Son	LS	VM39	t	\N	\N
4590	260	Dong Nai	DN	VM43	t	\N	\N
4591	260	Ba Ria-Vung Tau	BV	VM45	t	\N	\N
4592	260	Binh Dinh	BD	VM46	t	\N	\N
4593	260	Binh Thuan	BU	VM47	t	\N	\N
4594	260	Can Tho	CT	VM48	t	\N	\N
4595	260	Gia Lai	GL	VM49	t	\N	\N
4596	260	Ha Giang	HG	VM50	t	\N	\N
4597	260	Ha Tay	HA	VM51	t	\N	\N
4598	260	Ha Tinh	HT	VM52	t	\N	\N
4599	260	Hoa Binh	HO	VM53	t	\N	\N
4600	260	Khanh Hoa	KH	VM54	t	\N	\N
4601	260	Kon Tum	KT	VM55	t	\N	\N
4602	260	Lao Cai	LO	VM56	t	\N	\N
4604	260	Nghe An	NA	VM58	t	\N	\N
4605	260	Ninh Binh	NB	VM59	t	\N	\N
4606	260	Ninh Thuan	NT	VM60	t	\N	\N
4607	260	Phu Yen	PY	VM61	t	\N	\N
4608	260	Quang Binh	QB	VM62	t	\N	\N
4609	260	Quang Ngai	QG	VM63	t	\N	\N
4610	260	Quang Tri	QT	VM64	t	\N	\N
4611	260	Soc Trang	ST	VM65	t	\N	\N
4612	260	Thura Thien-Hue	TT	VM66	t	\N	\N
4613	260	Tra Vinh	TV	VM67	t	\N	\N
4614	260	Tuyen Quang	TQ	VM68	t	\N	\N
4615	260	Vinh Long	VL	VM69	t	\N	\N
4616	260	Yen Bai	YB	VM70	t	\N	\N
4617	260	Bac Giang	BG	VM71	t	\N	\N
4618	260	Bac Kan	BK	VM72	t	\N	\N
4619	260	Bac Lieu	BL	VM73	t	\N	\N
4620	260	Bac Ninh	BN	VM74	t	\N	\N
4621	260	Bin Duong	BI	VM75	t	\N	\N
4622	260	Bin Phuoc	BP	VM76	t	\N	\N
4623	260	Ca Mau	CM	VM77	t	\N	\N
4624	260	Da Nang	DA	VM78	t	\N	\N
4625	260	Hai Duong	HD	VM79	t	\N	\N
4626	260	Ha Nam	HM	VM80	t	\N	\N
4627	260	Hung Yen	HY	VM81	t	\N	\N
4628	260	Nam Dinh	ND	VM82	t	\N	\N
4629	260	Phu Tho	PT	VM83	t	\N	\N
4630	260	Quang Nam	QM	VM84	t	\N	\N
4631	260	Thai Nguyen	TY	VM85	t	\N	\N
4632	260	Vinh Phuc	VC	VM86	t	\N	\N
4635	171	Khomas	KH	WA21	t	\N	\N
4636	171	Caprivi	CA	WA28	t	\N	\N
4637	171	Erongo	ER	WA29	t	\N	\N
4638	171	Hardap	HA	WA30	t	\N	\N
4639	171	Karas	KA	WA31	t	\N	\N
4640	171	Kunene	KU	WA32	t	\N	\N
4641	171	Ohangwena	OW	WA33	t	\N	\N
4642	171	Okavango	OK	WA34	t	\N	\N
4643	171	Omaheke	OH	WA35	t	\N	\N
4644	171	Omusati	OS	WA36	t	\N	\N
4645	171	Oshana	ON	WA37	t	\N	\N
4646	171	Oshikoto	OT	WA38	t	\N	\N
4647	171	Otjozondjupa	OD	WA39	t	\N	\N
4648	210	A'ana	AA	WS01	t	\N	\N
4649	210	Aiga-i-le-Tai	AL	WS02	t	\N	\N
4650	210	Atua	AT	WS03	t	\N	\N
4651	210	Fa'asaleleaga	FA	WS04	t	\N	\N
4652	210	Gaga'emauga	GE	WS05	t	\N	\N
4653	210	Va'a-o-Fonoti	VF	WS06	t	\N	\N
4654	210	Gagaifomauga	GI	WS07	t	\N	\N
4655	210	Palauli	PA	WS08	t	\N	\N
4656	210	Satupa'itea	SA	WS09	t	\N	\N
4657	210	Tuamasaga	TU	WS10	t	\N	\N
4658	210	Vaisigano	VS	WS11	t	\N	\N
4659	232	Hhohho	HH	WZ01	t	\N	\N
4660	232	Lubombo	LU	WZ02	t	\N	\N
4661	232	Manzini	MA	WZ03	t	\N	\N
4662	232	Shiselweni	SH	WZ04	t	\N	\N
4663	270	Abyan	AB	YM01	t	\N	\N
4664	270	'Adan	AD	YM02	t	\N	\N
4665	270	Al Mahrah	MR	YM03	t	\N	\N
4666	270	Hadramawt	HD	YM04	t	\N	\N
4667	270	Shabwah	SH	YM05	t	\N	\N
4668	270	Lahij	LA	YM06	t	\N	\N
4669	270	Al Bayda'	BA	YM07	t	\N	\N
4670	270	Al Hudaydah	HU	YM08	t	\N	\N
4671	270	Al Jawf	JA	YM09	t	\N	\N
4672	270	Al Mahwit	MW	YM10	t	\N	\N
4673	270	Dhamar	DH	YM11	t	\N	\N
4674	270	Hajjah	HJ	YM12	t	\N	\N
4675	270	Ibb	IB	YM13	t	\N	\N
4676	270	Ma'rib	MA	YM14	t	\N	\N
4677	270	Sa'dah	SD	YM15	t	\N	\N
4678	270	San'a'	SN	YM16	t	\N	\N
4679	270	Ta'izz	TA	YM17	t	\N	\N
4680	273	North-Western	WE	ZA01	t	\N	\N
4681	273	Copperbelt	CE	ZA02	t	\N	\N
4682	273	Western	EA	ZA03	t	\N	\N
4683	273	Southern	LP	ZA04	t	\N	\N
4684	273	Central	NO	ZA05	t	\N	\N
4685	273	Eastern	NW	ZA06	t	\N	\N
4686	273	Northern	SO	ZA07	t	\N	\N
4687	273	Luapula	CO	ZA08	t	\N	\N
4688	273	Lusaka	LS	ZA09	t	\N	\N
4689	274	Manicaland	MA	ZI01	t	\N	\N
4690	274	Midlands	MI	ZI02	t	\N	\N
4691	274	Mashonaland Central	MC	ZI03	t	\N	\N
4692	274	Mashonaland East	ME	ZI04	t	\N	\N
4693	274	Mashonaland West	MW	ZI05	t	\N	\N
4694	274	Matabeleland North	MN	ZI06	t	\N	\N
4695	274	Matabeleland South	MS	ZI07	t	\N	\N
4696	274	Masvingo	MV	ZI08	t	\N	\N
4706	178	Auckland	AU	    	t	\N	\N
4721	178	Wellington	WG	    	t	\N	\N
4723	178	Canterbury	CA	    	t	\N	\N
4729	178	Bay of Plenty	BP	    	t	\N	\N
4741	178	Northland	NO	    	t	\N	\N
4744	178	Otago	OT	    	t	\N	\N
4761	8	Enderby Land	EL	    	t	\N	\N
4763	8	Ross Island	RI	    	t	\N	\N
4814	178	Chatham Islands	CI	    	t	\N	\N
4879	81	Etela-Suomen Laani	ES	FI13	t	\N	\N
4975	156	Nouakchott	NO	    	t	\N	\N
4996	43	Nunavut	NU	CA14	t	\N	\N
4997	252	United Arab Emigrates (general)	UA	AE00	t	\N	\N
4998	252	Abu Zaby	AZ	AE01	t	\N	\N
4999	252	Ajman	AJ	AE02	t	\N	\N
5002	252	Dubayy	DU	AE03	t	\N	\N
5003	252	Al Fujayrah	FU	AE04	t	\N	\N
5004	252	Ra's al Khaymah	RK	AE05	t	\N	\N
5005	252	Ash Shariqah	SH	AE06	t	\N	\N
5006	252	Umm al Qaywayn	UQ	AE07	t	\N	\N
5007	178	Gisborne	GI	    	t	\N	\N
5010	178	Nelson	NE	    	t	\N	\N
5018	178	Tasman	TS	    	t	\N	\N
5019	178	Wanganui-Manawatu	MW	    	t	\N	\N
5020	178	West Coast	WC	    	t	\N	\N
5022	81	Ita-Suomen Laani	IS	FI14	t	\N	\N
5023	81	Lansi-Suomen Laani	LS	FI15	t	\N	\N
5024	271	Yugoslavia	YU	    	t	\N	\N
5025	61	Bjelovarsko-Bilogorska	BB	HR01	t	\N	\N
5026	61	Brodsko-Posavka	SP	HR02	t	\N	\N
5027	61	Dubrovacko-Neretvanska	DN	HR03	t	\N	\N
5028	61	Istarska	IS	HR04	t	\N	\N
5029	61	Karlovacka	KA	HR05	t	\N	\N
5030	61	Koprivnicko-Krizevacka	KK	HR06	t	\N	\N
5031	61	Krapinsko-Zagorska	KZ	HR07	t	\N	\N
5032	61	Licko-Senjska	LS	HR08	t	\N	\N
5033	61	Medimurska	ME	HR09	t	\N	\N
5034	61	Osjecko-Baranjska	OB	HR10	t	\N	\N
5035	61	Pozesko-Slavonska	PS	HR11	t	\N	\N
5036	61	Primorsko-Goranska	PG	HR12	t	\N	\N
5037	61	Sibensko-Kninska	SB	HR13	t	\N	\N
5038	61	Sisacko-Moslavacka	SM	HR14	t	\N	\N
5039	61	Splitsko-Dalmatinska	SD	HR15	t	\N	\N
5040	61	Varazdinska	VA	HR16	t	\N	\N
5041	61	Viroviticko-Podravska	VP	HR17	t	\N	\N
5042	61	Vukovarsko-Srijemska	VS	HR18	t	\N	\N
5043	61	Zadarska	ZD	HR19	t	\N	\N
5044	61	Zagrebacka	ZG	HR20	t	\N	\N
5045	61	Grad Zagreb	GZ	HR21	t	\N	\N
5047	176	Curacao	CU	    	t	\N	\N
5048	176	Bonaire	BO	    	t	\N	\N
5049	176	St Maarten	SM	    	t	\N	\N
5051	24	Brussels	BU	BE11	t	\N	\N
5052	5	Escaldes-Engordany	EE	AN08	t	\N	\N
5053	247	Ahal	AL	TX01	t	\N	\N
5054	247	Balkan	BA	TX02	t	\N	\N
5055	247	Dashhowuz	DA	TX03	t	\N	\N
5056	247	Lebap	LE	TX04	t	\N	\N
5057	247	Mary	MA	TX05	t	\N	\N
5058	41	Pailin	PL	CB30	t	\N	\N
5059	70	Orellana	OR	EC24	t	\N	\N
5060	114	Maluku Utara	MU	ID29	t	\N	\N
5061	259	Vargas	VA	VE26	t	\N	\N
5062	271	Crna Gora (Montenegro)	CG	YI01	t	\N	\N
5063	271	Srbija (Serbia)	SR	YI02	t	\N	\N
5064	55	Maniema	MN	CG10	t	\N	\N
5065	55	Nord-Kivu	NK	CG11	t	\N	\N
5066	55	Sud-Kivu	SK	CG12	t	\N	\N
5067	126	Ajlun	AJ	JO20	t	\N	\N
5068	126	Al Aqabah	AQ	JO21	t	\N	\N
5069	126	Jarash	JA	JO22	t	\N	\N
5070	126	Madaba	MD	JO23	t	\N	\N
5071	258	Malampa	ML	NH16	t	\N	\N
5072	258	Penama	PM	NH17	t	\N	\N
5073	258	Shefa	SE	NH18	t	\N	\N
5074	181	Bayelsa	BY	NI52	t	\N	\N
5075	181	Ebonyi	EB	NI53	t	\N	\N
5079	181	Ekiti	EK	NI54	t	\N	\N
5080	181	Gombe	GO	NI55	t	\N	\N
5081	181	Nassarawa	NA	NI56	t	\N	\N
5082	181	Zamfara	ZA	NI57	t	\N	\N
5083	163	Lapusna	LP	MD52	t	\N	\N
5084	163	Tighina	TG	MD55	t	\N	\N
5085	37	Blagoevgrad	BL	BU38	t	\N	\N
5086	37	Dobrich	DO	BU40	t	\N	\N
5087	37	Gabrovo 	GB	BU41	t	\N	\N
5088	37	Kurdzhali	KZ	BU44	t	\N	\N
5089	37	Kyustendil	KY	BU45	t	\N	\N
5090	37	Pazardzhik	PZ	BU48	t	\N	\N
5091	37	Pernik	PN	BU49	t	\N	\N
5092	37	Pleven	PV	BU50	t	\N	\N
5093	37	Ruse	RS	BU53	t	\N	\N
5094	37	Shumen	SH	BU54	t	\N	\N
5095	37	Silistra	SI	BU55	t	\N	\N
5096	37	Sliven	SL	BU56	t	\N	\N
5097	37	Smolyan	SM	BU57	t	\N	\N
5098	37	Stara Zagora	SZ	BU59	t	\N	\N
5099	37	Turgovishte	TU	BU60	t	\N	\N
5100	37	Veliko Turnovo	VT	BU62	t	\N	\N
5101	37	Vidin	VD	BU63	t	\N	\N
5102	37	Vratsa	VR	BU64	t	\N	\N
5103	37	Yambol	YA	BU65	t	\N	\N
5104	115	Golestan	GO	IR37	t	\N	\N
5105	115	Qazvin	QZ	IR38	t	\N	\N
5106	115	Qom	QM	IR39	t	\N	\N
5107	246	Ardahan	AR	TU86	t	\N	\N
5108	246	Bartin	BR	TU87	t	\N	\N
5109	246	Igdir	IG	TU88	t	\N	\N
5110	246	Karabuk	KB	TU89	t	\N	\N
5111	246	Kilis	KI	TU90	t	\N	\N
5112	246	Osmaniye	OS	TU91	t	\N	\N
5113	246	Yalova	YL	TU92	t	\N	\N
5114	18	Ar Rifa' wa al Mintaqah al Janubiyah	RF	BA13	t	\N	\N
5115	30	Republika Srpska	SR	BK02	t	\N	\N
5116	30	Federation of Bosnia and Herzegovina	BF	BK01	t	\N	\N
5118	135	Batken	BA	KG09	t	\N	\N
5119	132	P'yongan-bukto	PB	KN11	t	\N	\N
5120	203	Tyva	TU	RS79	t	\N	\N
5122	64	Jihomoravsky Kraj	JM	EZ78	t	\N	\N
5123	64	Jihocesky Kraj	JC	EZ79	t	\N	\N
5124	64	Vysocina	VY	EZ80	t	\N	\N
5125	64	Karlovarsky Kraj	KA	EZ81	t	\N	\N
5126	64	Kralovehradecky Kraj	KR	EZ82	t	\N	\N
5127	64	Liberecky Kraj	LI	EZ83	t	\N	\N
5128	64	Olomoucky Kraj	OL	EZ84	t	\N	\N
5129	64	Moravskoslezsky Kraj	MO	EZ85	t	\N	\N
5130	64	Pardubicky Kraj	PA	EZ86	t	\N	\N
5131	64	Plzensky Kraj	PL	EZ87	t	\N	\N
5132	64	Stredocesky Kraj	ST	EZ88	t	\N	\N
5133	64	Ustecky Kraj	US	EZ89	t	\N	\N
5134	64	Zlinsky Kraj	ZL	EZ90	t	\N	\N
5135	146	Aracinovo	AR	MK01	t	\N	\N
5136	146	Bac	BA	MK02	t	\N	\N
5137	146	Belcista	BE	MK03	t	\N	\N
5138	146	Berovo	BR	MK04	t	\N	\N
5139	146	Bistrica	BI	MK05	t	\N	\N
5140	146	Bitola	BO	MK06	t	\N	\N
5141	146	Blatec	BL	MK07	t	\N	\N
5142	146	Bogdanci	BG	MK08	t	\N	\N
5143	146	Bogomila	BM	MK09	t	\N	\N
5144	146	Bogovinje	BJ	MK10	t	\N	\N
5145	146	Bosilovo	BS	MK11	t	\N	\N
5146	146	Brvenica	BN	MK12	t	\N	\N
5147	146	Cair	CR	MK13	t	\N	\N
5148	146	Capari	CP	MK14	t	\N	\N
5149	146	Caska	CK	MK15	t	\N	\N
5150	146	Cegrane	CG	MK16	t	\N	\N
5151	146	Centar	CE	MK17	t	\N	\N
5152	146	Centar Zupa	CZ	MK18	t	\N	\N
5153	146	Cesinovo	CN	MK19	t	\N	\N
5154	146	Cucer-Sandevo	CS	MK20	t	\N	\N
5155	146	Debar	DB	MK21	t	\N	\N
5156	146	Delcevo	DL	MK22	t	\N	\N
5157	146	Delogozdi	DG	MK23	t	\N	\N
5158	146	Demir Hisar	DX	MK24	t	\N	\N
5159	146	Demir Kapija	DK	MK25	t	\N	\N
5160	146	Dobrusevo	DO	MK26	t	\N	\N
5161	146	Dolna Banjica	DJ	MK27	t	\N	\N
5162	146	Dolneni	DN	MK28	t	\N	\N
5163	146	Dorce Petrov	GP	MK29	t	\N	\N
5164	146	Drugovo	DR	MK30	t	\N	\N
5165	146	Dzepciste	DZ	MK31	t	\N	\N
5166	146	Gazi Baba	GB	MK32	t	\N	\N
5167	146	Gevgelija	GE	MK33	t	\N	\N
5168	146	Gostivar	GO	MK34	t	\N	\N
5169	146	Gradsko	GR	MK35	t	\N	\N
5170	146	Ilinden	IL	MK36	t	\N	\N
5171	146	Izvor	IZ	MK37	t	\N	\N
5172	146	Jegunovce	JE	MK38	t	\N	\N
5173	146	Kamenjane	KJ	MK39	t	\N	\N
5174	146	Karbinci	KB	MK40	t	\N	\N
5175	146	Karpos	KX	MK41	t	\N	\N
5176	146	Kavadarci	KD	MK42	t	\N	\N
5177	146	Kicevo	KH	MK43	t	\N	\N
5178	146	Kisela Voda	KV	MK44	t	\N	\N
5179	146	Klecevce	KL	MK45	t	\N	\N
5180	146	Kocani	KC	MK46	t	\N	\N
5181	146	Konce	KN	MK47	t	\N	\N
5182	146	Kondovo	KW	MK48	t	\N	\N
5183	146	Konopiste	KF	MK49	t	\N	\N
5184	146	Kosel	KE	MK50	t	\N	\N
5185	146	Kartovo	KY	MK51	t	\N	\N
5186	146	Kriva Palanka	KZ	MK52	t	\N	\N
5187	146	Krivogastani	KG	MK53	t	\N	\N
5188	146	Krusevo	KS	MK54	t	\N	\N
5189	146	Kuklis	KK	MK55	t	\N	\N
5190	146	Kukurecani	KQ	MK56	t	\N	\N
5191	146	Kumanovo	KM	MK57	t	\N	\N
5192	146	Labunista	LA	MK58	t	\N	\N
5193	146	Lipkovo	LI	MK59	t	\N	\N
5194	146	Lozovo	LO	MK60	t	\N	\N
5195	146	Lukovo	LU	MK61	t	\N	\N
5196	146	Makedonska Kamenica	MM	MK62	t	\N	\N
5197	146	Makedonski Brod	MB	MK63	t	\N	\N
5198	146	Mavrovi Anovi	MA	MK64	t	\N	\N
5199	146	Meseista	ME	MK65	t	\N	\N
5200	146	Miravci	MI	MK66	t	\N	\N
5201	146	Mogila	MO	MK67	t	\N	\N
5202	146	Murtino	MU	MK68	t	\N	\N
5203	146	Negotino	NG	MK69	t	\N	\N
5204	146	Negotino-Polosko	NP	MK70	t	\N	\N
5205	146	Novaci	NO	MK71	t	\N	\N
5206	146	Novo Selo	NS	MK72	t	\N	\N
5207	146	Oblesevo	OB	MK73	t	\N	\N
5208	146	Ohrid	OX	MK74	t	\N	\N
5209	146	Orasac	OR	MK75	t	\N	\N
5210	146	Orizari	OZ	MK76	t	\N	\N
5211	146	Oslomej	OS	MK77	t	\N	\N
5212	146	Pehcevo	PH	MK78	t	\N	\N
5213	146	Petrovec	PE	MK79	t	\N	\N
5214	146	Plasnica	PN	MK80	t	\N	\N
5215	146	Podares	PO	MK81	t	\N	\N
5216	146	Prilep	PR	MK82	t	\N	\N
5217	146	Probistip	PB	MK83	t	\N	\N
5218	146	Radovis	RD	MK84	t	\N	\N
5219	146	Rankovce	RN	MK85	t	\N	\N
5220	146	Resen	RE	MK86	t	\N	\N
5221	146	Rosoman	RM	MK87	t	\N	\N
5222	146	Rostusa	RT	MK88	t	\N	\N
5223	146	Samokov	SA	MK89	t	\N	\N
5224	146	Saraj	SJ	MK90	t	\N	\N
5225	146	Sipkovica	SI	MK91	t	\N	\N
5226	146	Sopiste	SS	MK92	t	\N	\N
5227	146	Sopotnica	SC	MK93	t	\N	\N
5228	146	Srbinovo	SB	MK94	t	\N	\N
5229	146	Staravina	SV	MK95	t	\N	\N
5230	146	Star Dojran	SD	MK96	t	\N	\N
5231	146	Star Nagoricane	SE	MK97	t	\N	\N
5232	146	Stip	ST	MK98	t	\N	\N
5233	146	Struga	SQ	MK99	t	\N	\N
5234	146	Strumica	SR	MKA1	t	\N	\N
5235	146	Studenicani	SU	MKA2	t	\N	\N
5236	146	Suto Orizari	SO	MKA3	t	\N	\N
5237	146	Sveti Nikole	SL	MKA4	t	\N	\N
5238	146	Tearce	TR	MKA5	t	\N	\N
5239	146	Tetovo	TT	MKA6	t	\N	\N
5240	146	Topolcani	TO	MKA7	t	\N	\N
5241	146	Valandovo	VA	MKA8	t	\N	\N
5242	146	Vasilevo	VL	MKA9	t	\N	\N
5243	146	Veles	VE	MKB1	t	\N	\N
5244	146	Velesta	VS	MKB2	t	\N	\N
5245	146	Vevcani	VV	MKB3	t	\N	\N
5246	146	Vinica	VN	MKB4	t	\N	\N
5247	146	Vitoliste	VT	MKB5	t	\N	\N
5248	146	Vranestica	VC	MKB6	t	\N	\N
5249	146	Vrapciste	VP	MKB7	t	\N	\N
5250	146	Vratnica	VR	MKB8	t	\N	\N
5251	146	Vrutok	VK	MKB9	t	\N	\N
5252	146	Zajas	ZA	MKC1	t	\N	\N
5253	146	Zelenikovo	ZK	MKC2	t	\N	\N
5254	146	Zelino	ZE	MKC3	t	\N	\N
5255	146	Zitose	ZI	MKC4	t	\N	\N
5256	146	Zletovo	ZL	MKC5	t	\N	\N
5257	146	Zrnovci	ZR	MKC6	t	\N	\N
5258	271	Kosovo	KM	    	t	\N	\N
5259	113	Uttaranchal	UL	IN39	t	\N	\N
5260	254	AOL	AO	    	t	\N	\N
5261	254	WebTV	WE	    	t	\N	\N
5262	14	AOL	AO	    	t	\N	\N
5263	253	AOL	AO	    	t	\N	\N
5264	33	AOL	AO	    	t	\N	\N
5265	122	AOL	AO	    	t	\N	\N
5266	91	AOL	AO	    	t	\N	\N
5267	113	Chhattisgarh	CT	IN37	t	\N	\N
5268	113	Jharkhand	JH	IN38	t	\N	\N
5269	40	Mwaro	MW	BY23	t	\N	\N
5270	274	Bulawayo	BU	ZI09	t	\N	\N
5271	274	Harare	HA	ZI10	t	\N	\N
5272	60	Adiake	AD	IV63	t	\N	\N
5273	60	Alepe	AL	IV64	t	\N	\N
5274	60	Bocanda	BN	IV65	t	\N	\N
5275	60	Dabou	DA	IV66	t	\N	\N
5276	60	Grand-Bassam	GR	IV68	t	\N	\N
5277	60	Jacqueville	JA	IV70	t	\N	\N
5278	60	Toulepleu	TP	IV72	t	\N	\N
5279	102	Mandiana	MD	GV37	t	\N	\N
5280	102	Lola	LO	GV36	t	\N	\N
5281	102	Lelouma	LE	GV35	t	\N	\N
5282	102	Koubia	KB	GV33	t	\N	\N
5283	102	Coyah	CO	GV30	t	\N	\N
5284	114	Gorontalo	GO	ID34	t	\N	\N
5285	114	Kepulauan Bangka Belitung	BB	ID35	t	\N	\N
5286	114	Banten	BT	ID33	t	\N	\N
5287	133	Ulsan-gwangyoksi	UL	KS21	t	\N	\N
5289	250	Sembabule	SE	UG74	t	\N	\N
5290	250	Nakasongola	NA	UG73	t	\N	\N
5291	250	Katakwi	KW	UG69	t	\N	\N
5292	250	Busia	BU	UG67	t	\N	\N
5293	250	Bugiri	BG	UG66	t	\N	\N
5294	250	Adjumani	AD	UG65	t	\N	\N
5295	138	Nabatiye	NA	LE07	t	\N	\N
5296	1	Khost	KT	    	t	\N	\N
5297	1	Nuristan	NR	    	t	\N	\N
5298	16	Sarur	SR	    	t	\N	\N
5299	16	Sahbuz	SH	    	t	\N	\N
5300	16	Sadarak	SD	    	t	\N	\N
5301	16	Ordubud	OR	    	t	\N	\N
5302	16	Babak	BB	    	t	\N	\N
5303	20	Barisal	BA	    	t	\N	\N
5304	20	Sylhet	SY	    	t	\N	\N
5305	24	Brabant Wallon	BW	BE10	t	\N	\N
5306	24	Vlaams-Brabant	VB	BE12	t	\N	\N
5308	27	Hamilton	HA	BD02	t	\N	\N
5309	4	Eastern Tutuila	ET	    	t	\N	\N
5310	4	Unorganized	UU	    	t	\N	\N
5311	4	Western Tutuila	WT	    	t	\N	\N
5312	4	Manu'a	MA	    	t	\N	\N
5313	30	Brcko District	BR	BKBD	t	\N	\N
5314	28	Tashi Yangtse	TY	    	t	\N	\N
5315	28	Gasa	GA	    	t	\N	\N
5316	26	Plateau	PL	    	t	\N	\N
5317	26	Littoral	LI	    	t	\N	\N
5318	26	Donga	DO	    	t	\N	\N
5319	26	Couffo	CF	    	t	\N	\N
5320	26	Collines	CL	    	t	\N	\N
5321	26	Alibori	AL	    	t	\N	\N
5322	90	Guria	GU	    	t	\N	\N
5323	90	Imereti	IM	    	t	\N	\N
5324	90	Kakheti	KA	    	t	\N	\N
5325	90	Kvemo Kartli	KK	    	t	\N	\N
5327	90	Mtskheta-Mtianeti	MM	    	t	\N	\N
5328	90	Racha-Lochkhumi-Kvemo Svaneti	RL	    	t	\N	\N
5329	90	Samegrelo-Zemo Svateni	SZ	    	t	\N	\N
5330	90	Samtskhe-Javakheti	SJ	    	t	\N	\N
5331	90	Shida Kartli	SK	    	t	\N	\N
5332	165	Govi-Sumber	GS	MG24	t	\N	\N
5333	165	Darhan Uul	DA	MG23	t	\N	\N
5334	132	Najin Sonbong-si	NJ	KN18	t	\N	\N
5335	74	Anseba	AN	    	t	\N	\N
5336	74	Semenawi Keyih Bahri	SK	    	t	\N	\N
5337	74	Maekel	MA	    	t	\N	\N
5338	74	Gash Barka	GB	    	t	\N	\N
5339	74	Debubawi Keyih Bahri	DK	    	t	\N	\N
5340	74	Debub	DU	    	t	\N	\N
5341	44	Mosteiros	MO	    	t	\N	\N
5342	44	Porto Novo	PN	    	t	\N	\N
5343	44	Santa Cruz	SZ	    	t	\N	\N
5344	44	S	SD	    	t	\N	\N
5345	44	S	SF	    	t	\N	\N
5346	38	Bal	BA	    	t	\N	\N
5347	38	Banwa	BW	    	t	\N	\N
5348	38	Ioba	IO	    	t	\N	\N
5349	38	Komondjari	KJ	    	t	\N	\N
5350	38	Kompienga	KP	    	t	\N	\N
5351	38	Koulp	KL	    	t	\N	\N
5352	38	Kourw	KW	    	t	\N	\N
5353	38	L	LE	    	t	\N	\N
5354	38	Loroum	LO	    	t	\N	\N
5355	38	Nayala	NY	    	t	\N	\N
5356	38	Noumbiel	NB	    	t	\N	\N
5357	38	Tui	TU	    	t	\N	\N
5358	38	Yagha	YG	    	t	\N	\N
5359	38	Ziro	ZR	    	t	\N	\N
5360	38	Zondoma	ZM	    	t	\N	\N
5361	97	Carriacou	CA	    	t	\N	\N
5362	140	River Gee	RG	    	t	\N	\N
5363	140	Gbarpolu	GP	    	t	\N	\N
5364	238	Pwani	PW	TZ02	t	\N	\N
5365	246	D	DU	TU93	t	\N	\N
5366	245	Manouba	MN	    	t	\N	\N
5367	151	Kidal	KD	    	t	\N	\N
5368	184	Rota	RO	    	t	\N	\N
5369	184	Saipan	SA	    	t	\N	\N
5370	184	Tinian	TA	    	t	\N	\N
5371	204	Kigali-Ville	KV	    	t	\N	\N
5372	204	Umutara	UM	    	t	\N	\N
5373	155	Trinit	TR	    	t	\N	\N
5374	155	Saint-Pierre	SP	    	t	\N	\N
5375	155	Marin	MA	    	t	\N	\N
5376	155	Fort-de-France	FF	    	t	\N	\N
5377	163	Taraclia	TR	    	t	\N	\N
5378	148	Phalombe	PH	    	t	\N	\N
5379	148	Likoma	LK	    	t	\N	\N
5380	148	Balaka	BA	    	t	\N	\N
5381	149	Putrajaya	PJ	    	t	\N	\N
5382	84	Saint-Laurent-du-Maroni	SL	    	t	\N	\N
5383	84	Cayenne	CY	    	t	\N	\N
5384	261	Saint Thomas	ST	    	t	\N	\N
5385	261	Saint John	SJ	    	t	\N	\N
5386	261	Saint Croix	SC	    	t	\N	\N
5387	275	West Bank	WE	    	t	\N	\N
5388	275	Gaza	GZ	    	t	\N	\N
5389	253	Wales	WA	    	t	\N	\N
5390	253	Scotland	SC	    	t	\N	\N
5391	253	Northern Ireland	NI	    	t	\N	\N
5392	253	England	EN	    	t	\N	\N
5393	240	Centre	CE	    	t	\N	\N
5394	240	Kara	KA	    	t	\N	\N
5395	240	Maritime	MA	    	t	\N	\N
5396	240	Plateaux	PL	    	t	\N	\N
5397	240	Savanes	SA	    	t	\N	\N
5398	181	Imo	IM	NI28	t	\N	\N
5399	181	Katsina	KT	NI24	t	\N	\N
5400	0	Dubai		    	f	\N	\N
5403	62	Karlovy Vary		    	f	\N	\N
5404	0	Jawa Tengah		    	f	\N	\N
5405	0	Sao Paulo		    	f	\N	\N
5406	0	London, City of		    	f	\N	\N
5407	271	Amanat Al Asimah		    	f	\N	\N
5408	252	Berkshire		    	t	\N	\N
5409	0	Uttarakhand		    	f	\N	\N
5410	0	Surrey		    	f	\N	\N
5411	29	La Paz Dept		    	f	\N	\N
5412	0	Grad Sofiya		    	f	\N	\N
5413	0	Lancashire		    	f	\N	\N
5414	0	Glasgow City		    	f	\N	\N
5415	0	Comunidad Valenciana		    	f	\N	\N
5416	217	Trenciansky kraj		    	f	\N	\N
5417	0	Catalonia		    	f	\N	\N
5418	0	Derby		    	f	\N	\N
5419	0	Brussels Hoofdstedelijk Gewest		    	f	\N	\N
5420	118	Fukushima Prefecture		    	f	\N	\N
5421	0	Westminster		    	f	\N	\N
5426	109	Jammu & Kashmir		    	f	\N	\N
5427	217	Bratislava Region		    	f	\N	\N
5429	183	Khyber Pakhtunkhwa		    	f	\N	\N
5430	79	Burgundy		    	f	\N	\N
5431	83	Rhineland-Palatinate		    	f	\N	\N
5435	174	Presidente Hayes Department		    	f	\N	\N
5436	112	Okinawa Prefecture		    	f	\N	\N
5437	112	Nara Prefecture		    	f	\N	\N
5438	83	North Rhine-Westphalia		    	f	\N	\N
5439	58	Plzen Region		    	f	\N	\N
5440	104	East Azerbaijan		    	f	\N	\N
5441	76	Upper Normandy		    	f	\N	\N
5442	160	Autonomous Region of the Northern Atlantic		    	f	\N	\N
5443	58	Pardubice Region		    	f	\N	\N
5444	213	Region of Murcia		    	f	\N	\N
5445	112	Fukuoka Prefecture		    	f	\N	\N
5446	109	Lombardy		    	f	\N	\N
5447	178	West Pomeranian Voivodeship		    	f	\N	\N
5448	60	Region Zealand		    	f	\N	\N
5449	112	Tochigi Prefecture		    	f	\N	\N
5450	185	Krasnodar Krai		    	f	\N	\N
5451	221	Homs Governorate		    	f	\N	\N
5452	27	La Paz Department		    	f	\N	\N
5453	104	Khorasan Razavi		    	f	\N	\N
5454	185	Orenburgskaya oblast		    	f	\N	\N
5455	58	Hradec Kr		    	f	\N	\N
5456	101	Westfjords		    	f	\N	\N
5457	185	Khanty-Mansi Autonomous Okrug		    	f	\N	\N
5458	175	Ica Region		    	f	\N	\N
5460	176	Metro Manila		    	f	\N	\N
5461	19	Chittagong Division		    	f	\N	\N
5462	152	Shan		    	f	\N	\N
5463	219	Sk		    	f	\N	\N
5464	83	Bavaria		    	f	\N	\N
5465	178	Warmian-Masurian Voivodeship		    	f	\N	\N
5466	0	Zagrebaka upanija		    	f	\N	\N
5467	0	Canton of Obwalden		    	f	\N	\N
5468	0	Sardinia		    	f	\N	\N
5469	0	Dhaka Division		    	f	\N	\N
5480	102	er	\N	\N	t	2016-10-27 12:00:18	2016-10-27 12:00:18
5482	240	Columbia	\N	\N	t	2016-10-27 12:13:03	2016-10-27 12:13:03
5483	102	Tamil Nadu	\N	\N	t	2016-10-27 12:27:15	2016-10-27 12:27:15
5485	240	Missouri	\N	\N	t	2016-10-27 12:32:19	2016-10-27 12:32:19
5488	156	North Brabant	\N	\N	t	2016-10-27 12:42:02	2016-10-27 12:42:02
5489	156	Noord-Brabant	\N	\N	t	2016-10-27 12:54:35	2016-10-27 12:54:35
5490	102	Maharashtra	\N	\N	t	2016-10-27 12:59:37	2016-10-27 12:59:37
5492	240	Pennsylvania	\N	\N	t	2016-10-27 13:09:41	2016-10-27 13:09:41
5493	240	New York	\N	\N	t	2017-04-28 07:11:04	2017-04-28 07:11:04
5494	240	New Jersey	\N	\N	t	2017-04-28 07:52:11	2017-04-28 07:52:11
5495	41	Ontario	\N	\N	t	2017-04-28 08:41:01	2017-04-28 08:41:01
5496	240	California	\N	\N	t	2017-04-29 10:26:23	2017-04-29 10:26:23
5497	240	Florida	\N	\N	t	2017-04-29 10:28:21	2017-04-29 10:28:21
5499	109	Lombardia	\N	\N	t	2017-04-29 12:50:36	2017-04-29 12:50:36
5500	209	Western Cape	\N	\N	t	2017-04-29 12:58:07	2017-04-29 12:58:07
5501	103	Special Region of Yogyakarta	\N	\N	t	2017-04-29 13:01:31	2017-04-29 13:01:31
5502	169	Punjab	\N	\N	t	2017-04-29 13:13:29	2017-04-29 13:13:29
5503	240	Nevada	\N	\N	t	2017-05-08 08:53:57	2017-05-08 08:53:57
5504	103	East Java	\N	\N	t	2017-05-08 08:56:53	2017-05-08 08:56:53
5505	238	Sharjah	\N	\N	t	2017-05-08 09:05:48	2017-05-08 09:05:48
5506	32	State of Minas Gerais	\N	\N	t	2017-05-08 09:48:46	2017-05-08 09:48:46
5507	109	Lazio	\N	\N	t	2017-05-08 10:00:06	2017-05-08 10:00:06
\.


--
-- Name: states_id_seq; Type: SEQUENCE SET; Schema: public; Owner: -
--

SELECT pg_catalog.setval('states_id_seq', 5507, true);


--
-- Name: tags_id_seq; Type: SEQUENCE SET; Schema: public; Owner: -
--

SELECT pg_catalog.setval('tags_id_seq', 1, false);


--
-- Data for Name: timezones; Type: TABLE DATA; Schema: public; Owner: -
--

COPY timezones (id, created_at, updated_at, code, name, gmt_offset, dst_offset, raw_offset, hasdst) FROM stdin;
1	2010-05-10 20:13:09	2010-05-10 20:13:09	Pacific/Apia	(GMT-11:00) Apia	-10.0	-11.0	-11.0	t
2	2010-05-10 20:13:09	2010-05-10 20:13:09	Pacific/Midway	(GMT-11:00) Midway	-11.0	-11.0	-11.0	f
3	2010-05-10 20:13:09	2010-05-10 20:13:09	Pacific/Niue	(GMT-11:00) Niue	-11.0	-11.0	-11.0	f
4	2010-05-10 20:13:09	2010-05-10 20:13:09	Pacific/Pago_Pago	(GMT-11:00) Pago Pago	-11.0	-11.0	-11.0	f
5	2010-05-10 20:13:09	2010-05-10 20:13:09	Pacific/Fakaofo	(GMT-10:00) Fakaofo	-10.0	-10.0	-10.0	f
6	2010-05-10 20:13:09	2010-05-10 20:13:09	Pacific/Honolulu	(GMT-10:00) Hawaii Time	-10.0	-10.0	-10.0	f
7	2010-05-10 20:13:09	2010-05-10 20:13:09	Pacific/Johnston	(GMT-10:00) Johnston	-10.0	-10.0	-10.0	f
8	2010-05-10 20:13:09	2010-05-10 20:13:09	Pacific/Rarotonga	(GMT-10:00) Rarotonga	-10.0	-10.0	-10.0	f
9	2010-05-10 20:13:09	2010-05-10 20:13:09	Pacific/Tahiti	(GMT-10:00) Tahiti	-10.0	-10.0	-10.0	f
10	2010-05-10 20:13:10	2010-05-10 20:13:10	Pacific/Marquesas	(GMT-09:30) Marquesas	-9.5	-9.5	-9.5	f
11	2010-05-10 20:13:10	2010-05-10 20:13:10	America/Anchorage	(GMT-09:00) Alaska Time	-9.0	-8.0	-9.0	t
12	2010-05-10 20:13:10	2010-05-10 20:13:10	Pacific/Gambier	(GMT-09:00) Gambier	-9.0	-9.0	-9.0	f
13	2010-05-10 20:13:10	2010-05-10 20:13:10	America/Los_Angeles	(GMT-08:00) Pacific Time	-8.0	-7.0	-8.0	t
14	2010-05-10 20:13:10	2010-05-10 20:13:10	America/Tijuana	(GMT-08:00) Pacific Time - Tijuana	-8.0	-7.0	-8.0	t
15	2010-05-10 20:13:10	2010-05-10 20:13:10	America/Vancouver	(GMT-08:00) Pacific Time - Vancouver	-8.0	-7.0	-8.0	t
16	2010-05-10 20:13:10	2010-05-10 20:13:10	America/Whitehorse	(GMT-08:00) Pacific Time - Whitehorse	-8.0	-7.0	-8.0	t
17	2010-05-10 20:13:10	2010-05-10 20:13:10	Pacific/Pitcairn	(GMT-08:00) Pitcairn	-8.0	-8.0	-8.0	f
18	2010-05-10 20:13:10	2010-05-10 20:13:10	America/Dawson_Creek	(GMT-07:00) Mountain Time - Dawson Creek	-7.0	-7.0	-7.0	f
19	2010-05-10 20:13:10	2010-05-10 20:13:10	America/Denver	(GMT-07:00) Mountain Time (America/Denver)	-7.0	-6.0	-7.0	t
20	2010-05-10 20:13:10	2010-05-10 20:13:10	America/Edmonton	(GMT-07:00) Mountain Time - Edmonton	-7.0	-6.0	-7.0	t
21	2010-05-10 20:13:10	2010-05-10 20:13:10	America/Hermosillo	(GMT-07:00) Mountain Time - Hermosillo	-7.0	-7.0	-7.0	f
22	2010-05-10 20:13:10	2010-05-10 20:13:10	America/Mazatlan	(GMT-07:00) Mountain Time - Chihuahua, Mazatlan	-7.0	-6.0	-7.0	t
23	2010-05-10 20:13:10	2010-05-10 20:13:10	America/Phoenix	(GMT-07:00) Mountain Time - Arizona	-7.0	-7.0	-7.0	f
24	2010-05-10 20:13:10	2010-05-10 20:13:10	America/Yellowknife	(GMT-07:00) Mountain Time - Yellowknife	-7.0	-6.0	-7.0	t
25	2010-05-10 20:13:10	2010-05-10 20:13:10	America/Belize	(GMT-06:00) Belize	-6.0	-6.0	-6.0	f
26	2010-05-10 20:13:10	2010-05-10 20:13:10	America/Chicago	(GMT-06:00) Central Time	-6.0	-5.0	-6.0	t
27	2010-05-10 20:13:10	2010-05-10 20:13:10	America/Costa_Rica	(GMT-06:00) Costa Rica	-6.0	-6.0	-6.0	f
28	2010-05-10 20:13:10	2010-05-10 20:13:10	America/El_Salvador	(GMT-06:00) El Salvador	-6.0	-6.0	-6.0	f
29	2010-05-10 20:13:10	2010-05-10 20:13:10	America/Guatemala	(GMT-06:00) Guatemala	-6.0	-6.0	-6.0	f
30	2010-05-10 20:13:10	2010-05-10 20:13:10	America/Managua	(GMT-06:00) Managua	-6.0	-6.0	-6.0	f
31	2010-05-10 20:13:10	2010-05-10 20:13:10	America/Mexico_City	(GMT-06:00) Central Time - Mexico City	-6.0	-5.0	-6.0	t
32	2010-05-10 20:13:10	2010-05-10 20:13:10	America/Regina	(GMT-06:00) Central Time - Regina	-6.0	-6.0	-6.0	f
33	2010-05-10 20:13:10	2010-05-10 20:13:10	America/Tegucigalpa	(GMT-06:00) Central Time (America/Tegucigalpa)	-6.0	-6.0	-6.0	f
34	2010-05-10 20:13:10	2010-05-10 20:13:10	America/Winnipeg	(GMT-06:00) Central Time - Winnipeg	-6.0	-5.0	-6.0	t
35	2010-05-10 20:13:10	2010-05-10 20:13:10	Pacific/Easter	(GMT-06:00) Easter Island	-6.0	-5.0	-6.0	t
36	2010-05-10 20:13:10	2010-05-10 20:13:10	Pacific/Galapagos	(GMT-06:00) Galapagos	-6.0	-6.0	-6.0	f
37	2010-05-10 20:13:10	2010-05-10 20:13:10	America/Bogota	(GMT-05:00) Bogota	-5.0	-5.0	-5.0	f
38	2010-05-10 20:13:10	2010-05-10 20:13:10	America/Cayman	(GMT-05:00) Cayman	-5.0	-4.0	-5.0	t
39	2010-05-10 20:13:10	2010-05-10 20:13:10	America/Grand_Turk	(GMT-05:00) Grand Turk	-5.0	-4.0	-5.0	t
40	2010-05-10 20:13:10	2010-05-10 20:13:10	America/Guayaquil	(GMT-05:00) Guayaquil	-5.0	-5.0	-5.0	f
41	2010-05-10 20:13:10	2010-05-10 20:13:10	America/Havana	(GMT-05:00) Havana	-5.0	-4.0	-5.0	t
42	2010-05-10 20:13:10	2010-05-10 20:13:10	America/Iqaluit	(GMT-05:00) Eastern Time - Iqaluit	-5.0	-4.0	-5.0	t
43	2010-05-10 20:13:10	2010-05-10 20:13:10	America/Jamaica	(GMT-05:00) Jamaica	-5.0	-5.0	-5.0	f
44	2010-05-10 20:13:10	2010-05-10 20:13:10	America/Lima	(GMT-05:00) Lima	-5.0	-5.0	-5.0	f
45	2010-05-10 20:13:10	2010-05-10 20:13:10	America/Montreal	(GMT-05:00) Eastern Time - Montreal	-5.0	-4.0	-5.0	t
46	2010-05-10 20:13:10	2010-05-10 20:13:10	America/Nassau	(GMT-05:00) Nassau	-5.0	-4.0	-5.0	t
47	2010-05-10 20:13:10	2010-05-10 20:13:10	America/New_York	(GMT-05:00) Eastern Time	-5.0	-4.0	-5.0	t
48	2010-05-10 20:13:10	2010-05-10 20:13:10	America/Panama	(GMT-05:00) Panama	-5.0	-5.0	-5.0	f
49	2010-05-10 20:13:10	2010-05-10 20:13:10	America/Port-au-Prince	(GMT-05:00) Port-au-Prince	-5.0	-5.0	-5.0	f
50	2010-05-10 20:13:10	2010-05-10 20:13:10	America/Toronto	(GMT-05:00) Eastern Time - Toronto	-5.0	-4.0	-5.0	t
51	2010-05-10 20:13:10	2010-05-10 20:13:10	America/Caracas	(GMT-04:30) Caracas	-4.5	-4.5	-4.5	f
52	2010-05-10 20:13:10	2010-05-10 20:13:10	America/Anguilla	(GMT-04:00) Anguilla	-4.0	-4.0	-4.0	f
53	2010-05-10 20:13:10	2010-05-10 20:13:10	America/Antigua	(GMT-04:00) Antigua	-4.0	-4.0	-4.0	f
54	2010-05-10 20:13:10	2010-05-10 20:13:10	America/Aruba	(GMT-04:00) Aruba	-4.0	-4.0	-4.0	f
55	2010-05-10 20:13:10	2010-05-10 20:13:10	America/Asuncion	(GMT-04:00) Asuncion	-3.0	-4.0	-4.0	t
56	2010-05-10 20:13:10	2010-05-10 20:13:10	America/Barbados	(GMT-04:00) Barbados	-4.0	-4.0	-4.0	f
57	2010-05-10 20:13:10	2010-05-10 20:13:10	America/Boa_Vista	(GMT-04:00) Boa Vista	-4.0	-4.0	-4.0	f
58	2010-05-10 20:13:10	2010-05-10 20:13:10	America/Campo_Grande	(GMT-04:00) Campo Grande	-3.0	-4.0	-4.0	f
59	2010-05-10 20:13:10	2010-05-10 20:13:10	America/Cuiaba	(GMT-04:00) Cuiaba	-3.0	-4.0	-4.0	t
60	2010-05-10 20:13:10	2010-05-10 20:13:10	America/Curacao	(GMT-04:00) Curacao	-4.0	-4.0	-4.0	f
61	2010-05-10 20:13:10	2010-05-10 20:13:10	America/Dominica	(GMT-04:00) Dominica	-4.0	-4.0	-4.0	f
62	2010-05-10 20:13:10	2010-05-10 20:13:10	America/Grenada	(GMT-04:00) Grenada	-4.0	-4.0	-4.0	f
63	2010-05-10 20:13:10	2010-05-10 20:13:10	America/Guadeloupe	(GMT-04:00) Guadeloupe	-4.0	0.0	-4.0	t
64	2010-05-10 20:13:10	2010-05-10 20:13:10	America/Guyana	(GMT-04:00) Guyana	-4.0	-4.0	-4.0	f
65	2010-05-10 20:13:10	2010-05-10 20:13:10	America/Halifax	(GMT-04:00) Atlantic Time - Halifax	0.0	1.0	0.0	t
66	2010-05-10 20:13:10	2010-05-10 20:13:10	America/La_Paz	(GMT-04:00) La Paz	-4.0	-4.0	-4.0	f
67	2010-05-10 20:13:10	2010-05-10 20:13:10	America/Manaus	(GMT-04:00) Manaus	-4.0	-4.0	-4.0	f
68	2010-05-10 20:13:10	2010-05-10 20:13:10	America/Martinique	(GMT-04:00) Martinique	-4.0	-4.0	-4.0	f
69	2010-05-10 20:13:10	2010-05-10 20:13:10	America/Montserrat	(GMT-04:00) Montserrat	-4.0	-4.0	-4.0	f
70	2010-05-10 20:13:10	2010-05-10 20:13:10	America/Port_of_Spain	(GMT-04:00) Port of Spain	-4.0	-4.0	-4.0	f
225	2010-05-10 20:13:12	2010-05-10 20:13:12	Indian/Reunion	(GMT+04:00) Reunion	4.0	4.0	4.0	f
71	2010-05-10 20:13:10	2010-05-10 20:13:10	America/Porto_Velho	(GMT-04:00) Porto Velho	-4.0	-4.0	-4.0	f
72	2010-05-10 20:13:10	2010-05-10 20:13:10	America/Puerto_Rico	(GMT-04:00) Puerto Rico	-4.0	-4.0	-4.0	f
73	2010-05-10 20:13:10	2010-05-10 20:13:10	America/Rio_Branco	(GMT-04:00) Rio Branco				f
74	2010-05-10 20:13:10	2010-05-10 20:13:10	America/Santiago	(GMT-04:00) Santiago	-3.0	-4.0	-4.0	t
75	2010-05-10 20:13:10	2010-05-10 20:13:10	America/Santo_Domingo	(GMT-04:00) Santo Domingo	-4.0	-4.0	-4.0	f
76	2010-05-10 20:13:10	2010-05-10 20:13:10	America/St_Kitts	(GMT-04:00) St. Kitts	-4.0	-4.0	-4.0	f
77	2010-05-10 20:13:10	2010-05-10 20:13:10	America/St_Lucia	(GMT-04:00) St. Lucia	-4.0	-4.0	-4.0	f
78	2010-05-10 20:13:10	2010-05-10 20:13:10	America/St_Thomas	(GMT-04:00) St. Thomas	-4.0	-4.0	-4.0	f
79	2010-05-10 20:13:10	2010-05-10 20:13:10	America/St_Vincent	(GMT-04:00) St. Vincent	-4.0	-4.0	-4.0	f
80	2010-05-10 20:13:11	2010-05-10 20:13:11	America/Thule	(GMT-04:00) Thule	11.0	10.0	10.0	t
81	2010-05-10 20:13:11	2010-05-10 20:13:11	America/Tortola	(GMT-04:00) Tortola	-4.0	-4.0	-4.0	f
82	2010-05-10 20:13:11	2010-05-10 20:13:11	Antarctica/Palmer	(GMT-04:00) Palmer	1.0	2.0	1.0	t
83	2010-05-10 20:13:11	2010-05-10 20:13:11	Atlantic/Bermuda	(GMT-04:00) Bermuda	-4.0	-3.0	-4.0	t
84	2010-05-10 20:13:11	2010-05-10 20:13:11	Atlantic/Stanley	(GMT-04:00) Stanley	11.0	10.0	10.0	t
85	2010-05-10 20:13:11	2010-05-10 20:13:11	America/St_Johns	(GMT-03:30) Newfoundland Time - St. Johns	-3.5	-2.5	-3.5	t
86	2010-05-10 20:13:11	2010-05-10 20:13:11	America/Araguaina	(GMT-03:00) Araguaina	-3.0	-3.0	-3.0	f
87	2010-05-10 20:13:11	2010-05-10 20:13:11	America/Argentina/Buenos_Aires	(GMT-03:00) Buenos Aires	-3.0	-3.0	-3.0	f
88	2010-05-10 20:13:11	2010-05-10 20:13:11	America/Bahia	(GMT-03:00) Salvador	-3.0	-3.0	-3.0	f
89	2010-05-10 20:13:11	2010-05-10 20:13:11	America/Belem	(GMT-03:00) Belem	-3.0	-3.0	-3.0	f
90	2010-05-10 20:13:11	2010-05-10 20:13:11	America/Cayenne	(GMT-03:00) Cayenne	-3.0	-3.0	-3.0	f
91	2010-05-10 20:13:11	2010-05-10 20:13:11	America/Fortaleza	(GMT-03:00) Fortaleza	-3.0	-3.0	-3.0	f
92	2010-05-10 20:13:11	2010-05-10 20:13:11	America/Godthab	(GMT-03:00) Godthab	-3.0	-2.0	-3.0	t
93	2010-05-10 20:13:11	2010-05-10 20:13:11	America/Maceio	(GMT-03:00) Maceio	-3.0	-3.0	-3.0	f
94	2010-05-10 20:13:11	2010-05-10 20:13:11	America/Miquelon	(GMT-03:00) Miquelon	-3.0	-2.0	-3.0	t
95	2010-05-10 20:13:11	2010-05-10 20:13:11	America/Montevideo	(GMT-03:00) Montevideo	-2.0	-3.0	-3.0	t
96	2010-05-10 20:13:11	2010-05-10 20:13:11	America/Paramaribo	(GMT-03:00) Paramaribo	-3.0	-3.0	-3.0	f
97	2010-05-10 20:13:11	2010-05-10 20:13:11	America/Recife	(GMT-03:00) Recife	-3.0	-3.0	-3.0	f
98	2010-05-10 20:13:11	2010-05-10 20:13:11	America/Sao_Paulo	(GMT-03:00) Sao Paulo	-2.0	-3.0	-3.0	f
99	2010-05-10 20:13:11	2010-05-10 20:13:11	Antarctica/Rothera	(GMT-03:00) Rothera	-3.0	-3.0	-3.0	f
100	2010-05-10 20:13:11	2010-05-10 20:13:11	America/Noronha	(GMT-02:00) Noronha	-2.0	-3.0	-3.0	t
101	2010-05-10 20:13:11	2010-05-10 20:13:11	Atlantic/South_Georgia	(GMT-02:00) South Georgia	-2.0	-2.0	-2.0	f
102	2010-05-10 20:13:11	2010-05-10 20:13:11	America/Scoresbysund	(GMT-01:00) Scoresbysund	-1.0	0.0	-1.0	t
103	2010-05-10 20:13:11	2010-05-10 20:13:11	Atlantic/Azores	(GMT-01:00) Azores	-1.0	0.0	-1.0	t
104	2010-05-10 20:13:11	2010-05-10 20:13:11	Atlantic/Cape_Verde	(GMT-01:00) Cape Verde	-1.0	-0.0	-1.0	f
105	2010-05-10 20:13:11	2010-05-10 20:13:11	Africa/Abidjan	(GMT+00:00) Abidjan	0.0	0.0	0.0	f
106	2010-05-10 20:13:11	2010-05-10 20:13:11	Africa/Accra	(GMT+00:00) Accra	0.0	0.0	0.0	f
107	2010-05-10 20:13:11	2010-05-10 20:13:11	Africa/Bamako	(GMT+00:00) Bamako	0.0	0.0	0.0	f
108	2010-05-10 20:13:11	2010-05-10 20:13:11	Africa/Banjul	(GMT+00:00) Banjul	0.0	0.0	0.0	f
109	2010-05-10 20:13:11	2010-05-10 20:13:11	Africa/Bissau	(GMT+00:00) Bissau	0.0	0.0	0.0	f
110	2010-05-10 20:13:11	2010-05-10 20:13:11	Africa/Casablanca	(GMT+00:00) Casablanca	0.0	0.0	0.0	f
111	2010-05-10 20:13:11	2010-05-10 20:13:11	Africa/Conakry	(GMT+00:00) Conakry	0.0	0.0	0.0	f
112	2010-05-10 20:13:11	2010-05-10 20:13:11	Africa/Dakar	(GMT+00:00) Dakar	0.0	0.0	0.0	f
113	2010-05-10 20:13:11	2010-05-10 20:13:11	Africa/El_Aaiun	(GMT+00:00) El Aaiun	0.0	0.0	0.0	f
114	2010-05-10 20:13:11	2010-05-10 20:13:11	Africa/Freetown	(GMT+00:00) Freetown	0.0	0.0	0.0	f
115	2010-05-10 20:13:11	2010-05-10 20:13:11	Africa/Lome	(GMT+00:00) Lome	0.0	0.0	0.0	f
116	2010-05-10 20:13:11	2010-05-10 20:13:11	Africa/Monrovia	(GMT+00:00) Monrovia	0.0	0.0	0.0	f
117	2010-05-10 20:13:11	2010-05-10 20:13:11	Africa/Nouakchott	(GMT+00:00) Nouakchott	0.0	0.0	0.0	f
118	2010-05-10 20:13:11	2010-05-10 20:13:11	Africa/Ouagadougou	(GMT+00:00) Ouagadougou	0.0	0.0	0.0	f
119	2010-05-10 20:13:11	2010-05-10 20:13:11	Africa/Sao_Tome	(GMT+00:00) Sao Tome	0.0	0.0	0.0	f
120	2010-05-10 20:13:11	2010-05-10 20:13:11	America/Danmarkshavn	(GMT+00:00) Danmarkshavn	0.0	0.0	0.0	f
121	2010-05-10 20:13:11	2010-05-10 20:13:11	Atlantic/Canary	(GMT+00:00) Canary Islands				f
122	2010-05-10 20:13:11	2010-05-10 20:13:11	Atlantic/Faroe	(GMT+00:00) Faeroe	1.0	2.0	1.0	t
123	2010-05-10 20:13:11	2010-05-10 20:13:11	Atlantic/Reykjavik	(GMT+00:00) Reykjavik	0.0	0.0	0.0	f
124	2010-05-10 20:13:11	2010-05-10 20:13:11	Atlantic/St_Helena	(GMT+00:00) St Helena	-1.0	0.0	-1.0	f
125	2010-05-10 20:13:11	2010-05-10 20:13:11	Etc/GMT	(GMT+00:00) GMT (no daylight saving)	0.0	0.0	0.0	f
126	2010-05-10 20:13:11	2010-05-10 20:13:11	Europe/Dublin	(GMT+00:00) Dublin	0.0	1.0	0.0	t
127	2010-05-10 20:13:11	2010-05-10 20:13:11	Europe/Lisbon	(GMT+00:00) Lisbon	0.0	1.0	0.0	t
128	2010-05-10 20:13:11	2010-05-10 20:13:11	Europe/London	(GMT+00:00) London	0.0	1.0	0.0	t
129	2010-05-10 20:13:11	2010-05-10 20:13:11	Africa/Algiers	(GMT+01:00) Algiers	1.0	1.0	1.0	f
130	2010-05-10 20:13:11	2010-05-10 20:13:11	Africa/Bangui	(GMT+01:00) Bangui	1.0	1.0	1.0	f
131	2010-05-10 20:13:11	2010-05-10 20:13:11	Africa/Brazzaville	(GMT+01:00) Brazzaville	1.0	1.0	1.0	f
132	2010-05-10 20:13:11	2010-05-10 20:13:11	Africa/Ceuta	(GMT+01:00) Ceuta	1.0	2.0	1.0	t
133	2010-05-10 20:13:11	2010-05-10 20:13:11	Africa/Douala	(GMT+01:00) Douala	1.0	1.0	1.0	f
134	2010-05-10 20:13:11	2010-05-10 20:13:11	Africa/Kinshasa	(GMT+01:00) Kinshasa	1.0	1.0	1.0	f
135	2010-05-10 20:13:11	2010-05-10 20:13:11	Africa/Lagos	(GMT+01:00) Lagos	1.0	1.0	1.0	f
136	2010-05-10 20:13:11	2010-05-10 20:13:11	Africa/Libreville	(GMT+01:00) Libreville	1.0	1.0	1.0	f
137	2010-05-10 20:13:11	2010-05-10 20:13:11	Africa/Luanda	(GMT+01:00) Luanda	1.0	1.0	1.0	f
138	2010-05-10 20:13:11	2010-05-10 20:13:11	Africa/Malabo	(GMT+01:00) Malabo	1.0	1.0	1.0	f
139	2010-05-10 20:13:11	2010-05-10 20:13:11	Africa/Ndjamena	(GMT+01:00) Ndjamena	1.0	1.0	1.0	f
140	2010-05-10 20:13:11	2010-05-10 20:13:11	Africa/Niamey	(GMT+01:00) Niamey	1.0	1.0	1.0	f
141	2010-05-10 20:13:11	2010-05-10 20:13:11	Africa/Porto-Novo	(GMT+01:00) Porto-Novo	1.0	1.0	1.0	f
142	2010-05-10 20:13:11	2010-05-10 20:13:11	Africa/Tunis	(GMT+01:00) Tunis	1.0	2.0	1.0	t
143	2010-05-10 20:13:11	2010-05-10 20:13:11	Africa/Windhoek	(GMT+01:00) Windhoek	2.0	1.0	1.0	t
144	2010-05-10 20:13:11	2010-05-10 20:13:11	Europe/Amsterdam	(GMT+01:00) Amsterdam	1.0	2.0	1.0	t
145	2010-05-10 20:13:11	2010-05-10 20:13:11	Europe/Andorra	(GMT+01:00) Andorra	1.0	2.0	1.0	t
224	2010-05-10 20:13:12	2010-05-10 20:13:12	Indian/Mauritius	(GMT+04:00) Mauritius	4.0	4.0	4.0	f
146	2010-05-10 20:13:11	2010-05-10 20:13:11	Europe/Belgrade	(GMT+01:00) Central European Time (Europe/Belgrade)	1.0	2.0	1.0	t
147	2010-05-10 20:13:11	2010-05-10 20:13:11	Europe/Berlin	(GMT+01:00) Berlin	1.0	2.0	1.0	t
148	2010-05-10 20:13:11	2010-05-10 20:13:11	Europe/Brussels	(GMT+01:00) Brussels	1.0	2.0	1.0	t
149	2010-05-10 20:13:11	2010-05-10 20:13:11	Europe/Budapest	(GMT+01:00) Budapest	1.0	2.0	1.0	t
150	2010-05-10 20:13:11	2010-05-10 20:13:11	Europe/Copenhagen	(GMT+01:00) Copenhagen	1.0	2.0	1.0	t
151	2010-05-10 20:13:11	2010-05-10 20:13:11	Europe/Gibraltar	(GMT+01:00) Gibraltar	1.0	2.0	1.0	t
152	2010-05-10 20:13:11	2010-05-10 20:13:11	Europe/Luxembourg	(GMT+01:00) Luxembourg	1.0	2.0	1.0	t
153	2010-05-10 20:13:11	2010-05-10 20:13:11	Europe/Madrid	(GMT+01:00) Madrid	1.0	2.0	1.0	t
154	2010-05-10 20:13:11	2010-05-10 20:13:11	Europe/Malta	(GMT+01:00) Malta	1.0	2.0	1.0	t
155	2010-05-10 20:13:11	2010-05-10 20:13:11	Europe/Monaco	(GMT+01:00) Monaco	1.0	2.0	1.0	t
156	2010-05-10 20:13:11	2010-05-10 20:13:11	Europe/Oslo	(GMT+01:00) Oslo	1.0	2.0	1.0	t
157	2010-05-10 20:13:11	2010-05-10 20:13:11	Europe/Paris	(GMT+01:00) Paris	1.0	2.0	1.0	t
158	2010-05-10 20:13:11	2010-05-10 20:13:11	Europe/Prague	(GMT+01:00) Central European Time (Europe/Prague)	1.0	2.0	1.0	t
159	2010-05-10 20:13:11	2010-05-10 20:13:11	Europe/Rome	(GMT+01:00) Rome	1.0	2.0	1.0	t
160	2010-05-10 20:13:11	2010-05-10 20:13:11	Europe/Stockholm	(GMT+01:00) Stockholm	1.0	2.0	1.0	t
161	2010-05-10 20:13:11	2010-05-10 20:13:11	Europe/Tirane	(GMT+01:00) Tirane	1.0	2.0	1.0	t
162	2010-05-10 20:13:11	2010-05-10 20:13:11	Europe/Vaduz	(GMT+01:00) Vaduz	1.0	2.0	1.0	t
163	2010-05-10 20:13:11	2010-05-10 20:13:11	Europe/Vienna	(GMT+01:00) Vienna	1.0	2.0	1.0	t
164	2010-05-10 20:13:11	2010-05-10 20:13:11	Europe/Warsaw	(GMT+01:00) Warsaw	1.0	2.0	1.0	t
165	2010-05-10 20:13:11	2010-05-10 20:13:11	Europe/Zurich	(GMT+01:00) Zurich	1.0	2.0	1.0	t
166	2010-05-10 20:13:11	2010-05-10 20:13:11	Africa/Blantyre	(GMT+02:00) Blantyre	2.0	2.0	2.0	f
167	2010-05-10 20:13:11	2010-05-10 20:13:11	Africa/Bujumbura	(GMT+02:00) Bujumbura	2.0	2.0	2.0	f
168	2010-05-10 20:13:11	2010-05-10 20:13:11	Africa/Cairo	(GMT+02:00) Cairo	2.0	3.0	2.0	t
169	2010-05-10 20:13:11	2010-05-10 20:13:11	Africa/Gaborone	(GMT+02:00) Gaborone	2.0	2.0	2.0	f
170	2010-05-10 20:13:11	2010-05-10 20:13:11	Africa/Harare	(GMT+02:00) Harare	2.0	2.0	2.0	f
171	2010-05-10 20:13:11	2010-05-10 20:13:11	Africa/Johannesburg	(GMT+02:00) Johannesburg	2.0	2.0	2.0	f
172	2010-05-10 20:13:11	2010-05-10 20:13:11	Africa/Kigali	(GMT+02:00) Kigali	2.0	2.0	2.0	f
173	2010-05-10 20:13:11	2010-05-10 20:13:11	Africa/Lubumbashi	(GMT+02:00) Lubumbashi	2.0	2.0	2.0	f
174	2010-05-10 20:13:11	2010-05-10 20:13:11	Africa/Lusaka	(GMT+02:00) Lusaka	2.0	2.0	2.0	f
175	2010-05-10 20:13:11	2010-05-10 20:13:11	Africa/Maputo	(GMT+02:00) Maputo	2.0	2.0	2.0	f
176	2010-05-10 20:13:11	2010-05-10 20:13:11	Africa/Maseru	(GMT+02:00) Maseru	2.0	2.0	2.0	f
177	2010-05-10 20:13:11	2010-05-10 20:13:11	Africa/Mbabane	(GMT+02:00) Mbabane	2.0	2.0	2.0	f
178	2010-05-10 20:13:11	2010-05-10 20:13:11	Africa/Tripoli	(GMT+02:00) Tripoli	2.0	2.0	2.0	f
179	2010-05-10 20:13:11	2010-05-10 20:13:11	Asia/Amman	(GMT+02:00) Amman	2.0	3.0	2.0	t
180	2010-05-10 20:13:11	2010-05-10 20:13:11	Asia/Beirut	(GMT+02:00) Beirut	2.0	3.0	2.0	t
181	2010-05-10 20:13:11	2010-05-10 20:13:11	Asia/Damascus	(GMT+02:00) Damascus	2.0	3.0	2.0	t
182	2010-05-10 20:13:11	2010-05-10 20:13:11	Asia/Gaza	(GMT+02:00) Gaza	2.0	3.0	2.0	t
183	2010-05-10 20:13:11	2010-05-10 20:13:11	Asia/Jerusalem	(GMT+02:00) Jerusalem	2.0	3.0	2.0	t
184	2010-05-10 20:13:11	2010-05-10 20:13:11	Asia/Nicosia	(GMT+02:00) Nicosia	2.0	3.0	2.0	t
185	2010-05-10 20:13:11	2010-05-10 20:13:11	Europe/Athens	(GMT+02:00) Athens	2.0	3.0	2.0	t
186	2010-05-10 20:13:11	2010-05-10 20:13:11	Europe/Bucharest	(GMT+02:00) Bucharest	2.0	3.0	2.0	t
187	2010-05-10 20:13:11	2010-05-10 20:13:11	Europe/Chisinau	(GMT+02:00) Chisinau	2.0	3.0	2.0	t
188	2010-05-10 20:13:11	2010-05-10 20:13:11	Europe/Helsinki	(GMT+02:00) Helsinki	2.0	3.0	2.0	t
189	2010-05-10 20:13:11	2010-05-10 20:13:11	Europe/Istanbul	(GMT+02:00) Istanbul	2.0	3.0	2.0	t
190	2010-05-10 20:13:11	2010-05-10 20:13:11	Europe/Kaliningrad	(GMT+02:00) Moscow-01 - Kaliningrad	2.0	3.0	2.0	t
191	2010-05-10 20:13:11	2010-05-10 20:13:11	Europe/Kiev	(GMT+02:00) Kiev	2.0	3.0	2.0	t
192	2010-05-10 20:13:11	2010-05-10 20:13:11	Europe/Minsk	(GMT+02:00) Minsk	2.0	3.0	2.0	t
193	2010-05-10 20:13:11	2010-05-10 20:13:11	Europe/Riga	(GMT+02:00) Riga	2.0	3.0	2.0	t
194	2010-05-10 20:13:11	2010-05-10 20:13:11	Europe/Sofia	(GMT+02:00) Sofia	2.0	3.0	2.0	t
195	2010-05-10 20:13:11	2010-05-10 20:13:11	Europe/Tallinn	(GMT+02:00) Tallinn	2.0	3.0	2.0	t
196	2010-05-10 20:13:11	2010-05-10 20:13:11	Europe/Vilnius	(GMT+02:00) Vilnius	2.0	3.0	2.0	t
197	2010-05-10 20:13:11	2010-05-10 20:13:11	Africa/Addis_Ababa	(GMT+03:00) Addis Ababa	3.0	3.0	3.0	f
198	2010-05-10 20:13:11	2010-05-10 20:13:11	Africa/Asmara	(GMT+03:00) Asmera	3.0	3.0	3.0	f
199	2010-05-10 20:13:11	2010-05-10 20:13:11	Africa/Dar_es_Salaam	(GMT+03:00) Dar es Salaam	3.0	3.0	3.0	f
200	2010-05-10 20:13:11	2010-05-10 20:13:11	Africa/Djibouti	(GMT+03:00) Djibouti	3.0	3.0	3.0	f
201	2010-05-10 20:13:11	2010-05-10 20:13:11	Africa/Kampala	(GMT+03:00) Kampala	3.0	3.0	3.0	f
202	2010-05-10 20:13:11	2010-05-10 20:13:11	Africa/Khartoum	(GMT+03:00) Khartoum	3.0	3.0	3.0	f
203	2010-05-10 20:13:11	2010-05-10 20:13:11	Africa/Mogadishu	(GMT+03:00) Mogadishu	3.0	3.0	3.0	f
204	2010-05-10 20:13:11	2010-05-10 20:13:11	Africa/Nairobi	(GMT+03:00) Nairobi	3.0	3.0	3.0	f
205	2010-05-10 20:13:11	2010-05-10 20:13:11	Antarctica/Syowa	(GMT+03:00) Syowa	9.0	9.0	9.0	f
206	2010-05-10 20:13:11	2010-05-10 20:13:11	Asia/Aden	(GMT+03:00) Aden	2.0	3.0	2.0	t
207	2010-05-10 20:13:11	2010-05-10 20:13:11	Asia/Baghdad	(GMT+03:00) Baghdad	3.0	3.0	3.0	f
208	2010-05-10 20:13:11	2010-05-10 20:13:11	Asia/Bahrain	(GMT+03:00) Bahrain	3.0	3.0	3.0	f
209	2010-05-10 20:13:11	2010-05-10 20:13:11	Asia/Kuwait	(GMT+03:00) Kuwait	3.0	3.0	3.0	f
210	2010-05-10 20:13:11	2010-05-10 20:13:11	Asia/Qatar	(GMT+03:00) Qatar	3.0	3.0	3.0	f
211	2010-05-10 20:13:11	2010-05-10 20:13:11	Asia/Riyadh	(GMT+03:00) Riyadh	3.0	3.0	3.0	f
212	2010-05-10 20:13:11	2010-05-10 20:13:11	Europe/Moscow	(GMT+03:00) Moscow+00	3.0	4.0	3.0	t
213	2010-05-10 20:13:11	2010-05-10 20:13:11	Indian/Antananarivo	(GMT+03:00) Antananarivo	3.0	3.0	3.0	f
214	2010-05-10 20:13:11	2010-05-10 20:13:11	Indian/Comoro	(GMT+03:00) Comoro	3.0	3.0	3.0	f
215	2010-05-10 20:13:11	2010-05-10 20:13:11	Indian/Mayotte	(GMT+03:00) Mayotte	3.0	3.0	3.0	f
216	2010-05-10 20:13:11	2010-05-10 20:13:11	Asia/Tehran	(GMT+03:30) Tehran	3.5	4.5	3.5	t
217	2010-05-10 20:13:11	2010-05-10 20:13:11	Asia/Baku	(GMT+04:00) Baku	4.0	5.0	4.0	t
218	2010-05-10 20:13:11	2010-05-10 20:13:11	Asia/Dubai	(GMT+04:00) Dubai	4.0	4.0	4.0	f
219	2010-05-10 20:13:11	2010-05-10 20:13:11	Asia/Muscat	(GMT+04:00) Muscat	4.0	4.0	4.0	f
220	2010-05-10 20:13:12	2010-05-10 20:13:12	Asia/Tbilisi	(GMT+04:00) Tbilisi	4.0	4.0	4.0	f
221	2010-05-10 20:13:12	2010-05-10 20:13:12	Asia/Yerevan	(GMT+04:00) Yerevan	4.0	5.0	4.0	t
222	2010-05-10 20:13:12	2010-05-10 20:13:12	Europe/Samara	(GMT+04:00) Moscow+01 - Samara	4.0	5.0	4.0	t
223	2010-05-10 20:13:12	2010-05-10 20:13:12	Indian/Mahe	(GMT+04:00) Mahe	4.0	4.0	4.0	f
226	2010-05-10 20:13:12	2010-05-10 20:13:12	Asia/Kabul	(GMT+04:30) Kabul	4.5	4.5	4.5	f
227	2010-05-10 20:13:12	2010-05-10 20:13:12	Asia/Aqtau	(GMT+05:00) Aqtau	5.0	5.0	5.0	f
228	2010-05-10 20:13:12	2010-05-10 20:13:12	Asia/Aqtobe	(GMT+05:00) Aqtobe	5.0	5.0	5.0	f
229	2010-05-10 20:13:12	2010-05-10 20:13:12	Asia/Ashgabat	(GMT+05:00) Ashgabat	5.0	5.0	5.0	f
230	2010-05-10 20:13:12	2010-05-10 20:13:12	Asia/Dushanbe	(GMT+05:00) Dushanbe	5.0	5.0	5.0	f
231	2010-05-10 20:13:12	2010-05-10 20:13:12	Asia/Karachi	(GMT+05:00) Karachi	5.0	6.0	5.0	t
232	2010-05-10 20:13:12	2010-05-10 20:13:12	Asia/Tashkent	(GMT+05:00) Tashkent	5.0	5.0	5.0	f
233	2010-05-10 20:13:12	2010-05-10 20:13:12	Asia/Yekaterinburg	(GMT+05:00) Moscow+02 - Yekaterinburg	5.0	6.0	5.0	t
234	2010-05-10 20:13:12	2010-05-10 20:13:12	Indian/Kerguelen	(GMT+05:00) Kerguelen	5.0	5.0	5.0	f
235	2010-05-10 20:13:12	2010-05-10 20:13:12	Indian/Maldives	(GMT+05:00) Maldives	5.0	5.0	5.0	f
236	2010-05-10 20:13:12	2010-05-10 20:13:12	Asia/Kolkata	(GMT+05:30) India Standard Time	5.5	5.5	5.5	f
237	2010-05-10 20:13:12	2010-05-10 20:13:12	Asia/Colombo	(GMT+05:30) Colombo	5.5	5.5	5.5	f
238	2010-05-10 20:13:12	2010-05-10 20:13:12	Asia/Katmandu	(GMT+05:45) Katmandu	5.75	5.75	5.75	f
239	2010-05-10 20:13:12	2010-05-10 20:13:12	Antarctica/Mawson	(GMT+06:00) Mawson	6.0	6.0	6.0	f
240	2010-05-10 20:13:12	2010-05-10 20:13:12	Antarctica/Vostok	(GMT+06:00) Vostok	6.0	6.0	6.0	f
241	2010-05-10 20:13:12	2010-05-10 20:13:12	Asia/Almaty	(GMT+06:00) Almaty	6.0	6.0	6.0	f
242	2010-05-10 20:13:12	2010-05-10 20:13:12	Asia/Bishkek	(GMT+06:00) Bishkek	6.0	6.0	6.0	f
243	2010-05-10 20:13:12	2010-05-10 20:13:12	Asia/Dhaka	(GMT+06:00) Dhaka	6.0	7.0	6.0	t
244	2010-05-10 20:13:12	2010-05-10 20:13:12	Asia/Omsk	(GMT+06:00) Moscow+03 - Omsk, Novosibirsk	6.0	7.0	6.0	t
245	2010-05-10 20:13:12	2010-05-10 20:13:12	Asia/Thimphu	(GMT+06:00) Thimphu	6.0	6.0	6.0	f
246	2010-05-10 20:13:12	2010-05-10 20:13:12	Indian/Chagos	(GMT+06:00) Chagos	6.0	6.0	6.0	f
247	2010-05-10 20:13:12	2010-05-10 20:13:12	Asia/Rangoon	(GMT+06:30) Rangoon	6.5	6.5	6.5	f
248	2010-05-10 20:13:12	2010-05-10 20:13:12	Indian/Cocos	(GMT+06:30) Cocos	6.5	6.5	6.5	f
249	2010-05-10 20:13:12	2010-05-10 20:13:12	Antarctica/Davis	(GMT+07:00) Davis	-8.0	-7.0	-8.0	t
250	2010-05-10 20:13:12	2010-05-10 20:13:12	Asia/Bangkok	(GMT+07:00) Bangkok	7.0	7.0	7.0	f
251	2010-05-10 20:13:12	2010-05-10 20:13:12	Asia/Hovd	(GMT+07:00) Hovd	7.0	7.0	7.0	f
252	2010-05-10 20:13:12	2010-05-10 20:13:12	Asia/Jakarta	(GMT+07:00) Jakarta	7.0	7.0	7.0	f
253	2010-05-10 20:13:12	2010-05-10 20:13:12	Asia/Krasnoyarsk	(GMT+07:00) Moscow+04 - Krasnoyarsk	7.0	8.0	7.0	t
254	2010-05-10 20:13:12	2010-05-10 20:13:12	Asia/Phnom_Penh	(GMT+07:00) Phnom Penh	7.0	7.0	7.0	f
255	2010-05-10 20:13:12	2010-05-10 20:13:12	Asia/Saigon	(GMT+07:00) Hanoi	7.0	7.0	7.0	f
256	2010-05-10 20:13:12	2010-05-10 20:13:12	Asia/Vientiane	(GMT+07:00) Vientiane	7.0	7.0	7.0	f
257	2010-05-10 20:13:12	2010-05-10 20:13:12	Indian/Christmas	(GMT+07:00) Christmas	-7.0	-7.0	-7.0	f
258	2010-05-10 20:13:12	2010-05-10 20:13:12	Antarctica/Casey	(GMT+08:00) Casey	8.0	8.0	8.0	f
259	2010-05-10 20:13:12	2010-05-10 20:13:12	Asia/Brunei	(GMT+08:00) Brunei	8.0	8.0	8.0	f
260	2010-05-10 20:13:12	2010-05-10 20:13:12	Asia/Choibalsan	(GMT+08:00) Choibalsan	8.0	8.0	8.0	f
261	2010-05-10 20:13:12	2010-05-10 20:13:12	Asia/Hong_Kong	(GMT+08:00) Hong Kong	8.0	8.0	8.0	f
262	2010-05-10 20:13:12	2010-05-10 20:13:12	Asia/Irkutsk	(GMT+08:00) Moscow+05 - Irkutsk	8.0	9.0	8.0	t
263	2010-05-10 20:13:12	2010-05-10 20:13:12	Asia/Kuala_Lumpur	(GMT+08:00) Kuala Lumpur	8.0	8.0	8.0	f
264	2010-05-10 20:13:12	2010-05-10 20:13:12	Asia/Macau	(GMT+08:00) Macau	8.0	8.0	8.0	f
265	2010-05-10 20:13:12	2010-05-10 20:13:12	Asia/Makassar	(GMT+08:00) Makassar	8.0	8.0	8.0	f
266	2010-05-10 20:13:12	2010-05-10 20:13:12	Asia/Manila	(GMT+08:00) Manila	8.0	8.0	8.0	f
267	2010-05-10 20:13:12	2010-05-10 20:13:12	Asia/Shanghai	(GMT+08:00) China Time - Beijing	8.0	8.0	8.0	f
268	2010-05-10 20:13:12	2010-05-10 20:13:12	Asia/Singapore	(GMT+08:00) Singapore	8.0	8.0	8.0	f
269	2010-05-10 20:13:12	2010-05-10 20:13:12	Asia/Taipei	(GMT+08:00) Taipei	8.0	8.0	8.0	f
270	2010-05-10 20:13:12	2010-05-10 20:13:12	Asia/Ulaanbaatar	(GMT+08:00) Ulaanbaatar	8.0	8.0	8.0	f
271	2010-05-10 20:13:12	2010-05-10 20:13:12	Australia/Perth	(GMT+08:00) Western Time - Perth	8.0	8.0	8.0	f
272	2010-05-10 20:13:12	2010-05-10 20:13:12	Asia/Dili	(GMT+09:00) Dili	8.0	8.0	8.0	f
273	2010-05-10 20:13:12	2010-05-10 20:13:12	Asia/Jayapura	(GMT+09:00) Jayapura	9.0	9.0	9.0	f
274	2010-05-10 20:13:12	2010-05-10 20:13:12	Asia/Pyongyang	(GMT+09:00) Pyongyang	9.0	9.0	9.0	f
275	2010-05-10 20:13:12	2010-05-10 20:13:12	Asia/Seoul	(GMT+09:00) Seoul	9.0	9.0	9.0	f
276	2010-05-10 20:13:12	2010-05-10 20:13:12	Asia/Tokyo	(GMT+09:00) Tokyo	9.0	9.0	9.0	f
277	2010-05-10 20:13:12	2010-05-10 20:13:12	Asia/Yakutsk	(GMT+09:00) Moscow+06 - Yakutsk	9.0	10.0	9.0	t
278	2010-05-10 20:13:12	2010-05-10 20:13:12	Pacific/Palau	(GMT+09:00) Palau	9.0	9.0	9.0	f
279	2010-05-10 20:13:12	2010-05-10 20:13:12	Australia/Adelaide	(GMT+09:30) Central Time - Adelaide	10.5	9.5	9.5	t
280	2010-05-10 20:13:12	2010-05-10 20:13:12	Australia/Darwin	(GMT+09:30) Central Time - Darwin	9.5	9.5	9.5	f
281	2010-05-10 20:13:12	2010-05-10 20:13:12	Antarctica/DumontDUrville	(GMT+10:00) Dumont D'Urville	10.0	10.0	10.0	f
282	2010-05-10 20:13:12	2010-05-10 20:13:12	Asia/Vladivostok	(GMT+10:00) Moscow+07 - Yuzhno-Sakhalinsk	10.0	11.0	10.0	t
283	2010-05-10 20:13:12	2010-05-10 20:13:12	Australia/Brisbane	(GMT+10:00) Eastern Time - Brisbane	10.0	10.0	10.0	f
284	2010-05-10 20:13:12	2010-05-10 20:13:12	Australia/Hobart	(GMT+10:00) Eastern Time - Hobart	-6.0	-5.0	-6.0	t
285	2010-05-10 20:13:12	2010-05-10 20:13:12	Australia/Sydney	(GMT+10:00) Eastern Time - Melbourne, Sydney	11.0	10.0	10.0	t
286	2010-05-10 20:13:12	2010-05-10 20:13:12	Pacific/Guam	(GMT+10:00) Guam	10.0	10.0	10.0	f
287	2010-05-10 20:13:12	2010-05-10 20:13:12	Pacific/Port_Moresby	(GMT+10:00) Port Moresby	10.0	10.0	10.0	f
288	2010-05-10 20:13:12	2010-05-10 20:13:12	Pacific/Saipan	(GMT+10:00) Saipan	10.0	10.0	10.0	f
289	2010-05-10 20:13:12	2010-05-10 20:13:12	Pacific/Truk	(GMT+10:00) Truk	10.0	10.0	10.0	f
290	2010-05-10 20:13:12	2010-05-10 20:13:12	Asia/Magadan	(GMT+11:00) Moscow+08 - Magadan	11.0	12.0	11.0	t
291	2010-05-10 20:13:12	2010-05-10 20:13:12	Pacific/Efate	(GMT+11:00) Efate	11.0	11.0	11.0	f
292	2010-05-10 20:13:12	2010-05-10 20:13:12	Pacific/Guadalcanal	(GMT+11:00) Guadalcanal	11.0	11.0	11.0	f
293	2010-05-10 20:13:12	2010-05-10 20:13:12	Pacific/Kosrae	(GMT+11:00) Kosrae	11.0	11.0	11.0	f
294	2010-05-10 20:13:12	2010-05-10 20:13:12	Pacific/Noumea	(GMT+11:00) Noumea	11.0	11.0	11.0	f
295	2010-05-10 20:13:12	2010-05-10 20:13:12	Pacific/Ponape	(GMT+11:00) Ponape	11.0	11.0	11.0	f
296	2010-05-10 20:13:12	2010-05-10 20:13:12	Pacific/Norfolk	(GMT+11:30) Norfolk	11.5	11.5	11.5	f
297	2010-05-10 20:13:12	2010-05-10 20:13:12	Asia/Kamchatka	(GMT+12:00) Moscow+09 - Petropavlovsk-Kamchatskiy	12.0	13.0	12.0	t
298	2010-05-10 20:13:12	2010-05-10 20:13:12	Pacific/Auckland	(GMT+12:00) Auckland	13.0	12.0	12.0	t
299	2010-05-10 20:13:12	2010-05-10 20:13:12	Pacific/Fiji	(GMT+12:00) Fiji	12.0	12.0	12.0	f
300	2010-05-10 20:13:12	2010-05-10 20:13:12	Pacific/Funafuti	(GMT+12:00) Funafuti	12.0	12.0	12.0	f
301	2010-05-10 20:13:12	2010-05-10 20:13:12	Pacific/Kwajalein	(GMT+12:00) Kwajalein	12.0	12.0	12.0	f
302	2010-05-10 20:13:12	2010-05-10 20:13:12	Pacific/Majuro	(GMT+12:00) Majuro	12.0	12.0	12.0	f
303	2010-05-10 20:13:12	2010-05-10 20:13:12	Pacific/Nauru	(GMT+12:00) Nauru	12.0	12.0	12.0	f
304	2010-05-10 20:13:12	2010-05-10 20:13:12	Pacific/Tarawa	(GMT+12:00) Tarawa	12.0	12.0	12.0	f
305	2010-05-10 20:13:12	2010-05-10 20:13:12	Pacific/Wake	(GMT+12:00) Wake	12.0	12.0	12.0	f
306	2010-05-10 20:13:12	2010-05-10 20:13:12	Pacific/Wallis	(GMT+12:00) Wallis	12.0	12.0	12.0	f
307	2010-05-10 20:13:12	2010-05-10 20:13:12	Pacific/Enderbury	(GMT+13:00) Enderbury	13.0	13.0	13.0	f
308	2010-05-10 20:13:12	2010-05-10 20:13:12	Pacific/Tongatapu	(GMT+13:00) Tongatapu	13.0	13.0	13.0	f
309	2010-05-10 20:13:12	2010-05-10 20:13:12	Pacific/Kiritimati	(GMT+14:00) Kiritimati	14.0	14.0	14.0	f
\.


--
-- Name: timezones_id_seq; Type: SEQUENCE SET; Schema: public; Owner: -
--

SELECT pg_catalog.setval('timezones_id_seq', 309, true);


--
-- Name: transaction_types_id_seq; Type: SEQUENCE SET; Schema: public; Owner: -
--

SELECT pg_catalog.setval('transaction_types_id_seq', 33, true);


--
-- Data for Name: transactions; Type: TABLE DATA; Schema: public; Owner: -
--

COPY transactions (id, created_at, updated_at, user_id, to_user_id, foreign_id, class, transaction_type, payment_gateway_id, amount, site_revenue_from_freelancer, coupon_id, site_revenue_from_employer, model_id, model_class, zazpay_gateway_id) FROM stdin;
1	2016-12-10 12:19:52	2016-12-10 12:19:52	1	1	1	Contest	7	1	140	0	\N	0	1	Contest	\N
2	2016-12-10 12:20:08	2016-12-10 12:20:08	1	1	2	Contest	7	2	140	0	\N	0	2	Contest	\N
3	2016-12-10 12:20:31	2016-12-10 12:20:31	1	1	3	Contest	7	2	140	0	\N	0	3	Contest	\N
10	2016-12-14 06:28:23	2016-12-14 06:28:23	1	1	4	Contest	8	1	0	0	\N	0	4	Contest	\N
11	2016-12-14 06:32:33	2016-12-14 06:32:33	1	1	5	Contest	8	1	0	0	\N	0	5	Contest	\N
12	2017-04-28 07:03:49	2017-04-28 07:03:49	2	1	1	Wallet	1	2	100	0	0	0	1	Wallet	\N
13	2017-04-28 07:04:39	2017-04-28 07:04:39	2	1	2	Wallet	1	2	500	0	0	0	2	Wallet	\N
14	2017-04-28 07:05:22	2017-04-28 07:05:22	2	1	3	Wallet	1	2	2000	0	0	0	3	Wallet	\N
15	2017-04-28 07:07:37	2017-04-28 07:07:37	1	2	1	UserCashWithdrawal	18	0	10	0	0	0	1	UserCashWithdrawal	\N
16	2017-04-28 07:07:50	2017-04-28 07:07:50	1	2	2	UserCashWithdrawal	18	0	20	0	0	0	2	UserCashWithdrawal	\N
17	2017-04-28 07:53:06	2017-04-28 07:53:06	3	1	4	Wallet	1	2	2000	0	0	0	4	Wallet	\N
18	2017-04-28 07:53:13	2017-04-28 07:53:13	1	3	3	UserCashWithdrawal	18	0	50	0	0	0	3	UserCashWithdrawal	\N
19	2017-04-28 07:54:42	2017-04-28 07:54:42	3	1	1	CreditPurchaseLog	16	3140	170	0	0	0	1	CreditPurchaseLog	\N
20	2017-04-28 08:37:38	2017-04-28 08:37:38	4	1	2	CreditPurchaseLog	16	3140	45	0	0	0	2	CreditPurchaseLog	\N
21	2017-04-28 08:37:54	2017-04-28 08:37:54	4	1	5	Wallet	1	2	1500	0	0	0	5	Wallet	\N
22	2017-04-29 07:51:26	2017-04-29 07:51:26	6	1	3	CreditPurchaseLog	16	3140	45	0	0	0	3	CreditPurchaseLog	\N
23	2017-04-29 08:00:23	2017-04-29 08:00:23	2	1	4	CreditPurchaseLog	16	3140	170	0	0	0	4	CreditPurchaseLog	\N
24	2017-04-29 08:30:28	2017-04-29 08:30:28	2	3	1	Milestone	5	2	100	0	0	10	1	Project	\N
37	2017-04-29 08:57:47	2017-04-29 08:57:47	2	3	1	Milestone	6	2	100	10	0	10	1	Project	\N
34	2017-04-29 08:57:29	2017-04-29 08:57:29	2	3	2	Milestone	5	1	100	0	0	10	1	Project	\N
35	2017-04-29 08:57:29	2017-04-29 08:57:29	2	3	2	Milestone	6	1	100	10	0	10	1	Project	\N
33	2017-04-29 08:54:33	2017-04-29 08:54:33	2	3	1	ProjectBidInvoice	7	\N	20	2	0	2	1	Project	\N
\.


--
-- Name: transactions_id_seq; Type: SEQUENCE SET; Schema: public; Owner: -
--

SELECT pg_catalog.setval('transactions_id_seq', 37, true);


--
-- Data for Name: upload_hosters; Type: TABLE DATA; Schema: public; Owner: -
--

COPY upload_hosters (id, created_at, updated_at, upload_service_id, upload_service_type_id, total_upload_count, total_upload_error_count, total_upload_filesize, is_active) FROM stdin;
1	2013-06-04 00:00:00	2013-06-04 00:00:00	1	1	0	0	0	f
2	2013-06-04 00:00:00	2013-06-04 00:00:00	1	2	0	0	0	f
3	2013-06-04 00:00:00	2013-06-04 00:00:00	2	1	0	0	0	f
4	2013-06-04 00:00:00	2013-06-04 00:00:00	2	2	0	0	0	t
\.


--
-- Name: upload_hosters_id_seq; Type: SEQUENCE SET; Schema: public; Owner: -
--

SELECT pg_catalog.setval('upload_hosters_id_seq', 5, false);


--
-- Data for Name: upload_service_settings; Type: TABLE DATA; Schema: public; Owner: -
--

COPY upload_service_settings (id, created_at, updated_at, upload_service_id, name, value) FROM stdin;
1	2013-06-04 00:00:00	2013-06-04 00:00:00	1	vimeo_username	
2	2013-06-04 00:00:00	2013-06-04 00:00:00	1	vimeo_api_key	
3	2013-06-04 00:00:00	2013-06-04 00:00:00	1	vimeo_secret_key	
4	2013-06-04 00:00:00	2013-06-04 00:00:00	1	vimeo_access_token	
5	2013-06-04 00:00:00	2013-06-04 00:00:00	1	vimeo_access_token_secret	
6	2013-06-04 00:00:00	2013-06-04 00:00:00	1	vimeo_embedded_preset_id	
7	2013-06-04 00:00:00	2013-06-04 00:00:00	1	vimeo_approved_domains	
8	2013-06-04 00:00:00	2013-06-04 00:00:00	2	youtube_username	
9	2013-06-04 00:00:00	2013-06-04 00:00:00	2	youtube_password	
10	2013-06-04 00:00:00	2013-06-04 00:00:00	2	youtube_developer_key	
11	2013-06-04 00:00:00	2013-06-04 00:00:00	2	youtube_client_id	
12	2016-01-29 10:46:13	2016-11-28 10:54:01	3	soundcloud_client_id	\N
13	2016-01-29 10:46:13	2016-01-29 10:46:15	3	soundcloud_client_secret	\N
14	2016-11-28 10:54:01	2016-11-28 10:54:01	3	soundcloud_username	\N
15	2016-11-28 10:54:01	2016-11-28 10:54:01	3	soundcloud_password	\N
\.


--
-- Name: upload_service_settings_id_seq; Type: SEQUENCE SET; Schema: public; Owner: -
--

SELECT pg_catalog.setval('upload_service_settings_id_seq', 15, true);


--
-- Data for Name: upload_service_types; Type: TABLE DATA; Schema: public; Owner: -
--

COPY upload_service_types (id, created_at, updated_at, name, slug) FROM stdin;
1	2013-06-04 00:00:00	2013-06-04 00:00:00	Direct	direct
2	2013-06-04 00:00:00	2013-06-04 00:00:00	Normal	normal
\.


--
-- Name: upload_service_types_id_seq; Type: SEQUENCE SET; Schema: public; Owner: -
--

SELECT pg_catalog.setval('upload_service_types_id_seq', 3, false);


--
-- Data for Name: upload_services; Type: TABLE DATA; Schema: public; Owner: -
--

COPY upload_services (id, created_at, updated_at, name, slug, total_quota, total_upload_count, total_upload_filesize, total_upload_error_count) FROM stdin;
1	2013-06-05 10:04:13	2013-06-05 10:04:13	Vimeo	vimeo	0	0	0	0
2	2013-06-05 10:04:13	2013-06-05 10:04:13	YouTube	youtube	0	0	0	0
3	2016-11-28 10:54:01	2016-11-28 10:54:01	SoundCloud	soundcloud	0	0	0	0
\.


--
-- Name: upload_services_id_seq; Type: SEQUENCE SET; Schema: public; Owner: -
--

SELECT pg_catalog.setval('upload_services_id_seq', 3, true);


--
-- Data for Name: upload_statuses; Type: TABLE DATA; Schema: public; Owner: -
--

COPY upload_statuses (id, created_at, updated_at, name) FROM stdin;
1	2013-06-04 16:50:21	2013-06-04 16:50:23	Success
2	2013-06-04 16:50:33	2013-06-04 16:50:35	Processing
3	2013-06-04 16:51:05	2013-06-04 16:51:07	Failure
\.


--
-- Name: upload_statuses_id_seq; Type: SEQUENCE SET; Schema: public; Owner: -
--

SELECT pg_catalog.setval('upload_statuses_id_seq', 4, false);


--
-- Data for Name: uploads; Type: TABLE DATA; Schema: public; Owner: -
--

COPY uploads (id, created_at, updated_at, upload_service_type_id, upload_service_id, user_id, contest_user_id, upload_status_id, video_url, vimeo_video_id, youtube_video_id, vimeo_thumbnail_url, youtube_thumbnail_url, video_title, filesize, failure_message, soundcloud_audio_id, audio_url) FROM stdin;
\.


--
-- Name: uploads_id_seq; Type: SEQUENCE SET; Schema: public; Owner: -
--

SELECT pg_catalog.setval('uploads_id_seq', 1, false);


--
-- Name: user_add_wallet_amounts_id_seq; Type: SEQUENCE SET; Schema: public; Owner: -
--

SELECT pg_catalog.setval('user_add_wallet_amounts_id_seq', 1, false);


--
-- Data for Name: user_cash_withdrawals; Type: TABLE DATA; Schema: public; Owner: -
--

COPY user_cash_withdrawals (id, created_at, updated_at, user_id, withdrawal_status_id, amount, remark, money_transfer_account_id, withdrawal_fee) FROM stdin;
1	2017-04-28 07:07:37	2017-04-28 07:07:37	2	1	10		2	0
2	2017-04-28 07:07:50	2017-04-28 07:07:50	2	1	20		2	0
3	2017-04-28 07:53:13	2017-04-28 07:53:13	3	1	50		3	0
\.


--
-- Name: user_cash_withdrawals_id_seq; Type: SEQUENCE SET; Schema: public; Owner: -
--

SELECT pg_catalog.setval('user_cash_withdrawals_id_seq', 3, true);


--
-- Data for Name: user_logins; Type: TABLE DATA; Schema: public; Owner: -
--

COPY user_logins (id, created_at, updated_at, user_id, ip_id, user_agent) FROM stdin;
3	2016-12-10 11:32:10	2016-12-10 11:32:10	4	1	Mozilla/5.0 (X11; Linux i686) AppleWebKit/537.36 (KHTML, like Gecko) Ubuntu Chromium/53.0.2785.143 Chrome/53.0.2785.143 Safari/537.36
4	2016-12-10 11:47:26	2016-12-10 11:47:26	4	1	Mozilla/5.0 (X11; Linux i686) AppleWebKit/537.36 (KHTML, like Gecko) Ubuntu Chromium/53.0.2785.143 Chrome/53.0.2785.143 Safari/537.36
5	2016-12-10 11:47:53	2016-12-10 11:47:53	1	1	Mozilla/5.0 (X11; Linux i686) AppleWebKit/537.36 (KHTML, like Gecko) Ubuntu Chromium/53.0.2785.143 Chrome/53.0.2785.143 Safari/537.36
6	2016-12-10 11:47:58	2016-12-10 11:47:58	1	1	Mozilla/5.0 (X11; Linux i686) AppleWebKit/537.36 (KHTML, like Gecko) Ubuntu Chromium/53.0.2785.143 Chrome/53.0.2785.143 Safari/537.36
7	2016-12-10 13:00:55	2016-12-10 13:00:55	1	1	Mozilla/5.0 (X11; Linux i686) AppleWebKit/537.36 (KHTML, like Gecko) Ubuntu Chromium/53.0.2785.143 Chrome/53.0.2785.143 Safari/537.36
8	2016-12-10 14:08:33	2016-12-10 14:08:33	1	1	Mozilla/5.0 (X11; Linux i686) AppleWebKit/537.36 (KHTML, like Gecko) Ubuntu Chromium/53.0.2785.143 Chrome/53.0.2785.143 Safari/537.36
9	2016-12-13 06:11:16	2016-12-13 06:11:16	1	1	Mozilla/5.0 (X11; Linux i686) AppleWebKit/537.36 (KHTML, like Gecko) Ubuntu Chromium/53.0.2785.143 Chrome/53.0.2785.143 Safari/537.36
10	2016-12-13 07:17:33	2016-12-13 07:17:33	1	1	Mozilla/5.0 (X11; Linux i686) AppleWebKit/537.36 (KHTML, like Gecko) Ubuntu Chromium/53.0.2785.143 Chrome/53.0.2785.143 Safari/537.36
11	2016-12-13 08:44:22	2016-12-13 08:44:22	1	1	Mozilla/5.0 (X11; Linux i686) AppleWebKit/537.36 (KHTML, like Gecko) Ubuntu Chromium/53.0.2785.143 Chrome/53.0.2785.143 Safari/537.36
12	2016-12-13 08:50:34	2016-12-13 08:50:34	1	1	Mozilla/5.0 (X11; Linux i686) AppleWebKit/537.36 (KHTML, like Gecko) Ubuntu Chromium/53.0.2785.143 Chrome/53.0.2785.143 Safari/537.36
13	2016-12-13 10:20:02	2016-12-13 10:20:02	1	1	Mozilla/5.0 (X11; Linux i686) AppleWebKit/537.36 (KHTML, like Gecko) Ubuntu Chromium/53.0.2785.143 Chrome/53.0.2785.143 Safari/537.36
14	2016-12-14 06:23:44	2016-12-14 06:23:44	1	1	Mozilla/5.0 (X11; Linux i686) AppleWebKit/537.36 (KHTML, like Gecko) Ubuntu Chromium/53.0.2785.143 Chrome/53.0.2785.143 Safari/537.36
15	2016-12-14 06:24:41	2016-12-14 06:24:41	1	1	Mozilla/5.0 (X11; Linux i686) AppleWebKit/537.36 (KHTML, like Gecko) Ubuntu Chromium/53.0.2785.143 Chrome/53.0.2785.143 Safari/537.36
16	2016-12-14 06:41:11	2016-12-14 06:41:11	3	1	Mozilla/5.0 (X11; Linux i686) AppleWebKit/537.36 (KHTML, like Gecko) Ubuntu Chromium/53.0.2785.143 Chrome/53.0.2785.143 Safari/537.36
17	2016-12-14 06:48:31	2016-12-14 06:48:31	4	1	Mozilla/5.0 (X11; Linux i686) AppleWebKit/537.36 (KHTML, like Gecko) Ubuntu Chromium/53.0.2785.143 Chrome/53.0.2785.143 Safari/537.36
18	2016-12-14 06:53:34	2016-12-14 06:53:34	5	1	Mozilla/5.0 (X11; Linux i686) AppleWebKit/537.36 (KHTML, like Gecko) Ubuntu Chromium/53.0.2785.143 Chrome/53.0.2785.143 Safari/537.36
19	2016-12-14 06:56:35	2016-12-14 06:56:35	4	1	Mozilla/5.0 (X11; Linux i686) AppleWebKit/537.36 (KHTML, like Gecko) Ubuntu Chromium/53.0.2785.143 Chrome/53.0.2785.143 Safari/537.36
20	2016-12-14 06:58:22	2016-12-14 06:58:22	6	1	Mozilla/5.0 (X11; Linux i686) AppleWebKit/537.36 (KHTML, like Gecko) Ubuntu Chromium/53.0.2785.143 Chrome/53.0.2785.143 Safari/537.36
21	2016-12-14 06:58:39	2016-12-14 06:58:39	5	1	Mozilla/5.0 (X11; Linux i686) AppleWebKit/537.36 (KHTML, like Gecko) Ubuntu Chromium/53.0.2785.143 Chrome/53.0.2785.143 Safari/537.36
22	2016-12-14 07:01:13	2016-12-14 07:01:13	3	1	Mozilla/5.0 (X11; Linux i686) AppleWebKit/537.36 (KHTML, like Gecko) Ubuntu Chromium/53.0.2785.143 Chrome/53.0.2785.143 Safari/537.36
23	2016-12-14 07:01:59	2016-12-14 07:01:59	7	1	Mozilla/5.0 (X11; Linux i686) AppleWebKit/537.36 (KHTML, like Gecko) Ubuntu Chromium/53.0.2785.143 Chrome/53.0.2785.143 Safari/537.36
24	2016-12-14 07:04:34	2016-12-14 07:04:34	8	1	Mozilla/5.0 (X11; Linux i686) AppleWebKit/537.36 (KHTML, like Gecko) Ubuntu Chromium/53.0.2785.143 Chrome/53.0.2785.143 Safari/537.36
25	2016-12-14 07:07:17	2016-12-14 07:07:17	6	1	Mozilla/5.0 (X11; Linux i686) AppleWebKit/537.36 (KHTML, like Gecko) Ubuntu Chromium/53.0.2785.143 Chrome/53.0.2785.143 Safari/537.36
26	2016-12-14 07:13:41	2016-12-14 07:13:41	1	1	Mozilla/5.0 (X11; Linux i686) AppleWebKit/537.36 (KHTML, like Gecko) Ubuntu Chromium/53.0.2785.143 Chrome/53.0.2785.143 Safari/537.36
27	2017-04-28 06:50:12	2017-04-28 06:50:12	2	1	Mozilla/5.0 (X11; Linux i686) AppleWebKit/537.36 (KHTML, like Gecko) Ubuntu Chromium/57.0.2987.98 Chrome/57.0.2987.98 Safari/537.36
28	2017-04-28 06:51:26	2017-04-28 06:51:26	3	1	Mozilla/5.0 (X11; Linux i686) AppleWebKit/537.36 (KHTML, like Gecko) Ubuntu Chromium/57.0.2987.98 Chrome/57.0.2987.98 Safari/537.36
29	2017-04-28 06:51:38	2017-04-28 06:51:38	2	1	Mozilla/5.0 (X11; Linux i686) AppleWebKit/537.36 (KHTML, like Gecko) Ubuntu Chromium/57.0.2987.98 Chrome/57.0.2987.98 Safari/537.36
30	2017-04-28 07:45:59	2017-04-28 07:45:59	3	1	Mozilla/5.0 (X11; Linux i686) AppleWebKit/537.36 (KHTML, like Gecko) Ubuntu Chromium/57.0.2987.98 Chrome/57.0.2987.98 Safari/537.36
31	2017-04-28 07:56:50	2017-04-28 07:56:50	2	1	Mozilla/5.0 (X11; Linux i686) AppleWebKit/537.36 (KHTML, like Gecko) Ubuntu Chromium/57.0.2987.98 Chrome/57.0.2987.98 Safari/537.36
32	2017-04-28 07:57:05	2017-04-28 07:57:05	2	1	Mozilla/5.0 (X11; Linux i686) AppleWebKit/537.36 (KHTML, like Gecko) Ubuntu Chromium/57.0.2987.98 Chrome/57.0.2987.98 Safari/537.36
33	2017-04-28 07:57:51	2017-04-28 07:57:51	2	1	Mozilla/5.0 (X11; Linux i686) AppleWebKit/537.36 (KHTML, like Gecko) Ubuntu Chromium/57.0.2987.98 Chrome/57.0.2987.98 Safari/537.36
34	2017-04-28 07:58:31	2017-04-28 07:58:31	2	1	Mozilla/5.0 (X11; Linux i686) AppleWebKit/537.36 (KHTML, like Gecko) Ubuntu Chromium/57.0.2987.98 Chrome/57.0.2987.98 Safari/537.36
35	2017-04-28 07:59:14	2017-04-28 07:59:14	2	1	Mozilla/5.0 (X11; Linux i686) AppleWebKit/537.36 (KHTML, like Gecko) Ubuntu Chromium/57.0.2987.98 Chrome/57.0.2987.98 Safari/537.36
36	2017-04-28 08:05:21	2017-04-28 08:05:21	3	1	Mozilla/5.0 (X11; Linux i686) AppleWebKit/537.36 (KHTML, like Gecko) Ubuntu Chromium/57.0.2987.98 Chrome/57.0.2987.98 Safari/537.36
37	2017-04-28 08:17:31	2017-04-28 08:17:31	3	1	Mozilla/5.0 (X11; Linux i686) AppleWebKit/537.36 (KHTML, like Gecko) Ubuntu Chromium/57.0.2987.98 Chrome/57.0.2987.98 Safari/537.36
70	2017-04-28 08:34:05	2017-04-28 08:34:05	4	1	Mozilla/5.0 (X11; Linux i686) AppleWebKit/537.36 (KHTML, like Gecko) Ubuntu Chromium/57.0.2987.98 Chrome/57.0.2987.98 Safari/537.36
71	2017-04-28 08:41:24	2017-04-28 08:41:24	4	1	Mozilla/5.0 (X11; Linux i686) AppleWebKit/537.36 (KHTML, like Gecko) Ubuntu Chromium/57.0.2987.98 Chrome/57.0.2987.98 Safari/537.36
72	2017-04-28 08:48:36	2017-04-28 08:48:36	2	1	Mozilla/5.0 (X11; Linux i686) AppleWebKit/537.36 (KHTML, like Gecko) Ubuntu Chromium/57.0.2987.98 Chrome/57.0.2987.98 Safari/537.36
73	2017-04-28 08:51:49	2017-04-28 08:51:49	3	1	Mozilla/5.0 (X11; Linux i686) AppleWebKit/537.36 (KHTML, like Gecko) Ubuntu Chromium/57.0.2987.98 Chrome/57.0.2987.98 Safari/537.36
74	2017-04-28 08:56:25	2017-04-28 08:56:25	2	1	Mozilla/5.0 (X11; Linux i686) AppleWebKit/537.36 (KHTML, like Gecko) Ubuntu Chromium/57.0.2987.98 Chrome/57.0.2987.98 Safari/537.36
75	2017-04-28 09:01:02	2017-04-28 09:01:02	3	1	Mozilla/5.0 (X11; Linux i686) AppleWebKit/537.36 (KHTML, like Gecko) Ubuntu Chromium/57.0.2987.98 Chrome/57.0.2987.98 Safari/537.36
76	2017-04-28 09:01:54	2017-04-28 09:01:54	2	1	Mozilla/5.0 (X11; Linux i686) AppleWebKit/537.36 (KHTML, like Gecko) Ubuntu Chromium/57.0.2987.98 Chrome/57.0.2987.98 Safari/537.36
77	2017-04-29 06:47:35	2017-04-29 06:47:35	2	1	Mozilla/5.0 (X11; Linux i686) AppleWebKit/537.36 (KHTML, like Gecko) Ubuntu Chromium/57.0.2987.98 Chrome/57.0.2987.98 Safari/537.36
78	2017-04-29 07:35:22	2017-04-29 07:35:22	1	1	Mozilla/5.0 (X11; Linux i686) AppleWebKit/537.36 (KHTML, like Gecko) Ubuntu Chromium/57.0.2987.98 Chrome/57.0.2987.98 Safari/537.36
79	2017-04-29 07:36:57	2017-04-29 07:36:57	3	1	Mozilla/5.0 (X11; Linux i686) AppleWebKit/537.36 (KHTML, like Gecko) Ubuntu Chromium/57.0.2987.98 Chrome/57.0.2987.98 Safari/537.36
80	2017-04-29 07:45:25	2017-04-29 07:45:25	4	1	Mozilla/5.0 (X11; Linux i686) AppleWebKit/537.36 (KHTML, like Gecko) Ubuntu Chromium/57.0.2987.98 Chrome/57.0.2987.98 Safari/537.36
81	2017-04-29 07:46:41	2017-04-29 07:46:41	1	1	Mozilla/5.0 (X11; Linux i686) AppleWebKit/537.36 (KHTML, like Gecko) Ubuntu Chromium/57.0.2987.98 Chrome/57.0.2987.98 Safari/537.36
82	2017-04-29 07:49:32	2017-04-29 07:49:32	6	1	Mozilla/5.0 (X11; Linux i686) AppleWebKit/537.36 (KHTML, like Gecko) Ubuntu Chromium/57.0.2987.98 Chrome/57.0.2987.98 Safari/537.36
83	2017-04-29 07:55:52	2017-04-29 07:55:52	3	1	Mozilla/5.0 (X11; Linux i686) AppleWebKit/537.36 (KHTML, like Gecko) Ubuntu Chromium/57.0.2987.98 Chrome/57.0.2987.98 Safari/537.36
84	2017-04-29 07:56:23	2017-04-29 07:56:23	2	1	Mozilla/5.0 (X11; Linux i686) AppleWebKit/537.36 (KHTML, like Gecko) Ubuntu Chromium/57.0.2987.98 Chrome/57.0.2987.98 Safari/537.36
85	2017-04-29 07:56:34	2017-04-29 07:56:34	2	1	Mozilla/5.0 (X11; Linux i686) AppleWebKit/537.36 (KHTML, like Gecko) Ubuntu Chromium/57.0.2987.98 Chrome/57.0.2987.98 Safari/537.36
86	2017-04-29 09:30:56	2017-04-29 09:30:56	3	1	Mozilla/5.0 (X11; Linux i686) AppleWebKit/537.36 (KHTML, like Gecko) Ubuntu Chromium/57.0.2987.98 Chrome/57.0.2987.98 Safari/537.36
87	2017-04-29 09:58:08	2017-04-29 09:58:08	2	1	Mozilla/5.0 (X11; Linux i686) AppleWebKit/537.36 (KHTML, like Gecko) Ubuntu Chromium/57.0.2987.98 Chrome/57.0.2987.98 Safari/537.36
88	2017-04-29 10:13:01	2017-04-29 10:13:01	2	1	Mozilla/5.0 (X11; Linux i686) AppleWebKit/537.36 (KHTML, like Gecko) Ubuntu Chromium/57.0.2987.98 Chrome/57.0.2987.98 Safari/537.36
89	2017-04-29 10:13:16	2017-04-29 10:13:16	3	1	Mozilla/5.0 (X11; Linux i686) AppleWebKit/537.36 (KHTML, like Gecko) Ubuntu Chromium/57.0.2987.98 Chrome/57.0.2987.98 Safari/537.36
90	2017-04-29 10:30:47	2017-04-29 10:30:47	2	1	Mozilla/5.0 (X11; Linux i686) AppleWebKit/537.36 (KHTML, like Gecko) Ubuntu Chromium/57.0.2987.98 Chrome/57.0.2987.98 Safari/537.36
91	2017-04-29 12:32:40	2017-04-29 12:32:40	2	1	Mozilla/5.0 (X11; Linux i686) AppleWebKit/537.36 (KHTML, like Gecko) Ubuntu Chromium/57.0.2987.98 Chrome/57.0.2987.98 Safari/537.36
92	2017-04-29 13:06:34	2017-04-29 13:06:34	3	1	Mozilla/5.0 (X11; Linux i686) AppleWebKit/537.36 (KHTML, like Gecko) Ubuntu Chromium/57.0.2987.98 Chrome/57.0.2987.98 Safari/537.36
93	2017-04-29 13:19:38	2017-04-29 13:19:38	4	1	Mozilla/5.0 (X11; Linux i686) AppleWebKit/537.36 (KHTML, like Gecko) Ubuntu Chromium/57.0.2987.98 Chrome/57.0.2987.98 Safari/537.36
94	2017-04-29 13:20:45	2017-04-29 13:20:45	2	1	Mozilla/5.0 (X11; Linux i686) AppleWebKit/537.36 (KHTML, like Gecko) Ubuntu Chromium/57.0.2987.98 Chrome/57.0.2987.98 Safari/537.36
95	2017-04-29 13:29:14	2017-04-29 13:29:14	3	1	Mozilla/5.0 (X11; Linux i686) AppleWebKit/537.36 (KHTML, like Gecko) Ubuntu Chromium/57.0.2987.98 Chrome/57.0.2987.98 Safari/537.36
96	2017-05-08 08:48:59	2017-05-08 08:48:59	2	1	Mozilla/5.0 (X11; Linux i686) AppleWebKit/537.36 (KHTML, like Gecko) Ubuntu Chromium/57.0.2987.98 Chrome/57.0.2987.98 Safari/537.36
97	2017-05-08 08:57:05	2017-05-08 08:57:05	3	1	Mozilla/5.0 (X11; Linux i686) AppleWebKit/537.36 (KHTML, like Gecko) Ubuntu Chromium/57.0.2987.98 Chrome/57.0.2987.98 Safari/537.36
98	2017-05-08 09:10:58	2017-05-08 09:10:58	2	1	Mozilla/5.0 (X11; Linux i686) AppleWebKit/537.36 (KHTML, like Gecko) Ubuntu Chromium/57.0.2987.98 Chrome/57.0.2987.98 Safari/537.36
99	2017-05-08 09:26:53	2017-05-08 09:26:53	4	1	Mozilla/5.0 (X11; Linux i686) AppleWebKit/537.36 (KHTML, like Gecko) Ubuntu Chromium/57.0.2987.98 Chrome/57.0.2987.98 Safari/537.36
100	2017-05-08 09:27:08	2017-05-08 09:27:08	5	1	Mozilla/5.0 (X11; Linux i686) AppleWebKit/537.36 (KHTML, like Gecko) Ubuntu Chromium/57.0.2987.98 Chrome/57.0.2987.98 Safari/537.36
101	2017-05-08 09:34:19	2017-05-08 09:34:19	2	1	Mozilla/5.0 (X11; Linux i686) AppleWebKit/537.36 (KHTML, like Gecko) Ubuntu Chromium/57.0.2987.98 Chrome/57.0.2987.98 Safari/537.36
102	2017-05-08 09:36:38	2017-05-08 09:36:38	5	1	Mozilla/5.0 (X11; Linux i686) AppleWebKit/537.36 (KHTML, like Gecko) Ubuntu Chromium/57.0.2987.98 Chrome/57.0.2987.98 Safari/537.36
103	2017-05-08 09:42:11	2017-05-08 09:42:11	2	1	Mozilla/5.0 (X11; Linux i686) AppleWebKit/537.36 (KHTML, like Gecko) Ubuntu Chromium/57.0.2987.98 Chrome/57.0.2987.98 Safari/537.36
104	2017-05-08 09:42:40	2017-05-08 09:42:40	5	1	Mozilla/5.0 (X11; Linux i686) AppleWebKit/537.36 (KHTML, like Gecko) Ubuntu Chromium/57.0.2987.98 Chrome/57.0.2987.98 Safari/537.36
105	2017-05-08 09:52:07	2017-05-08 09:52:07	6	1	Mozilla/5.0 (X11; Linux i686) AppleWebKit/537.36 (KHTML, like Gecko) Ubuntu Chromium/57.0.2987.98 Chrome/57.0.2987.98 Safari/537.36
106	2017-05-08 09:54:29	2017-05-08 09:54:29	7	1	Mozilla/5.0 (X11; Linux i686) AppleWebKit/537.36 (KHTML, like Gecko) Ubuntu Chromium/57.0.2987.98 Chrome/57.0.2987.98 Safari/537.36
107	2017-05-08 09:54:57	2017-05-08 09:54:57	8	1	Mozilla/5.0 (X11; Linux i686) AppleWebKit/537.36 (KHTML, like Gecko) Ubuntu Chromium/57.0.2987.98 Chrome/57.0.2987.98 Safari/537.36
108	2017-07-08 07:31:56	2017-07-08 07:31:56	1	1	Mozilla/5.0 (X11; Linux i686) AppleWebKit/537.36 (KHTML, like Gecko) Ubuntu Chromium/59.0.3071.109 Chrome/59.0.3071.109 Safari/537.36
109	2017-07-08 08:00:02	2017-07-08 08:00:02	2	1	Mozilla/5.0 (X11; Linux i686) AppleWebKit/537.36 (KHTML, like Gecko) Ubuntu Chromium/59.0.3071.109 Chrome/59.0.3071.109 Safari/537.36
110	2017-07-08 08:00:38	2017-07-08 08:00:38	3	1	Mozilla/5.0 (X11; Linux i686) AppleWebKit/537.36 (KHTML, like Gecko) Ubuntu Chromium/59.0.3071.109 Chrome/59.0.3071.109 Safari/537.36
111	2017-07-08 08:01:03	2017-07-08 08:01:03	4	1	Mozilla/5.0 (X11; Linux i686) AppleWebKit/537.36 (KHTML, like Gecko) Ubuntu Chromium/59.0.3071.109 Chrome/59.0.3071.109 Safari/537.36
\.


--
-- Name: user_logins_id_seq; Type: SEQUENCE SET; Schema: public; Owner: -
--

SELECT pg_catalog.setval('user_logins_id_seq', 111, true);


--
-- Data for Name: users; Type: TABLE DATA; Schema: public; Owner: -
--

COPY users (id, created_at, updated_at, role_id, username, email, password, bid_count, won_bid_count, user_login_count, project_count, project_flag_count, job_flag_count, quote_service_flag_count, portfolio_flag_count, available_wallet_amount, ip_id, last_login_ip_id, last_logged_in_time, is_agree_terms_conditions, is_active, is_email_confirmed, total_amount_withdrawn, job_count, job_apply_count, portfolio_count, portfolio_favorite_count, quote_service_count, quote_request_count, quote_bid_count, exams_user_count, exams_user_passed_count, zazpay_receiver_account_id, available_credit_count, total_credit_bought, first_name, last_name, gender_id, quote_credit_purchase_log_count, contest_count, contest_user_count, total_site_revenue_as_employer, total_site_revenue_as_freelancer, total_earned_amount_as_freelancer, view_count, follower_count, flag_count, total_rating_as_employer, review_count_as_employer, total_rating_as_freelancer, review_count_as_freelancer, education_count, work_profile_count, certificate_count, publication_count, address, address1, city_id, state_id, country_id, zip_code, latitude, longitude, full_address, expired_balance_credit_points, is_made_deposite, hourly_rate, total_spend_amount_as_employer, project_completed_count, project_failed_count, designation, about_me, blocked_amount, is_have_unreaded_activity) FROM stdin;
8	2016-12-14 06:53:22	2017-05-08 10:00:19	2	user7	productdemo.user+user7@gmail.com	$2y$12$hl/atQEJLGWZMLvGtzOaYu9cVcqgaEWhhbn2.xPqXhl/EWXItU352	0	0	2	0	0	0	0	0	0	\N	\N	\N	t	t	t	0	0	0	0	0	0	0	0	0	0	\N	0	0	Ginger	Ninjas	\N	0	0	3	0	0	0	0	0	0	0	0	0	0	0	0	0	0	\N	\N	374	5507	109	\N	\N	\N	Metropolitan City of Rome,Lazio	0	f	8	0	0	0	Experienced developer	<p>Experienced programmer for small firm for 5 years. Over 9 years of work as a designer and developer with both contractual and freelance work :)<br/></p>	0	f
6	2016-12-14 06:53:03	2017-05-08 09:54:13	2	user5	productdemo.user+user5@gmail.com	$2y$12$0bb4PwTH26HmHBONaFhRreklR7.AUbUQUt.rX1m1uYMziJ6TLE8GS	6	0	4	0	0	0	0	0	0	\N	\N	\N	t	t	t	0	0	0	0	0	0	0	0	0	0	\N	94	100	Priya	Iyer	\N	1	0	3	0	45	0	0	0	0	0	0	0	0	0	0	0	0	\N	\N	344	5483	102	\N	\N	\N	Chennai,Tamil Nadu,India	0	t	5	0	0	1	I value quality of work over anything else :)	<p>I am definitely trying to earn a good living through my designing skills. hoping to work for great people and making them happy through my work is my priority.<br/></p>	0	f
5	2016-12-14 06:52:52	2017-05-08 09:50:04	3	user4	productdemo.user+user4@gmail.com	$2y$12$BNjh/zl6dLcEA5FSS5adF.agR.VrjxLk.EiD.qvBfVOX2YpLs2v9C	0	0	5	0	0	0	0	0	0	\N	\N	\N	t	t	t	0	0	0	0	0	0	2	0	0	0	\N	0	0	John	Smith	\N	0	0	2	0	0	0	0	0	0	0	0	0	0	0	0	0	0	\N	\N	367	5506	32	\N	\N	\N	Belo Horizonte,State of Minas Gerais	0	f	0	0	0	0	Businessman	<p>Im a businessman. I have restaurant in Belo Horizonte in Brazil.</p>	0	f
7	2016-12-14 06:53:12	2017-05-08 09:58:23	2	user6	productdemo.user+user6@gmail.com	$2y$12$.nVd2Hdz4Rmq8o/wxehLVOWj63yrNsXoTEDN.KBexXIKnOOclAQpi	0	0	2	0	0	0	0	0	0	\N	\N	\N	t	t	t	0	0	0	0	0	0	0	0	0	0	\N	0	0	karley	Austin	\N	0	0	3	0	0	0	0	0	0	0	0	0	0	0	0	0	0	\N	\N	\N	\N	\N	\N	\N	\N	\N	0	f	10	0	0	0	Graphics Design and Logo Design	<p>I am ready to be hired by you for the post of Graphic Design Freelancer or Website Design Developer. I have all the skills and experience that makes me a competitive candidate for this post. I have had an ideal prospect and am ready to accept any new challenges that may be put in front of me. If given an opportunity to work for your company, I will fulfill the given work with utmost dedication and loyalty.</p><p>I have many years experience working as a Graphic Design Freelancer and Website Design Developer. I am ready to start working for you today.<br/></p>	0	f
1	2011-02-16 08:00:17	2017-07-08 07:31:56	1	admin	productdemo.admin@gmail.com	$1$Dm]T+`^g$DMOW6j7MoaFoFYxeTkBGi/	0	0	15	0	0	0	0	0	0	\N	\N	2015-09-29 08:08:58	t	t	t	0	0	0	0	0	0	0	0	0	0	\N	0	0	\N	\N	\N	0	9	1	0	0	0	0	0	0	0	0	0	0	0	0	0	0	\N	\N	\N	\N	\N	\N	\N	\N	\N	0	f	0	0	0	0			0	f
4	2016-12-10 11:31:54	2017-07-08 08:01:03	4	user3	productdemo.user+user3@gmail.com	$2y$12$Acf.XdkAjM7J13ZZzQH2hOKClsDulZAX3Jdax9lWNST1pxubEXwkm	6	0	10	0	0	0	0	0	1500	\N	\N	\N	t	t	t	0	0	2	0	0	0	0	0	0	0	\N	94	100	Peter	Dinklage	\N	1	0	2	0	45	0	0	0	0	0	0	0	0	1	1	1	1	\N	\N	353	5495	41	\N	\N	\N	London,Ontario,Ontario,,E1234S	0	t	15	0	0	0	Wed Designer	I am ready to work as English (US) Translator and I will feel proud to be a part of your team. I have been working for many years with English (US) and Graphic Design and consider myself an expert. I also have considerable experience in the areas of Illustrator and Photoshop. If hired by you I will deliver my work to the highest quality. I am ready to be hired by you.	0	f
3	2016-10-27 12:48:04	2017-07-08 08:01:36	2	user2	productdemo.user+user2@gmail.com	$2y$12$RjmIvN7glrrJh8u/YPFNVO47a0oOmWgCDsxvz78ABXUELlaO5zcJe	4	2	16	3	0	0	0	0	2144	\N	\N	\N	t	t	t	0	2	1	4	0	0	2	0	0	0	\N	496	500	Michael	Kors	\N	1	0	2	30	186	144	6	2	0	0	0	5	1	1	2	0	1	\N	\N	352	5494	240	\N	\N	\N	221 S 5th Ave, Highland Park, NJ 08904, USA,Highland Park NJ Municipal Court,New Jersey,New Jersey,,8904	0	t	10	30	0	0	Senior Developer	Thank you for visiting our profile page.\r\n\r\nWe are Web designers, Database, eCommerce, Salesforce Developers based in The USA.\r\n\r\nWe work across all industries and with small, medium and large businesses.\r\n\r\nOur skills include:\r\n- Microsoft Access, MS SQL Server, MySQL\r\n- iPhone App Development (Objective-c, Swift)\r\n- Salesforce App Development, APEX, VisualForce\r\n- .Net, PHP, HTML, CSS, Scripting\r\n- Volusion, Bigcommerce, Shopify, Magento\r\n- WordPress\r\n- Graphic Design, Interface Design\r\n- Python, Django	0	f
2	2016-10-27 10:56:11	2017-07-08 08:01:15	2	user1	productdemo.user+user1@gmail.com	$2y$12$fvZ3bTdxz8TnNwvmQ5zW..YZNOr9YKSiMby0ShGVVh4FeCX3ZIEUS	2	0	23	7	0	0	0	0	2341	\N	\N	\N	t	t	t	0	5	1	8	0	0	2	0	0	0	\N	494	500	John	Peter	\N	1	0	0	107	170	0	6	2	0	5	1	0	0	1	1	1	0	\N	\N	351	5493	240	\N	\N	\N	Long Island City, Queens, NY, USA	0	t	10	227	1	0	Project Manager	Do you need a professional editor and writer to proofread your technical document, thesis, novel, statement of purpose, personal statement, resume, cover letter, manuscript, essay, short story, textbook content, article, and marketing material ensuring their content is flawless and appealing to readers? \r\n\r\nWhy Hire Me?\r\n1. I have a 5 star average rating for 2544+ projects completed on freelancer.\r\n2. I am a creative writer. \r\n3. I hold a master's degree in Computer Science.\r\n4. High quality work in a timely manner.\r\n\r\nSome Details About Me:\r\n\r\nI am a professional editor (academic, copy, line/substantive and technical editing) and proofreader offering a wealth of experience editing a wide variety of written material. I strive for complete accuracy and the highest degree of professionalism in the work I complete. QUALITY is my second name.\r\n\r\nFrom college entrance essays to business documents and everything in between, I can take your written material from drab to fab!	0	f
\.


--
-- Name: users_id_seq; Type: SEQUENCE SET; Schema: public; Owner: -
--

SELECT pg_catalog.setval('users_id_seq', 8, true);


--
-- Data for Name: vaults; Type: TABLE DATA; Schema: public; Owner: -
--

COPY vaults (id, created_at, updated_at, masked_cc, credit_card_type, vault_key, vault_id, user_id, email, address, city, state, country, zip_code, phone, is_primary, credit_card_expire, expire_month, expire_year, cvv2, first_name, last_name, payment_type) FROM stdin;
\.


--
-- Name: vaults_id_seq; Type: SEQUENCE SET; Schema: public; Owner: -
--

SELECT pg_catalog.setval('vaults_id_seq', 1, false);


--
-- Data for Name: views; Type: TABLE DATA; Schema: public; Owner: -
--

COPY views (id, created_at, updated_at, user_id, foreign_id, class, ip_id) FROM stdin;
1	2017-04-29 09:40:58	2017-04-29 09:40:58	2	6	QuoteService	1
2	2017-04-29 09:44:22	2017-04-29 09:44:22	2	4	QuoteService	1
3	2017-04-29 09:45:30	2017-04-29 09:45:30	2	4	QuoteService	1
4	2017-04-29 10:23:53	2017-04-29 10:23:53	3	10	QuoteService	1
5	2017-04-29 10:25:00	2017-04-29 10:25:00	3	2	QuoteService	1
6	2017-04-29 10:25:03	2017-04-29 10:25:03	3	3	QuoteService	1
7	2017-04-29 10:25:13	2017-04-29 10:25:13	3	4	QuoteService	1
8	2017-04-29 10:25:17	2017-04-29 10:25:17	3	5	QuoteService	1
9	2017-04-29 10:25:19	2017-04-29 10:25:19	3	7	QuoteService	1
10	2017-04-29 10:25:24	2017-04-29 10:25:24	3	6	QuoteService	1
11	2017-04-29 12:52:19	2017-04-29 12:52:19	2	1	Job	1
12	2017-04-29 12:52:25	2017-04-29 12:52:25	2	2	Job	1
13	2017-04-29 12:55:15	2017-04-29 12:55:15	2	1	Job	1
14	2017-04-29 12:55:19	2017-04-29 12:55:19	2	1	Job	1
15	2017-04-29 12:55:21	2017-04-29 12:55:21	2	2	Job	1
16	2017-04-29 13:16:31	2017-04-29 13:16:31	3	7	Job	1
17	2017-04-29 13:16:52	2017-04-29 13:16:52	3	3	Job	1
18	2017-04-29 13:16:53	2017-04-29 13:16:53	3	3	Job	1
19	2017-04-29 13:19:26	2017-04-29 13:19:26	3	3	Job	1
20	2017-04-29 13:19:27	2017-04-29 13:19:27	3	3	Job	1
21	2017-04-29 13:19:49	2017-04-29 13:19:49	4	3	Job	1
22	2017-04-29 13:19:51	2017-04-29 13:19:51	4	4	Job	1
23	2017-04-29 13:20:15	2017-04-29 13:20:15	4	3	Job	1
24	2017-04-29 13:20:15	2017-04-29 13:20:15	4	3	Job	1
25	2017-04-29 13:20:36	2017-04-29 13:20:36	4	4	Job	1
26	2017-04-29 13:20:37	2017-04-29 13:20:37	4	4	Job	1
27	2017-04-29 13:20:55	2017-04-29 13:20:55	2	7	Job	1
28	2017-04-29 13:20:58	2017-04-29 13:20:58	2	6	Job	1
29	2017-04-29 13:21:10	2017-04-29 13:21:10	2	7	Job	1
30	2017-04-29 13:21:10	2017-04-29 13:21:10	2	7	Job	1
31	2017-05-08 09:46:00	2017-05-08 09:46:00	5	2	User	1
32	2017-05-08 09:46:01	2017-05-08 09:46:01	5	2	User	1
83	2017-07-08 07:32:37	2017-07-08 07:32:37	1	2	Project	1
84	2017-07-08 07:32:56	2017-07-08 07:32:56	1	2	Project	1
85	2017-07-08 07:32:57	2017-07-08 07:32:57	1	2	Project	1
86	2017-07-08 07:33:17	2017-07-08 07:33:17	1	2	Project	1
87	2017-07-08 07:33:18	2017-07-08 07:33:18	1	2	Project	1
88	2017-07-08 07:33:24	2017-07-08 07:33:24	1	3	Project	1
89	2017-07-08 07:33:24	2017-07-08 07:33:24	1	3	Project	1
90	2017-07-08 07:34:03	2017-07-08 07:34:03	1	3	Project	1
91	2017-07-08 07:34:04	2017-07-08 07:34:04	1	3	Project	1
92	2017-07-08 07:45:56	2017-07-08 07:45:56	1	4	Project	1
93	2017-07-08 07:45:57	2017-07-08 07:45:57	1	4	Project	1
94	2017-07-08 07:47:02	2017-07-08 07:47:02	1	4	Project	1
95	2017-07-08 07:47:03	2017-07-08 07:47:03	1	4	Project	1
96	2017-07-08 07:47:43	2017-07-08 07:47:43	1	5	Project	1
97	2017-07-08 07:47:44	2017-07-08 07:47:44	1	5	Project	1
98	2017-07-08 07:48:02	2017-07-08 07:48:02	1	5	Project	1
99	2017-07-08 07:48:03	2017-07-08 07:48:03	1	5	Project	1
100	2017-07-08 07:49:15	2017-07-08 07:49:15	1	6	Project	1
101	2017-07-08 07:49:16	2017-07-08 07:49:16	1	6	Project	1
102	2017-07-08 07:50:28	2017-07-08 07:50:28	1	7	Project	1
103	2017-07-08 07:50:29	2017-07-08 07:50:29	1	7	Project	1
104	2017-07-08 07:50:41	2017-07-08 07:50:41	1	8	Project	1
105	2017-07-08 07:50:42	2017-07-08 07:50:42	1	8	Project	1
106	2017-07-08 07:53:20	2017-07-08 07:53:20	1	8	Project	1
107	2017-07-08 07:53:21	2017-07-08 07:53:21	1	8	Project	1
108	2017-07-08 07:53:34	2017-07-08 07:53:34	1	8	Project	1
109	2017-07-08 07:53:35	2017-07-08 07:53:35	1	8	Project	1
110	2017-07-08 07:53:57	2017-07-08 07:53:57	1	8	Project	1
111	2017-07-08 07:53:58	2017-07-08 07:53:58	1	8	Project	1
112	2017-07-08 07:54:04	2017-07-08 07:54:04	1	9	Project	1
113	2017-07-08 07:54:05	2017-07-08 07:54:05	1	9	Project	1
114	2017-07-08 07:55:14	2017-07-08 07:55:14	1	10	Project	1
115	2017-07-08 07:55:17	2017-07-08 07:55:17	1	9	Project	1
116	2017-07-08 07:55:19	2017-07-08 07:55:19	1	9	Project	1
117	2017-07-08 07:55:20	2017-07-08 07:55:20	1	9	Project	1
118	2017-07-08 07:55:58	2017-07-08 07:55:58	1	10	Project	1
119	2017-07-08 07:55:59	2017-07-08 07:55:59	1	10	Project	1
120	2017-07-08 07:56:18	2017-07-08 07:56:18	1	10	Project	1
121	2017-07-08 07:56:19	2017-07-08 07:56:19	1	10	Project	1
122	2017-07-08 08:00:18	2017-07-08 08:00:18	2	3	User	1
123	2017-07-08 08:00:18	2017-07-08 08:00:18	2	3	User	1
124	2017-07-08 08:00:47	2017-07-08 08:00:47	3	2	User	1
125	2017-07-08 08:00:47	2017-07-08 08:00:47	3	2	User	1
126	2017-07-08 08:01:11	2017-07-08 08:01:11	4	2	User	1
127	2017-07-08 08:01:11	2017-07-08 08:01:11	4	2	User	1
128	2017-07-08 08:01:21	2017-07-08 08:01:21	4	3	User	1
129	2017-07-08 08:01:21	2017-07-08 08:01:21	4	3	User	1
130	2017-07-08 08:01:35	2017-07-08 08:01:35	4	3	User	1
131	2017-07-08 08:01:36	2017-07-08 08:01:36	4	3	User	1
132	2017-07-08 08:01:53	2017-07-08 08:01:53	4	10	Project	1
133	2017-07-08 08:01:54	2017-07-08 08:01:54	4	10	Project	1
134	2017-07-08 08:01:57	2017-07-08 08:01:57	4	9	Project	1
135	2017-07-08 08:01:58	2017-07-08 08:01:58	4	9	Project	1
136	2017-07-08 08:02:00	2017-07-08 08:02:00	4	8	Project	1
137	2017-07-08 08:02:01	2017-07-08 08:02:01	4	8	Project	1
138	2017-07-08 08:02:04	2017-07-08 08:02:04	4	7	Project	1
139	2017-07-08 08:02:06	2017-07-08 08:02:06	4	7	Project	1
140	2017-07-08 08:02:06	2017-07-08 08:02:06	4	4	Project	1
141	2017-07-08 08:02:07	2017-07-08 08:02:07	4	4	Project	1
142	2017-07-08 08:02:10	2017-07-08 08:02:10	4	8	Project	1
143	2017-07-08 08:02:10	2017-07-08 08:02:10	4	8	Project	1
144	2017-07-08 08:02:14	2017-07-08 08:02:14	4	7	Project	1
145	2017-07-08 08:02:14	2017-07-08 08:02:14	4	7	Project	1
\.


--
-- Name: views_id_seq; Type: SEQUENCE SET; Schema: public; Owner: -
--

SELECT pg_catalog.setval('views_id_seq', 145, true);


--
-- Data for Name: wallet_transaction_logs; Type: TABLE DATA; Schema: public; Owner: -
--

COPY wallet_transaction_logs (id, created_at, updated_at, foreign_id, class, amount, status, payment_type) FROM stdin;
1	2017-04-28 07:20:05	2017-04-28 07:20:05	1	Project	20	Captured	Capture
2	2017-04-28 07:34:17	2017-04-28 07:34:17	2	Project	20	Captured	Capture
3	2017-04-28 07:35:55	2017-04-28 07:35:55	3	Project	20	Captured	Capture
4	2017-04-28 07:38:11	2017-04-28 07:38:11	4	Project	10	Captured	Capture
5	2017-04-29 08:32:05	2017-04-29 08:32:05	2	Milestone	110	Captured	Capture
6	2017-04-29 08:37:46	2017-04-29 08:37:46	1	projectBidInvoice	22	Captured	Capture
7	2017-04-29 08:37:58	2017-04-29 08:37:58	1	projectBidInvoice	22	Captured	Capture
8	2017-04-29 08:41:14	2017-04-29 08:41:14	1	projectBidInvoice	22	Captured	Capture
9	2017-04-29 08:41:25	2017-04-29 08:41:25	1	projectBidInvoice	22	Captured	Capture
10	2017-04-29 08:45:59	2017-04-29 08:45:59	1	projectBidInvoice	22	Captured	Capture
11	2017-04-29 08:46:10	2017-04-29 08:46:10	1	projectBidInvoice	22	Captured	Capture
12	2017-04-29 08:49:18	2017-04-29 08:49:18	1	projectBidInvoice	22	Captured	Capture
13	2017-04-29 08:49:28	2017-04-29 08:49:28	1	projectBidInvoice	22	Captured	Capture
14	2017-04-29 08:51:19	2017-04-29 08:51:19	1	projectBidInvoice	22	Captured	Capture
15	2017-04-29 08:54:33	2017-04-29 08:54:33	1	projectBidInvoice	22	Captured	Capture
16	2017-04-29 12:44:50	2017-04-29 12:44:50	1	Job	15	Captured	Capture
\.


--
-- Name: wallet_transaction_logs_id_seq; Type: SEQUENCE SET; Schema: public; Owner: -
--

SELECT pg_catalog.setval('wallet_transaction_logs_id_seq', 16, true);


--
-- Data for Name: wallets; Type: TABLE DATA; Schema: public; Owner: -
--

COPY wallets (id, created_at, updated_at, user_id, amount, payment_gateway_id, gateway_id, is_payment_completed, paypal_pay_key) FROM stdin;
1	2017-04-28 07:03:39	2017-04-28 07:03:48	2	100	2	3140	t	\N
2	2017-04-28 07:04:32	2017-04-28 07:04:38	2	500	2	3140	t	\N
3	2017-04-28 07:05:16	2017-04-28 07:05:21	2	2000	2	3140	t	\N
4	2017-04-28 07:52:59	2017-04-28 07:53:05	3	2000	2	3140	t	\N
5	2017-04-28 08:37:48	2017-04-28 08:37:54	4	1500	2	3140	t	\N
\.


--
-- Name: wallets_id_seq; Type: SEQUENCE SET; Schema: public; Owner: -
--

SELECT pg_catalog.setval('wallets_id_seq', 5, true);


--
-- Data for Name: work_profiles; Type: TABLE DATA; Schema: public; Owner: -
--

COPY work_profiles (id, created_at, updated_at, user_id, title, description, from_month_year, to_month_year, company, currently_working) FROM stdin;
1	2017-04-28 08:43:32	2017-04-28 08:43:32	4	Manager	Developer and a Manager	3-2014	4-2017	SMS Inc	\N
2	2017-04-28 08:49:44	2017-04-28 08:49:44	2	Creative	Worked as a creative at Draft FCB Argentina and am currently working Freelance	8-2015	4-2017	Draft FCB Argentina	\N
3	2017-04-28 08:54:49	2017-04-28 08:54:49	3	Web Content Editor	Personal blog ran by me and one fellow writer over the period of 3 years. Content uploaded regularly based on availability. Webpage has its own social media pages, YouTube account and garnered a small following during its lifespan.	11-2010	4-2017	AMG Portal	\N
4	2017-04-28 08:55:15	2017-04-28 08:55:15	3	Freelance Writer	Created web content for various sites. Generated new sales pages, How To articles on numerous topics and informative articles for both Business to Business and Business to Consumer focused webpages.	11-2012	4-2017	Klazema Communications	\N
\.


--
-- Name: work_profiles_id_seq; Type: SEQUENCE SET; Schema: public; Owner: -
--

SELECT pg_catalog.setval('work_profiles_id_seq', 4, true);


--
-- Data for Name: zazpay_ipn_logs; Type: TABLE DATA; Schema: public; Owner: -
--

COPY zazpay_ipn_logs (id, created_at, updated_at, ip, post_variable) FROM stdin;
1	2017-04-28 07:03:48	2017-04-28 07:03:48	1	a:22:{s:2:"id";s:5:"24252";s:6:"action";s:7:"Capture";s:11:"merchant_id";s:5:"17671";s:10:"website_id";s:5:"17999";s:6:"amount";s:6:"100.60";s:13:"currency_code";s:3:"USD";s:6:"status";s:8:"Captured";s:10:"error_code";s:1:"0";s:13:"error_message";s:0:"";s:6:"paykey";s:36:"5e5922e0-cc23-4077-995e-288f736c6d65";s:12:"payment_date";s:25:"2017-04-28T10:33:40+05:30";s:11:"buyer_email";s:24:"johnpeter@mailinator.com";s:13:"buyer_address";s:3:"1/3";s:10:"buyer_city";s:7:"Chennai";s:11:"buyer_state";s:10:"Tamil Nadu";s:13:"buyer_country";s:2:"IN";s:11:"buyer_phone";s:10:"9999999999";s:14:"buyer_zip_code";s:6:"600116";s:10:"gateway_id";s:4:"3140";s:12:"gateway_name";s:6:"Stripe";s:17:"gateway_responses";s:0:"";s:9:"signature";s:32:"7a1a91ed1476bcd108e7be32db4a54f0";}
2	2017-04-28 07:04:38	2017-04-28 07:04:38	1	a:22:{s:2:"id";s:5:"24253";s:6:"action";s:7:"Capture";s:11:"merchant_id";s:5:"17671";s:10:"website_id";s:5:"17999";s:6:"amount";s:6:"502.61";s:13:"currency_code";s:3:"USD";s:6:"status";s:8:"Captured";s:10:"error_code";s:1:"0";s:13:"error_message";s:0:"";s:6:"paykey";s:36:"1abdeff9-483e-4aee-bdfb-39bf579fb6e6";s:12:"payment_date";s:25:"2017-04-28T10:34:33+05:30";s:11:"buyer_email";s:24:"johnpeter@mailinator.com";s:13:"buyer_address";s:3:"1/3";s:10:"buyer_city";s:6:"London";s:11:"buyer_state";s:6:"London";s:13:"buyer_country";s:2:"GB";s:11:"buyer_phone";s:10:"9999999999";s:14:"buyer_zip_code";s:6:"E152LL";s:10:"gateway_id";s:4:"3140";s:12:"gateway_name";s:6:"Stripe";s:17:"gateway_responses";s:0:"";s:9:"signature";s:32:"0efe0072af60e85ba37ecf388ccb1ee2";}
3	2017-04-28 07:05:21	2017-04-28 07:05:21	1	a:22:{s:2:"id";s:5:"24254";s:6:"action";s:7:"Capture";s:11:"merchant_id";s:5:"17671";s:10:"website_id";s:5:"17999";s:6:"amount";s:7:"2010.15";s:13:"currency_code";s:3:"USD";s:6:"status";s:8:"Captured";s:10:"error_code";s:1:"0";s:13:"error_message";s:0:"";s:6:"paykey";s:36:"1b72ba95-53e6-49e0-8fb9-ef4bdac896a1";s:12:"payment_date";s:25:"2017-04-28T10:35:16+05:30";s:11:"buyer_email";s:24:"johnpeter@mailinator.com";s:13:"buyer_address";s:3:"1/3";s:10:"buyer_city";s:7:"Chennai";s:11:"buyer_state";s:10:"Tamil Nadu";s:13:"buyer_country";s:2:"IN";s:11:"buyer_phone";s:10:"9999999999";s:14:"buyer_zip_code";s:6:"600116";s:10:"gateway_id";s:4:"3140";s:12:"gateway_name";s:6:"Stripe";s:17:"gateway_responses";s:0:"";s:9:"signature";s:32:"4887ff5f0551be566c4e716e99a20553";}
4	2017-04-28 07:53:05	2017-04-28 07:53:05	1	a:22:{s:2:"id";s:5:"24255";s:6:"action";s:7:"Capture";s:11:"merchant_id";s:5:"17671";s:10:"website_id";s:5:"17999";s:6:"amount";s:7:"2010.15";s:13:"currency_code";s:3:"USD";s:6:"status";s:8:"Captured";s:10:"error_code";s:1:"0";s:13:"error_message";s:0:"";s:6:"paykey";s:36:"588aa635-6cf5-418a-811e-2e2572bb1661";s:12:"payment_date";s:25:"2017-04-28T11:23:00+05:30";s:11:"buyer_email";s:24:"johnpeter@mailinator.com";s:13:"buyer_address";s:3:"1/3";s:10:"buyer_city";s:6:"London";s:11:"buyer_state";s:10:"Tamil Nadu";s:13:"buyer_country";s:2:"IN";s:11:"buyer_phone";s:10:"9999999999";s:14:"buyer_zip_code";s:6:"E152LL";s:10:"gateway_id";s:4:"3140";s:12:"gateway_name";s:6:"Stripe";s:17:"gateway_responses";s:0:"";s:9:"signature";s:32:"7d7b3dcca20568098093f5383bd5a6ce";}
5	2017-04-28 07:54:42	2017-04-28 07:54:42	1	a:22:{s:2:"id";s:5:"24256";s:6:"action";s:7:"Capture";s:11:"merchant_id";s:5:"17671";s:10:"website_id";s:5:"17999";s:6:"amount";s:6:"170.95";s:13:"currency_code";s:3:"USD";s:6:"status";s:8:"Captured";s:10:"error_code";s:1:"0";s:13:"error_message";s:0:"";s:6:"paykey";s:36:"c6ff286b-4695-455c-bdaa-cde585c33da0";s:12:"payment_date";s:25:"2017-04-28T11:24:37+05:30";s:11:"buyer_email";s:24:"johnpeter@mailinator.com";s:13:"buyer_address";s:3:"1/3";s:10:"buyer_city";s:6:"London";s:11:"buyer_state";s:2:"TN";s:13:"buyer_country";s:2:"IN";s:11:"buyer_phone";s:5:"11111";s:14:"buyer_zip_code";s:6:"E152LL";s:10:"gateway_id";s:4:"3140";s:12:"gateway_name";s:6:"Stripe";s:17:"gateway_responses";s:0:"";s:9:"signature";s:32:"11e6080374d0ebeca72abf0e0acf7cfe";}
6	2017-04-28 08:37:37	2017-04-28 08:37:37	1	a:22:{s:2:"id";s:5:"24257";s:6:"action";s:7:"Capture";s:11:"merchant_id";s:5:"17671";s:10:"website_id";s:5:"17999";s:6:"amount";s:5:"45.33";s:13:"currency_code";s:3:"USD";s:6:"status";s:8:"Captured";s:10:"error_code";s:1:"0";s:13:"error_message";s:0:"";s:6:"paykey";s:36:"8a1471cd-c34b-43e4-a216-40fdecd87faf";s:12:"payment_date";s:25:"2017-04-28T12:07:27+05:30";s:11:"buyer_email";s:24:"johnpeter@mailinator.com";s:13:"buyer_address";s:3:"1/3";s:10:"buyer_city";s:6:"London";s:11:"buyer_state";s:10:"Tamil Nadu";s:13:"buyer_country";s:2:"IN";s:11:"buyer_phone";s:10:"9999999999";s:14:"buyer_zip_code";s:6:"E152LL";s:10:"gateway_id";s:4:"3140";s:12:"gateway_name";s:6:"Stripe";s:17:"gateway_responses";s:0:"";s:9:"signature";s:32:"5fd332e96a349459767a5e14085a9192";}
7	2017-04-28 08:37:54	2017-04-28 08:37:54	1	a:22:{s:2:"id";s:5:"24258";s:6:"action";s:7:"Capture";s:11:"merchant_id";s:5:"17671";s:10:"website_id";s:5:"17999";s:6:"amount";s:7:"1507.64";s:13:"currency_code";s:3:"USD";s:6:"status";s:8:"Captured";s:10:"error_code";s:1:"0";s:13:"error_message";s:0:"";s:6:"paykey";s:36:"694834f0-4086-401d-bb70-121b9c8d73a9";s:12:"payment_date";s:25:"2017-04-28T12:07:48+05:30";s:11:"buyer_email";s:24:"johnpeter@mailinator.com";s:13:"buyer_address";s:3:"1/3";s:10:"buyer_city";s:6:"London";s:11:"buyer_state";s:10:"Tamil Nadu";s:13:"buyer_country";s:2:"IN";s:11:"buyer_phone";s:10:"9999999999";s:14:"buyer_zip_code";s:6:"E152LL";s:10:"gateway_id";s:4:"3140";s:12:"gateway_name";s:6:"Stripe";s:17:"gateway_responses";s:0:"";s:9:"signature";s:32:"add8cbf6a772b04c215a98366e46904c";}
8	2017-04-29 07:00:07	2017-04-29 07:00:07	1	a:22:{s:2:"id";s:5:"24259";s:6:"action";s:7:"Capture";s:11:"merchant_id";s:5:"17671";s:10:"website_id";s:5:"17999";s:6:"amount";s:5:"15.18";s:13:"currency_code";s:3:"USD";s:6:"status";s:8:"Captured";s:10:"error_code";s:1:"0";s:13:"error_message";s:0:"";s:6:"paykey";s:36:"048435d8-3fd1-42bc-b31c-93066aa70b0a";s:12:"payment_date";s:25:"2017-04-29T10:29:58+05:30";s:11:"buyer_email";s:24:"johnpeter@mailinator.com";s:13:"buyer_address";s:3:"1/3";s:10:"buyer_city";s:6:"London";s:11:"buyer_state";s:10:"Tamil Nadu";s:13:"buyer_country";s:2:"IN";s:11:"buyer_phone";s:10:"9999999999";s:14:"buyer_zip_code";s:6:"E152LL";s:10:"gateway_id";s:4:"3140";s:12:"gateway_name";s:6:"Stripe";s:17:"gateway_responses";s:0:"";s:9:"signature";s:32:"4b34275cc7d993b35dd2136a48557efb";}
9	2017-04-29 07:01:52	2017-04-29 07:01:52	1	a:22:{s:2:"id";s:5:"24259";s:6:"action";s:7:"Capture";s:11:"merchant_id";s:5:"17671";s:10:"website_id";s:5:"17999";s:6:"amount";s:5:"15.18";s:13:"currency_code";s:3:"USD";s:6:"status";s:8:"Captured";s:10:"error_code";s:1:"0";s:13:"error_message";s:0:"";s:6:"paykey";s:36:"048435d8-3fd1-42bc-b31c-93066aa70b0a";s:12:"payment_date";s:25:"2017-04-29T10:29:58+05:30";s:11:"buyer_email";s:24:"johnpeter@mailinator.com";s:13:"buyer_address";s:3:"1/3";s:10:"buyer_city";s:6:"London";s:11:"buyer_state";s:10:"Tamil Nadu";s:13:"buyer_country";s:2:"IN";s:11:"buyer_phone";s:10:"9999999999";s:14:"buyer_zip_code";s:6:"E152LL";s:10:"gateway_id";s:4:"3140";s:12:"gateway_name";s:6:"Stripe";s:17:"gateway_responses";s:0:"";s:9:"signature";s:32:"4b34275cc7d993b35dd2136a48557efb";}
10	2017-04-29 07:07:04	2017-04-29 07:07:04	1	a:22:{s:2:"id";s:5:"24259";s:6:"action";s:7:"Capture";s:11:"merchant_id";s:5:"17671";s:10:"website_id";s:5:"17999";s:6:"amount";s:5:"15.18";s:13:"currency_code";s:3:"USD";s:6:"status";s:8:"Captured";s:10:"error_code";s:1:"0";s:13:"error_message";s:0:"";s:6:"paykey";s:36:"048435d8-3fd1-42bc-b31c-93066aa70b0a";s:12:"payment_date";s:25:"2017-04-29T10:29:58+05:30";s:11:"buyer_email";s:24:"johnpeter@mailinator.com";s:13:"buyer_address";s:3:"1/3";s:10:"buyer_city";s:6:"London";s:11:"buyer_state";s:10:"Tamil Nadu";s:13:"buyer_country";s:2:"IN";s:11:"buyer_phone";s:10:"9999999999";s:14:"buyer_zip_code";s:6:"E152LL";s:10:"gateway_id";s:4:"3140";s:12:"gateway_name";s:6:"Stripe";s:17:"gateway_responses";s:0:"";s:9:"signature";s:32:"4b34275cc7d993b35dd2136a48557efb";}
11	2017-04-29 07:07:36	2017-04-29 07:07:36	1	a:22:{s:2:"id";s:5:"24259";s:6:"action";s:7:"Capture";s:11:"merchant_id";s:5:"17671";s:10:"website_id";s:5:"17999";s:6:"amount";s:5:"15.18";s:13:"currency_code";s:3:"USD";s:6:"status";s:8:"Captured";s:10:"error_code";s:1:"0";s:13:"error_message";s:0:"";s:6:"paykey";s:36:"048435d8-3fd1-42bc-b31c-93066aa70b0a";s:12:"payment_date";s:25:"2017-04-29T10:29:58+05:30";s:11:"buyer_email";s:24:"johnpeter@mailinator.com";s:13:"buyer_address";s:3:"1/3";s:10:"buyer_city";s:6:"London";s:11:"buyer_state";s:10:"Tamil Nadu";s:13:"buyer_country";s:2:"IN";s:11:"buyer_phone";s:10:"9999999999";s:14:"buyer_zip_code";s:6:"E152LL";s:10:"gateway_id";s:4:"3140";s:12:"gateway_name";s:6:"Stripe";s:17:"gateway_responses";s:0:"";s:9:"signature";s:32:"4b34275cc7d993b35dd2136a48557efb";}
12	2017-04-29 07:07:36	2017-04-29 07:07:36	1	Models\\Project
13	2017-04-29 07:10:15	2017-04-29 07:10:15	1	a:22:{s:2:"id";s:5:"24259";s:6:"action";s:7:"Capture";s:11:"merchant_id";s:5:"17671";s:10:"website_id";s:5:"17999";s:6:"amount";s:5:"15.18";s:13:"currency_code";s:3:"USD";s:6:"status";s:8:"Captured";s:10:"error_code";s:1:"0";s:13:"error_message";s:0:"";s:6:"paykey";s:36:"048435d8-3fd1-42bc-b31c-93066aa70b0a";s:12:"payment_date";s:25:"2017-04-29T10:29:58+05:30";s:11:"buyer_email";s:24:"johnpeter@mailinator.com";s:13:"buyer_address";s:3:"1/3";s:10:"buyer_city";s:6:"London";s:11:"buyer_state";s:10:"Tamil Nadu";s:13:"buyer_country";s:2:"IN";s:11:"buyer_phone";s:10:"9999999999";s:14:"buyer_zip_code";s:6:"E152LL";s:10:"gateway_id";s:4:"3140";s:12:"gateway_name";s:6:"Stripe";s:17:"gateway_responses";s:0:"";s:9:"signature";s:32:"4b34275cc7d993b35dd2136a48557efb";}
14	2017-04-29 07:12:04	2017-04-29 07:12:04	1	a:22:{s:2:"id";s:5:"24259";s:6:"action";s:7:"Capture";s:11:"merchant_id";s:5:"17671";s:10:"website_id";s:5:"17999";s:6:"amount";s:5:"15.18";s:13:"currency_code";s:3:"USD";s:6:"status";s:8:"Captured";s:10:"error_code";s:1:"0";s:13:"error_message";s:0:"";s:6:"paykey";s:36:"048435d8-3fd1-42bc-b31c-93066aa70b0a";s:12:"payment_date";s:25:"2017-04-29T10:29:58+05:30";s:11:"buyer_email";s:24:"johnpeter@mailinator.com";s:13:"buyer_address";s:3:"1/3";s:10:"buyer_city";s:6:"London";s:11:"buyer_state";s:10:"Tamil Nadu";s:13:"buyer_country";s:2:"IN";s:11:"buyer_phone";s:10:"9999999999";s:14:"buyer_zip_code";s:6:"E152LL";s:10:"gateway_id";s:4:"3140";s:12:"gateway_name";s:6:"Stripe";s:17:"gateway_responses";s:0:"";s:9:"signature";s:32:"4b34275cc7d993b35dd2136a48557efb";}
15	2017-04-29 07:12:53	2017-04-29 07:12:53	1	a:22:{s:2:"id";s:5:"24259";s:6:"action";s:7:"Capture";s:11:"merchant_id";s:5:"17671";s:10:"website_id";s:5:"17999";s:6:"amount";s:5:"15.18";s:13:"currency_code";s:3:"USD";s:6:"status";s:8:"Captured";s:10:"error_code";s:1:"0";s:13:"error_message";s:0:"";s:6:"paykey";s:36:"048435d8-3fd1-42bc-b31c-93066aa70b0a";s:12:"payment_date";s:25:"2017-04-29T10:29:58+05:30";s:11:"buyer_email";s:24:"johnpeter@mailinator.com";s:13:"buyer_address";s:3:"1/3";s:10:"buyer_city";s:6:"London";s:11:"buyer_state";s:10:"Tamil Nadu";s:13:"buyer_country";s:2:"IN";s:11:"buyer_phone";s:10:"9999999999";s:14:"buyer_zip_code";s:6:"E152LL";s:10:"gateway_id";s:4:"3140";s:12:"gateway_name";s:6:"Stripe";s:17:"gateway_responses";s:0:"";s:9:"signature";s:32:"4b34275cc7d993b35dd2136a48557efb";}
16	2017-04-29 07:13:24	2017-04-29 07:13:24	1	a:22:{s:2:"id";s:5:"24259";s:6:"action";s:7:"Capture";s:11:"merchant_id";s:5:"17671";s:10:"website_id";s:5:"17999";s:6:"amount";s:5:"15.18";s:13:"currency_code";s:3:"USD";s:6:"status";s:8:"Captured";s:10:"error_code";s:1:"0";s:13:"error_message";s:0:"";s:6:"paykey";s:36:"048435d8-3fd1-42bc-b31c-93066aa70b0a";s:12:"payment_date";s:25:"2017-04-29T10:29:58+05:30";s:11:"buyer_email";s:24:"johnpeter@mailinator.com";s:13:"buyer_address";s:3:"1/3";s:10:"buyer_city";s:6:"London";s:11:"buyer_state";s:10:"Tamil Nadu";s:13:"buyer_country";s:2:"IN";s:11:"buyer_phone";s:10:"9999999999";s:14:"buyer_zip_code";s:6:"E152LL";s:10:"gateway_id";s:4:"3140";s:12:"gateway_name";s:6:"Stripe";s:17:"gateway_responses";s:0:"";s:9:"signature";s:32:"4b34275cc7d993b35dd2136a48557efb";}
17	2017-04-29 07:14:29	2017-04-29 07:14:29	1	a:22:{s:2:"id";s:5:"24259";s:6:"action";s:7:"Capture";s:11:"merchant_id";s:5:"17671";s:10:"website_id";s:5:"17999";s:6:"amount";s:5:"15.18";s:13:"currency_code";s:3:"USD";s:6:"status";s:8:"Captured";s:10:"error_code";s:1:"0";s:13:"error_message";s:0:"";s:6:"paykey";s:36:"048435d8-3fd1-42bc-b31c-93066aa70b0a";s:12:"payment_date";s:25:"2017-04-29T10:29:58+05:30";s:11:"buyer_email";s:24:"johnpeter@mailinator.com";s:13:"buyer_address";s:3:"1/3";s:10:"buyer_city";s:6:"London";s:11:"buyer_state";s:10:"Tamil Nadu";s:13:"buyer_country";s:2:"IN";s:11:"buyer_phone";s:10:"9999999999";s:14:"buyer_zip_code";s:6:"E152LL";s:10:"gateway_id";s:4:"3140";s:12:"gateway_name";s:6:"Stripe";s:17:"gateway_responses";s:0:"";s:9:"signature";s:32:"4b34275cc7d993b35dd2136a48557efb";}
18	2017-04-29 07:16:19	2017-04-29 07:16:19	1	a:22:{s:2:"id";s:5:"24259";s:6:"action";s:7:"Capture";s:11:"merchant_id";s:5:"17671";s:10:"website_id";s:5:"17999";s:6:"amount";s:5:"15.18";s:13:"currency_code";s:3:"USD";s:6:"status";s:8:"Captured";s:10:"error_code";s:1:"0";s:13:"error_message";s:0:"";s:6:"paykey";s:36:"048435d8-3fd1-42bc-b31c-93066aa70b0a";s:12:"payment_date";s:25:"2017-04-29T10:29:58+05:30";s:11:"buyer_email";s:24:"johnpeter@mailinator.com";s:13:"buyer_address";s:3:"1/3";s:10:"buyer_city";s:6:"London";s:11:"buyer_state";s:10:"Tamil Nadu";s:13:"buyer_country";s:2:"IN";s:11:"buyer_phone";s:10:"9999999999";s:14:"buyer_zip_code";s:6:"E152LL";s:10:"gateway_id";s:4:"3140";s:12:"gateway_name";s:6:"Stripe";s:17:"gateway_responses";s:0:"";s:9:"signature";s:32:"4b34275cc7d993b35dd2136a48557efb";}
19	2017-04-29 07:16:43	2017-04-29 07:16:43	1	a:22:{s:2:"id";s:5:"24259";s:6:"action";s:7:"Capture";s:11:"merchant_id";s:5:"17671";s:10:"website_id";s:5:"17999";s:6:"amount";s:5:"15.18";s:13:"currency_code";s:3:"USD";s:6:"status";s:8:"Captured";s:10:"error_code";s:1:"0";s:13:"error_message";s:0:"";s:6:"paykey";s:36:"048435d8-3fd1-42bc-b31c-93066aa70b0a";s:12:"payment_date";s:25:"2017-04-29T10:29:58+05:30";s:11:"buyer_email";s:24:"johnpeter@mailinator.com";s:13:"buyer_address";s:3:"1/3";s:10:"buyer_city";s:6:"London";s:11:"buyer_state";s:10:"Tamil Nadu";s:13:"buyer_country";s:2:"IN";s:11:"buyer_phone";s:10:"9999999999";s:14:"buyer_zip_code";s:6:"E152LL";s:10:"gateway_id";s:4:"3140";s:12:"gateway_name";s:6:"Stripe";s:17:"gateway_responses";s:0:"";s:9:"signature";s:32:"4b34275cc7d993b35dd2136a48557efb";}
20	2017-04-29 07:19:27	2017-04-29 07:19:27	1	a:22:{s:2:"id";s:5:"24259";s:6:"action";s:7:"Capture";s:11:"merchant_id";s:5:"17671";s:10:"website_id";s:5:"17999";s:6:"amount";s:5:"15.18";s:13:"currency_code";s:3:"USD";s:6:"status";s:8:"Captured";s:10:"error_code";s:1:"0";s:13:"error_message";s:0:"";s:6:"paykey";s:36:"048435d8-3fd1-42bc-b31c-93066aa70b0a";s:12:"payment_date";s:25:"2017-04-29T10:29:58+05:30";s:11:"buyer_email";s:24:"johnpeter@mailinator.com";s:13:"buyer_address";s:3:"1/3";s:10:"buyer_city";s:6:"London";s:11:"buyer_state";s:10:"Tamil Nadu";s:13:"buyer_country";s:2:"IN";s:11:"buyer_phone";s:10:"9999999999";s:14:"buyer_zip_code";s:6:"E152LL";s:10:"gateway_id";s:4:"3140";s:12:"gateway_name";s:6:"Stripe";s:17:"gateway_responses";s:0:"";s:9:"signature";s:32:"4b34275cc7d993b35dd2136a48557efb";}
21	2017-04-29 07:22:19	2017-04-29 07:22:19	1	a:22:{s:2:"id";s:5:"24259";s:6:"action";s:7:"Capture";s:11:"merchant_id";s:5:"17671";s:10:"website_id";s:5:"17999";s:6:"amount";s:5:"15.18";s:13:"currency_code";s:3:"USD";s:6:"status";s:8:"Captured";s:10:"error_code";s:1:"0";s:13:"error_message";s:0:"";s:6:"paykey";s:36:"048435d8-3fd1-42bc-b31c-93066aa70b0a";s:12:"payment_date";s:25:"2017-04-29T10:29:58+05:30";s:11:"buyer_email";s:24:"johnpeter@mailinator.com";s:13:"buyer_address";s:3:"1/3";s:10:"buyer_city";s:6:"London";s:11:"buyer_state";s:10:"Tamil Nadu";s:13:"buyer_country";s:2:"IN";s:11:"buyer_phone";s:10:"9999999999";s:14:"buyer_zip_code";s:6:"E152LL";s:10:"gateway_id";s:4:"3140";s:12:"gateway_name";s:6:"Stripe";s:17:"gateway_responses";s:0:"";s:9:"signature";s:32:"4b34275cc7d993b35dd2136a48557efb";}
22	2017-04-29 07:25:00	2017-04-29 07:25:00	1	a:22:{s:2:"id";s:5:"24260";s:6:"action";s:7:"Capture";s:11:"merchant_id";s:5:"17671";s:10:"website_id";s:5:"17999";s:6:"amount";s:5:"15.18";s:13:"currency_code";s:3:"USD";s:6:"status";s:8:"Captured";s:10:"error_code";s:1:"0";s:13:"error_message";s:0:"";s:6:"paykey";s:36:"e8f66408-a52e-40c6-8fc0-e124fff700c5";s:12:"payment_date";s:25:"2017-04-29T10:54:55+05:30";s:11:"buyer_email";s:24:"johnpeter@mailinator.com";s:13:"buyer_address";s:3:"1/3";s:10:"buyer_city";s:6:"London";s:11:"buyer_state";s:10:"Tamil Nadu";s:13:"buyer_country";s:2:"IN";s:11:"buyer_phone";s:10:"9999999999";s:14:"buyer_zip_code";s:6:"E152LL";s:10:"gateway_id";s:4:"3140";s:12:"gateway_name";s:6:"Stripe";s:17:"gateway_responses";s:0:"";s:9:"signature";s:32:"7eff7aa519dc2a47d12a099e36af4e4c";}
23	2017-04-29 07:27:07	2017-04-29 07:27:07	1	a:22:{s:2:"id";s:5:"24261";s:6:"action";s:7:"Capture";s:11:"merchant_id";s:5:"17671";s:10:"website_id";s:5:"17999";s:6:"amount";s:5:"15.18";s:13:"currency_code";s:3:"USD";s:6:"status";s:8:"Captured";s:10:"error_code";s:1:"0";s:13:"error_message";s:0:"";s:6:"paykey";s:36:"75c52a6b-bd12-482a-8c58-05e696df80b0";s:12:"payment_date";s:25:"2017-04-29T10:57:02+05:30";s:11:"buyer_email";s:24:"johnpeter@mailinator.com";s:13:"buyer_address";s:3:"1/3";s:10:"buyer_city";s:6:"London";s:11:"buyer_state";s:10:"Tamil Nadu";s:13:"buyer_country";s:2:"IN";s:11:"buyer_phone";s:10:"9999999999";s:14:"buyer_zip_code";s:6:"E152LL";s:10:"gateway_id";s:4:"3140";s:12:"gateway_name";s:6:"Stripe";s:17:"gateway_responses";s:0:"";s:9:"signature";s:32:"6b59d9c341c5b86578676eae6ff1d72c";}
24	2017-04-29 07:33:55	2017-04-29 07:33:55	1	a:22:{s:2:"id";s:5:"24262";s:6:"action";s:7:"Capture";s:11:"merchant_id";s:5:"17671";s:10:"website_id";s:5:"17999";s:6:"amount";s:5:"10.15";s:13:"currency_code";s:3:"USD";s:6:"status";s:8:"Captured";s:10:"error_code";s:1:"0";s:13:"error_message";s:0:"";s:6:"paykey";s:36:"c862fb22-ec00-4cc2-9ca9-e3f4ae7d7cbc";s:12:"payment_date";s:25:"2017-04-29T11:03:50+05:30";s:11:"buyer_email";s:24:"johnpeter@mailinator.com";s:13:"buyer_address";s:3:"1/3";s:10:"buyer_city";s:6:"London";s:11:"buyer_state";s:10:"Tamil Nadu";s:13:"buyer_country";s:2:"IN";s:11:"buyer_phone";s:10:"9999999999";s:14:"buyer_zip_code";s:6:"E152LL";s:10:"gateway_id";s:4:"3140";s:12:"gateway_name";s:6:"Stripe";s:17:"gateway_responses";s:0:"";s:9:"signature";s:32:"a6214fe58f05b3418c59aa5be02eec83";}
25	2017-04-29 07:40:17	2017-04-29 07:40:17	1	a:22:{s:2:"id";s:5:"24263";s:6:"action";s:7:"Capture";s:11:"merchant_id";s:5:"17671";s:10:"website_id";s:5:"17999";s:6:"amount";s:5:"15.18";s:13:"currency_code";s:3:"USD";s:6:"status";s:8:"Captured";s:10:"error_code";s:1:"0";s:13:"error_message";s:0:"";s:6:"paykey";s:36:"edb49470-783c-4a49-8ecc-25945ef10fec";s:12:"payment_date";s:25:"2017-04-29T11:10:09+05:30";s:11:"buyer_email";s:24:"johnpeter@mailinator.com";s:13:"buyer_address";s:3:"1/3";s:10:"buyer_city";s:6:"London";s:11:"buyer_state";s:10:"Tamil Nadu";s:13:"buyer_country";s:2:"IN";s:11:"buyer_phone";s:10:"9999999999";s:14:"buyer_zip_code";s:6:"E152LL";s:10:"gateway_id";s:4:"3140";s:12:"gateway_name";s:6:"Stripe";s:17:"gateway_responses";s:0:"";s:9:"signature";s:32:"e7bb645af7937e64ac83e9d51afc98c2";}
26	2017-04-29 07:42:14	2017-04-29 07:42:14	1	a:22:{s:2:"id";s:5:"24264";s:6:"action";s:7:"Capture";s:11:"merchant_id";s:5:"17671";s:10:"website_id";s:5:"17999";s:6:"amount";s:4:"5.13";s:13:"currency_code";s:3:"USD";s:6:"status";s:8:"Captured";s:10:"error_code";s:1:"0";s:13:"error_message";s:0:"";s:6:"paykey";s:36:"cfe46d8f-8953-444b-80b1-f192276d37dd";s:12:"payment_date";s:25:"2017-04-29T11:12:09+05:30";s:11:"buyer_email";s:24:"johnpeter@mailinator.com";s:13:"buyer_address";s:3:"1/3";s:10:"buyer_city";s:6:"London";s:11:"buyer_state";s:10:"Tamil Nadu";s:13:"buyer_country";s:2:"IN";s:11:"buyer_phone";s:10:"9999999999";s:14:"buyer_zip_code";s:6:"E152LL";s:10:"gateway_id";s:4:"3140";s:12:"gateway_name";s:6:"Stripe";s:17:"gateway_responses";s:0:"";s:9:"signature";s:32:"6670f0a83544691f2f069c8a882355b7";}
27	2017-04-29 07:45:06	2017-04-29 07:45:06	1	a:22:{s:2:"id";s:5:"24265";s:6:"action";s:7:"Capture";s:11:"merchant_id";s:5:"17671";s:10:"website_id";s:5:"17999";s:6:"amount";s:5:"10.15";s:13:"currency_code";s:3:"USD";s:6:"status";s:8:"Captured";s:10:"error_code";s:1:"0";s:13:"error_message";s:0:"";s:6:"paykey";s:36:"572ede03-e892-4609-8e48-fa4084cf0455";s:12:"payment_date";s:25:"2017-04-29T11:15:02+05:30";s:11:"buyer_email";s:24:"johnpeter@mailinator.com";s:13:"buyer_address";s:3:"1/3";s:10:"buyer_city";s:6:"London";s:11:"buyer_state";s:10:"Tamil Nadu";s:13:"buyer_country";s:2:"IN";s:11:"buyer_phone";s:10:"9999999999";s:14:"buyer_zip_code";s:6:"E152LL";s:10:"gateway_id";s:4:"3140";s:12:"gateway_name";s:6:"Stripe";s:17:"gateway_responses";s:0:"";s:9:"signature";s:32:"6afdbb8eb334213a997d09f02c8cc542";}
28	2017-04-29 07:51:26	2017-04-29 07:51:26	1	a:22:{s:2:"id";s:5:"24266";s:6:"action";s:7:"Capture";s:11:"merchant_id";s:5:"17671";s:10:"website_id";s:5:"17999";s:6:"amount";s:5:"45.33";s:13:"currency_code";s:3:"USD";s:6:"status";s:8:"Captured";s:10:"error_code";s:1:"0";s:13:"error_message";s:0:"";s:6:"paykey";s:36:"0360ce8c-ea15-46a3-9f28-1685345789b6";s:12:"payment_date";s:25:"2017-04-29T11:21:21+05:30";s:11:"buyer_email";s:24:"johnpeter@mailinator.com";s:13:"buyer_address";s:3:"1/3";s:10:"buyer_city";s:6:"London";s:11:"buyer_state";s:10:"Tamil Nadu";s:13:"buyer_country";s:2:"IN";s:11:"buyer_phone";s:10:"9999999999";s:14:"buyer_zip_code";s:6:"E152LL";s:10:"gateway_id";s:4:"3140";s:12:"gateway_name";s:6:"Stripe";s:17:"gateway_responses";s:0:"";s:9:"signature";s:32:"c889cf4eb39e11d7e2be281a3decc47c";}
29	2017-04-29 08:00:22	2017-04-29 08:00:22	1	a:22:{s:2:"id";s:5:"24267";s:6:"action";s:7:"Capture";s:11:"merchant_id";s:5:"17671";s:10:"website_id";s:5:"17999";s:6:"amount";s:6:"170.95";s:13:"currency_code";s:3:"USD";s:6:"status";s:8:"Captured";s:10:"error_code";s:1:"0";s:13:"error_message";s:0:"";s:6:"paykey";s:36:"b9895711-17bd-4a0e-9be4-dce052cc7b7b";s:12:"payment_date";s:25:"2017-04-29T11:30:18+05:30";s:11:"buyer_email";s:24:"johnpeter@mailinator.com";s:13:"buyer_address";s:3:"1/3";s:10:"buyer_city";s:6:"London";s:11:"buyer_state";s:10:"Tamil Nadu";s:13:"buyer_country";s:2:"IN";s:11:"buyer_phone";s:10:"9999999999";s:14:"buyer_zip_code";s:6:"E152LL";s:10:"gateway_id";s:4:"3140";s:12:"gateway_name";s:6:"Stripe";s:17:"gateway_responses";s:0:"";s:9:"signature";s:32:"07873aa9afed66508800bda7724e13fc";}
30	2017-04-29 08:30:28	2017-04-29 08:30:28	1	a:22:{s:2:"id";s:5:"24268";s:6:"action";s:7:"Capture";s:11:"merchant_id";s:5:"17671";s:10:"website_id";s:5:"17999";s:6:"amount";s:6:"110.65";s:13:"currency_code";s:3:"USD";s:6:"status";s:8:"Captured";s:10:"error_code";s:1:"0";s:13:"error_message";s:0:"";s:6:"paykey";s:36:"965acdd1-30f8-48cf-849e-ead77cfc65c9";s:12:"payment_date";s:25:"2017-04-29T12:00:24+05:30";s:11:"buyer_email";s:24:"johnpeter@mailinator.com";s:13:"buyer_address";s:3:"1/3";s:10:"buyer_city";s:6:"London";s:11:"buyer_state";s:10:"Tamil Nadu";s:13:"buyer_country";s:2:"IN";s:11:"buyer_phone";s:10:"9999999999";s:14:"buyer_zip_code";s:6:"E152LL";s:10:"gateway_id";s:4:"3140";s:12:"gateway_name";s:6:"Stripe";s:17:"gateway_responses";s:0:"";s:9:"signature";s:32:"0e72f91f87749150c3456a98e14a92db";}
31	2017-04-29 12:40:43	2017-04-29 12:40:43	1	a:22:{s:2:"id";s:5:"24269";s:6:"action";s:7:"Capture";s:11:"merchant_id";s:5:"17671";s:10:"website_id";s:5:"17999";s:6:"amount";s:5:"15.18";s:13:"currency_code";s:3:"USD";s:6:"status";s:8:"Captured";s:10:"error_code";s:1:"0";s:13:"error_message";s:0:"";s:6:"paykey";s:36:"90e208f4-0ee1-4a34-9c61-3395004594af";s:12:"payment_date";s:25:"2017-04-29T16:10:36+05:30";s:11:"buyer_email";s:24:"johnpeter@mailinator.com";s:13:"buyer_address";s:3:"1/3";s:10:"buyer_city";s:6:"London";s:11:"buyer_state";s:10:"Tamil Nadu";s:13:"buyer_country";s:2:"IN";s:11:"buyer_phone";s:10:"9999999999";s:14:"buyer_zip_code";s:6:"E152LL";s:10:"gateway_id";s:4:"3140";s:12:"gateway_name";s:6:"Stripe";s:17:"gateway_responses";s:0:"";s:9:"signature";s:32:"e2c1eb1b4f1793f7b19d1404756eb100";}
32	2017-04-29 12:42:39	2017-04-29 12:42:39	1	a:22:{s:2:"id";s:5:"24270";s:6:"action";s:7:"Capture";s:11:"merchant_id";s:5:"17671";s:10:"website_id";s:5:"17999";s:6:"amount";s:5:"15.18";s:13:"currency_code";s:3:"USD";s:6:"status";s:8:"Captured";s:10:"error_code";s:1:"0";s:13:"error_message";s:0:"";s:6:"paykey";s:36:"54f1334f-82e7-41c3-8314-6f36139b40f6";s:12:"payment_date";s:25:"2017-04-29T16:12:35+05:30";s:11:"buyer_email";s:24:"johnpeter@mailinator.com";s:13:"buyer_address";s:3:"1/3";s:10:"buyer_city";s:6:"London";s:11:"buyer_state";s:10:"Tamil Nadu";s:13:"buyer_country";s:2:"NI";s:11:"buyer_phone";s:10:"9999999999";s:14:"buyer_zip_code";s:6:"E152LL";s:10:"gateway_id";s:4:"3140";s:12:"gateway_name";s:6:"Stripe";s:17:"gateway_responses";s:0:"";s:9:"signature";s:32:"e4e65415f867cf01659203866d8f1ce9";}
\.


--
-- Name: zazpay_ipn_logs_id_seq; Type: SEQUENCE SET; Schema: public; Owner: -
--

SELECT pg_catalog.setval('zazpay_ipn_logs_id_seq', 32, true);


--
-- Data for Name: zazpay_payment_gateways; Type: TABLE DATA; Schema: public; Owner: -
--

COPY zazpay_payment_gateways (id, created_at, updated_at, zazpay_gateway_name, zazpay_gateway_id, zazpay_payment_group_id, zazpay_gateway_details, days_after_amount_paid, is_marketplace_supported) FROM stdin;
1	2016-12-10 11:18:00	2016-12-10 11:18:00	Stripe	3140	1	a:12:{s:2:"id";i:3140;s:4:"name";s:6:"Stripe";s:12:"display_name";s:6:"Stripe";s:19:"connect_instruction";s:262:"This will take you to <a href="http://stripe.com" rel="nofollow" target="_blank">stripe.com</a> to enter your login details. Note that it is done using official Stripe API and so your details are in safe and your login details are never shared with us by Stripe.";s:12:"_form_fields";a:3:{s:12:"_extends_tpl";a:2:{i:0;s:5:"buyer";i:1;s:11:"credit_card";}s:6:"_html5";s:0:"";s:7:"_fields";a:0:{}}s:9:"thumb_url";s:88:"//d1fhd8b1ym2gwa.cloudfront.net/gateways/3140-large.06f0625c5f8efee37c5e65cd8d286553.png";s:26:"merchant_credential_fields";a:2:{s:10:"secret_key";a:3:{s:5:"label";s:10:"Secret Key";s:4:"info";s:26:"Enter your live Secret Key";s:8:"required";b:1;}s:9:"client_id";a:3:{s:5:"label";s:9:"client_id";s:4:"info";s:31:"Enter your production client_id";s:8:"required";b:1;}}s:18:"supported_features";a:1:{i:0;a:7:{s:7:"actions";a:10:{i:0;s:4:"Auth";i:1;s:12:"Auth-Capture";i:2;s:7:"Capture";i:3;s:16:"Marketplace-Auth";i:4;s:24:"Marketplace-Auth-Capture";i:5;s:19:"Marketplace-Capture";i:6;s:18:"Marketplace-Refund";i:7;s:16:"Marketplace-Void";i:8;s:6:"Refund";i:9;s:4:"Void";}s:10:"currencies";a:100:{i:0;s:3:"AFN";i:1;s:3:"ALL";i:2;s:3:"AMD";i:3;s:3:"ANG";i:4;s:3:"AOA";i:5;s:3:"ARS";i:6;s:3:"AUD";i:7;s:3:"AWG";i:8;s:3:"AZN";i:9;s:3:"BAM";i:10;s:3:"BBD";i:11;s:3:"BDT";i:12;s:3:"BIF";i:13;s:3:"BMD";i:14;s:3:"BND";i:15;s:3:"BOB";i:16;s:3:"BSD";i:17;s:3:"BWP";i:18;s:3:"BZD";i:19;s:3:"CAD";i:20;s:3:"CDF";i:21;s:3:"CLP";i:22;s:3:"CNY";i:23;s:3:"CRC";i:24;s:3:"CVE";i:25;s:3:"DJF";i:26;s:3:"DOP";i:27;s:3:"DZD";i:28;s:3:"EGP";i:29;s:3:"ETB";i:30;s:3:"EUR";i:31;s:3:"FJD";i:32;s:3:"FKP";i:33;s:3:"GBP";i:34;s:3:"GEL";i:35;s:3:"GIP";i:36;s:3:"GMD";i:37;s:3:"GNF";i:38;s:3:"GTQ";i:39;s:3:"GYD";i:40;s:3:"HNL";i:41;s:3:"HTG";i:42;s:3:"IDR";i:43;s:3:"JMD";i:44;s:3:"KES";i:45;s:3:"KGS";i:46;s:3:"KHR";i:47;s:3:"KMF";i:48;s:3:"KYD";i:49;s:3:"KZT";i:50;s:3:"LAK";i:51;s:3:"LBP";i:52;s:3:"LKR";i:53;s:3:"LRD";i:54;s:3:"LSL";i:55;s:3:"MDL";i:56;s:3:"MGA";i:57;s:3:"MKD";i:58;s:3:"MNT";i:59;s:3:"MOP";i:60;s:3:"MRO";i:61;s:3:"MUR";i:62;s:3:"MVR";i:63;s:3:"MWK";i:64;s:3:"MZN";i:65;s:3:"NAD";i:66;s:3:"NIO";i:67;s:3:"NPR";i:68;s:3:"PAB";i:69;s:3:"PEN";i:70;s:3:"PGK";i:71;s:3:"PKR";i:72;s:3:"PYG";i:73;s:3:"RUB";i:74;s:3:"RWF";i:75;s:3:"SBD";i:76;s:3:"SCR";i:77;s:3:"SHP";i:78;s:3:"SLL";i:79;s:3:"SOS";i:80;s:3:"SRD";i:81;s:3:"STD";i:82;s:3:"SVC";i:83;s:3:"SZL";i:84;s:3:"TJS";i:85;s:3:"TOP";i:86;s:3:"TTD";i:87;s:3:"TZS";i:88;s:3:"UAH";i:89;s:3:"UGX";i:90;s:3:"USD";i:91;s:3:"UZS";i:92;s:3:"VND";i:93;s:3:"VUV";i:94;s:3:"WST";i:95;s:3:"XAF";i:96;s:3:"XCD";i:97;s:3:"XOF";i:98;s:3:"XPF";i:99;s:3:"YER";}s:9:"countries";a:12:{i:0;s:2:"AU";i:1;s:2:"BE";i:2;s:2:"CA";i:3;s:2:"DE";i:4;s:2:"ES";i:5;s:2:"FI";i:6;s:2:"FR";i:7;s:2:"GB";i:8;s:2:"IE";i:9;s:2:"LU";i:10;s:2:"NL";i:11;s:2:"US";}s:9:"languages";a:1:{i:0;s:2:"en";}s:10:"card_types";a:2:{i:0;s:11:"Credit Card";i:1;s:10:"Debit Card";}s:8:"services";a:1:{i:0;s:17:"Telephone service";}s:17:"credit_card_types";a:3:{i:0;s:8:"American";i:1;s:6:"Master";i:2;s:4:"Visa";}}}s:18:"buyer_fees_formula";s:33:"(((amount * 100) + 210.0) / 98.5)";s:35:"buyer_fees_payer_confirmation_token";s:36:"d7034191-9009-42d7-bb9c-765d596adcfd";s:20:"valid_capture_period";s:1:"0";s:36:"valid_capture_period_for_hundred_per";s:1:"0";}	\N	t
2	2016-12-10 11:18:00	2016-12-10 11:18:00	PayPal	1	2	a:12:{s:2:"id";i:1;s:4:"name";s:6:"PayPal";s:12:"display_name";s:6:"PayPal";s:19:"connect_instruction";s:278:"This will take you to <a target="_blank" rel="nofollow" href="http://sandbox.paypal.com">sandbox.paypal.com</a> to enter your login details. Note that it is done using official PayPal API and so your details are in safe and your login details are never shared with us by PayPal.";s:12:"_form_fields";a:3:{s:12:"_extends_tpl";a:1:{i:0;s:5:"buyer";}s:6:"_html5";s:0:"";s:7:"_fields";a:0:{}}s:9:"thumb_url";s:85:"//d1fhd8b1ym2gwa.cloudfront.net/gateways/1-large.41714c77b8cb8b597d6fc7aaee33128b.png";s:26:"merchant_credential_fields";a:7:{s:12:"api_username";a:3:{s:5:"label";s:8:"Username";s:4:"info";s:0:"";s:8:"required";b:1;}s:12:"api_password";a:3:{s:5:"label";s:8:"Password";s:4:"info";s:0:"";s:8:"required";b:1;}s:13:"api_signature";a:3:{s:5:"label";s:9:"Signature";s:4:"info";s:0:"";s:8:"required";b:1;}s:6:"api_id";a:3:{s:5:"label";s:6:"APP ID";s:4:"info";s:0:"";s:8:"required";b:1;}s:17:"api_account_email";a:3:{s:5:"label";s:13:"Account Email";s:4:"info";s:28:"Your PayPal Business Account";s:8:"required";b:1;}s:9:"client_id";a:3:{s:5:"label";s:9:"Client ID";s:4:"info";s:0:"";s:8:"required";b:1;}s:13:"client_secret";a:3:{s:5:"label";s:6:"Secret";s:4:"info";s:0:"";s:8:"required";b:1;}}s:18:"supported_features";a:1:{i:0;a:7:{s:7:"actions";a:10:{i:0;s:4:"Auth";i:1;s:12:"Auth-Capture";i:2;s:7:"Capture";i:3;s:16:"Marketplace-Auth";i:4;s:24:"Marketplace-Auth-Capture";i:5;s:19:"Marketplace-Capture";i:6;s:18:"Marketplace-Refund";i:7;s:16:"Marketplace-Void";i:8;s:6:"Refund";i:9;s:4:"Void";}s:10:"currencies";a:25:{i:0;s:3:"AUD";i:1;s:3:"BRL";i:2;s:3:"CAD";i:3;s:3:"CHF";i:4;s:3:"CZK";i:5;s:3:"DKK";i:6;s:3:"EUR";i:7;s:3:"GBP";i:8;s:3:"HKD";i:9;s:3:"HUF";i:10;s:3:"ILS";i:11;s:3:"JPY";i:12;s:3:"JPY";i:13;s:3:"MXN";i:14;s:3:"MYR";i:15;s:3:"NOK";i:16;s:3:"NZD";i:17;s:3:"PHP";i:18;s:3:"PLN";i:19;s:3:"SEK";i:20;s:3:"SGD";i:21;s:3:"THB";i:22;s:3:"TRY";i:23;s:3:"TWD";i:24;s:3:"USD";}s:9:"countries";a:194:{i:0;s:2:"AD";i:1;s:2:"AE";i:2;s:2:"AG";i:3;s:2:"AI";i:4;s:2:"AL";i:5;s:2:"AM";i:6;s:2:"AN";i:7;s:2:"AQ";i:8;s:2:"AR";i:9;s:2:"AS";i:10;s:2:"AT";i:11;s:2:"AU";i:12;s:2:"AW";i:13;s:2:"AX";i:14;s:2:"AZ";i:15;s:2:"BB";i:16;s:2:"BD";i:17;s:2:"BE";i:18;s:2:"BF";i:19;s:2:"BG";i:20;s:2:"BH";i:21;s:2:"BJ";i:22;s:2:"BM";i:23;s:2:"BN";i:24;s:2:"BR";i:25;s:2:"BS";i:26;s:2:"BT";i:27;s:2:"BV";i:28;s:2:"BW";i:29;s:2:"BZ";i:30;s:2:"CA";i:31;s:2:"CC";i:32;s:2:"CF";i:33;s:2:"CH";i:34;s:2:"CK";i:35;s:2:"CL";i:36;s:2:"CN";i:37;s:2:"CO";i:38;s:2:"CR";i:39;s:2:"CV";i:40;s:2:"CX";i:41;s:2:"CY";i:42;s:2:"CZ";i:43;s:2:"DE";i:44;s:2:"DJ";i:45;s:2:"DK";i:46;s:2:"DM";i:47;s:2:"DO";i:48;s:2:"DZ";i:49;s:2:"EC";i:50;s:2:"EE";i:51;s:2:"EG";i:52;s:2:"EH";i:53;s:2:"ES";i:54;s:2:"FI";i:55;s:2:"FJ";i:56;s:2:"FK";i:57;s:2:"FM";i:58;s:2:"FO";i:59;s:2:"FR";i:60;s:2:"GA";i:61;s:2:"GB";i:62;s:2:"GD";i:63;s:2:"GE";i:64;s:2:"GF";i:65;s:2:"GG";i:66;s:2:"GH";i:67;s:2:"GI";i:68;s:2:"GL";i:69;s:2:"GM";i:70;s:2:"GP";i:71;s:2:"GR";i:72;s:2:"GS";i:73;s:2:"GU";i:74;s:2:"GY";i:75;s:2:"HK";i:76;s:2:"HM";i:77;s:2:"HN";i:78;s:2:"HU";i:79;s:2:"ID";i:80;s:2:"IE";i:81;s:2:"IL";i:82;s:2:"IN";i:83;s:2:"IO";i:84;s:2:"IS";i:85;s:2:"IT";i:86;s:2:"JE";i:87;s:2:"JM";i:88;s:2:"JO";i:89;s:2:"JP";i:90;s:2:"KG";i:91;s:2:"KI";i:92;s:2:"KN";i:93;s:2:"KW";i:94;s:2:"KY";i:95;s:2:"KZ";i:96;s:2:"LC";i:97;s:2:"LI";i:98;s:2:"LS";i:99;s:2:"LT";i:100;s:2:"LU";i:101;s:2:"LV";i:102;s:2:"MA";i:103;s:2:"MC";i:104;s:2:"MD";i:105;s:2:"ME";i:106;s:2:"MG";i:107;s:2:"MH";i:108;s:2:"MK";i:109;s:2:"MN";i:110;s:2:"MO";i:111;s:2:"MP";i:112;s:2:"MQ";i:113;s:2:"MR";i:114;s:2:"MS";i:115;s:2:"MT";i:116;s:2:"MU";i:117;s:2:"MW";i:118;s:2:"MX";i:119;s:2:"MY";i:120;s:2:"MZ";i:121;s:2:"NA";i:122;s:2:"NC";i:123;s:2:"NE";i:124;s:2:"NF";i:125;s:2:"NI";i:126;s:2:"NL";i:127;s:2:"NO";i:128;s:2:"NP";i:129;s:2:"NR";i:130;s:2:"NU";i:131;s:2:"NZ";i:132;s:2:"OM";i:133;s:2:"PA";i:134;s:2:"PE";i:135;s:2:"PF";i:136;s:2:"PH";i:137;s:2:"PL";i:138;s:2:"PM";i:139;s:2:"PN";i:140;s:2:"PR";i:141;s:2:"PS";i:142;s:2:"PT";i:143;s:2:"PW";i:144;s:2:"PY";i:145;s:2:"QA";i:146;s:2:"RE";i:147;s:2:"RO";i:148;s:2:"RS";i:149;s:2:"RU";i:150;s:2:"RW";i:151;s:2:"SA";i:152;s:2:"SB";i:153;s:2:"SC";i:154;s:2:"SE";i:155;s:2:"SG";i:156;s:2:"SH";i:157;s:2:"SI";i:158;s:2:"SJ";i:159;s:2:"SK";i:160;s:2:"SM";i:161;s:2:"SN";i:162;s:2:"SR";i:163;s:2:"SV";i:164;s:2:"SZ";i:165;s:2:"TC";i:166;s:2:"TF";i:167;s:2:"TG";i:168;s:2:"TH";i:169;s:2:"TK";i:170;s:2:"TM";i:171;s:2:"TN";i:172;s:2:"TO";i:173;s:2:"TR";i:174;s:2:"TT";i:175;s:2:"TV";i:176;s:2:"TW";i:177;s:2:"TZ";i:178;s:2:"UA";i:179;s:2:"UG";i:180;s:2:"UM";i:181;s:2:"US";i:182;s:2:"UY";i:183;s:2:"UZ";i:184;s:2:"VA";i:185;s:2:"VC";i:186;s:2:"VE";i:187;s:2:"VI";i:188;s:2:"VU";i:189;s:2:"WF";i:190;s:2:"WS";i:191;s:2:"YT";i:192;s:2:"ZA";i:193;s:2:"ZM";}s:9:"languages";a:8:{i:0;s:2:"de";i:1;s:2:"en";i:2;s:2:"fr";i:3;s:2:"it";i:4;s:2:"nl";i:5;s:2:"pl";i:6;s:2:"st";i:7;s:2:"zh";}s:10:"card_types";a:2:{i:0;s:11:"Credit Card";i:1;s:10:"Debit Card";}s:8:"services";a:4:{i:0;s:26:"PC-to-phone service or SMS";i:1;s:17:"Telephone service";i:2;s:4:"VoIP";i:3;s:22:"horticultural products";}s:17:"credit_card_types";a:3:{i:0;s:8:"American";i:1;s:6:"Master";i:2;s:4:"Visa";}}}s:18:"buyer_fees_formula";s:32:"(((amount * 100) + 10.0) / 99.5)";s:35:"buyer_fees_payer_confirmation_token";s:36:"ecb266a8-162a-41a3-98e8-6d1a9d5fff20";s:20:"valid_capture_period";s:2:"30";s:36:"valid_capture_period_for_hundred_per";s:1:"3";}	\N	t
3	2016-12-10 11:18:00	2016-12-10 11:18:00	Cheque	3286	3	a:12:{s:2:"id";i:3286;s:4:"name";s:7:"Manual1";s:12:"display_name";s:6:"Cheque";s:22:"instruction_for_manual";s:3:"645";s:12:"_form_fields";a:3:{s:12:"_extends_tpl";a:2:{i:0;s:5:"buyer";i:1;s:6:"manual";}s:6:"_html5";s:0:"";s:7:"_fields";a:0:{}}s:9:"thumb_url";s:88:"//d1fhd8b1ym2gwa.cloudfront.net/gateways/3286-large.36d52c3f5260192f1491a46f85fadba1.png";s:26:"merchant_credential_fields";a:1:{s:11:"description";a:3:{s:5:"label";s:19:"Manual Payment Info";s:4:"info";s:19:"Manual Payment Info";s:8:"required";b:1;}}s:18:"supported_features";a:1:{i:0;a:7:{s:7:"actions";a:2:{i:0;s:7:"Capture";i:1;s:6:"Refund";}s:10:"currencies";a:52:{i:0;s:3:"AED";i:1;s:3:"AUD";i:2;s:3:"BGN";i:3;s:3:"BRL";i:4;s:3:"CAD";i:5;s:3:"CHF";i:6;s:3:"COP";i:7;s:3:"CZK";i:8;s:3:"CZK";i:9;s:3:"DKK";i:10;s:3:"EEK";i:11;s:3:"EUR";i:12;s:3:"GBP";i:13;s:3:"HKD";i:14;s:3:"HRK";i:15;s:3:"HUF";i:16;s:3:"ILS";i:17;s:3:"ILS";i:18;s:3:"INR";i:19;s:3:"INR";i:20;s:3:"ISK";i:21;s:3:"JOD";i:22;s:3:"JPY";i:23;s:3:"KRW";i:24;s:3:"LTL";i:25;s:3:"LVL";i:26;s:3:"MAD";i:27;s:3:"MXN";i:28;s:3:"MYR";i:29;s:3:"NGN";i:30;s:3:"NOK";i:31;s:3:"NZD";i:32;s:3:"OMR";i:33;s:3:"PHP";i:34;s:3:"PLN";i:35;s:3:"QAR";i:36;s:3:"RON";i:37;s:3:"RSD";i:38;s:3:"RSD";i:39;s:3:"SAR";i:40;s:3:"SEK";i:41;s:3:"SEK";i:42;s:3:"SGD";i:43;s:3:"SKK";i:44;s:3:"THB";i:45;s:3:"THB";i:46;s:3:"TND";i:47;s:3:"TRY";i:48;s:3:"TWD";i:49;s:3:"USD";i:50;s:3:"VEF";i:51;s:3:"ZAR";}s:9:"countries";a:252:{i:0;s:2:"AD";i:1;s:2:"AE";i:2;s:2:"AF";i:3;s:2:"AG";i:4;s:2:"AI";i:5;s:2:"AL";i:6;s:2:"AM";i:7;s:2:"AN";i:8;s:2:"AO";i:9;s:2:"AQ";i:10;s:2:"AR";i:11;s:2:"AS";i:12;s:2:"AT";i:13;s:2:"AU";i:14;s:2:"AW";i:15;s:2:"AX";i:16;s:2:"AZ";i:17;s:2:"BA";i:18;s:2:"BB";i:19;s:2:"BD";i:20;s:2:"BE";i:21;s:2:"BF";i:22;s:2:"BG";i:23;s:2:"BH";i:24;s:2:"BI";i:25;s:2:"BJ";i:26;s:2:"BL";i:27;s:2:"BM";i:28;s:2:"BN";i:29;s:2:"BO";i:30;s:2:"BQ";i:31;s:2:"BR";i:32;s:2:"BS";i:33;s:2:"BT";i:34;s:2:"BV";i:35;s:2:"BW";i:36;s:2:"BY";i:37;s:2:"BZ";i:38;s:2:"CA";i:39;s:2:"CC";i:40;s:2:"CD";i:41;s:2:"CF";i:42;s:2:"CG";i:43;s:2:"CH";i:44;s:2:"CI";i:45;s:2:"CK";i:46;s:2:"CL";i:47;s:2:"CM";i:48;s:2:"CN";i:49;s:2:"CO";i:50;s:2:"CR";i:51;s:2:"CS";i:52;s:2:"CU";i:53;s:2:"CV";i:54;s:2:"CW";i:55;s:2:"CX";i:56;s:2:"CY";i:57;s:2:"CZ";i:58;s:2:"DE";i:59;s:2:"DJ";i:60;s:2:"DK";i:61;s:2:"DM";i:62;s:2:"DO";i:63;s:2:"DZ";i:64;s:2:"EC";i:65;s:2:"EE";i:66;s:2:"EG";i:67;s:2:"EH";i:68;s:2:"ER";i:69;s:2:"ES";i:70;s:2:"ET";i:71;s:2:"FI";i:72;s:2:"FJ";i:73;s:2:"FK";i:74;s:2:"FM";i:75;s:2:"FO";i:76;s:2:"FR";i:77;s:2:"GA";i:78;s:2:"GB";i:79;s:2:"GD";i:80;s:2:"GE";i:81;s:2:"GF";i:82;s:2:"GG";i:83;s:2:"GH";i:84;s:2:"GI";i:85;s:2:"GL";i:86;s:2:"GM";i:87;s:2:"GN";i:88;s:2:"GP";i:89;s:2:"GQ";i:90;s:2:"GR";i:91;s:2:"GS";i:92;s:2:"GT";i:93;s:2:"GU";i:94;s:2:"GW";i:95;s:2:"GY";i:96;s:2:"HK";i:97;s:2:"HM";i:98;s:2:"HN";i:99;s:2:"HR";i:100;s:2:"HT";i:101;s:2:"HU";i:102;s:2:"ID";i:103;s:2:"IE";i:104;s:2:"IL";i:105;s:2:"IM";i:106;s:2:"IN";i:107;s:2:"IO";i:108;s:2:"IQ";i:109;s:2:"IR";i:110;s:2:"IS";i:111;s:2:"IT";i:112;s:2:"JE";i:113;s:2:"JM";i:114;s:2:"JO";i:115;s:2:"JP";i:116;s:2:"KE";i:117;s:2:"KG";i:118;s:2:"KH";i:119;s:2:"KI";i:120;s:2:"KM";i:121;s:2:"KN";i:122;s:2:"KP";i:123;s:2:"KR";i:124;s:2:"KW";i:125;s:2:"KY";i:126;s:2:"KZ";i:127;s:2:"LA";i:128;s:2:"LB";i:129;s:2:"LC";i:130;s:2:"LI";i:131;s:2:"LK";i:132;s:2:"LR";i:133;s:2:"LS";i:134;s:2:"LT";i:135;s:2:"LU";i:136;s:2:"LV";i:137;s:2:"LY";i:138;s:2:"MA";i:139;s:2:"MC";i:140;s:2:"MD";i:141;s:2:"ME";i:142;s:2:"MF";i:143;s:2:"MG";i:144;s:2:"MH";i:145;s:2:"MK";i:146;s:2:"ML";i:147;s:2:"MM";i:148;s:2:"MN";i:149;s:2:"MO";i:150;s:2:"MP";i:151;s:2:"MQ";i:152;s:2:"MR";i:153;s:2:"MS";i:154;s:2:"MT";i:155;s:2:"MU";i:156;s:2:"MV";i:157;s:2:"MW";i:158;s:2:"MX";i:159;s:2:"MY";i:160;s:2:"MZ";i:161;s:2:"NA";i:162;s:2:"NC";i:163;s:2:"NE";i:164;s:2:"NF";i:165;s:2:"NG";i:166;s:2:"NI";i:167;s:2:"NL";i:168;s:2:"NO";i:169;s:2:"NP";i:170;s:2:"NR";i:171;s:2:"NU";i:172;s:2:"NZ";i:173;s:2:"OM";i:174;s:2:"PA";i:175;s:2:"PE";i:176;s:2:"PF";i:177;s:2:"PG";i:178;s:2:"PH";i:179;s:2:"PK";i:180;s:2:"PL";i:181;s:2:"PM";i:182;s:2:"PN";i:183;s:2:"PR";i:184;s:2:"PS";i:185;s:2:"PT";i:186;s:2:"PW";i:187;s:2:"PY";i:188;s:2:"QA";i:189;s:2:"RE";i:190;s:2:"RO";i:191;s:2:"RS";i:192;s:2:"RU";i:193;s:2:"RW";i:194;s:2:"SA";i:195;s:2:"SB";i:196;s:2:"SC";i:197;s:2:"SD";i:198;s:2:"SE";i:199;s:2:"SG";i:200;s:2:"SH";i:201;s:2:"SI";i:202;s:2:"SJ";i:203;s:2:"SK";i:204;s:2:"SL";i:205;s:2:"SM";i:206;s:2:"SN";i:207;s:2:"SO";i:208;s:2:"SR";i:209;s:2:"SS";i:210;s:2:"ST";i:211;s:2:"SV";i:212;s:2:"SX";i:213;s:2:"SY";i:214;s:2:"SZ";i:215;s:2:"TC";i:216;s:2:"TD";i:217;s:2:"TF";i:218;s:2:"TG";i:219;s:2:"TH";i:220;s:2:"TJ";i:221;s:2:"TK";i:222;s:2:"TL";i:223;s:2:"TM";i:224;s:2:"TN";i:225;s:2:"TO";i:226;s:2:"TR";i:227;s:2:"TT";i:228;s:2:"TV";i:229;s:2:"TW";i:230;s:2:"TZ";i:231;s:2:"UA";i:232;s:2:"UG";i:233;s:2:"UM";i:234;s:2:"US";i:235;s:2:"UY";i:236;s:2:"UZ";i:237;s:2:"VA";i:238;s:2:"VC";i:239;s:2:"VE";i:240;s:2:"VG";i:241;s:2:"VI";i:242;s:2:"VN";i:243;s:2:"VU";i:244;s:2:"WF";i:245;s:2:"WS";i:246;s:2:"XK";i:247;s:2:"YE";i:248;s:2:"YT";i:249;s:2:"ZA";i:250;s:2:"ZM";i:251;s:2:"ZW";}s:9:"languages";a:0:{}s:10:"card_types";a:0:{}s:8:"services";a:0:{}s:17:"credit_card_types";a:0:{}}}s:18:"buyer_fees_formula";s:32:"(((amount * 100) + 10.0) / 99.5)";s:35:"buyer_fees_payer_confirmation_token";s:36:"83ee6273-3735-4356-b20d-3437c896ea93";s:20:"valid_capture_period";s:1:"0";s:36:"valid_capture_period_for_hundred_per";s:1:"0";}	\N	f
\.


--
-- Name: zazpay_payment_gateways_id_seq; Type: SEQUENCE SET; Schema: public; Owner: -
--

SELECT pg_catalog.setval('zazpay_payment_gateways_id_seq', 3, true);


--
-- Data for Name: zazpay_payment_gateways_users; Type: TABLE DATA; Schema: public; Owner: -
--

COPY zazpay_payment_gateways_users (id, created_at, updated_at, user_id, zazpay_payment_gateway_id) FROM stdin;
\.


--
-- Name: zazpay_payment_gateways_users_id_seq; Type: SEQUENCE SET; Schema: public; Owner: -
--

SELECT pg_catalog.setval('zazpay_payment_gateways_users_id_seq', 1, false);


--
-- Data for Name: zazpay_payment_groups; Type: TABLE DATA; Schema: public; Owner: -
--

COPY zazpay_payment_groups (id, created_at, updated_at, zazpay_group_id, name, thumb_url) FROM stdin;
1	2016-12-10 11:18:00	2016-12-10 11:18:00	4922	Credit &amp; Debit Cards	//d1fhd8b1ym2gwa.cloudfront.net/gateways/4922-large.4ac30e6df33dfbdd1b15b39989ce879a.png
2	2016-12-10 11:18:00	2016-12-10 11:18:00	5333	Electronic Gateways	//d1fhd8b1ym2gwa.cloudfront.net/gateways/5333-large.b3f1c5c18b603dfdf9d02e19efa49683.png
3	2016-12-10 11:18:00	2016-12-10 11:18:00	5346	Manual / Offline	//d1fhd8b1ym2gwa.cloudfront.net/gateways/5346-large.9fe9954f53c6b3c6c83c51cd564ea5f7.png
\.


--
-- Name: zazpay_payment_groups_id_seq; Type: SEQUENCE SET; Schema: public; Owner: -
--

SELECT pg_catalog.setval('zazpay_payment_groups_id_seq', 3, true);


--
-- Data for Name: zazpay_transaction_logs; Type: TABLE DATA; Schema: public; Owner: -
--

COPY zazpay_transaction_logs (id, created_at, updated_at, user_id, amount, payment_id, class, foreign_id, zazpay_pay_key, merchant_id, gateway_id, gateway_name, status, payment_type, buyer_id, buyer_email, buyer_address) FROM stdin;
1	2017-04-28 07:03:48	2017-04-28 07:03:48	\N	100.599999999999994	24252	Wallet	1	5e5922e0-cc23-4077-995e-288f736c6d65	17671	3140	\N	Captured	Capture	2		
2	2017-04-28 07:03:49	2017-04-28 07:03:49	\N	100	24252	Wallet	1	5e5922e0-cc23-4077-995e-288f736c6d65	17671	3140	\N	Captured	Capture	2	johnpeter@mailinator.com	1/3
3	2017-04-28 07:04:38	2017-04-28 07:04:38	\N	502.610000000000014	24253	Wallet	2	1abdeff9-483e-4aee-bdfb-39bf579fb6e6	17671	3140	\N	Captured	Capture	2		
4	2017-04-28 07:04:39	2017-04-28 07:04:39	\N	500	24253	Wallet	2	1abdeff9-483e-4aee-bdfb-39bf579fb6e6	17671	3140	\N	Captured	Capture	2	johnpeter@mailinator.com	1/3
5	2017-04-28 07:05:21	2017-04-28 07:05:21	\N	2010.15000000000009	24254	Wallet	3	1b72ba95-53e6-49e0-8fb9-ef4bdac896a1	17671	3140	\N	Captured	Capture	2		
6	2017-04-28 07:05:22	2017-04-28 07:05:22	\N	2000	24254	Wallet	3	1b72ba95-53e6-49e0-8fb9-ef4bdac896a1	17671	3140	\N	Captured	Capture	2	johnpeter@mailinator.com	1/3
7	2017-04-28 07:53:05	2017-04-28 07:53:05	\N	2010.15000000000009	24255	Wallet	4	588aa635-6cf5-418a-811e-2e2572bb1661	17671	3140	\N	Captured	Capture	3		
8	2017-04-28 07:53:06	2017-04-28 07:53:06	\N	2000	24255	Wallet	4	588aa635-6cf5-418a-811e-2e2572bb1661	17671	3140	\N	Captured	Capture	3	johnpeter@mailinator.com	1/3
9	2017-04-28 07:54:42	2017-04-28 07:54:42	\N	170.949999999999989	24256	CreditPurchaseLog	1	c6ff286b-4695-455c-bdaa-cde585c33da0	17671	3140	\N	Captured	Capture	3	productdemo.user+user2@gmail.com	
10	2017-04-28 07:54:42	2017-04-28 07:54:42	\N	170	24256	CreditPurchaseLog	1	c6ff286b-4695-455c-bdaa-cde585c33da0	17671	3140	\N	Captured	Capture	3	johnpeter@mailinator.com	1/3
11	2017-04-28 08:37:37	2017-04-28 08:37:37	\N	45.3299999999999983	24257	CreditPurchaseLog	2	8a1471cd-c34b-43e4-a216-40fdecd87faf	17671	3140	\N	Captured	Capture	4	productdemo.user+user3@gmail.com	
12	2017-04-28 08:37:38	2017-04-28 08:37:38	\N	45	24257	CreditPurchaseLog	2	8a1471cd-c34b-43e4-a216-40fdecd87faf	17671	3140	\N	Captured	Capture	4	johnpeter@mailinator.com	1/3
13	2017-04-28 08:37:54	2017-04-28 08:37:54	\N	1507.6400000000001	24258	Wallet	5	694834f0-4086-401d-bb70-121b9c8d73a9	17671	3140	\N	Captured	Capture	4		
14	2017-04-28 08:37:54	2017-04-28 08:37:54	\N	1500	24258	Wallet	5	694834f0-4086-401d-bb70-121b9c8d73a9	17671	3140	\N	Captured	Capture	4	johnpeter@mailinator.com	1/3
15	2017-04-29 07:27:07	2017-04-29 07:27:07	\N	15.1799999999999997	24261	Project	7	75c52a6b-bd12-482a-8c58-05e696df80b0	17671	3140	\N	Captured	Capture	2	productdemo.user+user1@gmail.com	
16	2017-04-29 07:27:07	2017-04-29 07:27:07	\N	15	24261	Project	7	75c52a6b-bd12-482a-8c58-05e696df80b0	17671	3140	\N	Captured	Capture	2	johnpeter@mailinator.com	1/3
17	2017-04-29 07:33:55	2017-04-29 07:33:55	\N	10.1500000000000004	24262	Project	5	c862fb22-ec00-4cc2-9ca9-e3f4ae7d7cbc	17671	3140	\N	Captured	Capture	2	productdemo.user+user1@gmail.com	
18	2017-04-29 07:33:55	2017-04-29 07:33:55	\N	10	24262	Project	5	c862fb22-ec00-4cc2-9ca9-e3f4ae7d7cbc	17671	3140	\N	Captured	Capture	2	johnpeter@mailinator.com	1/3
19	2017-04-29 07:40:17	2017-04-29 07:40:17	\N	15.1799999999999997	24263	Project	8	edb49470-783c-4a49-8ecc-25945ef10fec	17671	3140	\N	Captured	Capture	3	productdemo.user+user2@gmail.com	
20	2017-04-29 07:40:17	2017-04-29 07:40:17	\N	15	24263	Project	8	edb49470-783c-4a49-8ecc-25945ef10fec	17671	3140	\N	Captured	Capture	3	johnpeter@mailinator.com	1/3
21	2017-04-29 07:42:14	2017-04-29 07:42:14	\N	5.12999999999999989	24264	Project	9	cfe46d8f-8953-444b-80b1-f192276d37dd	17671	3140	\N	Captured	Capture	3	productdemo.user+user2@gmail.com	
22	2017-04-29 07:42:14	2017-04-29 07:42:14	\N	5	24264	Project	9	cfe46d8f-8953-444b-80b1-f192276d37dd	17671	3140	\N	Captured	Capture	3	johnpeter@mailinator.com	1/3
23	2017-04-29 07:45:06	2017-04-29 07:45:06	\N	10.1500000000000004	24265	Project	10	572ede03-e892-4609-8e48-fa4084cf0455	17671	3140	\N	Captured	Capture	3	productdemo.user+user2@gmail.com	
24	2017-04-29 07:45:07	2017-04-29 07:45:07	\N	10	24265	Project	10	572ede03-e892-4609-8e48-fa4084cf0455	17671	3140	\N	Captured	Capture	3	johnpeter@mailinator.com	1/3
25	2017-04-29 07:51:26	2017-04-29 07:51:26	\N	45.3299999999999983	24266	CreditPurchaseLog	3	0360ce8c-ea15-46a3-9f28-1685345789b6	17671	3140	\N	Captured	Capture	6	productdemo.user+user5@gmail.com	
26	2017-04-29 07:51:26	2017-04-29 07:51:26	\N	45	24266	CreditPurchaseLog	3	0360ce8c-ea15-46a3-9f28-1685345789b6	17671	3140	\N	Captured	Capture	6	johnpeter@mailinator.com	1/3
27	2017-04-29 08:00:22	2017-04-29 08:00:22	\N	170.949999999999989	24267	CreditPurchaseLog	4	b9895711-17bd-4a0e-9be4-dce052cc7b7b	17671	3140	\N	Captured	Capture	2	productdemo.user+user1@gmail.com	
28	2017-04-29 08:00:23	2017-04-29 08:00:23	\N	170	24267	CreditPurchaseLog	4	b9895711-17bd-4a0e-9be4-dce052cc7b7b	17671	3140	\N	Captured	Capture	2	johnpeter@mailinator.com	1/3
29	2017-04-29 08:30:28	2017-04-29 08:30:28	\N	110.650000000000006	24268	Milestone	1	965acdd1-30f8-48cf-849e-ead77cfc65c9	17671	3140	\N	Captured	Capture	2	productdemo.user+user1@gmail.com	
30	2017-04-29 08:30:29	2017-04-29 08:30:29	\N	110	24268	Milestone	1	965acdd1-30f8-48cf-849e-ead77cfc65c9	17671	3140	\N	Captured	Capture	2	johnpeter@mailinator.com	1/3
31	2017-04-29 12:40:43	2017-04-29 12:40:43	\N	15.1799999999999997	24269	Job	1	90e208f4-0ee1-4a34-9c61-3395004594af	17671	3140	\N	Captured	Capture	2	productdemo.user+user1@gmail.com	
32	2017-04-29 12:40:43	2017-04-29 12:40:43	\N	15	24269	Job	1	90e208f4-0ee1-4a34-9c61-3395004594af	17671	3140	\N	Captured	Capture	2	johnpeter@mailinator.com	1/3
33	2017-04-29 12:42:39	2017-04-29 12:42:39	\N	15.1799999999999997	24270	Job	1	54f1334f-82e7-41c3-8314-6f36139b40f6	17671	3140	\N	Captured	Capture	2	productdemo.user+user1@gmail.com	
34	2017-04-29 12:42:40	2017-04-29 12:42:40	\N	15	24270	Job	1	54f1334f-82e7-41c3-8314-6f36139b40f6	17671	3140	\N	Captured	Capture	2	johnpeter@mailinator.com	1/3
\.


--
-- Name: zazpay_transaction_logs_id_seq; Type: SEQUENCE SET; Schema: public; Owner: -
--

SELECT pg_catalog.setval('zazpay_transaction_logs_id_seq', 34, true);


--
-- Name: activities_id; Type: CONSTRAINT; Schema: public; Owner: -; Tablespace: 
--

ALTER TABLE ONLY activities
    ADD CONSTRAINT activities_id PRIMARY KEY (id);


--
-- Name: apns_devices_appname_appversion_deviceuid_key; Type: CONSTRAINT; Schema: public; Owner: -; Tablespace: 
--

ALTER TABLE ONLY apns_devices
    ADD CONSTRAINT apns_devices_appname_appversion_deviceuid_key UNIQUE (appname, appversion, deviceuid);


--
-- Name: apns_devices_pkey; Type: CONSTRAINT; Schema: public; Owner: -; Tablespace: 
--

ALTER TABLE ONLY apns_devices
    ADD CONSTRAINT apns_devices_pkey PRIMARY KEY (pid);


--
-- Name: attachments_pkey; Type: CONSTRAINT; Schema: public; Owner: -; Tablespace: 
--

ALTER TABLE ONLY attachments
    ADD CONSTRAINT attachments_pkey PRIMARY KEY (id);


--
-- Name: bid_statuses_pkey; Type: CONSTRAINT; Schema: public; Owner: -; Tablespace: 
--

ALTER TABLE ONLY bid_statuses
    ADD CONSTRAINT bid_statuses_pkey PRIMARY KEY (id);


--
-- Name: bids_pkey; Type: CONSTRAINT; Schema: public; Owner: -; Tablespace: 
--

ALTER TABLE ONLY bids
    ADD CONSTRAINT bids_pkey PRIMARY KEY (id);


--
-- Name: certifications_id; Type: CONSTRAINT; Schema: public; Owner: -; Tablespace: 
--

ALTER TABLE ONLY certifications
    ADD CONSTRAINT certifications_id PRIMARY KEY (id);


--
-- Name: cities_pkey; Type: CONSTRAINT; Schema: public; Owner: -; Tablespace: 
--

ALTER TABLE ONLY cities
    ADD CONSTRAINT cities_pkey PRIMARY KEY (id);


--
-- Name: contacts_pkey; Type: CONSTRAINT; Schema: public; Owner: -; Tablespace: 
--

ALTER TABLE ONLY contacts
    ADD CONSTRAINT contacts_pkey PRIMARY KEY (id);


--
-- Name: contest_statuses_pkey; Type: CONSTRAINT; Schema: public; Owner: -; Tablespace: 
--

ALTER TABLE ONLY contest_statuses
    ADD CONSTRAINT contest_statuses_pkey PRIMARY KEY (id);


--
-- Name: contest_types_pkey; Type: CONSTRAINT; Schema: public; Owner: -; Tablespace: 
--

ALTER TABLE ONLY contest_types
    ADD CONSTRAINT contest_types_pkey PRIMARY KEY (id);


--
-- Name: contest_types_pricing_days_pkey; Type: CONSTRAINT; Schema: public; Owner: -; Tablespace: 
--

ALTER TABLE ONLY contest_types_pricing_days
    ADD CONSTRAINT contest_types_pricing_days_pkey PRIMARY KEY (id);


--
-- Name: contest_types_pricing_packages_pkey; Type: CONSTRAINT; Schema: public; Owner: -; Tablespace: 
--

ALTER TABLE ONLY contest_types_pricing_packages
    ADD CONSTRAINT contest_types_pricing_packages_pkey PRIMARY KEY (id);


--
-- Name: contest_user_downloads_pkey; Type: CONSTRAINT; Schema: public; Owner: -; Tablespace: 
--

ALTER TABLE ONLY contest_user_downloads
    ADD CONSTRAINT contest_user_downloads_pkey PRIMARY KEY (id);


--
-- Name: contest_user_statuses_pkey; Type: CONSTRAINT; Schema: public; Owner: -; Tablespace: 
--

ALTER TABLE ONLY contest_user_statuses
    ADD CONSTRAINT contest_user_statuses_pkey PRIMARY KEY (id);


--
-- Name: contest_users_pkey; Type: CONSTRAINT; Schema: public; Owner: -; Tablespace: 
--

ALTER TABLE ONLY contest_users
    ADD CONSTRAINT contest_users_pkey PRIMARY KEY (id);


--
-- Name: contests_pkey; Type: CONSTRAINT; Schema: public; Owner: -; Tablespace: 
--

ALTER TABLE ONLY contests
    ADD CONSTRAINT contests_pkey PRIMARY KEY (id);


--
-- Name: countries_pkey; Type: CONSTRAINT; Schema: public; Owner: -; Tablespace: 
--

ALTER TABLE ONLY countries
    ADD CONSTRAINT countries_pkey PRIMARY KEY (id);


--
-- Name: coupons_id; Type: CONSTRAINT; Schema: public; Owner: -; Tablespace: 
--

ALTER TABLE ONLY coupons
    ADD CONSTRAINT coupons_id PRIMARY KEY (id);


--
-- Name: discount_types_id; Type: CONSTRAINT; Schema: public; Owner: -; Tablespace: 
--

ALTER TABLE ONLY discount_types
    ADD CONSTRAINT discount_types_id PRIMARY KEY (id);


--
-- Name: dispute_closed_types_pkey; Type: CONSTRAINT; Schema: public; Owner: -; Tablespace: 
--

ALTER TABLE ONLY dispute_closed_types
    ADD CONSTRAINT dispute_closed_types_pkey PRIMARY KEY (id);


--
-- Name: dispute_open_types_pkey; Type: CONSTRAINT; Schema: public; Owner: -; Tablespace: 
--

ALTER TABLE ONLY dispute_open_types
    ADD CONSTRAINT dispute_open_types_pkey PRIMARY KEY (id);


--
-- Name: dispute_statuses_pkey; Type: CONSTRAINT; Schema: public; Owner: -; Tablespace: 
--

ALTER TABLE ONLY dispute_statuses
    ADD CONSTRAINT dispute_statuses_pkey PRIMARY KEY (id);


--
-- Name: educations_id; Type: CONSTRAINT; Schema: public; Owner: -; Tablespace: 
--

ALTER TABLE ONLY educations
    ADD CONSTRAINT educations_id PRIMARY KEY (id);


--
-- Name: email_templates_pkey; Type: CONSTRAINT; Schema: public; Owner: -; Tablespace: 
--

ALTER TABLE ONLY email_templates
    ADD CONSTRAINT email_templates_pkey PRIMARY KEY (id);


--
-- Name: exam_answers_pkey; Type: CONSTRAINT; Schema: public; Owner: -; Tablespace: 
--

ALTER TABLE ONLY exam_answers
    ADD CONSTRAINT exam_answers_pkey PRIMARY KEY (id);


--
-- Name: exam_attends_pkey; Type: CONSTRAINT; Schema: public; Owner: -; Tablespace: 
--

ALTER TABLE ONLY exam_attends
    ADD CONSTRAINT exam_attends_pkey PRIMARY KEY (id);


--
-- Name: exam_categories_id; Type: CONSTRAINT; Schema: public; Owner: -; Tablespace: 
--

ALTER TABLE ONLY exam_categories
    ADD CONSTRAINT exam_categories_id PRIMARY KEY (id);


--
-- Name: exam_levels_pkey; Type: CONSTRAINT; Schema: public; Owner: -; Tablespace: 
--

ALTER TABLE ONLY exam_levels
    ADD CONSTRAINT exam_levels_pkey PRIMARY KEY (id);


--
-- Name: exam_statuses_pkey; Type: CONSTRAINT; Schema: public; Owner: -; Tablespace: 
--

ALTER TABLE ONLY exam_statuses
    ADD CONSTRAINT exam_statuses_pkey PRIMARY KEY (id);


--
-- Name: exams_pkey; Type: CONSTRAINT; Schema: public; Owner: -; Tablespace: 
--

ALTER TABLE ONLY exams
    ADD CONSTRAINT exams_pkey PRIMARY KEY (id);


--
-- Name: exams_questions_pkey; Type: CONSTRAINT; Schema: public; Owner: -; Tablespace: 
--

ALTER TABLE ONLY exams_questions
    ADD CONSTRAINT exams_questions_pkey PRIMARY KEY (id);


--
-- Name: exams_users_pkey; Type: CONSTRAINT; Schema: public; Owner: -; Tablespace: 
--

ALTER TABLE ONLY exams_users
    ADD CONSTRAINT exams_users_pkey PRIMARY KEY (id);


--
-- Name: flag_categories_pkey; Type: CONSTRAINT; Schema: public; Owner: -; Tablespace: 
--

ALTER TABLE ONLY flag_categories
    ADD CONSTRAINT flag_categories_pkey PRIMARY KEY (id);


--
-- Name: flags_pkey; Type: CONSTRAINT; Schema: public; Owner: -; Tablespace: 
--

ALTER TABLE ONLY flags
    ADD CONSTRAINT flags_pkey PRIMARY KEY (id);


--
-- Name: followers_id; Type: CONSTRAINT; Schema: public; Owner: -; Tablespace: 
--

ALTER TABLE ONLY followers
    ADD CONSTRAINT followers_id PRIMARY KEY (id);


--
-- Name: form_field_groups_pkey; Type: CONSTRAINT; Schema: public; Owner: -; Tablespace: 
--

ALTER TABLE ONLY form_field_groups
    ADD CONSTRAINT form_field_groups_pkey PRIMARY KEY (id);


--
-- Name: form_field_submissions_id; Type: CONSTRAINT; Schema: public; Owner: -; Tablespace: 
--

ALTER TABLE ONLY form_field_submissions
    ADD CONSTRAINT form_field_submissions_id PRIMARY KEY (id);


--
-- Name: form_fields_pkey; Type: CONSTRAINT; Schema: public; Owner: -; Tablespace: 
--

ALTER TABLE ONLY form_fields
    ADD CONSTRAINT form_fields_pkey PRIMARY KEY (id);


--
-- Name: hire_requests_pkey; Type: CONSTRAINT; Schema: public; Owner: -; Tablespace: 
--

ALTER TABLE ONLY hire_requests
    ADD CONSTRAINT hire_requests_pkey PRIMARY KEY (id);


--
-- Name: input_types_pkey; Type: CONSTRAINT; Schema: public; Owner: -; Tablespace: 
--

ALTER TABLE ONLY input_types
    ADD CONSTRAINT input_types_pkey PRIMARY KEY (id);


--
-- Name: ips_pkey; Type: CONSTRAINT; Schema: public; Owner: -; Tablespace: 
--

ALTER TABLE ONLY ips
    ADD CONSTRAINT ips_pkey PRIMARY KEY (id);


--
-- Name: job_applies_pkey; Type: CONSTRAINT; Schema: public; Owner: -; Tablespace: 
--

ALTER TABLE ONLY job_applies
    ADD CONSTRAINT job_applies_pkey PRIMARY KEY (id);


--
-- Name: job_applies_portfolios_pkey; Type: CONSTRAINT; Schema: public; Owner: -; Tablespace: 
--

ALTER TABLE ONLY job_applies_portfolios
    ADD CONSTRAINT job_applies_portfolios_pkey PRIMARY KEY (id);


--
-- Name: job_apply_clicks_pkey; Type: CONSTRAINT; Schema: public; Owner: -; Tablespace: 
--

ALTER TABLE ONLY job_apply_clicks
    ADD CONSTRAINT job_apply_clicks_pkey PRIMARY KEY (id);


--
-- Name: job_apply_statuses_pkey; Type: CONSTRAINT; Schema: public; Owner: -; Tablespace: 
--

ALTER TABLE ONLY job_apply_statuses
    ADD CONSTRAINT job_apply_statuses_pkey PRIMARY KEY (id);


--
-- Name: job_categories_pkey; Type: CONSTRAINT; Schema: public; Owner: -; Tablespace: 
--

ALTER TABLE ONLY job_categories
    ADD CONSTRAINT job_categories_pkey PRIMARY KEY (id);


--
-- Name: job_statuses_pkey; Type: CONSTRAINT; Schema: public; Owner: -; Tablespace: 
--

ALTER TABLE ONLY job_statuses
    ADD CONSTRAINT job_statuses_pkey PRIMARY KEY (id);


--
-- Name: job_types_pkey; Type: CONSTRAINT; Schema: public; Owner: -; Tablespace: 
--

ALTER TABLE ONLY job_types
    ADD CONSTRAINT job_types_pkey PRIMARY KEY (id);


--
-- Name: jobs_pkey; Type: CONSTRAINT; Schema: public; Owner: -; Tablespace: 
--

ALTER TABLE ONLY jobs
    ADD CONSTRAINT jobs_pkey PRIMARY KEY (id);


--
-- Name: jobs_skills_pkey; Type: CONSTRAINT; Schema: public; Owner: -; Tablespace: 
--

ALTER TABLE ONLY jobs_skills
    ADD CONSTRAINT jobs_skills_pkey PRIMARY KEY (id);


--
-- Name: languages_pkey; Type: CONSTRAINT; Schema: public; Owner: -; Tablespace: 
--

ALTER TABLE ONLY languages
    ADD CONSTRAINT languages_pkey PRIMARY KEY (id);


--
-- Name: message_contents_pkey; Type: CONSTRAINT; Schema: public; Owner: -; Tablespace: 
--

ALTER TABLE ONLY message_contents
    ADD CONSTRAINT message_contents_pkey PRIMARY KEY (id);


--
-- Name: messages_pkey; Type: CONSTRAINT; Schema: public; Owner: -; Tablespace: 
--

ALTER TABLE ONLY messages
    ADD CONSTRAINT messages_pkey PRIMARY KEY (id);


--
-- Name: milestone_statuses_pkey; Type: CONSTRAINT; Schema: public; Owner: -; Tablespace: 
--

ALTER TABLE ONLY milestone_statuses
    ADD CONSTRAINT milestone_statuses_pkey PRIMARY KEY (id);


--
-- Name: milestones_pkey; Type: CONSTRAINT; Schema: public; Owner: -; Tablespace: 
--

ALTER TABLE ONLY milestones
    ADD CONSTRAINT milestones_pkey PRIMARY KEY (id);


--
-- Name: money_transfer_accounts_pkey; Type: CONSTRAINT; Schema: public; Owner: -; Tablespace: 
--

ALTER TABLE ONLY money_transfer_accounts
    ADD CONSTRAINT money_transfer_accounts_pkey PRIMARY KEY (id);


--
-- Name: oauth_clients_id; Type: CONSTRAINT; Schema: public; Owner: -; Tablespace: 
--

ALTER TABLE ONLY oauth_clients
    ADD CONSTRAINT oauth_clients_id PRIMARY KEY (id);


--
-- Name: pages_pkey; Type: CONSTRAINT; Schema: public; Owner: -; Tablespace: 
--

ALTER TABLE ONLY pages
    ADD CONSTRAINT pages_pkey PRIMARY KEY (id);


--
-- Name: payment_gateway_settings_pkey; Type: CONSTRAINT; Schema: public; Owner: -; Tablespace: 
--

ALTER TABLE ONLY payment_gateway_settings
    ADD CONSTRAINT payment_gateway_settings_pkey PRIMARY KEY (id);


--
-- Name: payment_gateways_pkey; Type: CONSTRAINT; Schema: public; Owner: -; Tablespace: 
--

ALTER TABLE ONLY payment_gateways
    ADD CONSTRAINT payment_gateways_pkey PRIMARY KEY (id);


--
-- Name: portfolios_id; Type: CONSTRAINT; Schema: public; Owner: -; Tablespace: 
--

ALTER TABLE ONLY portfolios
    ADD CONSTRAINT portfolios_id PRIMARY KEY (id);


--
-- Name: pricing_days_pkey; Type: CONSTRAINT; Schema: public; Owner: -; Tablespace: 
--

ALTER TABLE ONLY pricing_days
    ADD CONSTRAINT pricing_days_pkey PRIMARY KEY (id);


--
-- Name: pricing_packages_pkey; Type: CONSTRAINT; Schema: public; Owner: -; Tablespace: 
--

ALTER TABLE ONLY pricing_packages
    ADD CONSTRAINT pricing_packages_pkey PRIMARY KEY (id);


--
-- Name: project_bid_invoice_items_id; Type: CONSTRAINT; Schema: public; Owner: -; Tablespace: 
--

ALTER TABLE ONLY project_bid_invoice_items
    ADD CONSTRAINT project_bid_invoice_items_id PRIMARY KEY (id);


--
-- Name: project_bid_invoices_id; Type: CONSTRAINT; Schema: public; Owner: -; Tablespace: 
--

ALTER TABLE ONLY project_bid_invoices
    ADD CONSTRAINT project_bid_invoices_id PRIMARY KEY (id);


--
-- Name: project_bids_pkey; Type: CONSTRAINT; Schema: public; Owner: -; Tablespace: 
--

ALTER TABLE ONLY project_bids
    ADD CONSTRAINT project_bids_pkey PRIMARY KEY (id);


--
-- Name: project_categories_pkey; Type: CONSTRAINT; Schema: public; Owner: -; Tablespace: 
--

ALTER TABLE ONLY project_categories
    ADD CONSTRAINT project_categories_pkey PRIMARY KEY (id);


--
-- Name: project_disputes_pkey; Type: CONSTRAINT; Schema: public; Owner: -; Tablespace: 
--

ALTER TABLE ONLY project_disputes
    ADD CONSTRAINT project_disputes_pkey PRIMARY KEY (id);


--
-- Name: project_ranges_pkey; Type: CONSTRAINT; Schema: public; Owner: -; Tablespace: 
--

ALTER TABLE ONLY project_ranges
    ADD CONSTRAINT project_ranges_pkey PRIMARY KEY (id);


--
-- Name: project_statuses_pkey; Type: CONSTRAINT; Schema: public; Owner: -; Tablespace: 
--

ALTER TABLE ONLY project_statuses
    ADD CONSTRAINT project_statuses_pkey PRIMARY KEY (id);


--
-- Name: projects_pkey; Type: CONSTRAINT; Schema: public; Owner: -; Tablespace: 
--

ALTER TABLE ONLY projects
    ADD CONSTRAINT projects_pkey PRIMARY KEY (id);


--
-- Name: projects_project_categories_pkey; Type: CONSTRAINT; Schema: public; Owner: -; Tablespace: 
--

ALTER TABLE ONLY projects_project_categories
    ADD CONSTRAINT projects_project_categories_pkey PRIMARY KEY (id);


--
-- Name: provider_users_id; Type: CONSTRAINT; Schema: public; Owner: -; Tablespace: 
--

ALTER TABLE ONLY provider_users
    ADD CONSTRAINT provider_users_id PRIMARY KEY (id);


--
-- Name: providers_id; Type: CONSTRAINT; Schema: public; Owner: -; Tablespace: 
--

ALTER TABLE ONLY providers
    ADD CONSTRAINT providers_id PRIMARY KEY (id);


--
-- Name: publications_id; Type: CONSTRAINT; Schema: public; Owner: -; Tablespace: 
--

ALTER TABLE ONLY publications
    ADD CONSTRAINT publications_id PRIMARY KEY (id);


--
-- Name: question_answer_options_pkey; Type: CONSTRAINT; Schema: public; Owner: -; Tablespace: 
--

ALTER TABLE ONLY question_answer_options
    ADD CONSTRAINT question_answer_options_pkey PRIMARY KEY (id);


--
-- Name: question_categories_pkey; Type: CONSTRAINT; Schema: public; Owner: -; Tablespace: 
--

ALTER TABLE ONLY question_categories
    ADD CONSTRAINT question_categories_pkey PRIMARY KEY (id);


--
-- Name: question_display_types_pkey; Type: CONSTRAINT; Schema: public; Owner: -; Tablespace: 
--

ALTER TABLE ONLY question_display_types
    ADD CONSTRAINT question_display_types_pkey PRIMARY KEY (id);


--
-- Name: questions_pkey; Type: CONSTRAINT; Schema: public; Owner: -; Tablespace: 
--

ALTER TABLE ONLY questions
    ADD CONSTRAINT questions_pkey PRIMARY KEY (id);


--
-- Name: quote_bids_pkey; Type: CONSTRAINT; Schema: public; Owner: -; Tablespace: 
--

ALTER TABLE ONLY quote_bids
    ADD CONSTRAINT quote_bids_pkey PRIMARY KEY (id);


--
-- Name: quote_categories_pkey; Type: CONSTRAINT; Schema: public; Owner: -; Tablespace: 
--

ALTER TABLE ONLY quote_categories
    ADD CONSTRAINT quote_categories_pkey PRIMARY KEY (id);


--
-- Name: quote_categories_quote_services_pkey; Type: CONSTRAINT; Schema: public; Owner: -; Tablespace: 
--

ALTER TABLE ONLY quote_categories_quote_services
    ADD CONSTRAINT quote_categories_quote_services_pkey PRIMARY KEY (id);


--
-- Name: quote_credit_purchase_logs_id; Type: CONSTRAINT; Schema: public; Owner: -; Tablespace: 
--

ALTER TABLE ONLY credit_purchase_logs
    ADD CONSTRAINT quote_credit_purchase_logs_id PRIMARY KEY (id);


--
-- Name: quote_credit_purchase_plans_id; Type: CONSTRAINT; Schema: public; Owner: -; Tablespace: 
--

ALTER TABLE ONLY credit_purchase_plans
    ADD CONSTRAINT quote_credit_purchase_plans_id PRIMARY KEY (id);


--
-- Name: quote_faq_answers_pkey; Type: CONSTRAINT; Schema: public; Owner: -; Tablespace: 
--

ALTER TABLE ONLY quote_faq_answers
    ADD CONSTRAINT quote_faq_answers_pkey PRIMARY KEY (id);


--
-- Name: quote_faq_question_templates_pkey; Type: CONSTRAINT; Schema: public; Owner: -; Tablespace: 
--

ALTER TABLE ONLY quote_faq_question_templates
    ADD CONSTRAINT quote_faq_question_templates_pkey PRIMARY KEY (id);


--
-- Name: quote_form_submission_fields_pkey; Type: CONSTRAINT; Schema: public; Owner: -; Tablespace: 
--

ALTER TABLE ONLY quote_request_form_fields
    ADD CONSTRAINT quote_form_submission_fields_pkey PRIMARY KEY (id);


--
-- Name: quote_requests_pkey; Type: CONSTRAINT; Schema: public; Owner: -; Tablespace: 
--

ALTER TABLE ONLY quote_requests
    ADD CONSTRAINT quote_requests_pkey PRIMARY KEY (id);


--
-- Name: quote_service_audios_pkey; Type: CONSTRAINT; Schema: public; Owner: -; Tablespace: 
--

ALTER TABLE ONLY quote_service_audios
    ADD CONSTRAINT quote_service_audios_pkey PRIMARY KEY (id);


--
-- Name: quote_service_photos_pkey; Type: CONSTRAINT; Schema: public; Owner: -; Tablespace: 
--

ALTER TABLE ONLY quote_service_photos
    ADD CONSTRAINT quote_service_photos_pkey PRIMARY KEY (id);


--
-- Name: quote_service_videos_pkey; Type: CONSTRAINT; Schema: public; Owner: -; Tablespace: 
--

ALTER TABLE ONLY quote_service_videos
    ADD CONSTRAINT quote_service_videos_pkey PRIMARY KEY (id);


--
-- Name: quote_services_pkey; Type: CONSTRAINT; Schema: public; Owner: -; Tablespace: 
--

ALTER TABLE ONLY quote_services
    ADD CONSTRAINT quote_services_pkey PRIMARY KEY (id);


--
-- Name: quote_statuses_id; Type: CONSTRAINT; Schema: public; Owner: -; Tablespace: 
--

ALTER TABLE ONLY quote_statuses
    ADD CONSTRAINT quote_statuses_id PRIMARY KEY (id);


--
-- Name: quote_user_faq_questions_pkey; Type: CONSTRAINT; Schema: public; Owner: -; Tablespace: 
--

ALTER TABLE ONLY quote_user_faq_questions
    ADD CONSTRAINT quote_user_faq_questions_pkey PRIMARY KEY (id);


--
-- Name: resources_pkey; Type: CONSTRAINT; Schema: public; Owner: -; Tablespace: 
--

ALTER TABLE ONLY resources
    ADD CONSTRAINT resources_pkey PRIMARY KEY (id);


--
-- Name: resume_downloads_pkey; Type: CONSTRAINT; Schema: public; Owner: -; Tablespace: 
--

ALTER TABLE ONLY resume_downloads
    ADD CONSTRAINT resume_downloads_pkey PRIMARY KEY (id);


--
-- Name: resume_ratings_pkey; Type: CONSTRAINT; Schema: public; Owner: -; Tablespace: 
--

ALTER TABLE ONLY resume_ratings
    ADD CONSTRAINT resume_ratings_pkey PRIMARY KEY (id);


--
-- Name: reviews_id; Type: CONSTRAINT; Schema: public; Owner: -; Tablespace: 
--

ALTER TABLE ONLY reviews
    ADD CONSTRAINT reviews_id PRIMARY KEY (id);


--
-- Name: roles_id; Type: CONSTRAINT; Schema: public; Owner: -; Tablespace: 
--

ALTER TABLE ONLY roles
    ADD CONSTRAINT roles_id PRIMARY KEY (id);


--
-- Name: salary_types_pkey; Type: CONSTRAINT; Schema: public; Owner: -; Tablespace: 
--

ALTER TABLE ONLY salary_types
    ADD CONSTRAINT salary_types_pkey PRIMARY KEY (id);


--
-- Name: setting_categories_id; Type: CONSTRAINT; Schema: public; Owner: -; Tablespace: 
--

ALTER TABLE ONLY setting_categories
    ADD CONSTRAINT setting_categories_id PRIMARY KEY (id);


--
-- Name: settings_id; Type: CONSTRAINT; Schema: public; Owner: -; Tablespace: 
--

ALTER TABLE ONLY settings
    ADD CONSTRAINT settings_id PRIMARY KEY (id);


--
-- Name: skills_pkey; Type: CONSTRAINT; Schema: public; Owner: -; Tablespace: 
--

ALTER TABLE ONLY skills
    ADD CONSTRAINT skills_pkey PRIMARY KEY (id);


--
-- Name: skills_portfolios_pkey; Type: CONSTRAINT; Schema: public; Owner: -; Tablespace: 
--

ALTER TABLE ONLY skills_portfolios
    ADD CONSTRAINT skills_portfolios_pkey PRIMARY KEY (id);


--
-- Name: skills_projects_pkey; Type: CONSTRAINT; Schema: public; Owner: -; Tablespace: 
--

ALTER TABLE ONLY skills_projects
    ADD CONSTRAINT skills_projects_pkey PRIMARY KEY (id);


--
-- Name: skills_users_pkey; Type: CONSTRAINT; Schema: public; Owner: -; Tablespace: 
--

ALTER TABLE ONLY skills_users
    ADD CONSTRAINT skills_users_pkey PRIMARY KEY (id);


--
-- Name: states_pkey; Type: CONSTRAINT; Schema: public; Owner: -; Tablespace: 
--

ALTER TABLE ONLY states
    ADD CONSTRAINT states_pkey PRIMARY KEY (id);


--
-- Name: timezones_pkey; Type: CONSTRAINT; Schema: public; Owner: -; Tablespace: 
--

ALTER TABLE ONLY timezones
    ADD CONSTRAINT timezones_pkey PRIMARY KEY (id);


--
-- Name: transactions_pkey; Type: CONSTRAINT; Schema: public; Owner: -; Tablespace: 
--

ALTER TABLE ONLY transactions
    ADD CONSTRAINT transactions_pkey PRIMARY KEY (id);


--
-- Name: upload_hosters_pkey; Type: CONSTRAINT; Schema: public; Owner: -; Tablespace: 
--

ALTER TABLE ONLY upload_hosters
    ADD CONSTRAINT upload_hosters_pkey PRIMARY KEY (id);


--
-- Name: upload_service_settings_pkey; Type: CONSTRAINT; Schema: public; Owner: -; Tablespace: 
--

ALTER TABLE ONLY upload_service_settings
    ADD CONSTRAINT upload_service_settings_pkey PRIMARY KEY (id);


--
-- Name: upload_service_types_pkey; Type: CONSTRAINT; Schema: public; Owner: -; Tablespace: 
--

ALTER TABLE ONLY upload_service_types
    ADD CONSTRAINT upload_service_types_pkey PRIMARY KEY (id);


--
-- Name: upload_services_pkey; Type: CONSTRAINT; Schema: public; Owner: -; Tablespace: 
--

ALTER TABLE ONLY upload_services
    ADD CONSTRAINT upload_services_pkey PRIMARY KEY (id);


--
-- Name: upload_statuses_pkey; Type: CONSTRAINT; Schema: public; Owner: -; Tablespace: 
--

ALTER TABLE ONLY upload_statuses
    ADD CONSTRAINT upload_statuses_pkey PRIMARY KEY (id);


--
-- Name: uploads_pkey; Type: CONSTRAINT; Schema: public; Owner: -; Tablespace: 
--

ALTER TABLE ONLY uploads
    ADD CONSTRAINT uploads_pkey PRIMARY KEY (id);


--
-- Name: user_cash_withdrawals_pkey; Type: CONSTRAINT; Schema: public; Owner: -; Tablespace: 
--

ALTER TABLE ONLY user_cash_withdrawals
    ADD CONSTRAINT user_cash_withdrawals_pkey PRIMARY KEY (id);


--
-- Name: user_logins_pkey; Type: CONSTRAINT; Schema: public; Owner: -; Tablespace: 
--

ALTER TABLE ONLY user_logins
    ADD CONSTRAINT user_logins_pkey PRIMARY KEY (id);


--
-- Name: users_pkey; Type: CONSTRAINT; Schema: public; Owner: -; Tablespace: 
--

ALTER TABLE ONLY users
    ADD CONSTRAINT users_pkey PRIMARY KEY (id);


--
-- Name: views_id; Type: CONSTRAINT; Schema: public; Owner: -; Tablespace: 
--

ALTER TABLE ONLY views
    ADD CONSTRAINT views_id PRIMARY KEY (id);


--
-- Name: wallets_id; Type: CONSTRAINT; Schema: public; Owner: -; Tablespace: 
--

ALTER TABLE ONLY wallets
    ADD CONSTRAINT wallets_id PRIMARY KEY (id);


--
-- Name: work_profiles_id; Type: CONSTRAINT; Schema: public; Owner: -; Tablespace: 
--

ALTER TABLE ONLY work_profiles
    ADD CONSTRAINT work_profiles_id PRIMARY KEY (id);


--
-- Name: zazpay_ipn_logs_pkey; Type: CONSTRAINT; Schema: public; Owner: -; Tablespace: 
--

ALTER TABLE ONLY zazpay_ipn_logs
    ADD CONSTRAINT zazpay_ipn_logs_pkey PRIMARY KEY (id);


--
-- Name: zazpay_payment_gateways_pkey; Type: CONSTRAINT; Schema: public; Owner: -; Tablespace: 
--

ALTER TABLE ONLY zazpay_payment_gateways
    ADD CONSTRAINT zazpay_payment_gateways_pkey PRIMARY KEY (id);


--
-- Name: zazpay_payment_gateways_users_pkey; Type: CONSTRAINT; Schema: public; Owner: -; Tablespace: 
--

ALTER TABLE ONLY zazpay_payment_gateways_users
    ADD CONSTRAINT zazpay_payment_gateways_users_pkey PRIMARY KEY (id);


--
-- Name: zazpay_payment_groups_pkey; Type: CONSTRAINT; Schema: public; Owner: -; Tablespace: 
--

ALTER TABLE ONLY zazpay_payment_groups
    ADD CONSTRAINT zazpay_payment_groups_pkey PRIMARY KEY (id);


--
-- Name: zazpay_transaction_logs_pkey; Type: CONSTRAINT; Schema: public; Owner: -; Tablespace: 
--

ALTER TABLE ONLY zazpay_transaction_logs
    ADD CONSTRAINT zazpay_transaction_logs_pkey PRIMARY KEY (id);


--
-- Name: activities_foreign_id; Type: INDEX; Schema: public; Owner: -; Tablespace: 
--

CREATE INDEX activities_foreign_id ON activities USING btree (foreign_id);


--
-- Name: activities_model_id; Type: INDEX; Schema: public; Owner: -; Tablespace: 
--

CREATE INDEX activities_model_id ON activities USING btree (model_id);


--
-- Name: activities_other_user_id; Type: INDEX; Schema: public; Owner: -; Tablespace: 
--

CREATE INDEX activities_other_user_id ON activities USING btree (other_user_id);


--
-- Name: activities_user_id; Type: INDEX; Schema: public; Owner: -; Tablespace: 
--

CREATE INDEX activities_user_id ON activities USING btree (user_id);


--
-- Name: bid_statuses_name; Type: INDEX; Schema: public; Owner: -; Tablespace: 
--

CREATE INDEX bid_statuses_name ON bid_statuses USING btree (name);


--
-- Name: bids_bid_status_id; Type: INDEX; Schema: public; Owner: -; Tablespace: 
--

CREATE INDEX bids_bid_status_id ON bids USING btree (bid_status_id);


--
-- Name: bids_credit_purchase_log_id; Type: INDEX; Schema: public; Owner: -; Tablespace: 
--

CREATE INDEX bids_credit_purchase_log_id ON bids USING btree (credit_purchase_log_id);


--
-- Name: bids_project_bid_id; Type: INDEX; Schema: public; Owner: -; Tablespace: 
--

CREATE INDEX bids_project_bid_id ON bids USING btree (project_bid_id);


--
-- Name: bids_project_id; Type: INDEX; Schema: public; Owner: -; Tablespace: 
--

CREATE INDEX bids_project_id ON bids USING btree (project_id);


--
-- Name: bids_user_id; Type: INDEX; Schema: public; Owner: -; Tablespace: 
--

CREATE INDEX bids_user_id ON bids USING btree (user_id);


--
-- Name: certifications_title; Type: INDEX; Schema: public; Owner: -; Tablespace: 
--

CREATE INDEX certifications_title ON certifications USING btree (title);


--
-- Name: certifications_user_id; Type: INDEX; Schema: public; Owner: -; Tablespace: 
--

CREATE INDEX certifications_user_id ON certifications USING btree (user_id);


--
-- Name: cities_country_id; Type: INDEX; Schema: public; Owner: -; Tablespace: 
--

CREATE INDEX cities_country_id ON cities USING btree (country_id);


--
-- Name: cities_name; Type: INDEX; Schema: public; Owner: -; Tablespace: 
--

CREATE INDEX cities_name ON cities USING btree (name);


--
-- Name: cities_state_id; Type: INDEX; Schema: public; Owner: -; Tablespace: 
--

CREATE INDEX cities_state_id ON cities USING btree (state_id);


--
-- Name: contacts_ip_id; Type: INDEX; Schema: public; Owner: -; Tablespace: 
--

CREATE INDEX contacts_ip_id ON contacts USING btree (ip_id);


--
-- Name: contacts_user_id; Type: INDEX; Schema: public; Owner: -; Tablespace: 
--

CREATE INDEX contacts_user_id ON contacts USING btree (user_id);


--
-- Name: contest_statuses_name; Type: INDEX; Schema: public; Owner: -; Tablespace: 
--

CREATE INDEX contest_statuses_name ON contest_statuses USING btree (name);


--
-- Name: contest_statuses_slug_idx; Type: INDEX; Schema: public; Owner: -; Tablespace: 
--

CREATE INDEX contest_statuses_slug_idx ON contest_statuses USING btree (slug);


--
-- Name: contest_types_name; Type: INDEX; Schema: public; Owner: -; Tablespace: 
--

CREATE INDEX contest_types_name ON contest_types USING btree (name);


--
-- Name: contest_types_pricing_days_contest_type_id_idx; Type: INDEX; Schema: public; Owner: -; Tablespace: 
--

CREATE INDEX contest_types_pricing_days_contest_type_id_idx ON contest_types_pricing_days USING btree (contest_type_id);


--
-- Name: contest_types_pricing_days_pricing_day_id_idx; Type: INDEX; Schema: public; Owner: -; Tablespace: 
--

CREATE INDEX contest_types_pricing_days_pricing_day_id_idx ON contest_types_pricing_days USING btree (pricing_day_id);


--
-- Name: contest_types_pricing_packages_contest_type_id_idx; Type: INDEX; Schema: public; Owner: -; Tablespace: 
--

CREATE INDEX contest_types_pricing_packages_contest_type_id_idx ON contest_types_pricing_packages USING btree (contest_type_id);


--
-- Name: contest_types_pricing_packages_pricing_package_id_idx; Type: INDEX; Schema: public; Owner: -; Tablespace: 
--

CREATE INDEX contest_types_pricing_packages_pricing_package_id_idx ON contest_types_pricing_packages USING btree (pricing_package_id);


--
-- Name: contest_types_resource_id_idx; Type: INDEX; Schema: public; Owner: -; Tablespace: 
--

CREATE INDEX contest_types_resource_id_idx ON contest_types USING btree (resource_id);


--
-- Name: contest_user_downloads_contest_user_id_idx; Type: INDEX; Schema: public; Owner: -; Tablespace: 
--

CREATE INDEX contest_user_downloads_contest_user_id_idx ON contest_user_downloads USING btree (contest_user_id);


--
-- Name: contest_user_downloads_ip_id_idx; Type: INDEX; Schema: public; Owner: -; Tablespace: 
--

CREATE INDEX contest_user_downloads_ip_id_idx ON contest_user_downloads USING btree (ip_id);


--
-- Name: contest_user_downloads_user_id_idx; Type: INDEX; Schema: public; Owner: -; Tablespace: 
--

CREATE INDEX contest_user_downloads_user_id_idx ON contest_user_downloads USING btree (user_id);


--
-- Name: contest_user_statuses_name; Type: INDEX; Schema: public; Owner: -; Tablespace: 
--

CREATE INDEX contest_user_statuses_name ON contest_user_statuses USING btree (name);


--
-- Name: contest_user_statuses_slug_idx; Type: INDEX; Schema: public; Owner: -; Tablespace: 
--

CREATE INDEX contest_user_statuses_slug_idx ON contest_user_statuses USING btree (slug);


--
-- Name: contest_users_contest_id_idx; Type: INDEX; Schema: public; Owner: -; Tablespace: 
--

CREATE INDEX contest_users_contest_id_idx ON contest_users USING btree (contest_id);


--
-- Name: contest_users_contest_owner_user_id_idx; Type: INDEX; Schema: public; Owner: -; Tablespace: 
--

CREATE INDEX contest_users_contest_owner_user_id_idx ON contest_users USING btree (contest_owner_user_id);


--
-- Name: contest_users_contest_user_status_id_idx; Type: INDEX; Schema: public; Owner: -; Tablespace: 
--

CREATE INDEX contest_users_contest_user_status_id_idx ON contest_users USING btree (contest_user_status_id);


--
-- Name: contest_users_user_id_idx; Type: INDEX; Schema: public; Owner: -; Tablespace: 
--

CREATE INDEX contest_users_user_id_idx ON contest_users USING btree (user_id);


--
-- Name: contest_users_zazpay_gateway_id_idx; Type: INDEX; Schema: public; Owner: -; Tablespace: 
--

CREATE INDEX contest_users_zazpay_gateway_id_idx ON contest_users USING btree (zazpay_gateway_id);


--
-- Name: contests_contest_status_id_idx; Type: INDEX; Schema: public; Owner: -; Tablespace: 
--

CREATE INDEX contests_contest_status_id_idx ON contests USING btree (contest_status_id);


--
-- Name: contests_contest_type_id_idx; Type: INDEX; Schema: public; Owner: -; Tablespace: 
--

CREATE INDEX contests_contest_type_id_idx ON contests USING btree (contest_type_id);


--
-- Name: contests_payment_gateway_id_idx; Type: INDEX; Schema: public; Owner: -; Tablespace: 
--

CREATE INDEX contests_payment_gateway_id_idx ON contests USING btree (payment_gateway_id);


--
-- Name: contests_referred_by_user_id_idx; Type: INDEX; Schema: public; Owner: -; Tablespace: 
--

CREATE INDEX contests_referred_by_user_id_idx ON contests USING btree (referred_by_user_id);


--
-- Name: contests_resource_id_idx; Type: INDEX; Schema: public; Owner: -; Tablespace: 
--

CREATE INDEX contests_resource_id_idx ON contests USING btree (resource_id);


--
-- Name: contests_slug_idx; Type: INDEX; Schema: public; Owner: -; Tablespace: 
--

CREATE INDEX contests_slug_idx ON contests USING btree (slug);


--
-- Name: contests_user_id_idx; Type: INDEX; Schema: public; Owner: -; Tablespace: 
--

CREATE INDEX contests_user_id_idx ON contests USING btree (user_id);


--
-- Name: contests_winner_user_id_idx; Type: INDEX; Schema: public; Owner: -; Tablespace: 
--

CREATE INDEX contests_winner_user_id_idx ON contests USING btree (winner_user_id);


--
-- Name: contests_zazpay_gateway_id_idx; Type: INDEX; Schema: public; Owner: -; Tablespace: 
--

CREATE INDEX contests_zazpay_gateway_id_idx ON contests USING btree (zazpay_gateway_id);


--
-- Name: contests_zazpay_payment_id_idx; Type: INDEX; Schema: public; Owner: -; Tablespace: 
--

CREATE INDEX contests_zazpay_payment_id_idx ON contests USING btree (zazpay_payment_id);


--
-- Name: countries_name; Type: INDEX; Schema: public; Owner: -; Tablespace: 
--

CREATE INDEX countries_name ON countries USING btree (name);


--
-- Name: coupons_discount_type_id; Type: INDEX; Schema: public; Owner: -; Tablespace: 
--

CREATE INDEX coupons_discount_type_id ON coupons USING btree (discount_type_id);


--
-- Name: credit_purchase_logs_coupon_id; Type: INDEX; Schema: public; Owner: -; Tablespace: 
--

CREATE INDEX credit_purchase_logs_coupon_id ON credit_purchase_logs USING btree (coupon_id);


--
-- Name: credit_purchase_logs_gateway_id; Type: INDEX; Schema: public; Owner: -; Tablespace: 
--

CREATE INDEX credit_purchase_logs_gateway_id ON credit_purchase_logs USING btree (gateway_id);


--
-- Name: credit_purchase_logs_payment_gateway_id; Type: INDEX; Schema: public; Owner: -; Tablespace: 
--

CREATE INDEX credit_purchase_logs_payment_gateway_id ON credit_purchase_logs USING btree (payment_gateway_id);


--
-- Name: discount_types_name; Type: INDEX; Schema: public; Owner: -; Tablespace: 
--

CREATE INDEX discount_types_name ON discount_types USING btree (name);


--
-- Name: dispute_closed_types_dispute_open_type_id; Type: INDEX; Schema: public; Owner: -; Tablespace: 
--

CREATE INDEX dispute_closed_types_dispute_open_type_id ON dispute_closed_types USING btree (dispute_open_type_id);


--
-- Name: dispute_closed_types_project_role_id; Type: INDEX; Schema: public; Owner: -; Tablespace: 
--

CREATE INDEX dispute_closed_types_project_role_id ON dispute_closed_types USING btree (project_role_id);


--
-- Name: dispute_open_types_name; Type: INDEX; Schema: public; Owner: -; Tablespace: 
--

CREATE INDEX dispute_open_types_name ON dispute_open_types USING btree (name);


--
-- Name: dispute_open_types_project_role_id; Type: INDEX; Schema: public; Owner: -; Tablespace: 
--

CREATE INDEX dispute_open_types_project_role_id ON dispute_open_types USING btree (project_role_id);


--
-- Name: dispute_statuses_name; Type: INDEX; Schema: public; Owner: -; Tablespace: 
--

CREATE INDEX dispute_statuses_name ON dispute_statuses USING btree (name);


--
-- Name: educations_country_id; Type: INDEX; Schema: public; Owner: -; Tablespace: 
--

CREATE INDEX educations_country_id ON educations USING btree (country_id);


--
-- Name: educations_title; Type: INDEX; Schema: public; Owner: -; Tablespace: 
--

CREATE INDEX educations_title ON educations USING btree (title);


--
-- Name: educations_user_id; Type: INDEX; Schema: public; Owner: -; Tablespace: 
--

CREATE INDEX educations_user_id ON educations USING btree (user_id);


--
-- Name: email_templates_name; Type: INDEX; Schema: public; Owner: -; Tablespace: 
--

CREATE INDEX email_templates_name ON email_templates USING btree (name);


--
-- Name: exam_answers_exam_id; Type: INDEX; Schema: public; Owner: -; Tablespace: 
--

CREATE INDEX exam_answers_exam_id ON exam_answers USING btree (exam_id);


--
-- Name: exam_answers_exams_user_id; Type: INDEX; Schema: public; Owner: -; Tablespace: 
--

CREATE INDEX exam_answers_exams_user_id ON exam_answers USING btree (exams_user_id);


--
-- Name: exam_answers_question_id; Type: INDEX; Schema: public; Owner: -; Tablespace: 
--

CREATE INDEX exam_answers_question_id ON exam_answers USING btree (question_id);


--
-- Name: exam_answers_user_id; Type: INDEX; Schema: public; Owner: -; Tablespace: 
--

CREATE INDEX exam_answers_user_id ON exam_answers USING btree (user_id);


--
-- Name: exam_attends_exam_id; Type: INDEX; Schema: public; Owner: -; Tablespace: 
--

CREATE INDEX exam_attends_exam_id ON exam_attends USING btree (exam_id);


--
-- Name: exam_attends_exams_user_id; Type: INDEX; Schema: public; Owner: -; Tablespace: 
--

CREATE INDEX exam_attends_exams_user_id ON exam_attends USING btree (exams_user_id);


--
-- Name: exam_attends_user_id; Type: INDEX; Schema: public; Owner: -; Tablespace: 
--

CREATE INDEX exam_attends_user_id ON exam_attends USING btree (user_id);


--
-- Name: exam_attends_user_login_ip; Type: INDEX; Schema: public; Owner: -; Tablespace: 
--

CREATE INDEX exam_attends_user_login_ip ON exam_attends USING btree (user_login_ip_id);


--
-- Name: exam_categories_name; Type: INDEX; Schema: public; Owner: -; Tablespace: 
--

CREATE INDEX exam_categories_name ON exam_categories USING btree (name);


--
-- Name: exam_levels_name; Type: INDEX; Schema: public; Owner: -; Tablespace: 
--

CREATE INDEX exam_levels_name ON exam_levels USING btree (name);


--
-- Name: exam_statuses_name; Type: INDEX; Schema: public; Owner: -; Tablespace: 
--

CREATE INDEX exam_statuses_name ON exam_statuses USING btree (name);


--
-- Name: exams_exam_category_id; Type: INDEX; Schema: public; Owner: -; Tablespace: 
--

CREATE INDEX exams_exam_category_id ON exams USING btree (exam_category_id);


--
-- Name: exams_exam_level_id; Type: INDEX; Schema: public; Owner: -; Tablespace: 
--

CREATE INDEX exams_exam_level_id ON exams USING btree (exam_level_id);


--
-- Name: exams_parent_exam_id; Type: INDEX; Schema: public; Owner: -; Tablespace: 
--

CREATE INDEX exams_parent_exam_id ON exams USING btree (parent_exam_id);


--
-- Name: exams_question_display_type_id; Type: INDEX; Schema: public; Owner: -; Tablespace: 
--

CREATE INDEX exams_question_display_type_id ON exams USING btree (question_display_type_id);


--
-- Name: exams_questions_exam_id; Type: INDEX; Schema: public; Owner: -; Tablespace: 
--

CREATE INDEX exams_questions_exam_id ON exams_questions USING btree (exam_id);


--
-- Name: exams_questions_question_id; Type: INDEX; Schema: public; Owner: -; Tablespace: 
--

CREATE INDEX exams_questions_question_id ON exams_questions USING btree (question_id);


--
-- Name: exams_users_exam_id; Type: INDEX; Schema: public; Owner: -; Tablespace: 
--

CREATE INDEX exams_users_exam_id ON exams_users USING btree (exam_id);


--
-- Name: exams_users_exam_level_id; Type: INDEX; Schema: public; Owner: -; Tablespace: 
--

CREATE INDEX exams_users_exam_level_id ON exams_users USING btree (exam_level_id);


--
-- Name: exams_users_exam_status_id; Type: INDEX; Schema: public; Owner: -; Tablespace: 
--

CREATE INDEX exams_users_exam_status_id ON exams_users USING btree (exam_status_id);


--
-- Name: exams_users_payment_gateway_id; Type: INDEX; Schema: public; Owner: -; Tablespace: 
--

CREATE INDEX exams_users_payment_gateway_id ON exams_users USING btree (payment_gateway_id);


--
-- Name: exams_users_user_id; Type: INDEX; Schema: public; Owner: -; Tablespace: 
--

CREATE INDEX exams_users_user_id ON exams_users USING btree (user_id);


--
-- Name: exams_users_zazpay_gateway_id; Type: INDEX; Schema: public; Owner: -; Tablespace: 
--

CREATE INDEX exams_users_zazpay_gateway_id ON exams_users USING btree (zazpay_gateway_id);


--
-- Name: exams_users_zazpay_payment_id; Type: INDEX; Schema: public; Owner: -; Tablespace: 
--

CREATE INDEX exams_users_zazpay_payment_id ON exams_users USING btree (zazpay_payment_id);


--
-- Name: flag_categories_name; Type: INDEX; Schema: public; Owner: -; Tablespace: 
--

CREATE INDEX flag_categories_name ON flag_categories USING btree (name);


--
-- Name: flags_flag_category_id; Type: INDEX; Schema: public; Owner: -; Tablespace: 
--

CREATE INDEX flags_flag_category_id ON flags USING btree (flag_category_id);


--
-- Name: flags_ip_id; Type: INDEX; Schema: public; Owner: -; Tablespace: 
--

CREATE INDEX flags_ip_id ON flags USING btree (ip_id);


--
-- Name: flags_user_id; Type: INDEX; Schema: public; Owner: -; Tablespace: 
--

CREATE INDEX flags_user_id ON flags USING btree (user_id);


--
-- Name: followers_foreign_id; Type: INDEX; Schema: public; Owner: -; Tablespace: 
--

CREATE INDEX followers_foreign_id ON followers USING btree (foreign_id);


--
-- Name: followers_ip_id; Type: INDEX; Schema: public; Owner: -; Tablespace: 
--

CREATE INDEX followers_ip_id ON followers USING btree (ip_id);


--
-- Name: followers_user_id; Type: INDEX; Schema: public; Owner: -; Tablespace: 
--

CREATE INDEX followers_user_id ON followers USING btree (user_id);


--
-- Name: form_field_groups_class_idx; Type: INDEX; Schema: public; Owner: -; Tablespace: 
--

CREATE INDEX form_field_groups_class_idx ON form_field_groups USING btree (class);


--
-- Name: form_field_groups_contest_type_id_idx; Type: INDEX; Schema: public; Owner: -; Tablespace: 
--

CREATE INDEX form_field_groups_contest_type_id_idx ON form_field_groups USING btree (foreign_id);


--
-- Name: form_field_groups_name; Type: INDEX; Schema: public; Owner: -; Tablespace: 
--

CREATE INDEX form_field_groups_name ON form_field_groups USING btree (name);


--
-- Name: form_field_groups_slug_idx; Type: INDEX; Schema: public; Owner: -; Tablespace: 
--

CREATE INDEX form_field_groups_slug_idx ON form_field_groups USING btree (slug);


--
-- Name: form_field_submissions_foreign_id; Type: INDEX; Schema: public; Owner: -; Tablespace: 
--

CREATE INDEX form_field_submissions_foreign_id ON form_field_submissions USING btree (foreign_id);


--
-- Name: form_field_submissions_form_field_id; Type: INDEX; Schema: public; Owner: -; Tablespace: 
--

CREATE INDEX form_field_submissions_form_field_id ON form_field_submissions USING btree (form_field_id);


--
-- Name: form_fields_foreign_id; Type: INDEX; Schema: public; Owner: -; Tablespace: 
--

CREATE INDEX form_fields_foreign_id ON form_fields USING btree (foreign_id);


--
-- Name: form_fields_form_field_group_id; Type: INDEX; Schema: public; Owner: -; Tablespace: 
--

CREATE INDEX form_fields_form_field_group_id ON form_fields USING btree (form_field_group_id);


--
-- Name: form_fields_input_type_id; Type: INDEX; Schema: public; Owner: -; Tablespace: 
--

CREATE INDEX form_fields_input_type_id ON form_fields USING btree (input_type_id);


--
-- Name: hire_requests_foreign_id; Type: INDEX; Schema: public; Owner: -; Tablespace: 
--

CREATE INDEX hire_requests_foreign_id ON hire_requests USING btree (foreign_id);


--
-- Name: hire_requests_requested_user_id; Type: INDEX; Schema: public; Owner: -; Tablespace: 
--

CREATE INDEX hire_requests_requested_user_id ON hire_requests USING btree (requested_user_id);


--
-- Name: hire_requests_user_id; Type: INDEX; Schema: public; Owner: -; Tablespace: 
--

CREATE INDEX hire_requests_user_id ON hire_requests USING btree (user_id);


--
-- Name: input_types_name; Type: INDEX; Schema: public; Owner: -; Tablespace: 
--

CREATE INDEX input_types_name ON input_types USING btree (name);


--
-- Name: ips_city_id; Type: INDEX; Schema: public; Owner: -; Tablespace: 
--

CREATE INDEX ips_city_id ON ips USING btree (city_id);


--
-- Name: ips_country_id; Type: INDEX; Schema: public; Owner: -; Tablespace: 
--

CREATE INDEX ips_country_id ON ips USING btree (country_id);


--
-- Name: ips_state_id; Type: INDEX; Schema: public; Owner: -; Tablespace: 
--

CREATE INDEX ips_state_id ON ips USING btree (state_id);


--
-- Name: ips_timezone_id; Type: INDEX; Schema: public; Owner: -; Tablespace: 
--

CREATE INDEX ips_timezone_id ON ips USING btree (timezone_id);


--
-- Name: job_applies_ip_id; Type: INDEX; Schema: public; Owner: -; Tablespace: 
--

CREATE INDEX job_applies_ip_id ON job_applies USING btree (ip_id);


--
-- Name: job_applies_job_apply_status_id; Type: INDEX; Schema: public; Owner: -; Tablespace: 
--

CREATE INDEX job_applies_job_apply_status_id ON job_applies USING btree (job_apply_status_id);


--
-- Name: job_applies_job_id; Type: INDEX; Schema: public; Owner: -; Tablespace: 
--

CREATE INDEX job_applies_job_id ON job_applies USING btree (job_id);


--
-- Name: job_applies_portfolios_job_apply_id; Type: INDEX; Schema: public; Owner: -; Tablespace: 
--

CREATE INDEX job_applies_portfolios_job_apply_id ON job_applies_portfolios USING btree (job_apply_id);


--
-- Name: job_applies_portfolios_portfolio_id; Type: INDEX; Schema: public; Owner: -; Tablespace: 
--

CREATE INDEX job_applies_portfolios_portfolio_id ON job_applies_portfolios USING btree (portfolio_id);


--
-- Name: job_applies_user_id; Type: INDEX; Schema: public; Owner: -; Tablespace: 
--

CREATE INDEX job_applies_user_id ON job_applies USING btree (user_id);


--
-- Name: job_apply_clicks_ip_id; Type: INDEX; Schema: public; Owner: -; Tablespace: 
--

CREATE INDEX job_apply_clicks_ip_id ON job_apply_clicks USING btree (ip_id);


--
-- Name: job_apply_clicks_job_id; Type: INDEX; Schema: public; Owner: -; Tablespace: 
--

CREATE INDEX job_apply_clicks_job_id ON job_apply_clicks USING btree (job_id);


--
-- Name: job_apply_clicks_user_id; Type: INDEX; Schema: public; Owner: -; Tablespace: 
--

CREATE INDEX job_apply_clicks_user_id ON job_apply_clicks USING btree (user_id);


--
-- Name: job_apply_statuses_name; Type: INDEX; Schema: public; Owner: -; Tablespace: 
--

CREATE INDEX job_apply_statuses_name ON job_apply_statuses USING btree (name);


--
-- Name: job_apply_statuses_slug; Type: INDEX; Schema: public; Owner: -; Tablespace: 
--

CREATE INDEX job_apply_statuses_slug ON job_apply_statuses USING btree (slug);


--
-- Name: job_categories_name; Type: INDEX; Schema: public; Owner: -; Tablespace: 
--

CREATE INDEX job_categories_name ON job_categories USING btree (name);


--
-- Name: job_categories_slug; Type: INDEX; Schema: public; Owner: -; Tablespace: 
--

CREATE INDEX job_categories_slug ON job_categories USING btree (slug);


--
-- Name: job_statuses_name; Type: INDEX; Schema: public; Owner: -; Tablespace: 
--

CREATE INDEX job_statuses_name ON job_statuses USING btree (name);


--
-- Name: job_statuses_slug; Type: INDEX; Schema: public; Owner: -; Tablespace: 
--

CREATE INDEX job_statuses_slug ON job_statuses USING btree (slug);


--
-- Name: job_types_name; Type: INDEX; Schema: public; Owner: -; Tablespace: 
--

CREATE INDEX job_types_name ON job_types USING btree (name);


--
-- Name: job_types_slug; Type: INDEX; Schema: public; Owner: -; Tablespace: 
--

CREATE INDEX job_types_slug ON job_types USING btree (slug);


--
-- Name: jobs_city_id; Type: INDEX; Schema: public; Owner: -; Tablespace: 
--

CREATE INDEX jobs_city_id ON jobs USING btree (city_id);


--
-- Name: jobs_country_id; Type: INDEX; Schema: public; Owner: -; Tablespace: 
--

CREATE INDEX jobs_country_id ON jobs USING btree (country_id);


--
-- Name: jobs_ip_id; Type: INDEX; Schema: public; Owner: -; Tablespace: 
--

CREATE INDEX jobs_ip_id ON jobs USING btree (ip_id);


--
-- Name: jobs_job_category_id; Type: INDEX; Schema: public; Owner: -; Tablespace: 
--

CREATE INDEX jobs_job_category_id ON jobs USING btree (job_category_id);


--
-- Name: jobs_job_status_id; Type: INDEX; Schema: public; Owner: -; Tablespace: 
--

CREATE INDEX jobs_job_status_id ON jobs USING btree (job_status_id);


--
-- Name: jobs_job_type_id; Type: INDEX; Schema: public; Owner: -; Tablespace: 
--

CREATE INDEX jobs_job_type_id ON jobs USING btree (job_type_id);


--
-- Name: jobs_salary_type_id; Type: INDEX; Schema: public; Owner: -; Tablespace: 
--

CREATE INDEX jobs_salary_type_id ON jobs USING btree (salary_type_id);


--
-- Name: jobs_skills_job_id; Type: INDEX; Schema: public; Owner: -; Tablespace: 
--

CREATE INDEX jobs_skills_job_id ON jobs_skills USING btree (job_id);


--
-- Name: jobs_skills_skill_id; Type: INDEX; Schema: public; Owner: -; Tablespace: 
--

CREATE INDEX jobs_skills_skill_id ON jobs_skills USING btree (skill_id);


--
-- Name: jobs_slug; Type: INDEX; Schema: public; Owner: -; Tablespace: 
--

CREATE INDEX jobs_slug ON jobs USING btree (slug);


--
-- Name: jobs_state_id; Type: INDEX; Schema: public; Owner: -; Tablespace: 
--

CREATE INDEX jobs_state_id ON jobs USING btree (state_id);


--
-- Name: jobs_title; Type: INDEX; Schema: public; Owner: -; Tablespace: 
--

CREATE INDEX jobs_title ON jobs USING btree (title);


--
-- Name: jobs_user_id; Type: INDEX; Schema: public; Owner: -; Tablespace: 
--

CREATE INDEX jobs_user_id ON jobs USING btree (user_id);


--
-- Name: languages_name; Type: INDEX; Schema: public; Owner: -; Tablespace: 
--

CREATE INDEX languages_name ON languages USING btree (name);


--
-- Name: messages_foreign_id; Type: INDEX; Schema: public; Owner: -; Tablespace: 
--

CREATE INDEX messages_foreign_id ON messages USING btree (foreign_id);


--
-- Name: messages_message_content_id; Type: INDEX; Schema: public; Owner: -; Tablespace: 
--

CREATE INDEX messages_message_content_id ON messages USING btree (message_content_id);


--
-- Name: messages_other_user_id; Type: INDEX; Schema: public; Owner: -; Tablespace: 
--

CREATE INDEX messages_other_user_id ON messages USING btree (other_user_id);


--
-- Name: messages_parent_id; Type: INDEX; Schema: public; Owner: -; Tablespace: 
--

CREATE INDEX messages_parent_id ON messages USING btree (parent_id);


--
-- Name: messages_user_id; Type: INDEX; Schema: public; Owner: -; Tablespace: 
--

CREATE INDEX messages_user_id ON messages USING btree (user_id);


--
-- Name: milestone_statuses_name; Type: INDEX; Schema: public; Owner: -; Tablespace: 
--

CREATE INDEX milestone_statuses_name ON milestone_statuses USING btree (name);


--
-- Name: milestone_statuses_slug; Type: INDEX; Schema: public; Owner: -; Tablespace: 
--

CREATE INDEX milestone_statuses_slug ON milestone_statuses USING btree (slug);


--
-- Name: milestones_bid_id; Type: INDEX; Schema: public; Owner: -; Tablespace: 
--

CREATE INDEX milestones_bid_id ON milestones USING btree (bid_id);


--
-- Name: milestones_milestone_status_id; Type: INDEX; Schema: public; Owner: -; Tablespace: 
--

CREATE INDEX milestones_milestone_status_id ON milestones USING btree (milestone_status_id);


--
-- Name: milestones_project_id; Type: INDEX; Schema: public; Owner: -; Tablespace: 
--

CREATE INDEX milestones_project_id ON milestones USING btree (project_id);


--
-- Name: milestones_user_id; Type: INDEX; Schema: public; Owner: -; Tablespace: 
--

CREATE INDEX milestones_user_id ON milestones USING btree (user_id);


--
-- Name: money_transfer_accounts_user_id; Type: INDEX; Schema: public; Owner: -; Tablespace: 
--

CREATE INDEX money_transfer_accounts_user_id ON money_transfer_accounts USING btree (user_id);


--
-- Name: oauth_access_tokens_client_id; Type: INDEX; Schema: public; Owner: -; Tablespace: 
--

CREATE INDEX oauth_access_tokens_client_id ON oauth_access_tokens USING btree (client_id);


--
-- Name: oauth_access_tokens_user_id; Type: INDEX; Schema: public; Owner: -; Tablespace: 
--

CREATE INDEX oauth_access_tokens_user_id ON oauth_access_tokens USING btree (user_id);


--
-- Name: oauth_authorization_codes_client_id; Type: INDEX; Schema: public; Owner: -; Tablespace: 
--

CREATE INDEX oauth_authorization_codes_client_id ON oauth_authorization_codes USING btree (client_id);


--
-- Name: oauth_authorization_codes_user_id; Type: INDEX; Schema: public; Owner: -; Tablespace: 
--

CREATE INDEX oauth_authorization_codes_user_id ON oauth_authorization_codes USING btree (user_id);


--
-- Name: oauth_clients_client_id; Type: INDEX; Schema: public; Owner: -; Tablespace: 
--

CREATE INDEX oauth_clients_client_id ON oauth_clients USING btree (client_id);


--
-- Name: oauth_clients_user_id; Type: INDEX; Schema: public; Owner: -; Tablespace: 
--

CREATE INDEX oauth_clients_user_id ON oauth_clients USING btree (user_id);


--
-- Name: oauth_jwt_client_id; Type: INDEX; Schema: public; Owner: -; Tablespace: 
--

CREATE INDEX oauth_jwt_client_id ON oauth_jwt USING btree (client_id);


--
-- Name: oauth_refresh_tokens_client_id; Type: INDEX; Schema: public; Owner: -; Tablespace: 
--

CREATE INDEX oauth_refresh_tokens_client_id ON oauth_refresh_tokens USING btree (client_id);


--
-- Name: oauth_refresh_tokens_user_id; Type: INDEX; Schema: public; Owner: -; Tablespace: 
--

CREATE INDEX oauth_refresh_tokens_user_id ON oauth_refresh_tokens USING btree (user_id);


--
-- Name: pages_parent_id; Type: INDEX; Schema: public; Owner: -; Tablespace: 
--

CREATE INDEX pages_parent_id ON pages USING btree (parent_id);


--
-- Name: pages_title; Type: INDEX; Schema: public; Owner: -; Tablespace: 
--

CREATE INDEX pages_title ON pages USING btree (title);


--
-- Name: payment_gateway_settings_payment_gateway_id; Type: INDEX; Schema: public; Owner: -; Tablespace: 
--

CREATE INDEX payment_gateway_settings_payment_gateway_id ON payment_gateway_settings USING btree (payment_gateway_id);


--
-- Name: payment_gateways_name; Type: INDEX; Schema: public; Owner: -; Tablespace: 
--

CREATE INDEX payment_gateways_name ON payment_gateways USING btree (name);


--
-- Name: payment_gateways_slug; Type: INDEX; Schema: public; Owner: -; Tablespace: 
--

CREATE INDEX payment_gateways_slug ON payment_gateways USING btree (slug);


--
-- Name: portfolios_title; Type: INDEX; Schema: public; Owner: -; Tablespace: 
--

CREATE INDEX portfolios_title ON portfolios USING btree (title);


--
-- Name: portfolios_user_id; Type: INDEX; Schema: public; Owner: -; Tablespace: 
--

CREATE INDEX portfolios_user_id ON portfolios USING btree (user_id);


--
-- Name: pricing_days_no_of_days_idx; Type: INDEX; Schema: public; Owner: -; Tablespace: 
--

CREATE INDEX pricing_days_no_of_days_idx ON pricing_days USING btree (no_of_days);


--
-- Name: pricing_packages_name_idx; Type: INDEX; Schema: public; Owner: -; Tablespace: 
--

CREATE INDEX pricing_packages_name_idx ON pricing_packages USING btree (name);


--
-- Name: project_bid_invoice_items_project_bid_invoice_id; Type: INDEX; Schema: public; Owner: -; Tablespace: 
--

CREATE INDEX project_bid_invoice_items_project_bid_invoice_id ON project_bid_invoice_items USING btree (project_bid_invoice_id);


--
-- Name: project_bid_invoices_bid_id; Type: INDEX; Schema: public; Owner: -; Tablespace: 
--

CREATE INDEX project_bid_invoices_bid_id ON project_bid_invoices USING btree (bid_id);


--
-- Name: project_bid_invoices_project_id; Type: INDEX; Schema: public; Owner: -; Tablespace: 
--

CREATE INDEX project_bid_invoices_project_id ON project_bid_invoices USING btree (project_id);


--
-- Name: project_bid_invoices_user_id; Type: INDEX; Schema: public; Owner: -; Tablespace: 
--

CREATE INDEX project_bid_invoices_user_id ON project_bid_invoices USING btree (user_id);


--
-- Name: project_bids_project_id; Type: INDEX; Schema: public; Owner: -; Tablespace: 
--

CREATE INDEX project_bids_project_id ON project_bids USING btree (project_id);


--
-- Name: project_bids_user_id; Type: INDEX; Schema: public; Owner: -; Tablespace: 
--

CREATE INDEX project_bids_user_id ON project_bids USING btree (user_id);


--
-- Name: project_categories_name; Type: INDEX; Schema: public; Owner: -; Tablespace: 
--

CREATE INDEX project_categories_name ON project_categories USING btree (name);


--
-- Name: project_disputes_dispute_closed_type_id; Type: INDEX; Schema: public; Owner: -; Tablespace: 
--

CREATE INDEX project_disputes_dispute_closed_type_id ON project_disputes USING btree (dispute_closed_type_id);


--
-- Name: project_disputes_dispute_open_type_id; Type: INDEX; Schema: public; Owner: -; Tablespace: 
--

CREATE INDEX project_disputes_dispute_open_type_id ON project_disputes USING btree (dispute_open_type_id);


--
-- Name: project_disputes_dispute_status_id; Type: INDEX; Schema: public; Owner: -; Tablespace: 
--

CREATE INDEX project_disputes_dispute_status_id ON project_disputes USING btree (dispute_status_id);


--
-- Name: project_disputes_project_id; Type: INDEX; Schema: public; Owner: -; Tablespace: 
--

CREATE INDEX project_disputes_project_id ON project_disputes USING btree (project_id);


--
-- Name: project_disputes_user_id; Type: INDEX; Schema: public; Owner: -; Tablespace: 
--

CREATE INDEX project_disputes_user_id ON project_disputes USING btree (user_id);


--
-- Name: project_ranges_name; Type: INDEX; Schema: public; Owner: -; Tablespace: 
--

CREATE INDEX project_ranges_name ON project_ranges USING btree (name);


--
-- Name: project_statuses_name; Type: INDEX; Schema: public; Owner: -; Tablespace: 
--

CREATE INDEX project_statuses_name ON project_statuses USING btree (name);


--
-- Name: projects_project_categories_project_category_id; Type: INDEX; Schema: public; Owner: -; Tablespace: 
--

CREATE INDEX projects_project_categories_project_category_id ON projects_project_categories USING btree (project_category_id);


--
-- Name: projects_project_categories_project_id; Type: INDEX; Schema: public; Owner: -; Tablespace: 
--

CREATE INDEX projects_project_categories_project_id ON projects_project_categories USING btree (project_id);


--
-- Name: projects_project_range_id; Type: INDEX; Schema: public; Owner: -; Tablespace: 
--

CREATE INDEX projects_project_range_id ON projects USING btree (project_range_id);


--
-- Name: projects_project_status_id; Type: INDEX; Schema: public; Owner: -; Tablespace: 
--

CREATE INDEX projects_project_status_id ON projects USING btree (project_status_id);


--
-- Name: projects_user_id; Type: INDEX; Schema: public; Owner: -; Tablespace: 
--

CREATE INDEX projects_user_id ON projects USING btree (user_id);


--
-- Name: provider_users_foreign_id; Type: INDEX; Schema: public; Owner: -; Tablespace: 
--

CREATE INDEX provider_users_foreign_id ON provider_users USING btree (foreign_id);


--
-- Name: provider_users_provider_id; Type: INDEX; Schema: public; Owner: -; Tablespace: 
--

CREATE INDEX provider_users_provider_id ON provider_users USING btree (provider_id);


--
-- Name: provider_users_user_id; Type: INDEX; Schema: public; Owner: -; Tablespace: 
--

CREATE INDEX provider_users_user_id ON provider_users USING btree (user_id);


--
-- Name: providers_name; Type: INDEX; Schema: public; Owner: -; Tablespace: 
--

CREATE INDEX providers_name ON providers USING btree (name);


--
-- Name: providers_slug; Type: INDEX; Schema: public; Owner: -; Tablespace: 
--

CREATE INDEX providers_slug ON providers USING btree (slug);


--
-- Name: publications_title; Type: INDEX; Schema: public; Owner: -; Tablespace: 
--

CREATE INDEX publications_title ON publications USING btree (title);


--
-- Name: publications_user_id; Type: INDEX; Schema: public; Owner: -; Tablespace: 
--

CREATE INDEX publications_user_id ON publications USING btree (user_id);


--
-- Name: question_answer_options_question_id; Type: INDEX; Schema: public; Owner: -; Tablespace: 
--

CREATE INDEX question_answer_options_question_id ON question_answer_options USING btree (question_id);


--
-- Name: question_categories_name; Type: INDEX; Schema: public; Owner: -; Tablespace: 
--

CREATE INDEX question_categories_name ON question_categories USING btree (name);


--
-- Name: question_display_types_name; Type: INDEX; Schema: public; Owner: -; Tablespace: 
--

CREATE INDEX question_display_types_name ON question_display_types USING btree (name);


--
-- Name: questions_question_category_id; Type: INDEX; Schema: public; Owner: -; Tablespace: 
--

CREATE INDEX questions_question_category_id ON questions USING btree (question_category_id);


--
-- Name: quote_bids_coupon_id; Type: INDEX; Schema: public; Owner: -; Tablespace: 
--

CREATE INDEX quote_bids_coupon_id ON quote_bids USING btree (coupon_id);


--
-- Name: quote_bids_credit_purchase_log_id; Type: INDEX; Schema: public; Owner: -; Tablespace: 
--

CREATE INDEX quote_bids_credit_purchase_log_id ON quote_bids USING btree (credit_purchase_log_id);


--
-- Name: quote_bids_quote_request_id; Type: INDEX; Schema: public; Owner: -; Tablespace: 
--

CREATE INDEX quote_bids_quote_request_id ON quote_bids USING btree (quote_request_id);


--
-- Name: quote_bids_quote_service_id; Type: INDEX; Schema: public; Owner: -; Tablespace: 
--

CREATE INDEX quote_bids_quote_service_id ON quote_bids USING btree (quote_service_id);


--
-- Name: quote_bids_quote_status_id; Type: INDEX; Schema: public; Owner: -; Tablespace: 
--

CREATE INDEX quote_bids_quote_status_id ON quote_bids USING btree (quote_status_id);


--
-- Name: quote_bids_service_provider_user_id; Type: INDEX; Schema: public; Owner: -; Tablespace: 
--

CREATE INDEX quote_bids_service_provider_user_id ON quote_bids USING btree (service_provider_user_id);


--
-- Name: quote_bids_user_id; Type: INDEX; Schema: public; Owner: -; Tablespace: 
--

CREATE INDEX quote_bids_user_id ON quote_bids USING btree (user_id);


--
-- Name: quote_categories_name; Type: INDEX; Schema: public; Owner: -; Tablespace: 
--

CREATE INDEX quote_categories_name ON quote_categories USING btree (name);


--
-- Name: quote_categories_parent_category_id; Type: INDEX; Schema: public; Owner: -; Tablespace: 
--

CREATE INDEX quote_categories_parent_category_id ON quote_categories USING btree (parent_category_id);


--
-- Name: quote_categories_quote_services_quote_category_id; Type: INDEX; Schema: public; Owner: -; Tablespace: 
--

CREATE INDEX quote_categories_quote_services_quote_category_id ON quote_categories_quote_services USING btree (quote_category_id);


--
-- Name: quote_categories_quote_services_quote_service_id; Type: INDEX; Schema: public; Owner: -; Tablespace: 
--

CREATE INDEX quote_categories_quote_services_quote_service_id ON quote_categories_quote_services USING btree (quote_service_id);


--
-- Name: quote_categories_slug; Type: INDEX; Schema: public; Owner: -; Tablespace: 
--

CREATE INDEX quote_categories_slug ON quote_categories USING btree (slug);


--
-- Name: quote_credit_purchase_logs_quote_credit_purchase_plan_id; Type: INDEX; Schema: public; Owner: -; Tablespace: 
--

CREATE INDEX quote_credit_purchase_logs_quote_credit_purchase_plan_id ON credit_purchase_logs USING btree (credit_purchase_plan_id);


--
-- Name: quote_credit_purchase_logs_user_id; Type: INDEX; Schema: public; Owner: -; Tablespace: 
--

CREATE INDEX quote_credit_purchase_logs_user_id ON credit_purchase_logs USING btree (user_id);


--
-- Name: quote_credit_purchase_plans_name; Type: INDEX; Schema: public; Owner: -; Tablespace: 
--

CREATE INDEX quote_credit_purchase_plans_name ON credit_purchase_plans USING btree (name);


--
-- Name: quote_faq_answers_quote_faq_question_template_id; Type: INDEX; Schema: public; Owner: -; Tablespace: 
--

CREATE INDEX quote_faq_answers_quote_faq_question_template_id ON quote_faq_answers USING btree (quote_faq_question_template_id);


--
-- Name: quote_faq_answers_quote_service_id; Type: INDEX; Schema: public; Owner: -; Tablespace: 
--

CREATE INDEX quote_faq_answers_quote_service_id ON quote_faq_answers USING btree (quote_service_id);


--
-- Name: quote_faq_answers_quote_user_faq_question_id; Type: INDEX; Schema: public; Owner: -; Tablespace: 
--

CREATE INDEX quote_faq_answers_quote_user_faq_question_id ON quote_faq_answers USING btree (quote_user_faq_question_id);


--
-- Name: quote_request_form_fields_quote_request_id; Type: INDEX; Schema: public; Owner: -; Tablespace: 
--

CREATE INDEX quote_request_form_fields_quote_request_id ON quote_request_form_fields USING btree (quote_request_id);


--
-- Name: quote_requests_city_id; Type: INDEX; Schema: public; Owner: -; Tablespace: 
--

CREATE INDEX quote_requests_city_id ON quote_requests USING btree (city_id);


--
-- Name: quote_requests_country_id; Type: INDEX; Schema: public; Owner: -; Tablespace: 
--

CREATE INDEX quote_requests_country_id ON quote_requests USING btree (country_id);


--
-- Name: quote_requests_quote_category_id; Type: INDEX; Schema: public; Owner: -; Tablespace: 
--

CREATE INDEX quote_requests_quote_category_id ON quote_requests USING btree (quote_category_id);


--
-- Name: quote_requests_quote_service_id; Type: INDEX; Schema: public; Owner: -; Tablespace: 
--

CREATE INDEX quote_requests_quote_service_id ON quote_requests USING btree (quote_service_id);


--
-- Name: quote_requests_state_id; Type: INDEX; Schema: public; Owner: -; Tablespace: 
--

CREATE INDEX quote_requests_state_id ON quote_requests USING btree (state_id);


--
-- Name: quote_requests_user_id; Type: INDEX; Schema: public; Owner: -; Tablespace: 
--

CREATE INDEX quote_requests_user_id ON quote_requests USING btree (user_id);


--
-- Name: quote_service_audios_quote_service_id; Type: INDEX; Schema: public; Owner: -; Tablespace: 
--

CREATE INDEX quote_service_audios_quote_service_id ON quote_service_audios USING btree (quote_service_id);


--
-- Name: quote_service_photos_quote_service_id; Type: INDEX; Schema: public; Owner: -; Tablespace: 
--

CREATE INDEX quote_service_photos_quote_service_id ON quote_service_photos USING btree (quote_service_id);


--
-- Name: quote_service_videos_quote_service_id; Type: INDEX; Schema: public; Owner: -; Tablespace: 
--

CREATE INDEX quote_service_videos_quote_service_id ON quote_service_videos USING btree (quote_service_id);


--
-- Name: quote_services_city_id; Type: INDEX; Schema: public; Owner: -; Tablespace: 
--

CREATE INDEX quote_services_city_id ON quote_services USING btree (city_id);


--
-- Name: quote_services_country_id; Type: INDEX; Schema: public; Owner: -; Tablespace: 
--

CREATE INDEX quote_services_country_id ON quote_services USING btree (country_id);


--
-- Name: quote_services_latitude; Type: INDEX; Schema: public; Owner: -; Tablespace: 
--

CREATE INDEX quote_services_latitude ON quote_services USING btree (latitude);


--
-- Name: quote_services_longitude; Type: INDEX; Schema: public; Owner: -; Tablespace: 
--

CREATE INDEX quote_services_longitude ON quote_services USING btree (longitude);


--
-- Name: quote_services_slug; Type: INDEX; Schema: public; Owner: -; Tablespace: 
--

CREATE INDEX quote_services_slug ON quote_services USING btree (slug);


--
-- Name: quote_services_state_id; Type: INDEX; Schema: public; Owner: -; Tablespace: 
--

CREATE INDEX quote_services_state_id ON quote_services USING btree (state_id);


--
-- Name: quote_services_user_id; Type: INDEX; Schema: public; Owner: -; Tablespace: 
--

CREATE INDEX quote_services_user_id ON quote_services USING btree (user_id);


--
-- Name: quote_user_faq_questions_user_id; Type: INDEX; Schema: public; Owner: -; Tablespace: 
--

CREATE INDEX quote_user_faq_questions_user_id ON quote_user_faq_questions USING btree (user_id);


--
-- Name: resources_name; Type: INDEX; Schema: public; Owner: -; Tablespace: 
--

CREATE INDEX resources_name ON resources USING btree (name);


--
-- Name: resume_downloads_ip_id; Type: INDEX; Schema: public; Owner: -; Tablespace: 
--

CREATE INDEX resume_downloads_ip_id ON resume_downloads USING btree (ip_id);


--
-- Name: resume_downloads_job_apply_id; Type: INDEX; Schema: public; Owner: -; Tablespace: 
--

CREATE INDEX resume_downloads_job_apply_id ON resume_downloads USING btree (job_apply_id);


--
-- Name: resume_downloads_user_id; Type: INDEX; Schema: public; Owner: -; Tablespace: 
--

CREATE INDEX resume_downloads_user_id ON resume_downloads USING btree (user_id);


--
-- Name: resume_ratings_job_apply_id; Type: INDEX; Schema: public; Owner: -; Tablespace: 
--

CREATE INDEX resume_ratings_job_apply_id ON resume_ratings USING btree (job_apply_id);


--
-- Name: resume_ratings_job_id; Type: INDEX; Schema: public; Owner: -; Tablespace: 
--

CREATE INDEX resume_ratings_job_id ON resume_ratings USING btree (job_id);


--
-- Name: resume_ratings_user_id; Type: INDEX; Schema: public; Owner: -; Tablespace: 
--

CREATE INDEX resume_ratings_user_id ON resume_ratings USING btree (user_id);


--
-- Name: reviews_foreign_id; Type: INDEX; Schema: public; Owner: -; Tablespace: 
--

CREATE INDEX reviews_foreign_id ON reviews USING btree (foreign_id);


--
-- Name: reviews_ip_id; Type: INDEX; Schema: public; Owner: -; Tablespace: 
--

CREATE INDEX reviews_ip_id ON reviews USING btree (ip_id);


--
-- Name: reviews_model_id; Type: INDEX; Schema: public; Owner: -; Tablespace: 
--

CREATE INDEX reviews_model_id ON reviews USING btree (model_id);


--
-- Name: reviews_to_user_id; Type: INDEX; Schema: public; Owner: -; Tablespace: 
--

CREATE INDEX reviews_to_user_id ON reviews USING btree (to_user_id);


--
-- Name: reviews_user_id; Type: INDEX; Schema: public; Owner: -; Tablespace: 
--

CREATE INDEX reviews_user_id ON reviews USING btree (user_id);


--
-- Name: roles_name; Type: INDEX; Schema: public; Owner: -; Tablespace: 
--

CREATE INDEX roles_name ON roles USING btree (name);


--
-- Name: salary_types_name; Type: INDEX; Schema: public; Owner: -; Tablespace: 
--

CREATE INDEX salary_types_name ON salary_types USING btree (name);


--
-- Name: setting_categories_name; Type: INDEX; Schema: public; Owner: -; Tablespace: 
--

CREATE INDEX setting_categories_name ON setting_categories USING btree (name);


--
-- Name: settings_setting_category_id; Type: INDEX; Schema: public; Owner: -; Tablespace: 
--

CREATE INDEX settings_setting_category_id ON settings USING btree (setting_category_id);


--
-- Name: skills_name; Type: INDEX; Schema: public; Owner: -; Tablespace: 
--

CREATE INDEX skills_name ON skills USING btree (name);


--
-- Name: skills_portfolios_portfolio_id; Type: INDEX; Schema: public; Owner: -; Tablespace: 
--

CREATE INDEX skills_portfolios_portfolio_id ON skills_portfolios USING btree (portfolio_id);


--
-- Name: skills_portfolios_skill_id; Type: INDEX; Schema: public; Owner: -; Tablespace: 
--

CREATE INDEX skills_portfolios_skill_id ON skills_portfolios USING btree (skill_id);


--
-- Name: skills_projects_project_id; Type: INDEX; Schema: public; Owner: -; Tablespace: 
--

CREATE INDEX skills_projects_project_id ON skills_projects USING btree (project_id);


--
-- Name: skills_projects_skill_id; Type: INDEX; Schema: public; Owner: -; Tablespace: 
--

CREATE INDEX skills_projects_skill_id ON skills_projects USING btree (skill_id);


--
-- Name: skills_slug; Type: INDEX; Schema: public; Owner: -; Tablespace: 
--

CREATE INDEX skills_slug ON skills USING btree (slug);


--
-- Name: skills_users_skill_id; Type: INDEX; Schema: public; Owner: -; Tablespace: 
--

CREATE INDEX skills_users_skill_id ON skills_users USING btree (skill_id);


--
-- Name: skills_users_user_id; Type: INDEX; Schema: public; Owner: -; Tablespace: 
--

CREATE INDEX skills_users_user_id ON skills_users USING btree (user_id);


--
-- Name: states_country_id; Type: INDEX; Schema: public; Owner: -; Tablespace: 
--

CREATE INDEX states_country_id ON states USING btree (country_id);


--
-- Name: states_name; Type: INDEX; Schema: public; Owner: -; Tablespace: 
--

CREATE INDEX states_name ON states USING btree (name);


--
-- Name: timezones_name; Type: INDEX; Schema: public; Owner: -; Tablespace: 
--

CREATE INDEX timezones_name ON timezones USING btree (name);


--
-- Name: transactions_foreign_id; Type: INDEX; Schema: public; Owner: -; Tablespace: 
--

CREATE INDEX transactions_foreign_id ON transactions USING btree (foreign_id);


--
-- Name: transactions_payment_gateway_id; Type: INDEX; Schema: public; Owner: -; Tablespace: 
--

CREATE INDEX transactions_payment_gateway_id ON transactions USING btree (payment_gateway_id);


--
-- Name: transactions_to_user_id; Type: INDEX; Schema: public; Owner: -; Tablespace: 
--

CREATE INDEX transactions_to_user_id ON transactions USING btree (to_user_id);


--
-- Name: transactions_user_id; Type: INDEX; Schema: public; Owner: -; Tablespace: 
--

CREATE INDEX transactions_user_id ON transactions USING btree (user_id);


--
-- Name: upload_hosters_upload_service_id_idx; Type: INDEX; Schema: public; Owner: -; Tablespace: 
--

CREATE INDEX upload_hosters_upload_service_id_idx ON upload_hosters USING btree (upload_service_id);


--
-- Name: upload_hosters_upload_service_type_id_idx; Type: INDEX; Schema: public; Owner: -; Tablespace: 
--

CREATE INDEX upload_hosters_upload_service_type_id_idx ON upload_hosters USING btree (upload_service_type_id);


--
-- Name: upload_service_settings_upload_service_id_idx; Type: INDEX; Schema: public; Owner: -; Tablespace: 
--

CREATE INDEX upload_service_settings_upload_service_id_idx ON upload_service_settings USING btree (upload_service_id);


--
-- Name: upload_service_types_name; Type: INDEX; Schema: public; Owner: -; Tablespace: 
--

CREATE INDEX upload_service_types_name ON upload_service_types USING btree (name);


--
-- Name: upload_service_types_slug_idx; Type: INDEX; Schema: public; Owner: -; Tablespace: 
--

CREATE INDEX upload_service_types_slug_idx ON upload_service_types USING btree (slug);


--
-- Name: upload_services_name; Type: INDEX; Schema: public; Owner: -; Tablespace: 
--

CREATE INDEX upload_services_name ON upload_services USING btree (name);


--
-- Name: upload_services_slug_idx; Type: INDEX; Schema: public; Owner: -; Tablespace: 
--

CREATE INDEX upload_services_slug_idx ON upload_services USING btree (slug);


--
-- Name: upload_statuses_name; Type: INDEX; Schema: public; Owner: -; Tablespace: 
--

CREATE INDEX upload_statuses_name ON upload_statuses USING btree (name);


--
-- Name: uploads_contest_user_id_idx; Type: INDEX; Schema: public; Owner: -; Tablespace: 
--

CREATE INDEX uploads_contest_user_id_idx ON uploads USING btree (contest_user_id);


--
-- Name: uploads_upload_service_id_idx; Type: INDEX; Schema: public; Owner: -; Tablespace: 
--

CREATE INDEX uploads_upload_service_id_idx ON uploads USING btree (upload_service_id);


--
-- Name: uploads_upload_service_type_id_idx; Type: INDEX; Schema: public; Owner: -; Tablespace: 
--

CREATE INDEX uploads_upload_service_type_id_idx ON uploads USING btree (upload_service_type_id);


--
-- Name: uploads_upload_status_id_idx; Type: INDEX; Schema: public; Owner: -; Tablespace: 
--

CREATE INDEX uploads_upload_status_id_idx ON uploads USING btree (upload_status_id);


--
-- Name: uploads_user_id_idx; Type: INDEX; Schema: public; Owner: -; Tablespace: 
--

CREATE INDEX uploads_user_id_idx ON uploads USING btree (user_id);


--
-- Name: uploads_vimeo_video_id_idx; Type: INDEX; Schema: public; Owner: -; Tablespace: 
--

CREATE INDEX uploads_vimeo_video_id_idx ON uploads USING btree (vimeo_video_id);


--
-- Name: uploads_youtube_video_id_idx; Type: INDEX; Schema: public; Owner: -; Tablespace: 
--

CREATE INDEX uploads_youtube_video_id_idx ON uploads USING btree (youtube_video_id);


--
-- Name: user_cash_withdrawals_money_transfer_account_id; Type: INDEX; Schema: public; Owner: -; Tablespace: 
--

CREATE INDEX user_cash_withdrawals_money_transfer_account_id ON user_cash_withdrawals USING btree (money_transfer_account_id);


--
-- Name: user_cash_withdrawals_user_id; Type: INDEX; Schema: public; Owner: -; Tablespace: 
--

CREATE INDEX user_cash_withdrawals_user_id ON user_cash_withdrawals USING btree (user_id);


--
-- Name: user_cash_withdrawals_withdrawal_status_id; Type: INDEX; Schema: public; Owner: -; Tablespace: 
--

CREATE INDEX user_cash_withdrawals_withdrawal_status_id ON user_cash_withdrawals USING btree (withdrawal_status_id);


--
-- Name: user_logins_ip_id; Type: INDEX; Schema: public; Owner: -; Tablespace: 
--

CREATE INDEX user_logins_ip_id ON user_logins USING btree (ip_id);


--
-- Name: user_logins_user_id; Type: INDEX; Schema: public; Owner: -; Tablespace: 
--

CREATE INDEX user_logins_user_id ON user_logins USING btree (user_id);


--
-- Name: users_city_id; Type: INDEX; Schema: public; Owner: -; Tablespace: 
--

CREATE INDEX users_city_id ON users USING btree (city_id);


--
-- Name: users_country_id; Type: INDEX; Schema: public; Owner: -; Tablespace: 
--

CREATE INDEX users_country_id ON users USING btree (country_id);


--
-- Name: users_email; Type: INDEX; Schema: public; Owner: -; Tablespace: 
--

CREATE INDEX users_email ON users USING btree (email);


--
-- Name: users_ip_id; Type: INDEX; Schema: public; Owner: -; Tablespace: 
--

CREATE INDEX users_ip_id ON users USING btree (ip_id);


--
-- Name: users_role_id; Type: INDEX; Schema: public; Owner: -; Tablespace: 
--

CREATE INDEX users_role_id ON users USING btree (role_id);


--
-- Name: users_state_id; Type: INDEX; Schema: public; Owner: -; Tablespace: 
--

CREATE INDEX users_state_id ON users USING btree (state_id);


--
-- Name: users_username; Type: INDEX; Schema: public; Owner: -; Tablespace: 
--

CREATE INDEX users_username ON users USING btree (username);


--
-- Name: vaults_user_id; Type: INDEX; Schema: public; Owner: -; Tablespace: 
--

CREATE INDEX vaults_user_id ON vaults USING btree (user_id);


--
-- Name: vaults_vault_id; Type: INDEX; Schema: public; Owner: -; Tablespace: 
--

CREATE INDEX vaults_vault_id ON vaults USING btree (vault_id);


--
-- Name: views_ip_id; Type: INDEX; Schema: public; Owner: -; Tablespace: 
--

CREATE INDEX views_ip_id ON views USING btree (ip_id);


--
-- Name: views_user_id; Type: INDEX; Schema: public; Owner: -; Tablespace: 
--

CREATE INDEX views_user_id ON views USING btree (user_id);


--
-- Name: wallets_gateway_id; Type: INDEX; Schema: public; Owner: -; Tablespace: 
--

CREATE INDEX wallets_gateway_id ON wallets USING btree (gateway_id);


--
-- Name: wallets_payment_gateway_id; Type: INDEX; Schema: public; Owner: -; Tablespace: 
--

CREATE INDEX wallets_payment_gateway_id ON wallets USING btree (payment_gateway_id);


--
-- Name: wallets_user_id; Type: INDEX; Schema: public; Owner: -; Tablespace: 
--

CREATE INDEX wallets_user_id ON wallets USING btree (user_id);


--
-- Name: work_profiles_title; Type: INDEX; Schema: public; Owner: -; Tablespace: 
--

CREATE INDEX work_profiles_title ON work_profiles USING btree (title);


--
-- Name: work_profiles_user_id; Type: INDEX; Schema: public; Owner: -; Tablespace: 
--

CREATE INDEX work_profiles_user_id ON work_profiles USING btree (user_id);


--
-- Name: zazpay_payment_gateways_users_user_id; Type: INDEX; Schema: public; Owner: -; Tablespace: 
--

CREATE INDEX zazpay_payment_gateways_users_user_id ON zazpay_payment_gateways_users USING btree (user_id);


--
-- Name: zazpay_payment_gateways_users_zazpay_payment_gateway_id; Type: INDEX; Schema: public; Owner: -; Tablespace: 
--

CREATE INDEX zazpay_payment_gateways_users_zazpay_payment_gateway_id ON zazpay_payment_gateways_users USING btree (zazpay_payment_gateway_id);


--
-- Name: zazpay_payment_gateways_zazpay_gateway_id; Type: INDEX; Schema: public; Owner: -; Tablespace: 
--

CREATE INDEX zazpay_payment_gateways_zazpay_gateway_id ON zazpay_payment_gateways USING btree (zazpay_gateway_id);


--
-- Name: zazpay_payment_gateways_zazpay_payment_group_id; Type: INDEX; Schema: public; Owner: -; Tablespace: 
--

CREATE INDEX zazpay_payment_gateways_zazpay_payment_group_id ON zazpay_payment_gateways USING btree (zazpay_payment_group_id);


--
-- Name: zazpay_payment_groups_zazpay_group_id; Type: INDEX; Schema: public; Owner: -; Tablespace: 
--

CREATE INDEX zazpay_payment_groups_zazpay_group_id ON zazpay_payment_groups USING btree (zazpay_group_id);


--
-- Name: zazpay_transaction_logs_gateway_id; Type: INDEX; Schema: public; Owner: -; Tablespace: 
--

CREATE INDEX zazpay_transaction_logs_gateway_id ON zazpay_transaction_logs USING btree (gateway_id);


--
-- Name: zazpay_transaction_logs_payment_id; Type: INDEX; Schema: public; Owner: -; Tablespace: 
--

CREATE INDEX zazpay_transaction_logs_payment_id ON zazpay_transaction_logs USING btree (payment_id);


--
-- Name: zazpay_transaction_logs_user_id; Type: INDEX; Schema: public; Owner: -; Tablespace: 
--

CREATE INDEX zazpay_transaction_logs_user_id ON zazpay_transaction_logs USING btree (user_id);


--
-- Name: activities_user_id_fkey; Type: FK CONSTRAINT; Schema: public; Owner: -
--

ALTER TABLE ONLY activities
    ADD CONSTRAINT activities_user_id_fkey FOREIGN KEY (user_id) REFERENCES users(id) ON DELETE SET NULL;


--
-- Name: apns_devices_user_id_fkey; Type: FK CONSTRAINT; Schema: public; Owner: -
--

ALTER TABLE ONLY apns_devices
    ADD CONSTRAINT apns_devices_user_id_fkey FOREIGN KEY (user_id) REFERENCES users(id) ON DELETE CASCADE;


--
-- Name: bids_bid_status_id_fkey; Type: FK CONSTRAINT; Schema: public; Owner: -
--

ALTER TABLE ONLY bids
    ADD CONSTRAINT bids_bid_status_id_fkey FOREIGN KEY (bid_status_id) REFERENCES bid_statuses(id) ON DELETE SET NULL;


--
-- Name: bids_project_bid_id_fkey; Type: FK CONSTRAINT; Schema: public; Owner: -
--

ALTER TABLE ONLY bids
    ADD CONSTRAINT bids_project_bid_id_fkey FOREIGN KEY (project_bid_id) REFERENCES project_bids(id) ON DELETE SET NULL;


--
-- Name: bids_project_id_fkey; Type: FK CONSTRAINT; Schema: public; Owner: -
--

ALTER TABLE ONLY bids
    ADD CONSTRAINT bids_project_id_fkey FOREIGN KEY (project_id) REFERENCES projects(id) ON DELETE SET NULL;


--
-- Name: bids_user_id_fkey; Type: FK CONSTRAINT; Schema: public; Owner: -
--

ALTER TABLE ONLY bids
    ADD CONSTRAINT bids_user_id_fkey FOREIGN KEY (user_id) REFERENCES users(id) ON DELETE SET NULL;


--
-- Name: certifications_user_id_fkey; Type: FK CONSTRAINT; Schema: public; Owner: -
--

ALTER TABLE ONLY certifications
    ADD CONSTRAINT certifications_user_id_fkey FOREIGN KEY (user_id) REFERENCES users(id) ON DELETE CASCADE;


--
-- Name: cities_language_id_fkey; Type: FK CONSTRAINT; Schema: public; Owner: -
--

ALTER TABLE ONLY cities
    ADD CONSTRAINT cities_language_id_fkey FOREIGN KEY (language_id) REFERENCES languages(id) ON DELETE SET NULL;


--
-- Name: contacts_ip_id_fkey; Type: FK CONSTRAINT; Schema: public; Owner: -
--

ALTER TABLE ONLY contacts
    ADD CONSTRAINT contacts_ip_id_fkey FOREIGN KEY (ip_id) REFERENCES ips(id) ON DELETE SET NULL;


--
-- Name: contacts_user_id_fkey; Type: FK CONSTRAINT; Schema: public; Owner: -
--

ALTER TABLE ONLY contacts
    ADD CONSTRAINT contacts_user_id_fkey FOREIGN KEY (user_id) REFERENCES users(id) ON DELETE SET NULL;


--
-- Name: contest_types_pricing_days_contest_type_id_fkey; Type: FK CONSTRAINT; Schema: public; Owner: -
--

ALTER TABLE ONLY contest_types_pricing_days
    ADD CONSTRAINT contest_types_pricing_days_contest_type_id_fkey FOREIGN KEY (contest_type_id) REFERENCES contest_types(id) ON DELETE CASCADE;


--
-- Name: contest_types_pricing_days_pricing_day_id_fkey; Type: FK CONSTRAINT; Schema: public; Owner: -
--

ALTER TABLE ONLY contest_types_pricing_days
    ADD CONSTRAINT contest_types_pricing_days_pricing_day_id_fkey FOREIGN KEY (pricing_day_id) REFERENCES pricing_days(id) ON DELETE CASCADE;


--
-- Name: contest_types_pricing_packages_contest_type_id_fkey; Type: FK CONSTRAINT; Schema: public; Owner: -
--

ALTER TABLE ONLY contest_types_pricing_packages
    ADD CONSTRAINT contest_types_pricing_packages_contest_type_id_fkey FOREIGN KEY (contest_type_id) REFERENCES contest_types(id) ON DELETE CASCADE;


--
-- Name: contest_types_pricing_packages_pricing_package_id_fkey; Type: FK CONSTRAINT; Schema: public; Owner: -
--

ALTER TABLE ONLY contest_types_pricing_packages
    ADD CONSTRAINT contest_types_pricing_packages_pricing_package_id_fkey FOREIGN KEY (pricing_package_id) REFERENCES pricing_packages(id) ON DELETE CASCADE;


--
-- Name: contest_types_resource_id_fkey; Type: FK CONSTRAINT; Schema: public; Owner: -
--

ALTER TABLE ONLY contest_types
    ADD CONSTRAINT contest_types_resource_id_fkey FOREIGN KEY (resource_id) REFERENCES resources(id) ON DELETE SET NULL;


--
-- Name: contest_user_downloads_contest_user_id_fkey; Type: FK CONSTRAINT; Schema: public; Owner: -
--

ALTER TABLE ONLY contest_user_downloads
    ADD CONSTRAINT contest_user_downloads_contest_user_id_fkey FOREIGN KEY (contest_user_id) REFERENCES contest_users(id) ON DELETE CASCADE;


--
-- Name: contest_user_downloads_ip_id_fkey; Type: FK CONSTRAINT; Schema: public; Owner: -
--

ALTER TABLE ONLY contest_user_downloads
    ADD CONSTRAINT contest_user_downloads_ip_id_fkey FOREIGN KEY (ip_id) REFERENCES ips(id) ON DELETE SET NULL;


--
-- Name: contest_user_downloads_user_id_fkey; Type: FK CONSTRAINT; Schema: public; Owner: -
--

ALTER TABLE ONLY contest_user_downloads
    ADD CONSTRAINT contest_user_downloads_user_id_fkey FOREIGN KEY (user_id) REFERENCES users(id) ON DELETE SET NULL;


--
-- Name: contest_users_contest_id_fkey; Type: FK CONSTRAINT; Schema: public; Owner: -
--

ALTER TABLE ONLY contest_users
    ADD CONSTRAINT contest_users_contest_id_fkey FOREIGN KEY (contest_id) REFERENCES contests(id) ON DELETE SET NULL;


--
-- Name: contest_users_contest_user_status_id_fkey; Type: FK CONSTRAINT; Schema: public; Owner: -
--

ALTER TABLE ONLY contest_users
    ADD CONSTRAINT contest_users_contest_user_status_id_fkey FOREIGN KEY (contest_user_status_id) REFERENCES contest_user_statuses(id) ON DELETE SET NULL;


--
-- Name: contest_users_user_id_fkey; Type: FK CONSTRAINT; Schema: public; Owner: -
--

ALTER TABLE ONLY contest_users
    ADD CONSTRAINT contest_users_user_id_fkey FOREIGN KEY (user_id) REFERENCES users(id) ON DELETE SET NULL;


--
-- Name: contests_contest_status_id_fkey; Type: FK CONSTRAINT; Schema: public; Owner: -
--

ALTER TABLE ONLY contests
    ADD CONSTRAINT contests_contest_status_id_fkey FOREIGN KEY (contest_status_id) REFERENCES contest_statuses(id) ON DELETE SET NULL;


--
-- Name: contests_contest_type_id_fkey; Type: FK CONSTRAINT; Schema: public; Owner: -
--

ALTER TABLE ONLY contests
    ADD CONSTRAINT contests_contest_type_id_fkey FOREIGN KEY (contest_type_id) REFERENCES contest_types(id) ON DELETE SET NULL;


--
-- Name: contests_pricing_day_id_fkey; Type: FK CONSTRAINT; Schema: public; Owner: -
--

ALTER TABLE ONLY contests
    ADD CONSTRAINT contests_pricing_day_id_fkey FOREIGN KEY (pricing_day_id) REFERENCES pricing_days(id) ON DELETE SET NULL;


--
-- Name: contests_pricing_package_id_fkey; Type: FK CONSTRAINT; Schema: public; Owner: -
--

ALTER TABLE ONLY contests
    ADD CONSTRAINT contests_pricing_package_id_fkey FOREIGN KEY (pricing_package_id) REFERENCES pricing_packages(id) ON DELETE SET NULL;


--
-- Name: contests_resource_id_fkey; Type: FK CONSTRAINT; Schema: public; Owner: -
--

ALTER TABLE ONLY contests
    ADD CONSTRAINT contests_resource_id_fkey FOREIGN KEY (resource_id) REFERENCES resources(id) ON DELETE SET NULL;


--
-- Name: contests_user_id_fkey; Type: FK CONSTRAINT; Schema: public; Owner: -
--

ALTER TABLE ONLY contests
    ADD CONSTRAINT contests_user_id_fkey FOREIGN KEY (user_id) REFERENCES users(id) ON DELETE SET NULL;


--
-- Name: coupons_discount_type_id_fkey; Type: FK CONSTRAINT; Schema: public; Owner: -
--

ALTER TABLE ONLY coupons
    ADD CONSTRAINT coupons_discount_type_id_fkey FOREIGN KEY (discount_type_id) REFERENCES discount_types(id) ON DELETE SET NULL;


--
-- Name: credit_purchase_logs_coupon_id_fkey; Type: FK CONSTRAINT; Schema: public; Owner: -
--

ALTER TABLE ONLY credit_purchase_logs
    ADD CONSTRAINT credit_purchase_logs_coupon_id_fkey FOREIGN KEY (coupon_id) REFERENCES coupons(id) ON DELETE SET NULL;


--
-- Name: dispute_closed_types_dispute_open_type_id_fkey; Type: FK CONSTRAINT; Schema: public; Owner: -
--

ALTER TABLE ONLY dispute_closed_types
    ADD CONSTRAINT dispute_closed_types_dispute_open_type_id_fkey FOREIGN KEY (dispute_open_type_id) REFERENCES dispute_open_types(id) ON DELETE SET NULL;


--
-- Name: educations_country_id_fkey; Type: FK CONSTRAINT; Schema: public; Owner: -
--

ALTER TABLE ONLY educations
    ADD CONSTRAINT educations_country_id_fkey FOREIGN KEY (country_id) REFERENCES countries(id) ON DELETE SET NULL;


--
-- Name: educations_user_id_fkey; Type: FK CONSTRAINT; Schema: public; Owner: -
--

ALTER TABLE ONLY educations
    ADD CONSTRAINT educations_user_id_fkey FOREIGN KEY (user_id) REFERENCES users(id) ON DELETE CASCADE;


--
-- Name: exam_answers_exam_id_fkey; Type: FK CONSTRAINT; Schema: public; Owner: -
--

ALTER TABLE ONLY exam_answers
    ADD CONSTRAINT exam_answers_exam_id_fkey FOREIGN KEY (exam_id) REFERENCES exams(id) ON DELETE SET NULL;


--
-- Name: exam_answers_exams_user_id_fkey; Type: FK CONSTRAINT; Schema: public; Owner: -
--

ALTER TABLE ONLY exam_answers
    ADD CONSTRAINT exam_answers_exams_user_id_fkey FOREIGN KEY (exams_user_id) REFERENCES exams_users(id) ON DELETE CASCADE;


--
-- Name: exam_answers_question_id_fkey; Type: FK CONSTRAINT; Schema: public; Owner: -
--

ALTER TABLE ONLY exam_answers
    ADD CONSTRAINT exam_answers_question_id_fkey FOREIGN KEY (question_id) REFERENCES questions(id) ON DELETE SET NULL;


--
-- Name: exam_answers_user_id_fkey; Type: FK CONSTRAINT; Schema: public; Owner: -
--

ALTER TABLE ONLY exam_answers
    ADD CONSTRAINT exam_answers_user_id_fkey FOREIGN KEY (user_id) REFERENCES users(id) ON DELETE CASCADE;


--
-- Name: exam_attends_exam_id_fkey; Type: FK CONSTRAINT; Schema: public; Owner: -
--

ALTER TABLE ONLY exam_attends
    ADD CONSTRAINT exam_attends_exam_id_fkey FOREIGN KEY (exam_id) REFERENCES exams(id) ON DELETE SET NULL;


--
-- Name: exam_attends_exams_user_id_fkey; Type: FK CONSTRAINT; Schema: public; Owner: -
--

ALTER TABLE ONLY exam_attends
    ADD CONSTRAINT exam_attends_exams_user_id_fkey FOREIGN KEY (exams_user_id) REFERENCES exams_users(id) ON DELETE CASCADE;


--
-- Name: exam_attends_user_id_fkey; Type: FK CONSTRAINT; Schema: public; Owner: -
--

ALTER TABLE ONLY exam_attends
    ADD CONSTRAINT exam_attends_user_id_fkey FOREIGN KEY (user_id) REFERENCES users(id) ON DELETE CASCADE;


--
-- Name: exams_exam_category_id_fkey; Type: FK CONSTRAINT; Schema: public; Owner: -
--

ALTER TABLE ONLY exams
    ADD CONSTRAINT exams_exam_category_id_fkey FOREIGN KEY (exam_category_id) REFERENCES exam_categories(id) ON DELETE SET NULL;


--
-- Name: exams_exam_level_id_fkey; Type: FK CONSTRAINT; Schema: public; Owner: -
--

ALTER TABLE ONLY exams
    ADD CONSTRAINT exams_exam_level_id_fkey FOREIGN KEY (exam_level_id) REFERENCES exam_levels(id) ON DELETE SET NULL;


--
-- Name: exams_parent_exam_id_fkey; Type: FK CONSTRAINT; Schema: public; Owner: -
--

ALTER TABLE ONLY exams
    ADD CONSTRAINT exams_parent_exam_id_fkey FOREIGN KEY (parent_exam_id) REFERENCES exams(id) ON DELETE SET NULL;


--
-- Name: exams_question_display_type_id_fkey; Type: FK CONSTRAINT; Schema: public; Owner: -
--

ALTER TABLE ONLY exams
    ADD CONSTRAINT exams_question_display_type_id_fkey FOREIGN KEY (question_display_type_id) REFERENCES question_display_types(id) ON DELETE SET NULL;


--
-- Name: exams_questions_exam_id_fkey; Type: FK CONSTRAINT; Schema: public; Owner: -
--

ALTER TABLE ONLY exams_questions
    ADD CONSTRAINT exams_questions_exam_id_fkey FOREIGN KEY (exam_id) REFERENCES exams(id) ON DELETE CASCADE;


--
-- Name: exams_questions_question_id_fkey; Type: FK CONSTRAINT; Schema: public; Owner: -
--

ALTER TABLE ONLY exams_questions
    ADD CONSTRAINT exams_questions_question_id_fkey FOREIGN KEY (question_id) REFERENCES questions(id) ON DELETE CASCADE;


--
-- Name: exams_users_exam_id_fkey; Type: FK CONSTRAINT; Schema: public; Owner: -
--

ALTER TABLE ONLY exams_users
    ADD CONSTRAINT exams_users_exam_id_fkey FOREIGN KEY (exam_id) REFERENCES exams(id) ON DELETE SET NULL;


--
-- Name: exams_users_user_id_fkey; Type: FK CONSTRAINT; Schema: public; Owner: -
--

ALTER TABLE ONLY exams_users
    ADD CONSTRAINT exams_users_user_id_fkey FOREIGN KEY (user_id) REFERENCES users(id) ON DELETE CASCADE;


--
-- Name: flags_flag_category_id_fkey; Type: FK CONSTRAINT; Schema: public; Owner: -
--

ALTER TABLE ONLY flags
    ADD CONSTRAINT flags_flag_category_id_fkey FOREIGN KEY (flag_category_id) REFERENCES flag_categories(id) ON DELETE SET NULL;


--
-- Name: flags_ip_id_fkey; Type: FK CONSTRAINT; Schema: public; Owner: -
--

ALTER TABLE ONLY flags
    ADD CONSTRAINT flags_ip_id_fkey FOREIGN KEY (ip_id) REFERENCES ips(id) ON DELETE SET NULL;


--
-- Name: flags_user_id_fkey; Type: FK CONSTRAINT; Schema: public; Owner: -
--

ALTER TABLE ONLY flags
    ADD CONSTRAINT flags_user_id_fkey FOREIGN KEY (user_id) REFERENCES users(id) ON DELETE SET NULL;


--
-- Name: followers_ip_id_fkey; Type: FK CONSTRAINT; Schema: public; Owner: -
--

ALTER TABLE ONLY followers
    ADD CONSTRAINT followers_ip_id_fkey FOREIGN KEY (ip_id) REFERENCES ips(id) ON DELETE SET NULL;


--
-- Name: followers_ip_id_fkey1; Type: FK CONSTRAINT; Schema: public; Owner: -
--

ALTER TABLE ONLY followers
    ADD CONSTRAINT followers_ip_id_fkey1 FOREIGN KEY (ip_id) REFERENCES ips(id) ON DELETE SET NULL;


--
-- Name: followers_user_id_fkey; Type: FK CONSTRAINT; Schema: public; Owner: -
--

ALTER TABLE ONLY followers
    ADD CONSTRAINT followers_user_id_fkey FOREIGN KEY (user_id) REFERENCES users(id) ON DELETE CASCADE;


--
-- Name: followers_user_id_fkey1; Type: FK CONSTRAINT; Schema: public; Owner: -
--

ALTER TABLE ONLY followers
    ADD CONSTRAINT followers_user_id_fkey1 FOREIGN KEY (user_id) REFERENCES users(id) ON DELETE CASCADE;


--
-- Name: form_fields_form_field_group_id_fkey; Type: FK CONSTRAINT; Schema: public; Owner: -
--

ALTER TABLE ONLY form_fields
    ADD CONSTRAINT form_fields_form_field_group_id_fkey FOREIGN KEY (form_field_group_id) REFERENCES form_field_groups(id) ON DELETE SET NULL;


--
-- Name: form_fields_input_type_id_fkey; Type: FK CONSTRAINT; Schema: public; Owner: -
--

ALTER TABLE ONLY form_fields
    ADD CONSTRAINT form_fields_input_type_id_fkey FOREIGN KEY (input_type_id) REFERENCES input_types(id) ON DELETE SET NULL;


--
-- Name: hire_requests_requested_user_id_fkey; Type: FK CONSTRAINT; Schema: public; Owner: -
--

ALTER TABLE ONLY hire_requests
    ADD CONSTRAINT hire_requests_requested_user_id_fkey FOREIGN KEY (requested_user_id) REFERENCES users(id) ON DELETE SET NULL;


--
-- Name: hire_requests_user_id_fkey; Type: FK CONSTRAINT; Schema: public; Owner: -
--

ALTER TABLE ONLY hire_requests
    ADD CONSTRAINT hire_requests_user_id_fkey FOREIGN KEY (user_id) REFERENCES users(id) ON DELETE SET NULL;


--
-- Name: ips_city_id_fkey; Type: FK CONSTRAINT; Schema: public; Owner: -
--

ALTER TABLE ONLY ips
    ADD CONSTRAINT ips_city_id_fkey FOREIGN KEY (city_id) REFERENCES cities(id) ON DELETE SET NULL;


--
-- Name: ips_country_id_fkey; Type: FK CONSTRAINT; Schema: public; Owner: -
--

ALTER TABLE ONLY ips
    ADD CONSTRAINT ips_country_id_fkey FOREIGN KEY (country_id) REFERENCES countries(id) ON DELETE SET NULL;


--
-- Name: ips_state_id_fkey; Type: FK CONSTRAINT; Schema: public; Owner: -
--

ALTER TABLE ONLY ips
    ADD CONSTRAINT ips_state_id_fkey FOREIGN KEY (state_id) REFERENCES states(id) ON DELETE SET NULL;


--
-- Name: ips_timezone_id_fkey; Type: FK CONSTRAINT; Schema: public; Owner: -
--

ALTER TABLE ONLY ips
    ADD CONSTRAINT ips_timezone_id_fkey FOREIGN KEY (timezone_id) REFERENCES timezones(id) ON DELETE SET NULL;


--
-- Name: job_applies_ip_id_fkey; Type: FK CONSTRAINT; Schema: public; Owner: -
--

ALTER TABLE ONLY job_applies
    ADD CONSTRAINT job_applies_ip_id_fkey FOREIGN KEY (ip_id) REFERENCES ips(id) ON DELETE SET NULL;


--
-- Name: job_applies_job_apply_status_id_fkey; Type: FK CONSTRAINT; Schema: public; Owner: -
--

ALTER TABLE ONLY job_applies
    ADD CONSTRAINT job_applies_job_apply_status_id_fkey FOREIGN KEY (job_apply_status_id) REFERENCES job_apply_statuses(id) ON DELETE SET NULL;


--
-- Name: job_applies_job_id_fkey; Type: FK CONSTRAINT; Schema: public; Owner: -
--

ALTER TABLE ONLY job_applies
    ADD CONSTRAINT job_applies_job_id_fkey FOREIGN KEY (job_id) REFERENCES jobs(id) ON DELETE SET NULL;


--
-- Name: job_applies_portfolios_job_apply_id_fkey; Type: FK CONSTRAINT; Schema: public; Owner: -
--

ALTER TABLE ONLY job_applies_portfolios
    ADD CONSTRAINT job_applies_portfolios_job_apply_id_fkey FOREIGN KEY (job_apply_id) REFERENCES job_applies(id) ON DELETE CASCADE;


--
-- Name: job_applies_portfolios_portfolio_id_fkey; Type: FK CONSTRAINT; Schema: public; Owner: -
--

ALTER TABLE ONLY job_applies_portfolios
    ADD CONSTRAINT job_applies_portfolios_portfolio_id_fkey FOREIGN KEY (portfolio_id) REFERENCES portfolios(id) ON DELETE SET NULL;


--
-- Name: job_applies_user_id_fkey; Type: FK CONSTRAINT; Schema: public; Owner: -
--

ALTER TABLE ONLY job_applies
    ADD CONSTRAINT job_applies_user_id_fkey FOREIGN KEY (user_id) REFERENCES users(id) ON DELETE CASCADE;


--
-- Name: job_apply_clicks_ip_id_fkey; Type: FK CONSTRAINT; Schema: public; Owner: -
--

ALTER TABLE ONLY job_apply_clicks
    ADD CONSTRAINT job_apply_clicks_ip_id_fkey FOREIGN KEY (ip_id) REFERENCES ips(id) ON DELETE SET NULL;


--
-- Name: job_apply_clicks_job_id_fkey; Type: FK CONSTRAINT; Schema: public; Owner: -
--

ALTER TABLE ONLY job_apply_clicks
    ADD CONSTRAINT job_apply_clicks_job_id_fkey FOREIGN KEY (job_id) REFERENCES jobs(id) ON DELETE CASCADE;


--
-- Name: job_apply_clicks_user_id_fkey; Type: FK CONSTRAINT; Schema: public; Owner: -
--

ALTER TABLE ONLY job_apply_clicks
    ADD CONSTRAINT job_apply_clicks_user_id_fkey FOREIGN KEY (user_id) REFERENCES users(id) ON DELETE SET NULL;


--
-- Name: jobs_city_id_fkey; Type: FK CONSTRAINT; Schema: public; Owner: -
--

ALTER TABLE ONLY jobs
    ADD CONSTRAINT jobs_city_id_fkey FOREIGN KEY (city_id) REFERENCES cities(id) ON DELETE SET NULL;


--
-- Name: jobs_country_id_fkey; Type: FK CONSTRAINT; Schema: public; Owner: -
--

ALTER TABLE ONLY jobs
    ADD CONSTRAINT jobs_country_id_fkey FOREIGN KEY (country_id) REFERENCES countries(id) ON DELETE SET NULL;


--
-- Name: jobs_ip_id_fkey; Type: FK CONSTRAINT; Schema: public; Owner: -
--

ALTER TABLE ONLY jobs
    ADD CONSTRAINT jobs_ip_id_fkey FOREIGN KEY (ip_id) REFERENCES ips(id) ON DELETE SET NULL;


--
-- Name: jobs_job_category_id_fkey; Type: FK CONSTRAINT; Schema: public; Owner: -
--

ALTER TABLE ONLY jobs
    ADD CONSTRAINT jobs_job_category_id_fkey FOREIGN KEY (job_category_id) REFERENCES job_categories(id) ON DELETE SET NULL;


--
-- Name: jobs_job_status_id_fkey; Type: FK CONSTRAINT; Schema: public; Owner: -
--

ALTER TABLE ONLY jobs
    ADD CONSTRAINT jobs_job_status_id_fkey FOREIGN KEY (job_status_id) REFERENCES job_statuses(id) ON DELETE SET NULL;


--
-- Name: jobs_job_type_id_fkey; Type: FK CONSTRAINT; Schema: public; Owner: -
--

ALTER TABLE ONLY jobs
    ADD CONSTRAINT jobs_job_type_id_fkey FOREIGN KEY (job_type_id) REFERENCES job_types(id) ON DELETE SET NULL;


--
-- Name: jobs_salary_type_id_fkey; Type: FK CONSTRAINT; Schema: public; Owner: -
--

ALTER TABLE ONLY jobs
    ADD CONSTRAINT jobs_salary_type_id_fkey FOREIGN KEY (salary_type_id) REFERENCES salary_types(id) ON DELETE SET NULL;


--
-- Name: jobs_skills_job_id_fkey; Type: FK CONSTRAINT; Schema: public; Owner: -
--

ALTER TABLE ONLY jobs_skills
    ADD CONSTRAINT jobs_skills_job_id_fkey FOREIGN KEY (job_id) REFERENCES jobs(id) ON DELETE CASCADE;


--
-- Name: jobs_skills_skill_id_fkey; Type: FK CONSTRAINT; Schema: public; Owner: -
--

ALTER TABLE ONLY jobs_skills
    ADD CONSTRAINT jobs_skills_skill_id_fkey FOREIGN KEY (skill_id) REFERENCES skills(id) ON DELETE CASCADE;


--
-- Name: jobs_state_id_fkey; Type: FK CONSTRAINT; Schema: public; Owner: -
--

ALTER TABLE ONLY jobs
    ADD CONSTRAINT jobs_state_id_fkey FOREIGN KEY (state_id) REFERENCES states(id) ON DELETE SET NULL;


--
-- Name: jobs_user_id_fkey; Type: FK CONSTRAINT; Schema: public; Owner: -
--

ALTER TABLE ONLY jobs
    ADD CONSTRAINT jobs_user_id_fkey FOREIGN KEY (user_id) REFERENCES users(id) ON DELETE SET NULL;


--
-- Name: messages_message_content_id_fkey; Type: FK CONSTRAINT; Schema: public; Owner: -
--

ALTER TABLE ONLY messages
    ADD CONSTRAINT messages_message_content_id_fkey FOREIGN KEY (message_content_id) REFERENCES message_contents(id) ON DELETE CASCADE;


--
-- Name: messages_user_id_fkey; Type: FK CONSTRAINT; Schema: public; Owner: -
--

ALTER TABLE ONLY messages
    ADD CONSTRAINT messages_user_id_fkey FOREIGN KEY (user_id) REFERENCES users(id) ON DELETE CASCADE;


--
-- Name: milestones_milestone_status_id_fkey; Type: FK CONSTRAINT; Schema: public; Owner: -
--

ALTER TABLE ONLY milestones
    ADD CONSTRAINT milestones_milestone_status_id_fkey FOREIGN KEY (milestone_status_id) REFERENCES milestone_statuses(id) ON DELETE SET NULL;


--
-- Name: milestones_project_id_fkey; Type: FK CONSTRAINT; Schema: public; Owner: -
--

ALTER TABLE ONLY milestones
    ADD CONSTRAINT milestones_project_id_fkey FOREIGN KEY (project_id) REFERENCES projects(id) ON DELETE SET NULL;


--
-- Name: milestones_user_id_fkey; Type: FK CONSTRAINT; Schema: public; Owner: -
--

ALTER TABLE ONLY milestones
    ADD CONSTRAINT milestones_user_id_fkey FOREIGN KEY (user_id) REFERENCES users(id) ON DELETE SET NULL;


--
-- Name: money_transfer_accounts_user_id_fkey; Type: FK CONSTRAINT; Schema: public; Owner: -
--

ALTER TABLE ONLY money_transfer_accounts
    ADD CONSTRAINT money_transfer_accounts_user_id_fkey FOREIGN KEY (user_id) REFERENCES users(id) ON DELETE CASCADE;


--
-- Name: payment_gateway_settings_payment_gateway_id_fkey; Type: FK CONSTRAINT; Schema: public; Owner: -
--

ALTER TABLE ONLY payment_gateway_settings
    ADD CONSTRAINT payment_gateway_settings_payment_gateway_id_fkey FOREIGN KEY (payment_gateway_id) REFERENCES payment_gateways(id);


--
-- Name: portfolios_user_id_fkey; Type: FK CONSTRAINT; Schema: public; Owner: -
--

ALTER TABLE ONLY portfolios
    ADD CONSTRAINT portfolios_user_id_fkey FOREIGN KEY (user_id) REFERENCES users(id) ON DELETE CASCADE;


--
-- Name: project_bid_invoice_items_project_bid_invoice_id_fkey; Type: FK CONSTRAINT; Schema: public; Owner: -
--

ALTER TABLE ONLY project_bid_invoice_items
    ADD CONSTRAINT project_bid_invoice_items_project_bid_invoice_id_fkey FOREIGN KEY (project_bid_invoice_id) REFERENCES project_bid_invoices(id);


--
-- Name: project_bid_invoices_bid_id_fkey; Type: FK CONSTRAINT; Schema: public; Owner: -
--

ALTER TABLE ONLY project_bid_invoices
    ADD CONSTRAINT project_bid_invoices_bid_id_fkey FOREIGN KEY (bid_id) REFERENCES bids(id) ON DELETE SET NULL;


--
-- Name: project_bid_invoices_project_id_fkey; Type: FK CONSTRAINT; Schema: public; Owner: -
--

ALTER TABLE ONLY project_bid_invoices
    ADD CONSTRAINT project_bid_invoices_project_id_fkey FOREIGN KEY (project_id) REFERENCES projects(id) ON DELETE SET NULL;


--
-- Name: project_bid_invoices_user_id_fkey; Type: FK CONSTRAINT; Schema: public; Owner: -
--

ALTER TABLE ONLY project_bid_invoices
    ADD CONSTRAINT project_bid_invoices_user_id_fkey FOREIGN KEY (user_id) REFERENCES users(id) ON DELETE SET NULL;


--
-- Name: project_bids_project_id_fkey; Type: FK CONSTRAINT; Schema: public; Owner: -
--

ALTER TABLE ONLY project_bids
    ADD CONSTRAINT project_bids_project_id_fkey FOREIGN KEY (project_id) REFERENCES projects(id) ON DELETE CASCADE;


--
-- Name: project_bids_user_id_fkey; Type: FK CONSTRAINT; Schema: public; Owner: -
--

ALTER TABLE ONLY project_bids
    ADD CONSTRAINT project_bids_user_id_fkey FOREIGN KEY (user_id) REFERENCES users(id) ON DELETE SET NULL;


--
-- Name: project_disputes_project_id_fkey; Type: FK CONSTRAINT; Schema: public; Owner: -
--

ALTER TABLE ONLY project_disputes
    ADD CONSTRAINT project_disputes_project_id_fkey FOREIGN KEY (project_id) REFERENCES projects(id) ON DELETE CASCADE;


--
-- Name: project_disputes_user_id_fkey; Type: FK CONSTRAINT; Schema: public; Owner: -
--

ALTER TABLE ONLY project_disputes
    ADD CONSTRAINT project_disputes_user_id_fkey FOREIGN KEY (user_id) REFERENCES users(id) ON DELETE CASCADE;


--
-- Name: projects_project_categories_project_category_id_fkey; Type: FK CONSTRAINT; Schema: public; Owner: -
--

ALTER TABLE ONLY projects_project_categories
    ADD CONSTRAINT projects_project_categories_project_category_id_fkey FOREIGN KEY (project_category_id) REFERENCES project_categories(id) ON DELETE CASCADE;


--
-- Name: projects_project_categories_project_id_fkey; Type: FK CONSTRAINT; Schema: public; Owner: -
--

ALTER TABLE ONLY projects_project_categories
    ADD CONSTRAINT projects_project_categories_project_id_fkey FOREIGN KEY (project_id) REFERENCES projects(id) ON DELETE CASCADE;


--
-- Name: projects_project_range_id_fkey; Type: FK CONSTRAINT; Schema: public; Owner: -
--

ALTER TABLE ONLY projects
    ADD CONSTRAINT projects_project_range_id_fkey FOREIGN KEY (project_range_id) REFERENCES project_ranges(id) ON DELETE SET NULL;


--
-- Name: projects_project_status_id_fkey; Type: FK CONSTRAINT; Schema: public; Owner: -
--

ALTER TABLE ONLY projects
    ADD CONSTRAINT projects_project_status_id_fkey FOREIGN KEY (project_status_id) REFERENCES project_statuses(id) ON DELETE SET NULL;


--
-- Name: projects_user_id_fkey; Type: FK CONSTRAINT; Schema: public; Owner: -
--

ALTER TABLE ONLY projects
    ADD CONSTRAINT projects_user_id_fkey FOREIGN KEY (user_id) REFERENCES users(id) ON DELETE SET NULL;


--
-- Name: provider_users_provider_id_fkey; Type: FK CONSTRAINT; Schema: public; Owner: -
--

ALTER TABLE ONLY provider_users
    ADD CONSTRAINT provider_users_provider_id_fkey FOREIGN KEY (provider_id) REFERENCES providers(id) ON DELETE SET NULL;


--
-- Name: provider_users_user_id_fkey; Type: FK CONSTRAINT; Schema: public; Owner: -
--

ALTER TABLE ONLY provider_users
    ADD CONSTRAINT provider_users_user_id_fkey FOREIGN KEY (user_id) REFERENCES users(id) ON DELETE SET NULL;


--
-- Name: publications_user_id_fkey; Type: FK CONSTRAINT; Schema: public; Owner: -
--

ALTER TABLE ONLY publications
    ADD CONSTRAINT publications_user_id_fkey FOREIGN KEY (user_id) REFERENCES users(id) ON DELETE CASCADE;


--
-- Name: question_answer_options_question_id_fkey; Type: FK CONSTRAINT; Schema: public; Owner: -
--

ALTER TABLE ONLY question_answer_options
    ADD CONSTRAINT question_answer_options_question_id_fkey FOREIGN KEY (question_id) REFERENCES questions(id) ON DELETE CASCADE;


--
-- Name: questions_question_category_id_fkey; Type: FK CONSTRAINT; Schema: public; Owner: -
--

ALTER TABLE ONLY questions
    ADD CONSTRAINT questions_question_category_id_fkey FOREIGN KEY (question_category_id) REFERENCES question_categories(id) ON DELETE SET NULL;


--
-- Name: quote_bids_credit_purchase_log_id_fkey; Type: FK CONSTRAINT; Schema: public; Owner: -
--

ALTER TABLE ONLY quote_bids
    ADD CONSTRAINT quote_bids_credit_purchase_log_id_fkey FOREIGN KEY (credit_purchase_log_id) REFERENCES credit_purchase_logs(id) ON DELETE SET NULL;


--
-- Name: quote_bids_quote_request_id_fkey; Type: FK CONSTRAINT; Schema: public; Owner: -
--

ALTER TABLE ONLY quote_bids
    ADD CONSTRAINT quote_bids_quote_request_id_fkey FOREIGN KEY (quote_request_id) REFERENCES quote_requests(id) ON DELETE SET NULL;


--
-- Name: quote_bids_quote_service_id_fkey; Type: FK CONSTRAINT; Schema: public; Owner: -
--

ALTER TABLE ONLY quote_bids
    ADD CONSTRAINT quote_bids_quote_service_id_fkey FOREIGN KEY (quote_service_id) REFERENCES quote_services(id) ON DELETE SET NULL;


--
-- Name: quote_bids_quote_status_id_fkey; Type: FK CONSTRAINT; Schema: public; Owner: -
--

ALTER TABLE ONLY quote_bids
    ADD CONSTRAINT quote_bids_quote_status_id_fkey FOREIGN KEY (quote_status_id) REFERENCES quote_statuses(id) ON DELETE SET NULL;


--
-- Name: quote_bids_service_provider_user_id_fkey; Type: FK CONSTRAINT; Schema: public; Owner: -
--

ALTER TABLE ONLY quote_bids
    ADD CONSTRAINT quote_bids_service_provider_user_id_fkey FOREIGN KEY (service_provider_user_id) REFERENCES users(id) ON DELETE SET NULL;


--
-- Name: quote_bids_service_provider_user_id_fkey1; Type: FK CONSTRAINT; Schema: public; Owner: -
--

ALTER TABLE ONLY quote_bids
    ADD CONSTRAINT quote_bids_service_provider_user_id_fkey1 FOREIGN KEY (service_provider_user_id) REFERENCES users(id) ON DELETE SET NULL;


--
-- Name: quote_bids_user_id_fkey; Type: FK CONSTRAINT; Schema: public; Owner: -
--

ALTER TABLE ONLY quote_bids
    ADD CONSTRAINT quote_bids_user_id_fkey FOREIGN KEY (user_id) REFERENCES users(id) ON DELETE SET NULL;


--
-- Name: quote_categories_parent_category_id_fkey; Type: FK CONSTRAINT; Schema: public; Owner: -
--

ALTER TABLE ONLY quote_categories
    ADD CONSTRAINT quote_categories_parent_category_id_fkey FOREIGN KEY (parent_category_id) REFERENCES quote_categories(id) ON DELETE SET NULL;


--
-- Name: quote_categories_quote_services_quote_category_id_fkey; Type: FK CONSTRAINT; Schema: public; Owner: -
--

ALTER TABLE ONLY quote_categories_quote_services
    ADD CONSTRAINT quote_categories_quote_services_quote_category_id_fkey FOREIGN KEY (quote_category_id) REFERENCES quote_categories(id) ON DELETE CASCADE;


--
-- Name: quote_categories_quote_services_quote_service_id_fkey; Type: FK CONSTRAINT; Schema: public; Owner: -
--

ALTER TABLE ONLY quote_categories_quote_services
    ADD CONSTRAINT quote_categories_quote_services_quote_service_id_fkey FOREIGN KEY (quote_service_id) REFERENCES quote_services(id) ON DELETE CASCADE;


--
-- Name: quote_credit_purchase_logs_quote_credit_purchase_plan_id_fkey; Type: FK CONSTRAINT; Schema: public; Owner: -
--

ALTER TABLE ONLY credit_purchase_logs
    ADD CONSTRAINT quote_credit_purchase_logs_quote_credit_purchase_plan_id_fkey FOREIGN KEY (credit_purchase_plan_id) REFERENCES credit_purchase_plans(id) ON DELETE SET NULL;


--
-- Name: quote_credit_purchase_logs_user_id_fkey; Type: FK CONSTRAINT; Schema: public; Owner: -
--

ALTER TABLE ONLY credit_purchase_logs
    ADD CONSTRAINT quote_credit_purchase_logs_user_id_fkey FOREIGN KEY (user_id) REFERENCES users(id) ON DELETE CASCADE;


--
-- Name: quote_faq_answers_quote_faq_question_template_id_fkey; Type: FK CONSTRAINT; Schema: public; Owner: -
--

ALTER TABLE ONLY quote_faq_answers
    ADD CONSTRAINT quote_faq_answers_quote_faq_question_template_id_fkey FOREIGN KEY (quote_faq_question_template_id) REFERENCES quote_faq_question_templates(id) ON DELETE CASCADE;


--
-- Name: quote_faq_answers_quote_service_id_fkey; Type: FK CONSTRAINT; Schema: public; Owner: -
--

ALTER TABLE ONLY quote_faq_answers
    ADD CONSTRAINT quote_faq_answers_quote_service_id_fkey FOREIGN KEY (quote_service_id) REFERENCES quote_services(id) ON DELETE CASCADE;


--
-- Name: quote_faq_answers_quote_user_faq_question_id_fkey; Type: FK CONSTRAINT; Schema: public; Owner: -
--

ALTER TABLE ONLY quote_faq_answers
    ADD CONSTRAINT quote_faq_answers_quote_user_faq_question_id_fkey FOREIGN KEY (quote_user_faq_question_id) REFERENCES quote_user_faq_questions(id) ON DELETE CASCADE;


--
-- Name: quote_request_form_fields_quote_form_field_id_fkey; Type: FK CONSTRAINT; Schema: public; Owner: -
--

ALTER TABLE ONLY quote_request_form_fields
    ADD CONSTRAINT quote_request_form_fields_quote_form_field_id_fkey FOREIGN KEY (quote_form_field_id) REFERENCES form_fields(id) ON DELETE CASCADE;


--
-- Name: quote_request_form_fields_quote_request_id_fkey; Type: FK CONSTRAINT; Schema: public; Owner: -
--

ALTER TABLE ONLY quote_request_form_fields
    ADD CONSTRAINT quote_request_form_fields_quote_request_id_fkey FOREIGN KEY (quote_request_id) REFERENCES quote_requests(id) ON DELETE CASCADE;


--
-- Name: quote_requests_city_id_fkey; Type: FK CONSTRAINT; Schema: public; Owner: -
--

ALTER TABLE ONLY quote_requests
    ADD CONSTRAINT quote_requests_city_id_fkey FOREIGN KEY (city_id) REFERENCES cities(id) ON DELETE SET NULL;


--
-- Name: quote_requests_country_id_fkey; Type: FK CONSTRAINT; Schema: public; Owner: -
--

ALTER TABLE ONLY quote_requests
    ADD CONSTRAINT quote_requests_country_id_fkey FOREIGN KEY (country_id) REFERENCES countries(id) ON DELETE SET NULL;


--
-- Name: quote_requests_quote_category_id_fkey; Type: FK CONSTRAINT; Schema: public; Owner: -
--

ALTER TABLE ONLY quote_requests
    ADD CONSTRAINT quote_requests_quote_category_id_fkey FOREIGN KEY (quote_category_id) REFERENCES quote_categories(id) ON DELETE SET NULL;


--
-- Name: quote_requests_quote_service_id_fkey; Type: FK CONSTRAINT; Schema: public; Owner: -
--

ALTER TABLE ONLY quote_requests
    ADD CONSTRAINT quote_requests_quote_service_id_fkey FOREIGN KEY (quote_service_id) REFERENCES quote_services(id) ON DELETE SET NULL;


--
-- Name: quote_requests_state_id_fkey; Type: FK CONSTRAINT; Schema: public; Owner: -
--

ALTER TABLE ONLY quote_requests
    ADD CONSTRAINT quote_requests_state_id_fkey FOREIGN KEY (state_id) REFERENCES states(id) ON DELETE SET NULL;


--
-- Name: quote_requests_user_id_fkey; Type: FK CONSTRAINT; Schema: public; Owner: -
--

ALTER TABLE ONLY quote_requests
    ADD CONSTRAINT quote_requests_user_id_fkey FOREIGN KEY (user_id) REFERENCES users(id) ON DELETE SET NULL;


--
-- Name: quote_service_audios_quote_service_id_fkey; Type: FK CONSTRAINT; Schema: public; Owner: -
--

ALTER TABLE ONLY quote_service_audios
    ADD CONSTRAINT quote_service_audios_quote_service_id_fkey FOREIGN KEY (quote_service_id) REFERENCES quote_services(id) ON DELETE CASCADE;


--
-- Name: quote_service_photos_quote_service_id_fkey; Type: FK CONSTRAINT; Schema: public; Owner: -
--

ALTER TABLE ONLY quote_service_photos
    ADD CONSTRAINT quote_service_photos_quote_service_id_fkey FOREIGN KEY (quote_service_id) REFERENCES quote_services(id) ON DELETE CASCADE;


--
-- Name: quote_service_videos_quote_service_id_fkey; Type: FK CONSTRAINT; Schema: public; Owner: -
--

ALTER TABLE ONLY quote_service_videos
    ADD CONSTRAINT quote_service_videos_quote_service_id_fkey FOREIGN KEY (quote_service_id) REFERENCES quote_services(id) ON DELETE CASCADE;


--
-- Name: quote_services_city_id_fkey; Type: FK CONSTRAINT; Schema: public; Owner: -
--

ALTER TABLE ONLY quote_services
    ADD CONSTRAINT quote_services_city_id_fkey FOREIGN KEY (city_id) REFERENCES cities(id) ON DELETE SET NULL;


--
-- Name: quote_services_country_id_fkey; Type: FK CONSTRAINT; Schema: public; Owner: -
--

ALTER TABLE ONLY quote_services
    ADD CONSTRAINT quote_services_country_id_fkey FOREIGN KEY (country_id) REFERENCES countries(id) ON DELETE SET NULL;


--
-- Name: quote_services_state_id_fkey; Type: FK CONSTRAINT; Schema: public; Owner: -
--

ALTER TABLE ONLY quote_services
    ADD CONSTRAINT quote_services_state_id_fkey FOREIGN KEY (state_id) REFERENCES states(id) ON DELETE SET NULL;


--
-- Name: quote_services_user_id_fkey; Type: FK CONSTRAINT; Schema: public; Owner: -
--

ALTER TABLE ONLY quote_services
    ADD CONSTRAINT quote_services_user_id_fkey FOREIGN KEY (user_id) REFERENCES users(id) ON DELETE CASCADE;


--
-- Name: quote_user_faq_questions_user_id_fkey; Type: FK CONSTRAINT; Schema: public; Owner: -
--

ALTER TABLE ONLY quote_user_faq_questions
    ADD CONSTRAINT quote_user_faq_questions_user_id_fkey FOREIGN KEY (user_id) REFERENCES users(id) ON DELETE CASCADE;


--
-- Name: resume_downloads_ip_id_fkey; Type: FK CONSTRAINT; Schema: public; Owner: -
--

ALTER TABLE ONLY resume_downloads
    ADD CONSTRAINT resume_downloads_ip_id_fkey FOREIGN KEY (ip_id) REFERENCES ips(id) ON DELETE SET NULL;


--
-- Name: resume_downloads_job_apply_id_fkey; Type: FK CONSTRAINT; Schema: public; Owner: -
--

ALTER TABLE ONLY resume_downloads
    ADD CONSTRAINT resume_downloads_job_apply_id_fkey FOREIGN KEY (job_apply_id) REFERENCES job_applies(id) ON DELETE CASCADE;


--
-- Name: resume_downloads_user_id_fkey; Type: FK CONSTRAINT; Schema: public; Owner: -
--

ALTER TABLE ONLY resume_downloads
    ADD CONSTRAINT resume_downloads_user_id_fkey FOREIGN KEY (user_id) REFERENCES users(id) ON DELETE SET NULL;


--
-- Name: resume_ratings_job_apply_id_fkey; Type: FK CONSTRAINT; Schema: public; Owner: -
--

ALTER TABLE ONLY resume_ratings
    ADD CONSTRAINT resume_ratings_job_apply_id_fkey FOREIGN KEY (job_apply_id) REFERENCES job_applies(id) ON DELETE CASCADE;


--
-- Name: resume_ratings_job_id_fkey; Type: FK CONSTRAINT; Schema: public; Owner: -
--

ALTER TABLE ONLY resume_ratings
    ADD CONSTRAINT resume_ratings_job_id_fkey FOREIGN KEY (job_id) REFERENCES jobs(id) ON DELETE CASCADE;


--
-- Name: resume_ratings_user_id_fkey; Type: FK CONSTRAINT; Schema: public; Owner: -
--

ALTER TABLE ONLY resume_ratings
    ADD CONSTRAINT resume_ratings_user_id_fkey FOREIGN KEY (user_id) REFERENCES users(id) ON DELETE SET NULL;


--
-- Name: reviews_ip_id_fkey; Type: FK CONSTRAINT; Schema: public; Owner: -
--

ALTER TABLE ONLY reviews
    ADD CONSTRAINT reviews_ip_id_fkey FOREIGN KEY (ip_id) REFERENCES ips(id) ON DELETE SET NULL;


--
-- Name: reviews_user_id_fkey; Type: FK CONSTRAINT; Schema: public; Owner: -
--

ALTER TABLE ONLY reviews
    ADD CONSTRAINT reviews_user_id_fkey FOREIGN KEY (user_id) REFERENCES users(id) ON DELETE SET NULL;


--
-- Name: skills_portfolios_portfolio_id_fkey; Type: FK CONSTRAINT; Schema: public; Owner: -
--

ALTER TABLE ONLY skills_portfolios
    ADD CONSTRAINT skills_portfolios_portfolio_id_fkey FOREIGN KEY (portfolio_id) REFERENCES portfolios(id) ON DELETE CASCADE;


--
-- Name: skills_portfolios_skill_id_fkey; Type: FK CONSTRAINT; Schema: public; Owner: -
--

ALTER TABLE ONLY skills_portfolios
    ADD CONSTRAINT skills_portfolios_skill_id_fkey FOREIGN KEY (skill_id) REFERENCES skills(id) ON DELETE CASCADE;


--
-- Name: skills_projects_project_id_fkey; Type: FK CONSTRAINT; Schema: public; Owner: -
--

ALTER TABLE ONLY skills_projects
    ADD CONSTRAINT skills_projects_project_id_fkey FOREIGN KEY (project_id) REFERENCES projects(id) ON DELETE CASCADE;


--
-- Name: skills_projects_skill_id_fkey; Type: FK CONSTRAINT; Schema: public; Owner: -
--

ALTER TABLE ONLY skills_projects
    ADD CONSTRAINT skills_projects_skill_id_fkey FOREIGN KEY (skill_id) REFERENCES skills(id) ON DELETE CASCADE;


--
-- Name: skills_users_skill_id_fkey; Type: FK CONSTRAINT; Schema: public; Owner: -
--

ALTER TABLE ONLY skills_users
    ADD CONSTRAINT skills_users_skill_id_fkey FOREIGN KEY (skill_id) REFERENCES skills(id) ON DELETE CASCADE;


--
-- Name: skills_users_user_id_fkey; Type: FK CONSTRAINT; Schema: public; Owner: -
--

ALTER TABLE ONLY skills_users
    ADD CONSTRAINT skills_users_user_id_fkey FOREIGN KEY (user_id) REFERENCES users(id) ON DELETE CASCADE;


--
-- Name: transactions_to_user_id_fkey; Type: FK CONSTRAINT; Schema: public; Owner: -
--

ALTER TABLE ONLY transactions
    ADD CONSTRAINT transactions_to_user_id_fkey FOREIGN KEY (to_user_id) REFERENCES users(id) ON DELETE SET NULL;


--
-- Name: transactions_user_id_fkey; Type: FK CONSTRAINT; Schema: public; Owner: -
--

ALTER TABLE ONLY transactions
    ADD CONSTRAINT transactions_user_id_fkey FOREIGN KEY (user_id) REFERENCES users(id) ON DELETE SET NULL;


--
-- Name: upload_hosters_upload_service_id_fkey; Type: FK CONSTRAINT; Schema: public; Owner: -
--

ALTER TABLE ONLY upload_hosters
    ADD CONSTRAINT upload_hosters_upload_service_id_fkey FOREIGN KEY (upload_service_id) REFERENCES upload_services(id) ON DELETE CASCADE;


--
-- Name: upload_hosters_upload_service_type_id_fkey; Type: FK CONSTRAINT; Schema: public; Owner: -
--

ALTER TABLE ONLY upload_hosters
    ADD CONSTRAINT upload_hosters_upload_service_type_id_fkey FOREIGN KEY (upload_service_type_id) REFERENCES upload_service_types(id) ON DELETE CASCADE;


--
-- Name: upload_service_settings_upload_service_id_fkey; Type: FK CONSTRAINT; Schema: public; Owner: -
--

ALTER TABLE ONLY upload_service_settings
    ADD CONSTRAINT upload_service_settings_upload_service_id_fkey FOREIGN KEY (upload_service_id) REFERENCES upload_services(id) ON DELETE CASCADE;


--
-- Name: uploads_contest_user_id_fkey; Type: FK CONSTRAINT; Schema: public; Owner: -
--

ALTER TABLE ONLY uploads
    ADD CONSTRAINT uploads_contest_user_id_fkey FOREIGN KEY (contest_user_id) REFERENCES contest_users(id) ON DELETE CASCADE;


--
-- Name: uploads_upload_service_id_fkey; Type: FK CONSTRAINT; Schema: public; Owner: -
--

ALTER TABLE ONLY uploads
    ADD CONSTRAINT uploads_upload_service_id_fkey FOREIGN KEY (upload_service_id) REFERENCES upload_services(id) ON DELETE SET NULL;


--
-- Name: uploads_upload_service_type_id_fkey; Type: FK CONSTRAINT; Schema: public; Owner: -
--

ALTER TABLE ONLY uploads
    ADD CONSTRAINT uploads_upload_service_type_id_fkey FOREIGN KEY (upload_service_type_id) REFERENCES upload_service_types(id) ON DELETE SET NULL;


--
-- Name: uploads_upload_status_id_fkey; Type: FK CONSTRAINT; Schema: public; Owner: -
--

ALTER TABLE ONLY uploads
    ADD CONSTRAINT uploads_upload_status_id_fkey FOREIGN KEY (upload_status_id) REFERENCES upload_statuses(id) ON DELETE SET NULL;


--
-- Name: uploads_user_id_fkey; Type: FK CONSTRAINT; Schema: public; Owner: -
--

ALTER TABLE ONLY uploads
    ADD CONSTRAINT uploads_user_id_fkey FOREIGN KEY (user_id) REFERENCES users(id) ON DELETE CASCADE;


--
-- Name: user_cash_withdrawals_money_transfer_account_id_fkey; Type: FK CONSTRAINT; Schema: public; Owner: -
--

ALTER TABLE ONLY user_cash_withdrawals
    ADD CONSTRAINT user_cash_withdrawals_money_transfer_account_id_fkey FOREIGN KEY (money_transfer_account_id) REFERENCES money_transfer_accounts(id) ON DELETE SET NULL;


--
-- Name: user_cash_withdrawals_user_id_fkey; Type: FK CONSTRAINT; Schema: public; Owner: -
--

ALTER TABLE ONLY user_cash_withdrawals
    ADD CONSTRAINT user_cash_withdrawals_user_id_fkey FOREIGN KEY (user_id) REFERENCES users(id) ON DELETE CASCADE;


--
-- Name: user_logins_ip_id_fkey; Type: FK CONSTRAINT; Schema: public; Owner: -
--

ALTER TABLE ONLY user_logins
    ADD CONSTRAINT user_logins_ip_id_fkey FOREIGN KEY (ip_id) REFERENCES ips(id) ON DELETE SET NULL;


--
-- Name: user_logins_user_id_fkey; Type: FK CONSTRAINT; Schema: public; Owner: -
--

ALTER TABLE ONLY user_logins
    ADD CONSTRAINT user_logins_user_id_fkey FOREIGN KEY (user_id) REFERENCES users(id) ON DELETE CASCADE;


--
-- Name: users_city_id_fkey; Type: FK CONSTRAINT; Schema: public; Owner: -
--

ALTER TABLE ONLY users
    ADD CONSTRAINT users_city_id_fkey FOREIGN KEY (city_id) REFERENCES cities(id) ON DELETE SET NULL;


--
-- Name: users_country_id_fkey; Type: FK CONSTRAINT; Schema: public; Owner: -
--

ALTER TABLE ONLY users
    ADD CONSTRAINT users_country_id_fkey FOREIGN KEY (country_id) REFERENCES countries(id) ON DELETE SET NULL;


--
-- Name: users_ip_id_fkey; Type: FK CONSTRAINT; Schema: public; Owner: -
--

ALTER TABLE ONLY users
    ADD CONSTRAINT users_ip_id_fkey FOREIGN KEY (ip_id) REFERENCES ips(id) ON DELETE SET NULL;


--
-- Name: users_last_login_ip_id_fkey; Type: FK CONSTRAINT; Schema: public; Owner: -
--

ALTER TABLE ONLY users
    ADD CONSTRAINT users_last_login_ip_id_fkey FOREIGN KEY (last_login_ip_id) REFERENCES ips(id) ON DELETE SET NULL;


--
-- Name: users_state_id_fkey; Type: FK CONSTRAINT; Schema: public; Owner: -
--

ALTER TABLE ONLY users
    ADD CONSTRAINT users_state_id_fkey FOREIGN KEY (state_id) REFERENCES states(id) ON DELETE SET NULL;


--
-- Name: vaults_user_id_fkey; Type: FK CONSTRAINT; Schema: public; Owner: -
--

ALTER TABLE ONLY vaults
    ADD CONSTRAINT vaults_user_id_fkey FOREIGN KEY (user_id) REFERENCES users(id) ON DELETE SET NULL;


--
-- Name: views_ip_id_fkey; Type: FK CONSTRAINT; Schema: public; Owner: -
--

ALTER TABLE ONLY views
    ADD CONSTRAINT views_ip_id_fkey FOREIGN KEY (ip_id) REFERENCES ips(id) ON DELETE SET NULL;


--
-- Name: views_ip_id_fkey1; Type: FK CONSTRAINT; Schema: public; Owner: -
--

ALTER TABLE ONLY views
    ADD CONSTRAINT views_ip_id_fkey1 FOREIGN KEY (ip_id) REFERENCES ips(id) ON DELETE SET NULL;


--
-- Name: views_user_id_fkey; Type: FK CONSTRAINT; Schema: public; Owner: -
--

ALTER TABLE ONLY views
    ADD CONSTRAINT views_user_id_fkey FOREIGN KEY (user_id) REFERENCES users(id) ON DELETE SET NULL;


--
-- Name: wallets_user_id_fkey; Type: FK CONSTRAINT; Schema: public; Owner: -
--

ALTER TABLE ONLY wallets
    ADD CONSTRAINT wallets_user_id_fkey FOREIGN KEY (user_id) REFERENCES users(id) ON DELETE SET NULL;


--
-- Name: work_profiles_user_id_fkey; Type: FK CONSTRAINT; Schema: public; Owner: -
--

ALTER TABLE ONLY work_profiles
    ADD CONSTRAINT work_profiles_user_id_fkey FOREIGN KEY (user_id) REFERENCES users(id) ON DELETE CASCADE;


--
-- Name: zazpay_payment_gateways_users_user_id_fkey; Type: FK CONSTRAINT; Schema: public; Owner: -
--

ALTER TABLE ONLY zazpay_payment_gateways_users
    ADD CONSTRAINT zazpay_payment_gateways_users_user_id_fkey FOREIGN KEY (user_id) REFERENCES users(id) ON DELETE SET NULL;


--
-- Name: zazpay_payment_gateways_users_zazpay_payment_gateway_id_fkey; Type: FK CONSTRAINT; Schema: public; Owner: -
--

ALTER TABLE ONLY zazpay_payment_gateways_users
    ADD CONSTRAINT zazpay_payment_gateways_users_zazpay_payment_gateway_id_fkey FOREIGN KEY (zazpay_payment_gateway_id) REFERENCES zazpay_payment_gateways(id) ON DELETE SET NULL;


--
-- Name: zazpay_payment_gateways_zazpay_payment_group_id_fkey; Type: FK CONSTRAINT; Schema: public; Owner: -
--

ALTER TABLE ONLY zazpay_payment_gateways
    ADD CONSTRAINT zazpay_payment_gateways_zazpay_payment_group_id_fkey FOREIGN KEY (zazpay_payment_group_id) REFERENCES zazpay_payment_groups(id) ON DELETE SET NULL;


--
-- Name: zazpay_transaction_logs_user_id_fkey; Type: FK CONSTRAINT; Schema: public; Owner: -
--

ALTER TABLE ONLY zazpay_transaction_logs
    ADD CONSTRAINT zazpay_transaction_logs_user_id_fkey FOREIGN KEY (user_id) REFERENCES users(id) ON DELETE SET NULL;


--
-- Name: public; Type: ACL; Schema: -; Owner: -
--

REVOKE ALL ON SCHEMA public FROM PUBLIC;
REVOKE ALL ON SCHEMA public FROM postgres;
GRANT ALL ON SCHEMA public TO postgres;
GRANT ALL ON SCHEMA public TO PUBLIC;


--
-- PostgreSQL database dump complete
--

